종목코드,판매비와관리비,판매비와관리비_전기,판매비와관리비_전전기,매출원가,매출원가_전기,매출원가_전전기
005930,87769374000000.0,81582674000000.0,71979938000000.0,202235513000000.0,186562268000000.0,180388580000000.0
000660,11484471000000.0,8360827000000.0,7196865000000.0,38455885000000.0,34364814000000.0,33299167000000.0
009150,1364037115666.0,1224216944019.0,1058815519148.0,9037090943877.0,8334880175421.0,7173051968878.0
373220,4532799000000.0,4310613000000.0,3456673000000.0,19439651000000.0,22213605000000.0,28802437000000.0
005380,22748985000000.0,21509615000000.0,18357495000000.0,152037636000000.0,139481946000000.0,129179183000000.0
207940,447419145016.0,389818319466.0,284557563474.0,2040331283534.0,1785960975728.0,1448652166250.0
028260,4394839546729.0,4124205031519.0,3696772909673.0,33054653924495.0,34995636300899.0,35328734489208.0
012450,2065715813000.0,1036021042000.0,734845023000.0,21252440665000.0,8370268280000.0,6461534941000.0
034020,1980598000000.0,1712119000000.0,1549683000000.0,14314566000000.0,13503336000000.0,14572887000000.0
000270,13429929000000.0,12103632000000.0,11020974000000.0,91632842000000.0,82677981000000.0,77179573000000.0
329180,926706215000.0,788707391000.0,476223550000.0,14616416939000.0,12992522670000.0,11309062476000.0
006400,3459262823381.0,2820116405959.0,2236718587883.0,11804981379541.0,13498684888608.0,17654581105996.0
068270,1298556030941.0,1189697735749.0,400387628832.0,1695467732345.0,1875590283775.0,1124562480391.0
012330,5472465000000.0,4989172000000.0,4466890000000.0,52288206000000.0,49174367000000.0,52492187000000.0
034730,8488063000000.0,8395547000000.0,7820896000000.0,113115428000000.0,112900478000000.0,115442649000000.0
066570,18363266000000.0,17959559000000.0,16147965000000.0,68359224000000.0,66348948000000.0,62461405000000.0
010120,,,,3914425271574.0,3644246452559.0,3457049066386.0
298040,452042026373.0,384790688814.0,336709354296.0,4715860048203.0,4103207266477.0,3663028821366.0
267260,397525681974.0,375594568595.0,295199640848.0,2686658538765.0,2277783725387.0,2092381405801.0
042660,672707859050.0,446049854409.0,295306750925.0,10943214281345.0,10092078699901.0,7309503815084.0
005490,,,,63928837811263.0,67275203824815.0,70710293228346.0
009540,1423931470000.0,1161276936000.0,765766421000.0,24604794179000.0,22943209928000.0,20248178434000.0
042700,61281136435.0,41275747991.0,28972848032.0,244617054373.0,244394994634.0,79604579238.0
015760,3233977000000.0,3070026000000.0,3061582000000.0,80704812000000.0,81964160000000.0,89699527000000.0
011200,573870000000.0,450617000000.0,390092000000.0,8856371000000.0,7736760000000.0,7426107000000.0
000150,2350502000000.0,1958383000000.0,1808807000000.0,16370921000000.0,15170732000000.0,15885061000000.0
096770,4569784016000.0,3950127885000.0,3661916013000.0,75996215314000.0,70256180214000.0,71830247957000.0
051910,8275371000000.0,8057361000000.0,6895754000000.0,38122707000000.0,41247486000000.0,46327032000000.0
018260,1122923162317.0,1101235247315.0,987918526367.0,11849842590785.0,11815899879484.0,11480694731911.0
010140,,,,9275684571315.0,8982515873610.0,7363956147068.0
033780,1800729000000.0,1713210000000.0,1640879000000.0,3435312000000.0,3006768000000.0,3054393000000.0
003550,,,,5898813000000.0,5746803000000.0,5438970000000.0
278470,805096131708.0,420894155120.0,291254657539.0,356728212739.0,179154162732.0,128360982155.0
267250,3956003736000.0,3443742196000.0,2933696658000.0,61203798281000.0,61338721114000.0,56366042540000.0
010950,807642000000.0,803682000000.0,751163000000.0,33203684000000.0,35411172000000.0,33620949000000.0
003670,,,,2682479712039.0,3464000350923.0,4502641709206.0
079550,343330878855.0,229238226374.0,160413734039.0,3644162941773.0,2823712221178.0,1961778919898.0
086280,696636613549.0,697328039262.0,537436215148.0,26796765177157.0,25957178819827.0,23591728438829.0
064350,386375504000.0,372482104000.0,254351856000.0,4447015540000.0,3547550219000.0,3122984003000.0
011070,,,,20147018000000.0,19457084000000.0,18741974000000.0
000720,1327277000000.0,1046487000000.0,917378000000.0,29082629000000.0,32887201000000.0,27948549000000.0
272210,271833574329.0,196447218733.0,181569236969.0,3272418268336.0,2387893541859.0,2148350487679.0
047810,338864575062.0,240772132979.0,216339884938.0,3088324579879.0,3152251662461.0,3355494014353.0
078930,3111279000000.0,3106272000000.0,2961914000000.0,19136787000000.0,19066519000000.0,19218281000000.0
003230,528840141423.0,378648158379.0,269217954233.0,1298756616303.0,1004797694924.0,776182562968.0
307950,190232900000.0,170076567000.0,157804114000.0,3806532174000.0,3319106592000.0,2725797447000.0
071050,1663235000000.0,1435466000000.0,1168525000000.0,,,
003490,2561647311888.0,1647968310901.0,1471405038434.0,21550305639563.0,14112550106909.0,12850301876908.0
443060,104710698509.0,90446120735.0,71420301624.0,1527848622141.0,1383282506544.0,1157570386406.0
005940,1255627000000.0,1110899000000.0,952720000000.0,,,
006260,1763616000000.0,1573465000000.0,1465663000000.0,29036584000000.0,24883462000000.0,22113378000000.0
028050,541817326106.0,537562956151.0,457632969865.0,7694872910652.0,8457376702309.0,9174156157542.0
0126Z0,155868841419.0,,,159461725128.0,,
047050,770422775000.0,764975446000.0,661870286000.0,30437865028000.0,30338179625000.0,31157792506000.0
090430,2740244548456.0,2526251154411.0,2410727650626.0,1176749125977.0,1138378200862.0,1155064685469.0
180640,133307055000.0,67534241000.0,67543678000.0,172578563000.0,175430359000.0,165340056000.0
007660,77579870943.0,54721507380.0,54278641393.0,805720716831.0,680266617856.0,558885055915.0
161390,2823886791664.0,1705749867505.0,1568036230233.0,16537336780819.0,5943937771390.0,6043639924483.0
047040,1053875669627.0,524420797101.0,549210897240.0,7816182748021.0,9576062675052.0,10436072414834.0
016360,504613716505.0,458206068011.0,424696110226.0,,,
352820,886547225000.0,775762850000.0,713365703000.0,1714004745000.0,1295840399000.0,1169079197000.0
009830,1852681000000.0,1686093000000.0,1586058000000.0,11845133000000.0,11008169000000.0,10913241000000.0
064400,400497038000.0,418377022000.0,370804728000.0,5177217385000.0,5051385964000.0,4770447057000.0
039490,907975578900.0,747697052540.0,594975574236.0,,,
000880,5891359000000.0,4507012000000.0,3987818000000.0,64747198000000.0,48723708000000.0,46735075000000.0
021240,2304759401835.0,1988289867858.0,1840224879770.0,1780154901894.0,1526477965395.0,1395039764099.0
326030,459901064070.0,408155709373.0,358331255355.0,42901425174.0,43100914320.0,34082497218.0
267270,559873173000.0,460403351000.0,467331006000.0,3045767833000.0,2787237337000.0,3100407433000.0
128940,430773480784.0,421959853501.0,426789137286.0,663124174438.0,678464579524.0,661638120501.0
000100,405829356345.0,409747875337.0,388911418937.0,1456719690857.0,1378405062108.0,1293119941507.0
062040,55397906605.0,34331187200.0,31195621331.0,267914132682.0,190433457066.0,136737650649.0
000500,126314383000.0,71618259000.0,68969492000.0,,,
241560,903854000.0,820949000.0,755801000.0,4795515000.0,4809489000.0,5655217000.0
001440,154550927792.0,148216436749.0,112177262221.0,3352854241384.0,3027913180493.0,2651978861802.0
066970,85624193086.0,95210162429.0,82661083016.0,2226164715440.0,2370953705572.0,4783725936492.0
353200,59228459456.0,50287511772.0,51403390442.0,957004616968.0,830588902919.0,834516052568.0
010060,397131793000.0,359518629000.0,179251271000.0,3040555661000.0,3116336991000.0,1939223325000.0
271560,,,,2109116436904.0,1908164043915.0,1784947055113.0
034220,,,,22433623000000.0,24039928000000.0,20985643000000.0
051900,2973906408709.0,3101786484665.0,3139937063742.0,3210894971704.0,3251086359896.0,3177921081645.0
052690,77228931798.0,79010806057.0,73996566064.0,406086043270.0,419546112913.0,442532808218.0
454910,63891056973.0,50732446402.0,33827762276.0,28559588971.0,37299613681.0,38378159545.0
011790,285927499091.0,250330527593.0,221088690190.0,1859134392604.0,1743352312044.0,1484075917888.0
004020,1285083734511.0,1234467287492.0,1334168839675.0,21228918368986.0,21832181795145.0,23782266548419.0
000990,223077533325.0,195998043470.0,176581726069.0,896861212540.0,744330982971.0,712204456498.0
002380,1209854516822.0,1159602723692.0,1015969564854.0,4846349852975.0,5028041458944.0,4959942844934.0
082740,55398956565.0,44808629876.0,34735677951.0,1185592083481.0,1085864356443.0,810920171022.0
004170,3713166846489.0,3575691659046.0,3215206458048.0,2736370209706.0,2517696762977.0,2502101470521.0
161890,551852386794.0,505075098001.0,441982647038.0,1930972042083.0,1753138458114.0,1577549940392.0
001040,10440517363000.0,10080547594000.0,9358337437000.0,32050573406000.0,31033856227000.0,29955292833000.0
018880,739530703434.0,716646310258.0,626012343463.0,9873826069417.0,9186539604117.0,8612031209302.0
103590,129200030000.0,75901113000.0,56572293000.0,1764125416000.0,1421604248000.0,1129402833000.0
192820,213223103198.0,242812025122.0,177960958227.0,1989743208026.0,1747882332515.0,1483847710237.0
036460,459146000000.0,409310000000.0,403704000000.0,33167039000000.0,34976067000000.0,42598872000000.0
009420,81773714459.0,73075907093.0,72960908644.0,74326624030.0,65637316774.0,59737569375.0
111770,603032137500.0,580768965334.0,517805181924.0,2946113206841.0,2621487734649.0,2449425474646.0
022100,68664684842.0,78530982810.0,77492976294.0,946122092115.0,1285767718598.0,1297818860055.0
006360,907255000000.0,828226000000.0,650140000000.0,11105283000000.0,11749631000000.0,13174490000000.0
012750,444331137606.0,430603753756.0,404289104836.0,2210514793020.0,2164888638903.0,2003912115995.0
011780,332101190342.0,312750926606.0,286904042933.0,6311215400033.0,6569448551818.0,5676662262889.0
035250,147378056360.0,133094695589.0,126932518310.0,1094037633175.0,1007977631497.0,979376845104.0
028670,121326000000.0,111554000000.0,113974000000.0,4819614000000.0,4578484000000.0,3861154000000.0
302440,199425882345.0,169406973738.0,154230566675.0,575444142954.0,236569373422.0,227262753955.0
336260,43373628634.0,37891004254.0,37895645019.0,517094472515.0,375621745861.0,221348745010.0
017800,396404098224.0,361526928098.0,356272770472.0,1861752098181.0,2298031457934.0,2163206098881.0
023530,6115217445354.0,6249344852261.0,6263902178344.0,7075160203967.0,7251356165066.0,7781158641115.0
004800,270784700601.0,284145219239.0,254075058516.0,1755981381347.0,1753143933955.0,1518627702152.0
483650,292959867937.0,174531807413.0,114417530686.0,125306164766.0,74686096056.0,53939006079.0
097950,,,,21434556379000.0,21085156756000.0,20925971912000.0
375500,,,,6502256853441.0,7472677266880.0,7208953031303.0
007340,438544533000.0,373831711000.0,335294008000.0,2709252113000.0,2537793750000.0,2443559361000.0
004370,835001385094.0,802468256590.0,823174924455.0,2495381082806.0,2473188669478.0,2375319699349.0
450080,36077089684.0,33596752439.0,26680612486.0,421798559140.0,330969658414.0,917069930945.0
026960,42508676752.0,41026361399.0,42591499979.0,445032430656.0,403357063990.0,403351554750.0
383220,823234511395.0,796255076387.0,794403227962.0,642187265172.0,649017053962.0,632257078941.0
011170,1205134639798.0,1219064402182.0,1125078641471.0,18220986405077.0,19590280514097.0,18830976603657.0
282330,1432957491345.0,1373990331229.0,1269557613225.0,7374174140732.0,7073041936513.0,6671994182070.0
489790,522047501909.0,161346383190.0,,841190155909.0,240080277901.0,
005850,325548037992.0,293532099060.0,252609291717.0,4507291862054.0,4284577583503.0,4200051651390.0
103140,,,,4473813049627.0,3938496724187.0,3684408050550.0
004990,4191302316343.0,4238761295884.0,3949626931330.0,11108884939160.0,11177745570774.0,10716459680168.0
204320,1085924840723.0,963481908764.0,846600869956.0,8011157163679.0,7524932389197.0,7262598955720.0
000240,129296131879.0,113029367962.0,102185633411.0,916629331908.0,859698056997.0,730918971064.0
007070,2621586091419.0,2600307525206.0,2495493421097.0,9045758844606.0,8700201294706.0,8250869572214.0
030000,1523031061369.0,1406742464382.0,1311415179323.0,,,
009970,1132322289000.0,1090574128896.0,986281198998.0,3027213275675.0,2698418591332.0,2496614929837.0
081660,,,,2086940448457.0,2030912571263.0,2036405094514.0
014680,94136390252.0,75938423982.0,80815755643.0,633599177331.0,571593175691.0,566694534443.0
005440,2383148676000.0,1908718264000.0,407724199000.0,5430293513000.0,5300057889000.0,2231240900000.0
002790,3034411317334.0,2810122305891.0,2703763995780.0,1220763982692.0,1200486870226.0,1165577565952.0
018670,344492977213.0,320616193367.0,312552070344.0,6888994592855.0,6488109291791.0,6376109851782.0
051600,97669930394.0,85856329806.0,83548259329.0,1338745039850.0,1261730832959.0,1250926150917.0
073240,877169174137.0,793657733828.0,699060465126.0,3248253603073.0,3149928478291.0,2931341194069.0
112610,147919856058.0,148959449727.0,102772192918.0,2463405547090.0,2668087796639.0,1313193467324.0
139480,8770437041390.0,8994041452395.0,8791102020756.0,19877410052218.0,19979757264311.0,20728081305046.0
069960,2171934498000.0,2181370863000.0,2189161830000.0,1680438544000.0,1722201112000.0,1714821302000.0
457190,36886327000.0,32689595000.0,14146071000.0,372968778000.0,285174184000.0,109502089000.0
475150,25000486846.0,18832083350.0,,307642068727.0,275682254162.0,
439260,27764935970.0,22164883998.0,18937832119.0,906260293098.0,895087189134.0,761535494317.0
020150,78436307276.0,75903749968.0,57602439390.0,744320865459.0,890792920064.0,739598235345.0
071970,26725610266.0,36406813523.0,23979750332.0,299759016846.0,246193519532.0,202009419918.0
023590,924508187729.0,757671701665.0,589623090804.0,15011211920310.0,9693444811348.0,8625638689171.0
006040,1149137243641.0,1104840271183.0,1054380613312.0,7918402550918.0,7338071728149.0,7429456518026.0
000120,843534065816.0,855998441403.0,818892682982.0,10933037584836.0,10730099638624.0,10468766117130.0
011210,,,,7943039000000.0,7643485000000.0,7656543000000.0
020560,696395123081.0,693328839048.0,601647335026.0,6915645078078.0,7349547997670.0,6401772339009.0
001800,,,,2166458526628.0,1959182510945.0,1837263188275.0
097230,109853000000.0,99009000000.0,106904000000.0,1822778000000.0,1779701000000.0,2163956000000.0
001430,,,,3336515123632.0,3378039028208.0,3677434158236.0
294870,,,,3555315920301.0,3854196096076.0,3810050687143.0
006280,484970181774.0,449824932605.0,450196593327.0,1437159054896.0,1197959660983.0,1142011052957.0
322000,65020937754.0,43898652781.0,45627948213.0,386416045463.0,374969838325.0,482948998047.0
298020,352531297717.0,326124414358.0,297285275594.0,7065572734734.0,7155686387274.0,6995663369423.0
001120,1085374917153.0,1017861785758.0,942523197300.0,15328741295029.0,15130525526034.0,13138717077726.0
069620,625749371094.0,586225354053.0,565574771631.0,748359218860.0,688515743851.0,687162023959.0
007810,56029293685.0,51170163581.0,57991262730.0,1399879586309.0,1388940027977.0,1306344406283.0
229640,32263618683.0,26758699532.0,27197082217.0,,,
012630,527861026286.0,405142696819.0,362174723324.0,5408068809117.0,5450418880408.0,5233466651617.0
361610,98852542000.0,129124052000.0,106747067000.0,409386038000.0,379734746000.0,491447802000.0
007310,414390433563.0,381377210836.0,350221228846.0,3082903690714.0,2935729162991.0,2849433404995.0
280360,1033882241913.0,1038355270365.0,954714930839.0,3072551226384.0,2848795749450.0,2934658911626.0
093370,62452552811.0,64452770168.0,61172103189.0,383761893214.0,382917853620.0,508125552736.0
001740,781945000000.0,746003000000.0,774910000000.0,5876889000000.0,6797363000000.0,6598028000000.0
005070,24798374632.0,25926052500.0,25881244141.0,429119154501.0,518800178462.0,571372981178.0
281820,82530289663.0,74008218254.0,65664730384.0,240360746101.0,261642260644.0,188541203716.0
017960,,,,695895955446.0,624158340176.0,531263336300.0
004000,99024619124.0,96279335505.0,96955543834.0,1547219621654.0,1491493241123.0,1485694102070.0
300720,188043291539.0,205170590683.0,208817842659.0,1103077109913.0,1265111154739.0,1344167436414.0
030610,261228496000.0,247803867000.0,213596596000.0,,,
001820,31222978092.0,29463474380.0,28488300249.0,250402536944.0,248106416728.0,228587016987.0
000080,937169452040.0,977095518202.0,990082056864.0,1389058698246.0,1413946018396.0,1406179511385.0
006340,20387242107.0,17786239415.0,14026967557.0,594804000344.0,520652537868.0,488244827357.0
000210,,,,4200388355877.0,4375120120273.0,4091724341065.0
003240,213370705914.0,193304573450.0,188620201459.0,1650084099301.0,1834625256228.0,2002488787005.0
003570,31522156538.0,-10541336612.0,23926306498.0,595042461517.0,514486015168.0,420431996438.0
077970,62342375558.0,56316109446.0,49033146202.0,657406599653.0,626056863398.0,562476183814.0
006110,19713539150.0,18911279217.0,16680940552.0,269392506824.0,242412619450.0,247571889153.0
192400,250598953006.0,226543172619.0,203504925674.0,556321536899.0,504025419301.0,482123968090.0
185750,291713100194.0,289235285819.0,275367687731.0,1166026094152.0,1053819618983.0,1007202929712.0
285130,499319016649.0,441160553012.0,389629447509.0,1866052788766.0,1340793917333.0,1275845805799.0
009240,413728588206.0,412602042617.0,430414966190.0,1312318424360.0,1464559401824.0,1534585458777.0
034230,,,,882109020970.0,834030708842.0,760244214200.0
005300,1156565745788.0,1198394089998.0,1023605842049.0,2644497727671.0,2640248953683.0,1989345636315.0
009450,495119934229.0,477983230283.0,408067980863.0,863742901395.0,743320161449.0,690334353034.0
004490,181654945226.0,164281564747.0,134335588417.0,1806649805285.0,1715593665231.0,1420564088085.0
195870,51312393951.0,54566842641.0,58209683440.0,555593395988.0,491556947432.0,511523655994.0
003470,502237643000.0,418474412000.0,380787563000.0,,,
005090,106188232630.0,114313161768.0,103928739381.0,2258679213349.0,2051068252452.0,2813299932068.0
006120,976249087076.0,883835047231.0,859740772005.0,8826411343253.0,7983210005888.0,7822774044228.0
071320,107983000000.0,104970000000.0,98752000000.0,3360580000000.0,3137398000000.0,3540226000000.0
100090,32046239749.0,31012188692.0,29407128984.0,873832697036.0,589806254937.0,820824250548.0
005180,345454781017.0,337558024685.0,328937553429.0,1055775383076.0,994207441232.0,953133610774.0
499790,35836200732.0,5430643649.0,,,,
298050,159843628083.0,156913125179.0,155712545594.0,2929838306555.0,2902716938238.0,2840034436461.0
003850,242126403793.0,241415369026.0,237876746222.0,645144984402.0,653749794555.0,506195732264.0
137310,406473192132.0,393442930348.0,374086887034.0,385052812829.0,355188210674.0,529674195854.0
214320,827399885803.0,786282111079.0,699676589921.0,1155841116370.0,1178633241569.0,1243198483533.0
000670,117320136012.0,118161506512.0,143923608794.0,3050789796704.0,2830020314859.0,3787681165939.0
036530,157780521688.0,83723219051.0,102741025761.0,1777257469892.0,1505631382236.0,1613977133753.0
456040,207695992000.0,189994845000.0,112055866000.0,1801292727000.0,1914797974000.0,1119318493000.0
005880,79039329560.0,84467318497.0,72697139457.0,990764378765.0,1334084149760.0,1074710981855.0
003160,55427110235.0,49148059080.0,53410857385.0,340358151555.0,161727947624.0,154991448355.0
064960,86918885130.0,61283714418.0,53685670599.0,816902128528.0,809486213588.0,965965827769.0
093050,924251616195.0,987394228687.0,1037019580824.0,790067567969.0,842734628434.0,806327103998.0
317450,80961714791.0,76430626135.0,70245594281.0,113268995079.0,100556027632.0,88413111681.0
005690,16372540977.0,16674508893.0,14195966098.0,63384963031.0,43521158236.0,40735416372.0
100840,48490343271.0,35890063724.0,28490609950.0,446315716398.0,236134715062.0,272687919267.0
017940,480991670909.0,458735720561.0,308411810050.0,9587467907509.0,10510232941100.0,7418754143974.0
069260,56466567927.0,47424470151.0,45232462621.0,1005609997164.0,1060011786672.0,886226584699.0
268280,47533961555.0,44236057155.0,31582824269.0,419106113590.0,406264045001.0,383562931606.0
002960,57527118655.0,57631420043.0,57897325745.0,234650717596.0,223582662372.0,220292291342.0
014820,82961248906.0,76060781063.0,71988709945.0,1223757400983.0,1166291692835.0,1123810680010.0
000640,358875881830.0,325970516726.0,297992226565.0,973117954242.0,925164455016.0,757128910787.0
001060,264852895733.0,241010042311.0,235238625958.0,415984174258.0,395877577213.0,412984311748.0
248070,230152060132.0,189933807674.0,159877411836.0,1423594178220.0,1335421052131.0,1636694889513.0
033240,100606988852.0,78726880498.0,106665353670.0,706315595497.0,557456404807.0,413020673117.0
002350,702774743813.0,620788490814.0,552298966433.0,2316538333644.0,2054999575822.0,1962430086787.0
002990,80149262553.0,87453630282.0,75267990550.0,1891254962127.0,2008565606485.0,2120553831313.0
001570,63900190318.0,73906058957.0,49319468288.0,83541579902.0,135826231423.0,117319827254.0
001680,1009082710197.0,965131149547.0,895297189194.0,3222940343651.0,3113062462535.0,3088480107396.0
002840,42014357348.0,40196175387.0,34156495743.0,355515561543.0,335655673466.0,319972027589.0
006650,67869094657.0,50956873468.0,50722190280.0,3227283794765.0,2809038413733.0,2511571765377.0
006380,,,,43659188307.0,10365846647.0,5449041694.0
453340,313353063000.0,302862744000.0,235277310000.0,1909454490000.0,1870678136000.0,1526648094000.0
075580,24572565917.0,22548061266.0,23029810475.0,304725062599.0,293849022377.0,328211900876.0
108320,414334335002.0,448800685957.0,404941181710.0,1115880275236.0,1249744048726.0,1367468136980.0
079900,26193553569.0,19466679748.0,13935103972.0,135748263817.0,118974089990.0,111530364093.0
001510,297427534549.0,256171588815.0,249164616988.0,,,
114090,31828786931.0,32627615490.0,29050836744.0,338473977392.0,325437854738.0,316624930114.0
003300,221318104028.0,233394047914.0,232993547538.0,1585946837985.0,1736034515750.0,1868036615615.0
001530,61011952000.0,58753852420.0,56024462875.0,541884469567.0,585161197948.0,620543126282.0
090460,93555313659.0,79254119756.0,70907278717.0,1645126552108.0,1588134201553.0,1436292916308.0
058650,277546325432.0,262464981402.0,241396198983.0,6158071822355.0,5655175036546.0,5977035299268.0
178920,29195777053.0,29028394805.0,29241860115.0,191186388470.0,188440573779.0,193979615419.0
007700,857788806143.0,834483252903.0,834357871550.0,641817276268.0,647451602408.0,637546943286.0
025540,,,,1188263309000.0,1220521865000.0,1092119572000.0
016380,125558181796.0,129759913364.0,119331767609.0,2917139198277.0,2965205724472.0,3030105597216.0
005810,27734706508.0,31512510792.0,28512735919.0,337994073373.0,313131568234.0,310378346289.0
336370,112312318213.0,94639753652.0,90445906364.0,577106908351.0,530728190271.0,412184474437.0
003620,424766505216.0,344282859852.0,394918330639.0,3842714731924.0,3559353618359.0,3328903040524.0
284740,548455555690.0,498478093467.0,438563032276.0,403524099869.0,388749968234.0,357282396034.0
019170,88415636303.0,102259518341.0,127669837279.0,132009848952.0,139289983945.0,119951150322.0
460860,214066943596.0,236995000462.0,168562286991.0,2929983987929.0,3188056704780.0,2228051917469.0
009410,136231237023.0,163909904253.0,669061587604.0,1985463163912.0,2501622024561.0,3088392003421.0
008060,128152054787.0,113141936492.0,112639032544.0,1245524863811.0,1145636066653.0,1135289827724.0
001500,236751000000.0,208756000000.0,186438000000.0,,,
161000,129201967000.0,125376648000.0,131005303000.0,1333326093000.0,1501408565000.0,1617670318000.0
010780,247523149315.0,219393050023.0,165276762501.0,918710683698.0,1125507075114.0,1523641818901.0
377740,49062618500.0,39024678113.0,35472023788.0,52555235683.0,51540487808.0,101650043327.0
004690,415827537787.0,392742028210.0,356203665749.0,4700002583996.0,4613482827215.0,5133347078173.0
005250,646515502903.0,631074984189.0,620020669138.0,1768733360404.0,1584496363402.0,1454352952534.0
145990,376858006844.0,377529204475.0,351104790562.0,2073917050231.0,2160769134257.0,2187134623148.0
002240,187207226548.0,173442374071.0,166937555809.0,1581253145188.0,1540059679905.0,1565623275936.0
000070,472128718011.0,456409821830.0,379005468200.0,2767392388711.0,2850572839774.0,2625000385037.0
249420,164678162666.0,174072031989.0,172771543540.0,347180124139.0,381482183417.0,386911844718.0
029460,90261473058.0,81354121425.0,75621717793.0,660620312048.0,629156412524.0,585019802565.0
014830,151748469582.0,139717268680.0,124888894310.0,1099100641459.0,876469328969.0,976757268718.0
002030,223950268000.0,227866691000.0,221281029000.0,1549483931000.0,1607134596000.0,1654211300000.0
072710,77463831880.0,60345770769.0,57040727154.0,700235509216.0,651287860711.0,637145799119.0
092230,134916792808.0,139010745256.0,119709550936.0,985844801121.0,1033798317778.0,1021925519733.0
317400,120475478294.0,84715267141.0,81304573965.0,1254614911979.0,1491081918486.0,2166736160408.0
017900,16521317433.0,16338196474.0,16851849925.0,114959256738.0,112377951471.0,113258524250.0
004700,11788708948.0,9112143940.0,12526830253.0,77301490514.0,73910269741.0,107696009585.0
005420,42568957126.0,43294136974.0,43569117802.0,637572361126.0,707988158393.0,752408941086.0
003030,274476848669.0,262965685223.0,229084453368.0,3279271980800.0,3200509899131.0,3093311589786.0
001200,284730082555.0,250884105782.0,247105274590.0,,,
016590,77625219255.0,76015950985.0,72490539504.0,539663294942.0,553202273668.0,514355474635.0
016610,312288823725.0,277845295425.0,244765863738.0,,,
130660,24481473931.0,23221328326.0,20444944670.0,363491677292.0,328161877129.0,316778247107.0
009900,80025610720.0,76494405091.0,77040693154.0,1436537146166.0,1349204044511.0,1453752019764.0
008730,42130820974.0,42633299280.0,35581159463.0,434737876753.0,432799373085.0,395109837016.0
484870,17349460386.0,14745434842.0,7550893202.0,329934290211.0,233226272098.0,155242909327.0
003000,58344330506.0,49294862998.0,50019068192.0,108804656551.0,85743702327.0,78854724754.0
003280,17375142304.0,18041543506.0,18078418825.0,152161852519.0,142418436580.0,122169895354.0
002810,34314011024.0,35395861604.0,31642194860.0,399791348296.0,426435210265.0,427985745222.0
0120G0,11878577236.0,,,14024618409.0,,
192650,98951079800.0,94593150787.0,82659543861.0,1100105320416.0,1053652870677.0,913662971439.0
344820,213286726463.0,185661966378.0,186959006721.0,1762526552275.0,1660478776993.0,1398076324840.0
271940,18314021824.0,21266711651.0,19483792682.0,74476840634.0,67546599394.0,69055641728.0
001940,56920584264.0,56886357876.0,66051347551.0,839087254008.0,959918795142.0,1326567883281.0
029530,70381412579.0,70339080457.0,69661578837.0,240698775732.0,250499057086.0,302782095099.0
183190,114754244000.0,119068684000.0,123730928000.0,830901028000.0,850518591000.0,929837350000.0
194370,101021937885.0,89346977029.0,87262060359.0,1046698192275.0,906896284557.0,691461458410.0
306200,93730386032.0,95475049613.0,85526354194.0,1341464865488.0,1511049240114.0,1543468421685.0
452260,345780478806.0,361364242687.0,310767436911.0,219971561631.0,173559849537.0,113907354891.0
950210,39014649.0,38925961.0,51830145.0,19225704.0,8706386.0,914336.0
015360,144411133000.0,137611386000.0,133907529000.0,1071473292000.0,998444195000.0,995806811000.0
027410,,,,322946117057.0,292737951055.0,232371277096.0
031430,682394299149.0,665266623218.0,654762209154.0,439071744527.0,401080601033.0,401471149757.0
017810,,,,2548564654520.0,2399221775924.0,2234426797182.0
170900,360477711136.0,365201189371.0,316916672445.0,447679156837.0,357669912933.0,335885233290.0
104700,32387712803.0,33967704256.0,40820899315.0,492916958200.0,564222613454.0,777722685256.0
060980,150544104494.0,124924416561.0,123269859764.0,1095299717446.0,1154636716275.0,1060788059261.0
089590,182664313681.0,193539533067.0,168220033844.0,1508936603367.0,1662340102296.0,1385996390747.0
007690,182370704858.0,188036590520.0,155765744492.0,1160015053965.0,1092404981934.0,1136857807674.0
126560,56089920000.0,51450338000.0,39260912000.0,202115889000.0,157421041000.0,115550269000.0
024720,95504053136.0,94426698928.0,81052975531.0,517944845788.0,564784022902.0,537116511926.0
004710,163821551104.0,125338880476.0,125926748207.0,1068187519619.0,1040789676206.0,1127814936429.0
105630,,,,1680322777927.0,1489300519637.0,1387957566267.0
005610,451872885457.0,447049609904.0,442456275953.0,2879869405112.0,2885901890667.0,2899131697968.0
097520,61792805751.0,69514563707.0,59475344517.0,1165428884610.0,943159188406.0,854790510703.0
009160,78766520921.0,61084828366.0,52377418121.0,1054318037966.0,735375914002.0,565783353437.0
020000,787780631000.0,790450707000.0,807115748000.0,651804718000.0,631341527000.0,621042127000.0
011930,,,,509020658659.0,520929560724.0,510155408709.0
011760,147528604618.0,114934038591.0,100264321041.0,7266626161073.0,6747199617682.0,6380852991638.0
015860,209353208343.0,153261536158.0,130403594109.0,1928763679650.0,1575266775436.0,1284874051013.0
002310,,,,715298284515.0,752469262122.0,719154140010.0
002020,452805229258.0,409919984734.0,366263044316.0,5372826646157.0,5602098670317.0,5412836136744.0
092790,118592726148.0,38294560690.0,63794880327.0,392457514060.0,450865898559.0,397919929231.0
078520,117024359055.0,112891651500.0,114713726710.0,107024578771.0,108157229913.0,103993345408.0
145720,153943188380.0,161753843178.0,140560137436.0,128397491679.0,147555911290.0,114349186905.0
200880,485393712409.0,476926239277.0,352613771677.0,3858056188273.0,3410198420606.0,3028541900468.0
026890,53195330489.0,49447176131.0,53956489965.0,,,
005720,751428579362.0,670552018719.0,598148181421.0,2630879774673.0,2334087713164.0,2216875627576.0
003350,16114539173.0,13603271012.0,11820622836.0,135629850789.0,127320750235.0,88492580093.0
009290,270136118915.0,269200346321.0,257757538744.0,1358330490780.0,1341421147561.0,1214626790010.0
016800,111009270876.0,105465217375.0,74434402954.0,241453144004.0,258763750243.0,253235538649.0
091810,192407060519.0,146470654962.0,113025977675.0,1871241721621.0,1402580028995.0,1096321633918.0
025860,100993341159.0,101931877658.0,95431965541.0,1460298930458.0,1380913364326.0,1481593134052.0
123890,42547943688.0,43038892194.0,54036935588.0,,,
005950,118690436000.0,114134331000.0,111725128000.0,1533903015000.0,1853541634000.0,1939781256000.0
001230,113431529050.0,110982857538.0,113486756995.0,1832376992694.0,1830440129071.0,1667564306237.0
108670,730187000000.0,758327000000.0,728934000000.0,2434955000000.0,2715899000000.0,2685184000000.0
018250,266035004358.0,268646941870.0,252789655938.0,367346920990.0,363604706971.0,354139481206.0
381970,176815257397.0,165913389946.0,157869358454.0,2186049723702.0,2067507404835.0,1830683583300.0
126720,,,,266803463293.0,245542163947.0,249614180956.0
272450,122134287582.0,119006492572.0,97439429882.0,1278104078847.0,1179142394278.0,997618975958.0
096760,,,,478096910283.0,452490843364.0,481914385832.0
001390,,,,8052891781467.0,7838997148592.0,7696843958184.0
002710,,,,591472497152.0,538782145921.0,583082303383.0
012030,56894459060.0,54074338432.0,47740096648.0,544970462020.0,503734183742.0,373820997842.0
034830,92063796200.0,84703755255.0,87289641416.0,,,
084690,1274033410962.0,1177094931212.0,1141366061235.0,4154936871134.0,3996765616931.0,4003419477414.0
058430,44486582063.0,49029681926.0,52344162130.0,1056495242328.0,1108911809843.0,1075563118789.0
084010,,,,1176815857816.0,1147873389020.0,1270825748258.0
010820,12114268378.0,9222268749.0,8867631607.0,272064929553.0,193702635512.0,161727645013.0
037710,115704109530.0,114753731754.0,108124023110.0,16034236198.0,16494030455.0,16561418070.0
002900,165010659976.0,152285020891.0,146261819753.0,700267663987.0,620424754540.0,613751605202.0
033270,111010341240.0,107682093549.0,104027627289.0,128169799471.0,124741428458.0,119965976304.0
003960,328740173152.0,235240914597.0,168748323208.0,3076389581140.0,2274698424287.0,1765689166100.0
105840,32797920534.0,30733086667.0,27845724005.0,103403147044.0,93888247285.0,85848460144.0
286940,75510301142.0,80737640228.0,69373058918.0,1062521814762.0,1074204381050.0,1071597073312.0
003120,34042580084.0,36566798740.0,44079086899.0,36409711562.0,41969649617.0,41966787363.0
122900,136321805908.0,113060484003.0,104991132651.0,2897781122913.0,3160490051888.0,3269497774886.0
004430,120646000000.0,114094000000.0,91480000000.0,896671000000.0,893292000000.0,880026000000.0
217590,21898541590.0,21887445672.0,24229912850.0,312557493237.0,326353231987.0,336040161372.0
010690,113821835645.0,102397405460.0,92753847784.0,1746213924379.0,1544607643175.0,1626277170549.0
000430,,,,1437560646000.0,1219183385000.0,976320113000.0
017390,214087344283.0,219229025091.0,202472593502.0,1596504354666.0,1494844796675.0,1518151215755.0
008490,69772965984.0,61537304276.0,51595481396.0,592851073961.0,550030469933.0,492948629584.0
005430,37346657827.0,35692134976.0,30934682108.0,578831297651.0,545835490113.0,479821442204.0
007160,52006378722.0,59250607472.0,38024238444.0,621051884446.0,585328521046.0,618128040653.0
004360,107711191749.0,104533524484.0,87168447446.0,1106775023927.0,1244359547357.0,1026125362524.0
044820,108525559861.0,95470570144.0,89544133124.0,509695558165.0,485365239430.0,518803535606.0
298690,60682475900.0,63734909113.0,54129049062.0,776423937687.0,796747486436.0,676556823634.0
003070,220503029247.0,188552274635.0,150818758913.0,2460277184127.0,2780077259801.0,2486604559705.0
053690,111824755283.0,117888886668.0,104669892734.0,306395330727.0,272966287802.0,278614123399.0
003200,84694761925.0,79301134724.0,79261154860.0,420075650606.0,435286066952.0,461168896130.0
001790,102027242000.0,96657782000.0,89804275000.0,1199358343000.0,1238730823000.0,1193106252000.0
003920,187504332092.0,205729154607.0,260744013015.0,721470802694.0,756872279863.0,807523864228.0
226320,82304172506.0,76732811677.0,66626028919.0,51868047248.0,47813674186.0,57616576908.0
003650,13597040685.0,13930878203.0,13826318914.0,357337249751.0,372371542844.0,347418536632.0
005680,17829033001.0,18914119425.0,18143815415.0,122660012697.0,136763465226.0,152688379035.0
005500,98299671243.0,97329548316.0,96196880320.0,184049359839.0,179382883326.0,175447297953.0
900140,37567668.0,32370674.0,31996331.0,215672933.0,166312844.0,145394092.0
025000,94938332082.0,97702702632.0,83864101890.0,686016796800.0,731931928898.0,768868521179.0
136490,214222676668.0,199838322464.0,208746344031.0,1502327815698.0,1357446969617.0,1599736016906.0
475560,113355937724.0,118617911931.0,112821722069.0,271561271567.0,309509382880.0,272242330554.0
001460,49028509234.0,46842058564.0,45114430680.0,87564545469.0,94532603464.0,95788698931.0
000680,,,,2315505285520.0,1645642842654.0,257109475140.0
030210,264766560991.0,250094073047.0,266774316948.0,,,
000320,235134920247.0,235265217946.0,223172214410.0,939624931101.0,940057781259.0,923480126122.0
002320,133218108357.0,121729548831.0,108843193666.0,2819511273232.0,2793661306519.0,2576158609651.0
001340,51000268515.0,48079098309.0,40439494337.0,208986519668.0,187400674881.0,175343877922.0
134380,22050914224.0,19836935025.0,17397393448.0,233307723286.0,207638564414.0,190304972846.0
020120,85582849020.0,81635112998.0,74486632573.0,119509584457.0,121389170432.0,102300460826.0
000490,,,,1147174818512.0,1107095111930.0,1121155128717.0
000050,88930653435.0,91504638032.0,95822993810.0,277551770809.0,272322655815.0,281727138783.0
034120,152975337333.0,179778107276.0,162757232237.0,,,
044450,17465774031.0,16411763244.0,13686846080.0,433596814633.0,397434553307.0,370554666481.0
298000,73039402553.0,73207128856.0,85313003204.0,2411215837856.0,2534724851236.0,2307589674238.0
033920,54096201775.0,50399832359.0,45633830673.0,79499052937.0,84783555708.0,84776928175.0
001250,,,,3928691088000.0,3862703642000.0,3714060003000.0
009680,20427419679.0,24483961910.0,17811565675.0,240734662874.0,242341155118.0,211297029364.0
003720,14646755037.0,12792258798.0,12341714831.0,123640362964.0,104146010353.0,104215443889.0
011500,13371845958.0,12655391887.0,11662410688.0,197543909946.0,228732252517.0,203161101279.0
005010,43221540726.0,39800474989.0,36858438681.0,565778928313.0,666187574384.0,604768528343.0
017860,42348391817.0,47908485375.0,49116759580.0,904543165417.0,901626308480.0,945082836670.0
000480,102228218000.0,102882753000.0,104289217000.0,697700578000.0,690510398000.0,673199955000.0
035150,56426043024.0,52050422832.0,43336472867.0,394894848978.0,368375723422.0,321239183186.0
004980,128595799740.0,139926217548.0,138893385455.0,1044014113876.0,969467151865.0,901056864829.0
003520,73739483082.0,71626693715.0,69003332767.0,177100821349.0,171691537907.0,162781733005.0
037270,43245390874.0,30357237344.0,30908495746.0,179590622522.0,153285446693.0,178825489596.0
100250,,,,244917881446.0,250461826777.0,235973987858.0
039570,47332153416.0,48995716393.0,43096354315.0,587758814185.0,573410340240.0,552672320745.0
013580,189017465951.0,139270727908.0,118772806786.0,2531552913904.0,2900640839754.0,2757534845386.0
028100,9832184377.0,10071222513.0,9467789077.0,439381805762.0,373304125131.0,327317728685.0
004310,57736028417.0,57858210377.0,57435254453.0,112185187520.0,102369647134.0,104169921626.0
001630,369018423324.0,409089343627.0,366858645326.0,531712067282.0,513176834393.0,495916857919.0
001130,210736156277.0,206457504685.0,203250067833.0,1102206656086.0,1095971147941.0,1183348997432.0
010580,18480311729.0,20007663183.0,23265292002.0,130216853287.0,147323896418.0,169983954341.0
128820,148662010544.0,134614318746.0,126581170058.0,1406428699784.0,1320376588032.0,1452057451729.0
339770,119609040960.0,132095696222.0,83219503692.0,362706448136.0,333277228251.0,336893310775.0
117580,124603079460.0,120502564754.0,114137048211.0,862987115554.0,854151062443.0,865004746801.0
000140,934014116805.0,972574559427.0,984396788208.0,1367237249072.0,1390699264306.0,1384399203137.0
033530,,,,1645985440066.0,1612931830095.0,1625617909535.0
102260,114018996129.0,105775605235.0,89553877721.0,985538266800.0,869512592094.0,829379336124.0
016580,74080231328.0,72280219244.0,68990325351.0,168115619229.0,165820526399.0,131232965770.0
035510,57639203522.0,55697045183.0,49982692110.0,580447929460.0,533066048476.0,528982361863.0
007860,523751920510.0,476158009884.0,371117873557.0,4192731091800.0,3780683802763.0,3392747345644.0
102460,69793679189.0,73770783890.0,77126112490.0,107697051456.0,75514346607.0,72172227652.0
016450,,,,2762612332148.0,2177879220525.0,2079764908508.0
002420,4858888396.0,4157510580.0,3251516116.0,24956417923.0,29849839831.0,27810688418.0
241590,148997101995.0,139197524579.0,150380586882.0,1379690321204.0,1387852643642.0,1050489568393.0
014710,16376416095.0,12378671144.0,11688831249.0,209411134568.0,166379979994.0,199189453948.0
000390,129631404744.0,104921040553.0,106602841740.0,477886641825.0,504445700281.0,498952300520.0
025560,12109904726.0,10443923174.0,8659422384.0,29525306864.0,4476744622.0,29055243105.0
002100,84922926593.0,82001498531.0,76659237574.0,225616285387.0,216463917606.0,245538662995.0
213500,338836419879.0,409879055536.0,308681003680.0,1901271917269.0,1783922074336.0,1838178031113.0
234080,39072622873.0,21649679257.0,21531108959.0,185512586341.0,164970427653.0,154467347227.0
487570,66326881538.0,33800720061.0,,1297135864678.0,666658711180.0,
004560,49212873343.0,47707912392.0,50669208452.0,666143840382.0,717041199092.0,1029864159429.0
003220,245542053539.0,237183237276.0,206807782397.0,332646970904.0,310832241947.0,269704719976.0
003610,10179030573.0,9591748797.0,9072515500.0,111226755858.0,104274285462.0,126968556360.0
005960,142310274917.0,134797222939.0,101526091073.0,1573687117284.0,1650512203854.0,1768254218247.0
000300,5430800332.0,6672451822.0,21805787020.0,31512587077.0,28485155930.0,40930167561.0
000700,74301816247.0,68276258222.0,54374945614.0,322952821489.0,349275355880.0,265408967214.0
015230,31904081687.0,31770226121.0,28674110945.0,276329366298.0,260393189912.0,297005518338.0
004380,40192336636.0,38141028623.0,37107849101.0,217442462821.0,265720138220.0,271597142834.0
002170,,,,147962670911.0,162944358487.0,153771930492.0
016880,466091284599.0,444824478044.0,463631804856.0,606485779422.0,532202309648.0,532585405948.0
013890,291975748362.0,271616350693.0,275119307492.0,595724846007.0,654228847387.0,658821579432.0
101530,174064767232.0,171823761969.0,170023932885.0,424993712520.0,408300662554.0,409118086827.0
090350,127714896351.0,126493564973.0,120203157849.0,613156556311.0,623689094107.0,617893162590.0
000860,66330482130.0,65481099143.0,63565206037.0,523927633863.0,557125994040.0,552056004055.0
007570,85292986145.0,76929632074.0,76365710226.0,156067269844.0,157385939701.0,150176332378.0
001780,55725787409.0,62758010553.0,55637818524.0,485032583585.0,522133173897.0,497916471948.0
003010,26768384328.0,32236169133.0,28732522624.0,197392299170.0,202432209159.0,238206073581.0
460850,140849253789.0,88993612247.0,47438905532.0,2666681885268.0,1997437910730.0,1192020721889.0
462520,44094502000.0,42916011000.0,26258910000.0,464077904000.0,437705159000.0,221256204000.0
077500,33811067454.0,32672169447.0,31347414752.0,659544917838.0,643671545471.0,600593189651.0
009470,31119998885.0,25853261863.0,24598073301.0,186911290988.0,182474056537.0,170024174703.0
003830,8188263431.0,7788880577.0,7842985816.0,107292828308.0,117539269643.0,124171895578.0
000970,59849369545.0,60959874651.0,57147536352.0,333504478209.0,342813927760.0,378603782864.0
025820,6894900200.0,6961751764.0,6221409890.0,476481732681.0,440167263208.0,416938440092.0
071840,671093127639.0,674549725155.0,669933087940.0,1619363305128.0,1680385956885.0,1931980921907.0
272550,54432168235.0,54032392627.0,50162399093.0,341139036588.0,360321828147.0,339038833590.0
293480,119039456237.0,116137519778.0,112552913369.0,94648610131.0,84048112389.0,84872488900.0
004970,75094549266.0,78172049420.0,71088748627.0,381212655550.0,375514645861.0,309273527399.0
271980,192208471111.0,196422037030.0,175524512955.0,354340826518.0,527047232603.0,542137865535.0
000020,192590008380.0,177247361467.0,150091576121.0,277846924893.0,250616974095.0,170692715924.0
004960,98643695916.0,112701405535.0,74411147473.0,986026473272.0,1340491314201.0,1219842101555.0
004090,52727492217.0,47792899778.0,46007530300.0,632354556200.0,659628135395.0,618263808188.0
107590,38826183114.0,37223235249.0,32386865104.0,433545997630.0,416319358932.0,395210981563.0
002210,47229113673.0,44489559885.0,40773187263.0,50058098341.0,49690610094.0,47155321682.0
006060,198918236257.0,189162109034.0,205718491469.0,1505543267122.0,1560346581002.0,1236087263383.0
001080,20413819892.0,34081610526.0,27433374467.0,144515776824.0,176617859294.0,204300532750.0
015890,111365264981.0,97772491614.0,100974565696.0,610298230741.0,522236338930.0,510924649900.0
003480,96265000000.0,91190000000.0,87622000000.0,1032211000000.0,1027788000000.0,1115611000000.0
004150,75585451000.0,55238055000.0,48702014000.0,1000112743000.0,728922391000.0,390434641000.0
094280,30651729223.0,31142055048.0,31305008227.0,469403389285.0,456462733024.0,453279653615.0
214420,79077406198.0,75327108705.0,66561787108.0,126831362489.0,89566663833.0,74912805004.0
081000,39282895200.0,38096966619.0,35646091223.0,129902324350.0,123597797800.0,123181510585.0
008350,20109597726.0,20402536665.0,20099080825.0,240777336258.0,262965494126.0,282658925676.0
012610,61454409009.0,59853309948.0,59939168131.0,301981395718.0,290151723722.0,287716233416.0
000520,99330361445.0,80801143802.0,67599766822.0,133134996475.0,138785401909.0,122275013264.0
013520,235482518359.0,214404614086.0,195065665821.0,1321229930120.0,1264143541747.0,1193685724934.0
001210,14970155893.0,19017813401.0,23003822438.0,30551130104.0,39111013484.0,38597839541.0
004080,24857512544.0,24649217900.0,24680078190.0,70658283702.0,70828515863.0,76406698485.0
002390,155636076517.0,156875413288.0,153768832137.0,376210302123.0,349944409030.0,356393415376.0
009270,229928034081.0,214489918351.0,202509443604.0,842939075561.0,699569266302.0,609111915487.0
014280,,,,679939693742.0,674596973345.0,698825354804.0
210540,18403805250.0,18068454102.0,15172974413.0,333917662838.0,340987801593.0,378537580253.0
024090,11126072696.0,11423037012.0,10580588383.0,206365965665.0,212523637511.0,198621900621.0
267290,99975498925.0,96793641765.0,92328999060.0,1626443928963.0,1668140085527.0,1678839917179.0
214390,,,,161799835391.0,149281792719.0,146132595665.0
089470,68766569001.0,63936362284.0,65945605931.0,871783240934.0,892378311693.0,906609602054.0
001360,32048251839.0,34603194941.0,41010140737.0,32094546322.0,24519976236.0,28981966930.0
011690,19711981505.0,20815935090.0,15217070341.0,147918846410.0,130812094961.0,119812820414.0
007540,139770556369.0,141071384404.0,120996864429.0,245050441350.0,258009229358.0,254798731124.0
078000,15649355085.0,16722955997.0,15432191869.0,19416092624.0,24754947763.0,22162545855.0
009070,73823178227.0,66933925156.0,64403535908.0,874063765742.0,776222736476.0,721900686217.0
018470,15201018291.0,12974761591.0,12645417327.0,457682426042.0,465290975699.0,444665572749.0
079430,250781454365.0,261198874211.0,242569868521.0,1278115280556.0,1585438400373.0,1361803940139.0
005800,104621687725.0,112411123883.0,114708025632.0,79243659431.0,81511199979.0,85909848518.0
017550,36127655920.0,36147919754.0,35897478853.0,174296291309.0,149676406101.0,174244600417.0
227840,27972876000.0,27736949000.0,24495666000.0,200882794000.0,168361592000.0,145119857000.0
001520,71560630585.0,76176462816.0,74316663542.0,579811076056.0,675152500619.0,765461719065.0
002620,214811597384.0,218079807436.0,193764204725.0,404116239421.0,573301357242.0,589458610773.0
011280,90904496000.0,90659321000.0,83582958000.0,667973673000.0,641306422000.0,613830905000.0
083420,14379892402.0,16917499450.0,12901473716.0,279527812046.0,302735131882.0,264492112113.0
013570,82173261377.0,79127634706.0,67976804057.0,1114607908444.0,1053528856386.0,1079895353873.0
034590,67698995084.0,63817813774.0,61514875320.0,876146396102.0,860373747990.0,703304469298.0
008970,15505521266.0,14897314326.0,14901883433.0,220900544825.0,228723181557.0,261200377019.0
002780,60004999263.0,32763306341.0,17064322373.0,539380540237.0,698174406826.0,690649410720.0
016710,151764373462.0,147961465453.0,149036212759.0,1042806664142.0,1041095638911.0,1057816886140.0
014530,45520120691.0,42688971341.0,40623190706.0,960761167350.0,997265909459.0,1089533813484.0
012800,35172570259.0,34746436159.0,39799482320.0,1383536628412.0,1270775532962.0,1292512517857.0
012320,28812312177.0,28449185730.0,25886905824.0,,,
002460,56286620408.0,50636178233.0,59364826776.0,559946889844.0,538410087770.0,823450026922.0
004250,53532833329.0,68898043848.0,57228689274.0,373213197460.0,378872771668.0,421931178369.0
023450,9398737355.0,9510193548.0,9232382386.0,175500754766.0,167954139687.0,149426692928.0
010100,126171533176.0,93679944130.0,85225172069.0,1547827039503.0,1430057494773.0,1366242906757.0
011810,80733000000.0,37459000000.0,32099000000.0,622524000000.0,799050000000.0,877821000000.0
123690,41372770051.0,43255482140.0,37291600066.0,43131524577.0,45819088096.0,38366454506.0
092220,38904716875.0,35640175140.0,33106601896.0,,,
248170,137443310550.0,138545728247.0,117598607545.0,247007448765.0,259875259698.0,255980981140.0
014580,50799905514.0,44347332077.0,46180297456.0,294359987189.0,222024858763.0,207905313282.0
027970,91323543938.0,84924169097.0,62763335206.0,659233065976.0,687844883015.0,635761450968.0
006660,,,,103294223383.0,97674282104.0,107801236259.0
120030,6620670517.0,5923452299.0,6357217384.0,37354834635.0,36301540149.0,49676404874.0
035000,207545039815.0,213905528958.0,193275700308.0,248810631886.0,311251717337.0,328614211481.0
009580,61482292514.0,66866513542.0,58575486498.0,694597750236.0,708312752262.0,698734763241.0
002450,52279605745.0,50287667833.0,51461629604.0,169877405029.0,174158336592.0,190002213854.0
267850,10277066736.0,9990665417.0,7204814287.0,171654082720.0,174807557968.0,172036911705.0
008260,20646231123.0,20615763863.0,26652017993.0,197182022501.0,217525354405.0,285598248038.0
012200,63478157661.0,59934383379.0,57424119053.0,353420864705.0,324451683565.0,328104788706.0
016740,91375778567.0,85311829980.0,79597142524.0,656168217359.0,645029134659.0,605291975743.0
264900,122861186237.0,121767824298.0,121638379230.0,306712067705.0,295287617345.0,284650282748.0
070960,24782595768.0,25410863210.0,21115741716.0,202087095887.0,215396510424.0,169126919311.0
067830,58948555075.0,55584477276.0,58347755721.0,54566980778.0,53878314967.0,54395361774.0
021820,14179987658.0,14960585595.0,16993899949.0,148145874475.0,128364169525.0,130167644229.0
119650,15511025227.0,46521695505.0,27075904991.0,186226277501.0,362237647625.0,397961283189.0
006840,548156309086.0,573926472186.0,819528005283.0,2835418748985.0,3185104871894.0,3381008245784.0
014790,147503777696.0,119551525207.0,101939496168.0,1514627507544.0,1401382867505.0,1419374340889.0
019180,76030254857.0,60210665489.0,49797018443.0,843044077660.0,559904543909.0,493438430533.0
032560,28155870721.0,26923154191.0,26420281734.0,270384620024.0,274795856857.0,299442476206.0
008700,17737605.0,17810595.0,19528713.0,130243307.0,164406500.0,228886647.0
004100,74171693850.0,63434489699.0,55358866916.0,523578835025.0,540533417314.0,539649748426.0
007210,94742735112.0,96702399612.0,87470342331.0,492672291932.0,520668028986.0,488500535608.0
014440,17598315783.0,16555370747.0,15847171286.0,83224121844.0,81608738782.0,67481318021.0
036580,154854261957.0,172862010599.0,172712881712.0,1319073556410.0,1347833317173.0,1650354334396.0
013700,33203993083.0,20119436984.0,8681155041.0,240402630529.0,258357555529.0,263495537421.0
008040,46737024376.0,45600960262.0,42087306125.0,585057959810.0,582527082740.0,597773840414.0
025620,9520309876.0,12797335148.0,17354227929.0,5240693186.0,8324067476.0,8122888300.0
363280,77083066866.0,127601756276.0,396327809251.0,36707283846.0,32680787084.0,28792295898.0
002200,30092316899.0,31729561666.0,29499754750.0,266064719885.0,270617498823.0,259924101621.0
004140,51730646941.0,45265036384.0,40233774656.0,831864877528.0,787346061498.0,692371162808.0
139990,51521505041.0,71442630266.0,51615570462.0,1059647516520.0,970628527689.0,900250737139.0
023000,13828135686.0,13263762200.0,12515376275.0,335579713958.0,318538788501.0,330037822251.0
004890,19750306586.0,22571245207.0,19157604618.0,330921681783.0,397384120044.0,426242284255.0
023800,62482104185.0,57136718677.0,57261843689.0,613447107206.0,562160272340.0,551372814457.0
006090,29736155057.0,29033341361.0,27859307984.0,374110754666.0,350764937132.0,347396102890.0
005740,280562192977.0,277903121102.0,272345468007.0,732068709856.0,701414377009.0,692161549539.0
001020,31093626272.0,31856157005.0,31685215857.0,240853967069.0,256290601556.0,299229802825.0
007980,109541722536.0,117105382555.0,111962228925.0,855505403610.0,897218017471.0,767294387082.0
111380,49107720329.0,45940840150.0,39026690232.0,172446362009.0,159631250613.0,148776842164.0
011700,11816782356.0,12868535994.0,7660064025.0,42379606108.0,50784120625.0,53651349478.0
109070,6723411768.0,5867662117.0,6252487435.0,75513642137.0,59215008556.0,19030342599.0
013360,24551370629.0,62358721556.0,19111862148.0,417745426061.0,481615486112.0,581336733897.0
002600,29580596755.0,28902947478.0,25114861647.0,440035696974.0,378425141992.0,365182445337.0
004840,129754297083.0,124136836685.0,109307330611.0,648097646935.0,606681233513.0,592624491698.0
019680,135075509472.0,128758326639.0,137045180859.0,518328581671.0,536306106683.0,546999699070.0
001470,33317739178.0,110061613976.0,42595406161.0,104285354933.0,476651311124.0,610532275107.0
055490,16488598557.0,16256777223.0,16062828246.0,122141738057.0,118269674090.0,123156759293.0
000850,34892074992.0,35165985895.0,32580754962.0,182646551304.0,187775871032.0,188579616967.0
069730,17169005312.0,19401263228.0,14586527033.0,180019030483.0,175428397643.0,173610268022.0
163560,49864498790.0,50390606041.0,38609263445.0,296173370248.0,277005812821.0,305477842543.0
015590,17119730718.0,14064992284.0,16086520780.0,106266416135.0,113084035825.0,108432986039.0
000590,14927150875.0,13542898037.0,18186134095.0,99728393865.0,106093767727.0,134650387494.0
009180,40159378391.0,38765882762.0,41867984228.0,613710298487.0,631487266531.0,658411357180.0
002220,12840824107.0,14036020465.0,11505331134.0,180384464107.0,191139264715.0,199890351349.0
063160,25174980345.0,24988943104.0,28165294590.0,131290870970.0,135813521133.0,152340004145.0
003580,62752456141.0,54504705903.0,48106719463.0,47416119626.0,40687341142.0,35756522331.0
005750,64510450160.0,57395867815.0,52897282363.0,217440025383.0,213562023228.0,209324579800.0
000230,174735493692.0,174872717517.0,179512633782.0,365737775672.0,408117862322.0,412782705410.0
001260,23217778000.0,17007400000.0,20528622000.0,322787409000.0,479937459000.0,522807942000.0
007590,32952848893.0,33363800079.0,33911855493.0,133392419910.0,122273929811.0,116774798252.0
084680,25796383672.0,33716528881.0,32829693267.0,66108212963.0,75157282804.0,74523203053.0
010960,20092159397.0,17625310436.0,16607900560.0,375148838410.0,382978879688.0,334776864195.0
014160,30543474747.0,29582782810.0,29111934514.0,252277098631.0,250329118420.0,243272522896.0
013870,,,,658978707333.0,610656361265.0,585342240285.0
004720,105689522959.0,97390346213.0,88742651214.0,61396332567.0,63252995436.0,68909376282.0
031820,,,,965753588430.0,880765988741.0,776268630509.0
011150,22966253190.0,22404969576.0,16730123621.0,170061003184.0,166954344653.0,127479343668.0
084670,9473654958.0,9857328468.0,9723933863.0,110611715302.0,113394003754.0,110534662948.0
000180,22085033632.0,28581550814.0,29738756884.0,112061368460.0,121817504682.0,153216317162.0
007610,4520818795.0,9088700551.0,11037642757.0,32400929923.0,20643724149.0,37818567247.0
002720,87459941274.0,75793380934.0,69213785265.0,81851409879.0,73967799316.0,68148048205.0
095720,389243407015.0,429119066575.0,439488851170.0,418569665000.0,428814490619.0,444993480774.0
338100,4179826495.0,501078498.0,7613140796.0,,,
085310,17563031752.0,15706469403.0,14432127255.0,113187037652.0,100054948305.0,78207227082.0
155660,27247719121.0,29391312151.0,23894937510.0,255850365641.0,255077297150.0,242938295481.0
009770,12230095060.0,13034055741.0,12492784364.0,137776328344.0,145981701881.0,159355208724.0
001560,13552932117.0,13810411358.0,11975694380.0,61104217140.0,62410187498.0,65371589475.0
079980,54784368405.0,84504067956.0,79820141696.0,814982256985.0,893178403228.0,919487599073.0
058730,31821044508.0,36565275793.0,32022450693.0,239301729665.0,277200844744.0,323591955256.0
002700,39227942726.0,37064056556.0,40596227140.0,149524844868.0,137217872925.0,141693245669.0
004770,3068054589.0,2995292821.0,3466131017.0,7091618613.0,7237838162.0,8391961619.0
214330,18800737044.0,20732303025.0,21181149609.0,360356601538.0,412254699374.0,332365472184.0
017370,31604515851.0,31104983919.0,24810432062.0,336150811750.0,496425452748.0,204975138359.0
004440,21144665165.0,22940847380.0,29365188742.0,196988061300.0,200029230261.0,181912545975.0
018500,87362087070.0,78977962306.0,75252230862.0,496888472427.0,453589891044.0,427814741773.0
007280,24808137646.0,25116579925.0,28006493095.0,730592879331.0,733049023249.0,755069532622.0
010040,32830839282.0,33495677421.0,44353645315.0,370734209655.0,373926424341.0,374994978107.0
009190,11191681756.0,9757633512.0,9148147681.0,206673106174.0,203916108625.0,194321717994.0
016090,123088926234.0,131041184358.0,148231088450.0,110377233327.0,113871035242.0,125740469369.0
005870,27421892353.0,27557250972.0,23246828516.0,121796824822.0,194109295776.0,188236076382.0
100220,151817974282.0,148101086806.0,156848086982.0,95339508266.0,88136889779.0,101334267484.0
009200,108333560780.0,113514622090.0,101455495715.0,1150627373675.0,1181471785538.0,1152645838072.0
068290,21839101012.0,21780253022.0,22051311333.0,19247670255.0,18967016042.0,21066216185.0
010660,19918307419.0,20192717152.0,17350287082.0,194367606560.0,210160855078.0,147571749254.0
071090,24707613129.0,14881061422.0,10590033640.0,235240251020.0,230470693534.0,242679630419.0
072130,21063468963.0,19923344853.0,16300217099.0,37083306916.0,32333914347.0,22116080644.0
002760,5647572603.0,6202843801.0,5061944155.0,42244957022.0,43232596601.0,41087641635.0
006890,13802681539.0,14275976052.0,13747108489.0,45481838952.0,43134581837.0,39123731119.0
000220,42921913026.0,40007304542.0,48532071269.0,86943568207.0,81442571798.0,88312980289.0
007460,128811403627.0,121708766109.0,124674198453.0,84733368006.0,115211403870.0,114770270555.0
092440,14862672638.0,15327471966.0,15190664042.0,115434695358.0,120034923812.0,122832370939.0
111110,64171024038.0,58066455501.0,51839141542.0,431684936724.0,376385962855.0,354591202160.0
129260,30084310421.0,27719101978.0,25301687354.0,659087879492.0,649668988557.0,563035940463.0
001550,17165834064.0,16375901308.0,16466980511.0,78751095700.0,81244907012.0,103833247087.0
000950,4230555327.0,4770173415.0,6601129367.0,43860825343.0,60948652954.0,120719387788.0
004450,17423576274.0,17626720502.0,17032686657.0,138717308352.0,138887955070.0,133925624147.0
378850,106468609478.0,99470695343.0,93044847338.0,581009044414.0,576313507764.0,555825412384.0
075180,10635401640.0,10214813116.0,15515526526.0,128798549622.0,137577490438.0,132412228627.0
020760,8083036447.0,6690063792.0,5646040547.0,54643823512.0,61269148498.0,42891920999.0
024900,22508842510.0,22431614011.0,29880949210.0,1712359687444.0,1852624764147.0,1818280866650.0
101140,3985528645.0,6753283501.0,7483338165.0,6644063291.0,6380992968.0,4909446883.0
012690,25692682175.0,26265771631.0,24937055424.0,98011358605.0,99088622244.0,98337167205.0
002140,31130269554.0,25341435119.0,25807069926.0,242183425641.0,257433879191.0,276451688945.0
025530,42352841053.0,39483595041.0,35775109653.0,152894734693.0,152993108989.0,152409913352.0
010770,62171117650.0,59314248594.0,59964143169.0,786623346070.0,747064085902.0,720317684990.0
123700,37215344391.0,33731581810.0,32135787666.0,152884567683.0,153943240994.0,153512928116.0
021050,44162923580.0,38270043441.0,8887980856.0,1616125319665.0,1163608825231.0,223838334732.0
090080,30756195152.0,26955804610.0,24839047450.0,581963506610.0,547360314199.0,529262299948.0
002410,27948507283.0,11995440309.0,15173940243.0,95204110305.0,127593977137.0,116023446060.0
006880,18331289289.0,15552371709.0,16407161952.0,159116849273.0,140626249113.0,168631003322.0
004830,15285880080.0,13483105056.0,11526712037.0,123096294567.0,101348742359.0,90025754196.0
011390,15861187240.0,16499543973.0,16799487677.0,94440578901.0,104249640554.0,116532775236.0
002630,10070301511.0,10561727020.0,9747642121.0,22201081894.0,18420724347.0,18994584494.0
023810,79928662204.0,70917362140.0,62098359726.0,486730595439.0,472936492843.0,457274261895.0
372910,22138748125.0,21645368770.0,21907265902.0,70677014485.0,75642094651.0,89040343014.0
011230,6018207929.0,6492002433.0,6887705563.0,31390169206.0,34178372745.0,40022584323.0
003780,9496629561.0,9522046813.0,9545690177.0,72714274634.0,70502399720.0,69756213587.0
004410,13655826669.0,13451644689.0,13045658738.0,55407406463.0,47369275366.0,51152597243.0
084870,98145703184.0,101312460875.0,108329296354.0,81123536172.0,73791698110.0,80914016275.0
011000,28900560600.0,32170655867.0,40608786810.0,38180480364.0,46588556438.0,47962155380.0
006980,,,,508187300217.0,516340418526.0,551084505532.0
027740,28115672357.0,28493040328.0,26769344270.0,338764454915.0,313346669349.0,310627693805.0
041650,97915913509.0,93184800529.0,83851734352.0,445702762518.0,464724118029.0,464094990071.0
011300,4956235786.0,11551508247.0,13776518433.0,22071395550.0,23994053069.0,29343401078.0
001620,85689342829.0,71305723304.0,60301332974.0,703760221263.0,603420590980.0,584614364304.0
004920,14334155337.0,14668654256.0,23956531377.0,25113910035.0,20361184869.0,39700449760.0
009320,,,,127264345778.0,121518435194.0,98294983891.0
000910,28632461350.0,36621129297.0,30393086672.0,168269196768.0,192994904483.0,196249121016.0
004910,46387576602.0,45321796685.0,42416326131.0,175777475783.0,200293451859.0,206695624245.0
480370,28758097564.0,21847933160.0,14845528122.0,298856600734.0,257400288720.0,182786209523.0
004060,59670077913.0,64310478331.0,65075412917.0,74194029218.0,77247910214.0,76166823453.0
069460,11156874392.0,6099178195.0,5881819394.0,201013699371.0,156606729583.0,167327873677.0
007110,9719845321.0,10547922972.0,10107048436.0,44102813350.0,64376786824.0,86523900983.0
014990,60632375431.0,68239155557.0,73406937419.0,42767604797.0,47325899998.0,55791289415.0
002920,,,,296619510165.0,308816230099.0,288659759751.0
005030,,,,176748038946.0,187898337696.0,221185971631.0
074610,10008364861.0,18000202849.0,23490620677.0,22321967538.0,19482198164.0,45318383376.0
003080,21665254447.0,18431011789.0,17336812436.0,50812018456.0,44337040525.0,45074586076.0
008420,6711572050.0,6701011488.0,7664880182.0,132122528242.0,135636637245.0,159405850046.0
092780,34131840812.0,32907564522.0,30984193305.0,408542180825.0,388419666052.0,377449284561.0
014910,7574961153.0,7385539539.0,6017575695.0,44427090604.0,39573087978.0,38532580303.0
023350,31241161503.0,31824009177.0,31865477468.0,375627985853.0,366187119722.0,341061694963.0
004540,,,,446378259966.0,455154964628.0,453773948250.0
011330,11096478156.0,11563039027.0,15501835181.0,95719998009.0,62921400940.0,88042631967.0
446070,26182724651.0,23170503186.0,21473799300.0,140500244681.0,168669247995.0,151383584014.0
026940,5727682631.0,5428525915.0,4619418088.0,173920699261.0,176294345512.0,184398732737.0
011420,11098930422.0,7941593415.0,7474524491.0,25257030297.0,21319922611.0,20893533248.0
006370,38065673244.0,44809908242.0,48714486114.0,25841507347.0,25482011093.0,29571049338.0
019490,5398682022.0,4666720315.0,5991722331.0,5872025488.0,8243210152.0,6063293972.0
012160,38435894282.0,33576913664.0,33821188319.0,408055577547.0,443499231685.0,463317151587.0
017180,100083617698.0,103036663851.0,94390226693.0,88328879978.0,81477658064.0,74213380967.0
012280,,,,325790557323.0,283471385967.0,275622217857.0
017040,19691379398.0,19741939707.0,13641258263.0,86145945651.0,131435487963.0,149852197560.0
047400,11292309907.0,19761180129.0,14548148460.0,85214875310.0,105106378806.0,106590019600.0
000760,10494843762.0,10678957469.0,10502804375.0,35924316215.0,38036498917.0,38498654548.0
134790,59881561376.0,55342701101.0,45085953793.0,142521125351.0,156429262447.0,156977261586.0
008870,31845577860.0,31574398471.0,29930507338.0,217188968065.0,215520456260.0,215137638700.0
023960,28127648861.0,19891154009.0,15908970022.0,149149615982.0,153424728292.0,119089881287.0
010640,5523545775.0,5628843329.0,5534997432.0,39279619657.0,44499562551.0,45106287149.0
000890,24941880362.0,24711814342.0,28867421498.0,61124510937.0,60611777947.0,67021065579.0
008250,29399797731.0,30568737731.0,33583443605.0,271739184021.0,282612862362.0,268860519080.0
133820,7762404539.0,5693326501.0,16151866162.0,180079266882.0,132616636006.0,135822605626.0
013000,1936826685.0,2012327793.0,2025845830.0,28283962395.0,31374902020.0,31693555497.0
049800,58449738963.0,59803615157.0,53398494581.0,150243833762.0,148401398375.0,149669028698.0
002880,31007149441.0,29274817472.0,31164840495.0,572184612195.0,498171855358.0,499670414786.0
005820,14537279796.0,13272920315.0,13167125545.0,70719054377.0,67380160202.0,66188329646.0
009460,24243293524.0,27152037472.0,27283475166.0,247902056983.0,265963228294.0,260224602076.0
009140,8812398260.0,7100106177.0,5823611792.0,26237385901.0,17113716994.0,15097101900.0
002870,6564378168.0,7442058339.0,6951407791.0,19957015714.0,19702084591.0,23943760168.0
143210,70258759893.0,66859689961.0,67484606295.0,753228825577.0,744055169790.0,686849215983.0
007120,3628107248.0,3489215543.0,3381540902.0,6701969351.0,6200355549.0,6411489737.0
010400,7112373647.0,6736223101.0,7469832938.0,152367161923.0,148711590969.0,96015412271.0
001070,15680589190.0,12160895380.0,18833968201.0,141908587926.0,119329552139.0,132382494928.0
069640,151911178201.0,157809533929.0,168280378623.0,109117153152.0,104893862340.0,105535881414.0
308170,33311229478.0,31654287614.0,29485916958.0,422334332475.0,396697296334.0,414163132042.0
036420,266582530605.0,279460670440.0,297682757488.0,807860893025.0,647381296251.0,763319633059.0
003680,45671055973.0,43573437519.0,40981476622.0,266942790131.0,277909004085.0,271406907700.0
025750,38608454565.0,43695804636.0,38424167911.0,238875489077.0,272142956288.0,254500884527.0
006570,31732329211.0,27273286558.0,28009023181.0,104005028615.0,113107194907.0,122644982112.0
023150,26024244643.0,26951295230.0,21987909820.0,59208628130.0,62800520133.0,64578663871.0
024070,5496442066.0,6236985813.0,6328937387.0,98476999558.0,101162984258.0,108844853003.0
002690,6768485949.0,6049372808.0,6627790865.0,144087907236.0,150865268258.0,177097372185.0
090370,14706730428.0,10903967371.0,10135568607.0,71432350132.0,29462597418.0,15312558473.0
051630,2350490378.0,4472668342.0,4873814562.0,16930174739.0,24291028938.0,25584867513.0
009810,55217442210.0,54480221440.0,49744737853.0,200101003876.0,218963408214.0,167267173409.0
003060,33322867376.0,45244189872.0,45814479518.0,100257937167.0,74957082950.0,99027109164.0
001380,7601474724.0,7527940634.0,8022307336.0,80915638209.0,85752465736.0,81948610832.0
014130,15116882358.0,16342151918.0,13729720684.0,618325313190.0,692587598681.0,645955934778.0
033250,5395753244.0,5248297777.0,3201573370.0,80915003462.0,80338823044.0,41237403230.0
118000,8678080113.0,6167269382.0,5572476489.0,22819224846.0,12535875298.0,10728516716.0
025890,1965653477.0,2242679133.0,,38083301917.0,43966108120.0,
005320,23346343215.0,30625680833.0,27574138470.0,210003841577.0,239635797454.0,200445739885.0
006490,41134610300.0,40032214256.0,46020508744.0,60344813927.0,64288265016.0,53343999926.0
005110,13363476479.0,9606780467.0,11857072100.0,2457163769.0,2925999888.0,19063462518.0
088790,20291325966.0,20403285147.0,23506019529.0,23333431179.0,22605918870.0,29102924638.0
005360,44537987535.0,46079198612.0,48165458782.0,92339875901.0,90814639666.0,95555676410.0
000040,5018492073.0,4678886899.0,5603127677.0,11693895315.0,16283113348.0,13869088064.0
004870,2504302599.0,3126826863.0,2992138212.0,6136677398.0,7336016192.0,7788316365.0
011090,18435373719.0,20736491426.0,20892440346.0,196262771384.0,238274153254.0,216718484943.0
006740,15477058808.0,14564708412.0,12955748174.0,93581114084.0,87411308042.0,72604756426.0
030720,15930570946.0,15731887245.0,15115698596.0,147835316504.0,162594464221.0,146229366149.0
093240,36370600733.0,21301500316.0,16320952764.0,123638525890.0,104438276197.0,75679287059.0
071950,19244750827.0,21406565241.0,22219019603.0,48664689755.0,63789699911.0,54561362344.0
009310,19307884580.0,23663765960.0,27216271386.0,48066675353.0,77070079956.0,77129124394.0
002070,125547933438.0,118537456388.0,114641412976.0,101901196727.0,102636583600.0,97796999739.0
004270,22600619814.0,23241890935.0,24027423266.0,54752606846.0,53145431684.0,51725403754.0
465770,15679911575.0,4608933536.0,808659467.0,188177032942.0,58777052444.0,25654767499.0
015020,4684759148.0,4157535902.0,4378098998.0,12151030135.0,10620627519.0,10553621934.0
002820,36796859781.0,41271191153.0,46297436210.0,253484706127.0,303935118956.0,424949835390.0
006200,49598120467.0,46180430953.0,42465861025.0,,,
008600,34823532901.0,36471333240.0,36689780277.0,174504018134.0,193443618745.0,183611602266.0
009440,19138785337.0,61330690805.0,63213045024.0,68395439573.0,431467381927.0,596197628029.0
001420,1659328034.0,2006577964.0,1117326750.0,14183992722.0,10458346604.0,8905947482.0
002360,9918051863.0,9661892231.0,10311779345.0,100958947833.0,126079772135.0,127841815864.0
012170,5277079649.0,4897874591.0,9924007187.0,4969673574.0,12689305686.0,5975034639.0
001770,3528668020.0,3479490050.0,4165630729.0,94131419787.0,107150921104.0,101455422701.0
024890,20019317471.0,26643752389.0,20018085268.0,105534409360.0,105420085399.0,107054183749.0
015260,8766389812.0,8827248183.0,11666132156.0,116014597927.0,110654929617.0,131064730849.0
044380,6533338234.0,7087695268.0,7431443701.0,57771883572.0,48882945298.0,40729626728.0
145210,16409767185.0,13952499070.0,14279286614.0,64349956180.0,51169450463.0,50724798845.0
196170,58724981800.0,38665087614.0,40935397969.0,50233860060.0,38785542330.0,65324369405.0
086520,220241307925.0,215677487422.0,205951287395.0,2979016767292.0,3205214368795.0,6756076724085.0
247540,126458625030.0,128956551451.0,137363382225.0,2261807859358.0,2671990562810.0,6607474525916.0
277810,14390089783.0,9294412654.0,51864765433.0,22213286389.0,13031347197.0,7983147821.0
036930,146050621849.0,151770572195.0,121166051625.0,133384151221.0,160426587805.0,134641732223.0
240810,141574473205.0,125493130741.0,129425432685.0,526952084731.0,455849202744.0,414407177962.0
058470,17403056348.0,13964737445.0,13956224846.0,178133839971.0,140020108110.0,127238409519.0
039030,58345568063.0,57824303850.0,56072309413.0,241791765522.0,231920107107.0,229324513988.0
028300,131928881201.0,130570721508.0,124131232353.0,56461029564.0,56071158768.0,43794069453.0
214450,196821404480.0,125186500100.0,98000609477.0,125071955761.0,98877811420.0,70752514459.0
222800,111522829494.0,98916733021.0,116569731720.0,1287168487038.0,1179473868869.0,1013450112715.0
087010,22788902333.0,17635217117.0,17024487965.0,4103299230.0,2044783402.0,2201313822.0
403870,36387975904.0,35665951894.0,23382839425.0,46674253537.0,51789962159.0,60497746980.0
000250,100909423459.0,97020457393.0,87406479105.0,122429341329.0,111261375855.0,95702222190.0
141080,16423985577.0,21065103394.0,13989444611.0,15557406784.0,15949876439.0,16348326301.0
319660,134734425900.0,125669566368.0,110482214439.0,233984668943.0,188456987944.0,187262999789.0
095340,37684928598.0,29613493387.0,44427796361.0,122455936259.0,100082332536.0,85057436771.0
108490,20961812441.0,19223127262.0,20764035489.0,14634695910.0,13788607735.0,13662710746.0
257720,141395704258.0,95251958670.0,67279151293.0,769529707989.0,458695397960.0,227772503183.0
145020,132632794157.0,120946325954.0,128381045257.0,91625856489.0,85871389426.0,73537109939.0
440110,109128401006.0,100817499386.0,69665231327.0,48760917939.0,37733546496.0,11375113614.0
084370,,,,179375081597.0,172365011847.0,150882618208.0
214370,31842600041.0,21067536007.0,17985292070.0,20565608919.0,27268624650.0,20846246792.0
095610,34266098317.0,26100675919.0,18669267579.0,259011463468.0,175503415715.0,134130671682.0
357780,99025704340.0,78440459750.0,59590911321.0,690713857013.0,616966940114.0,650949834888.0
064760,25874842723.0,23390820848.0,25229158638.0,191572140758.0,171586098400.0,134720764588.0
319400,52801787651.0,38912654077.0,29476672233.0,322926309291.0,277899309277.0,234218054891.0
080220,28085462060.0,25826541574.0,19778682802.0,238271136814.0,126942043607.0,108282685489.0
131290,70926171050.0,47105748866.0,35970195786.0,308802560936.0,261048606587.0,215557616353.0
031980,57179158404.0,47323256734.0,30895716203.0,77183969626.0,79701857380.0,36850212610.0
178320,109309373310.0,104723614612.0,88949647426.0,955875580820.0,1000328524307.0,640746246363.0
067310,84603556981.0,83365035549.0,69037594738.0,1322125987936.0,1060534661197.0,841029213765.0
237690,81270077140.0,68470261813.0,78603496655.0,195478661557.0,177588547835.0,172876494165.0
226950,44639284413.0,36595746074.0,35249617621.0,,,
010170,25012030458.0,33031854092.0,29322750756.0,135845417103.0,149390300529.0,174163264427.0
214150,90490983302.0,68684935188.0,50826682284.0,75727780487.0,51811435885.0,39673733669.0
032820,23135592109.0,18058393566.0,13492967297.0,69486516103.0,52637869096.0,42994306447.0
005290,,,,883948554666.0,813270152388.0,768473772595.0
140410,18225759513.0,16047132053.0,18285826387.0,,,
058610,47648313306.0,51352386249.0,46867354483.0,276082796726.0,324789154294.0,330948498463.0
083650,44871376556.0,37190759142.0,28354888447.0,653748884354.0,345623021093.0,323957622027.0
098460,97455180210.0,81462899479.0,83515542571.0,84073109625.0,76686427777.0,80118409586.0
140860,94301092463.0,75687634808.0,64845201557.0,69121361224.0,60842343228.0,52400937669.0
068760,88769144294.0,71872019785.0,71020596197.0,372622458118.0,355824437647.0,269084130389.0
096530,,,,170367555056.0,175632638589.0,155469653128.0
089030,51357520404.0,48074559392.0,46387555676.0,91933305151.0,114021534378.0,84056217530.0
060370,9117298026.0,4415311922.0,6918895516.0,228078475210.0,113471144711.0,50773408906.0
041510,249501533324.0,219938550819.0,227566016079.0,742399404368.0,682490136849.0,620040686072.0
241710,74520350255.0,64143789340.0,57967781477.0,482871815296.0,399822388878.0,363597254305.0
007390,13103736452.0,16323751556.0,18467933679.0,11277120776.0,15412637707.0,11155938337.0
950160,16177812.0,16563176.0,16023679.0,3145406.0,3283736.0,2522466.0
131970,30484509000.0,29884307000.0,22252336000.0,274330389000.0,305310341000.0,255621120000.0
089970,29051541663.0,31963726764.0,23624093192.0,90687158144.0,46913309570.0,13347330925.0
323280,10145974140.0,8521562447.0,5899807558.0,30219619004.0,44653200507.0,28124854715.0
030530,119918482423.0,112519977675.0,102573865303.0,464816482210.0,468230727062.0,585638815108.0
078600,34572696136.0,32632838629.0,27755596627.0,199354358954.0,157329839845.0,151024344093.0
290650,40972809650.0,31806666583.0,30949716511.0,40087891765.0,36356595276.0,32070435651.0
035900,148197369332.0,128119279778.0,98839668860.0,518411171206.0,345406334314.0,298216964062.0
420770,16273577570.0,13898424699.0,18262627933.0,24060600166.0,14021840178.0,38146254006.0
039200,18174546472.0,13085469272.0,10668645457.0,1945760670.0,2226905237.0,2030286742.0
183300,148025692578.0,121923981855.0,83519591378.0,343492078624.0,272328834755.0,190582534093.0
082920,21964796896.0,18576516038.0,14313271768.0,151849943173.0,140292209099.0,124216885285.0
127120,16133865004.0,11924876192.0,9883224600.0,15669302533.0,13094408848.0,16407822307.0
218410,33359086853.0,34118615135.0,36489332380.0,121555205948.0,79227559620.0,74640642120.0
003380,1449389000000.0,1424510000000.0,1410822000000.0,10878068000000.0,10082969000000.0,10083996000000.0
195940,376760865754.0,346848445437.0,310037152831.0,575513590574.0,462069030674.0,452941142112.0
204270,25557929920.0,32306900703.0,30997669681.0,238091319634.0,287023234804.0,263900746901.0
043260,36701553636.0,29651169116.0,20298284316.0,187324059426.0,171363750718.0,161906025098.0
347700,7796712078.0,13700901063.0,,78789579665.0,56549500206.0,
166090,35010771282.0,31018896545.0,24766092976.0,188390141999.0,177215558471.0,167527812937.0
437730,10313854640.0,8320494240.0,5893325067.0,83922533654.0,86610254831.0,84159040922.0
086450,,,,425285866663.0,364270247606.0,320212652231.0
356860,12257910433.0,10746067793.0,8311443972.0,220277193240.0,165897279035.0,159950286696.0
232140,54640122633.0,47848706307.0,40804204135.0,201000007307.0,152792998218.0,205806523132.0
445680,14449746533.0,15936579243.0,14382364473.0,3016230826.0,2028865031.0,2962620576.0
036540,,,,372719484474.0,387396598466.0,416697715975.0
124500,167283325829.0,143947811390.0,135366402838.0,8423635704633.0,4759334966488.0,2649260030538.0
036830,110071755213.0,83483256387.0,76867778908.0,449958061815.0,323416902304.0,438326942777.0
101490,34228961930.0,30014739705.0,21608342654.0,159114538317.0,116520463645.0,103672662880.0
056190,97020329170.0,277860977704.0,95769817227.0,1448069186708.0,1815899687576.0,1675672319874.0
119850,17050324688.0,11663009747.0,11379604668.0,196210775279.0,182949603052.0,144014903017.0
038500,53783440025.0,65299002592.0,67322658335.0,546559807258.0,621557396165.0,671705670638.0
458870,18556417822.0,12117251677.0,8978920843.0,13287153427.0,4664004195.0,2709500709.0
014620,44939293504.0,35040442068.0,31325836251.0,158774927027.0,150654590423.0,178533631691.0
491000,52176611017.0,41051201297.0,33390331137.0,21657690403.0,12574718450.0,7788240685.0
065350,,,,849698802749.0,795059475001.0,736139310027.0
252990,22744718560.0,14598073415.0,14598454192.0,40574043510.0,33516865084.0,19248548026.0
083450,81623560704.0,67252365206.0,49841813982.0,206362766969.0,207621451012.0,176936543318.0
099320,23232084998.0,29859748270.0,19539528045.0,173505050660.0,144491862795.0,110247717816.0
031330,48343853073.0,46343480482.0,39258514903.0,3594349302774.0,2775759671406.0,2052266522145.0
041830,144257537150.0,121487325191.0,94106547865.0,52938111795.0,46238756042.0,37896369253.0
213420,55337789000.0,29055475614.0,24529524802.0,228229579883.0,130725199834.0,106252968933.0
090710,31021200208.0,19699142062.0,14961867504.0,154605657369.0,118337178018.0,69565485076.0
388720,16955528149.0,8073157184.0,9217410678.0,32582701862.0,26700668470.0,26674273929.0
281740,15597952895.0,14109336646.0,12591303282.0,112364801708.0,102450359009.0,75672117238.0
417200,13235161379.0,11828037185.0,10013474744.0,140488847205.0,124050475348.0,113303102061.0
032190,1118834658420.0,955964048908.0,777394362522.0,15333246111155.0,9974289142998.0,8888687949474.0
033100,47392423810.0,37979665653.0,21050357779.0,109597385879.0,126911363454.0,92738894263.0
251970,27389503406.0,27434634060.0,25756310917.0,288056370853.0,261651521100.0,223436290732.0
115180,30694038305.0,28828574238.0,24975971788.0,6052753624.0,7829050846.0,7269042826.0
090360,12582280249.0,11901154816.0,11210653844.0,68813640035.0,77090663459.0,90332533617.0
085660,412525719706.0,334940447693.0,285939387011.0,904502768226.0,769792709887.0,677579504845.0
122870,134451881016.0,118103879660.0,106445639111.0,358800026633.0,265476191665.0,383227726506.0
093320,25179450019.0,22073151472.0,19547033155.0,110181413144.0,93097182139.0,76573452974.0
456160,4081922139.0,3287532630.0,2712055662.0,456554967.0,578603464.0,434123870.0
171090,23946011776.0,17898656403.0,18942106441.0,380289473705.0,87119808440.0,47528082174.0
035760,1574791733958.0,1594610652627.0,1531798015356.0,3428913314072.0,3520172634342.0,2851412819140.0
006730,,,,120113476620.0,91181157037.0,85469591866.0
137400,40575165855.0,48898931244.0,35757402480.0,608666119410.0,822186965818.0,431707280633.0
388210,13032552476.0,9565277568.0,6355442976.0,95741266099.0,75461607003.0,60966276976.0
023160,47200633077.0,32327421744.0,31786938325.0,211030208704.0,194609605147.0,222556434026.0
074600,189274579075.0,172142713610.0,147023188178.0,694756713516.0,628784665410.0,575941540017.0
189300,112936032870.0,118870824867.0,111664996232.0,194738646944.0,158342316794.0,182652300292.0
041960,15098489664.0,15571096825.0,18931254282.0,35406348803.0,37014519271.0,29988868252.0
094170,44021470475.0,34307475580.0,28127806003.0,81190523312.0,86485811752.0,58251236282.0
253450,26648450650.0,31578531189.0,31996561275.0,473677923854.0,482108395061.0,665278132968.0
044490,30204772985.0,28589945198.0,28365897715.0,314426552763.0,334918024314.0,375866971127.0
122640,,,,67530717333.0,73452649478.0,65590491935.0
466100,13543970709.0,13360916295.0,9283578124.0,31042705985.0,27525031602.0,20685466199.0
059090,228239597833.0,162703122755.0,129940835116.0,647792950352.0,283167576143.0,221815027948.0
161580,42869534440.0,55749783130.0,33378040463.0,95463393109.0,341347950334.0,256357728762.0
060250,,,,1114097514441.0,1006872763545.0,879618476004.0
102710,80132247116.0,72869118179.0,65191486294.0,512687251208.0,450232167540.0,442037365076.0
048410,18404540970.0,11031484623.0,14826333098.0,3273738833.0,3184749097.0,4440200164.0
327260,10497951130.0,10904302298.0,10619798245.0,46216139516.0,35045626026.0,37326813190.0
222080,26315924876.0,51206554940.0,19689705393.0,347354848388.0,397988627175.0,251531077010.0
032500,25392502871.0,29065845793.0,32271133399.0,84516037444.0,75498514598.0,92932103157.0
121600,33374475031.0,30195958233.0,21196542456.0,73689807330.0,54583663479.0,50081575080.0
079940,98571442254.0,88615769895.0,82689507020.0,196623979117.0,158692257419.0,136298562404.0
052400,60091657518.0,62251179639.0,76502131999.0,160172641009.0,140642584092.0,170036179264.0
425420,21172024746.0,18891723593.0,17538687270.0,71498798658.0,50328253668.0,53611375306.0
295310,6181063458.0,6678883440.0,4333508487.0,54513038554.0,45250572814.0,33395824682.0
046890,235990575051.0,243044655758.0,230896231204.0,809048979222.0,858266031443.0,850836242960.0
160190,11981372261.0,7445221406.0,7149937457.0,70471155532.0,68810212758.0,65760960964.0
033790,5368762976.0,3722790923.0,4068644799.0,250544944102.0,26945903025.0,5022526704.0
052020,25256228035.0,23811699232.0,26541175716.0,5200370152.0,10101513421.0,5326891869.0
033500,48396015251.0,40577977769.0,30638486750.0,621231287071.0,502842889763.0,463168735898.0
053610,29945635819.0,25826534438.0,27296792744.0,154290217910.0,131019623974.0,111341444548.0
383310,29991046237.0,30836520550.0,33788178048.0,99356485013.0,179437838351.0,153377033481.0
009520,,,,336740379362.0,327050825936.0,322162632811.0
050890,58338049912.0,54400629752.0,49593072779.0,163278916170.0,207221036458.0,200306565766.0
033640,77106522304.0,64377909716.0,57486896375.0,420571638861.0,396551800142.0,401426446838.0
019210,154694811683.0,145901847261.0,134108966031.0,417938431542.0,372825645125.0,365094654613.0
211050,93364692000.0,71200520000.0,59287325000.0,833559850000.0,674791533000.0,450958746000.0
036810,84920662868.0,78226854004.0,77073422756.0,195888597656.0,156894324738.0,131317599401.0
278280,9727003944.0,8626607892.0,7675381671.0,120411622739.0,159037789778.0,183067171913.0
399720,11508951773.0,10719161635.0,8366349236.0,73722725463.0,82247927125.0,50879354108.0
045100,51703370668.0,46452738281.0,45870707030.0,1012766846614.0,1053647392562.0,895186399174.0
490470,72586178340.0,56144869033.0,54159685915.0,101759916838.0,78595002504.0,49065293700.0
099190,117374544141.0,110875959251.0,95129512983.0,190183616077.0,177604266307.0,159061309156.0
174900,18775874132.0,16665835228.0,13714634044.0,3573944011.0,1262932953.0,807310444.0
086900,126275559438.0,118680008569.0,116548619841.0,104010357541.0,89593237625.0,87249733951.0
025980,90566934679.0,107154840644.0,99640597918.0,159187351108.0,177204070871.0,530608309726.0
082270,31133221837.0,58051988446.0,33916559104.0,46605066733.0,42976563147.0,46160224865.0
340570,26036433286.0,18535576360.0,14314281284.0,91770575362.0,99398761355.0,70307852630.0
037460,75876295182.0,73809566284.0,56783102165.0,4052772347136.0,3170258456403.0,2391081380504.0
101160,26293754337.0,24349082306.0,21725911746.0,206926852926.0,212137334998.0,201532403140.0
376900,15235221996.0,11554693800.0,11425113424.0,10558904914.0,7128565105.0,8370205255.0
460930,9049325166.0,9173712256.0,7470925912.0,210390901496.0,192441418133.0,167253417269.0
015750,,,,3840846391075.0,3768399892874.0,3817969083055.0
365340,23417871288.0,34291683871.0,30730186032.0,225744868717.0,173316487051.0,224976034050.0
253590,25749244309.0,22856375111.0,22422817124.0,34132119486.0,65913996471.0,70421731121.0
035890,86416397436.0,71184545584.0,62137432141.0,869325108596.0,1166678674971.0,1151554959168.0
018290,,,,172238215697.0,192768600795.0,155602841892.0
024850,41900821620.0,14728471130.0,3891974274.0,27914222605.0,22509904482.0,17626944585.0
348370,90132585345.0,126966428775.0,47294618779.0,314314934266.0,304612859219.0,374625799911.0
056080,8562185908.0,6263135865.0,9827861889.0,24660648927.0,20611319233.0,14784169350.0
126340,23436511827.0,27113558389.0,15018898811.0,57018675823.0,40546131925.0,36908989042.0
336570,54109395202.0,39353476551.0,28224043940.0,51043247828.0,41111524069.0,41367646650.0
077360,41256424497.0,37357066511.0,21858550421.0,192335088572.0,179896193196.0,133560356016.0
348340,18316396577.0,23154301821.0,16046845915.0,15494384242.0,21130108992.0,12521451663.0
030520,161718872136.0,146849798396.0,125223637353.0,128628637213.0,117500810872.0,111726082309.0
214430,20168645962.0,17261100191.0,12130977433.0,87649060059.0,88680804681.0,97203738847.0
080580,12967905088.0,11851289430.0,11097498848.0,70319662827.0,52923911961.0,46015264643.0
092190,110303316606.0,99524589763.0,95931658827.0,653279998724.0,596220543018.0,480979062701.0
144960,115081524680.0,105351132369.0,71208416071.0,434239698359.0,388356891897.0,263369808534.0
064290,33446811468.0,40038052760.0,33901643501.0,60052909866.0,59422711684.0,51992338404.0
272290,70584702602.0,58648151797.0,61255766429.0,287127848665.0,277356698153.0,283584832390.0
104830,66581123726.0,64682090629.0,53182128410.0,199388480818.0,194113623994.0,313802483441.0
092730,57623757047.0,49373659130.0,40078000480.0,45785769875.0,44986670200.0,31719585280.0
475960,13011501775.0,12369688262.0,8915282220.0,3864103633.0,2348739332.0,1565105064.0
078130,6037630697.0,5459964933.0,5905926017.0,62242275108.0,52194118415.0,48836879547.0
013030,26889234819.0,25640711560.0,24857650403.0,128765775171.0,114740897834.0,112089962547.0
468530,12907570355.0,10584085067.0,7759100156.0,1411310757.0,837849549.0,75000000.0
219130,3464417356.0,3151885094.0,2906910343.0,69994709629.0,60587610308.0,48739146909.0
236200,58043508320.0,47202088962.0,41452125634.0,46513790641.0,37744209082.0,36516802744.0
089890,8970051863.0,11389271185.0,9149670023.0,56017596334.0,63403769500.0,78483550102.0
368770,8482830778.0,6430697055.0,5165735924.0,24872290641.0,19306282328.0,11604093051.0
389470,25438947116.0,20718026677.0,16544775103.0,5880872911.0,28568635.0,74381126.0
025900,145114145876.0,137896064297.0,141299623966.0,698243095779.0,697390406762.0,777010162156.0
241770,32442247607.0,25000816538.0,22289547461.0,46811284650.0,33739191087.0,23919325815.0
089010,104271281099.0,82047063555.0,70427614434.0,510013598932.0,455855194994.0,452714067063.0
078020,173816170342.0,146082892420.0,137512533457.0,,,
107640,27080013102.0,17441969007.0,15389352466.0,144158826365.0,150241636910.0,118834746742.0
372320,36289500534.0,36624042261.0,31129752767.0,0.0,0.0,0.0
125490,10092435371.0,8519602523.0,7129349301.0,135496936846.0,123646824840.0,99941061638.0
215200,380252603809.0,409903920531.0,399622157843.0,383122729412.0,408704544532.0,408137261306.0
006910,8266883397.0,6082709878.0,5074132337.0,112413580411.0,66155365555.0,70071795224.0
025320,,,,212024660460.0,176444994876.0,199835471340.0
060280,22476222513.0,20449081722.0,18162937908.0,49693789409.0,40903681813.0,53583836478.0
003800,143454441180.0,143789479995.0,139298631034.0,119721582986.0,115967135847.0,110085573224.0
114810,29043043425.0,24539420529.0,23878977286.0,136470247194.0,109532555516.0,91836953729.0
121440,96168274353.0,96951925655.0,102978983243.0,230124084631.0,249739048680.0,267473030806.0
078160,42111146881.0,38045911292.0,36098426863.0,28220447055.0,26519096015.0,28458839355.0
206650,25534161683.0,21631835751.0,26319437559.0,62997644573.0,40082126277.0,35347113544.0
170920,43052999628.0,37238780411.0,38350571307.0,237702291363.0,215550123224.0,91053601153.0
098120,9183916914.0,7860845208.0,6352108901.0,73385853146.0,51599230271.0,51036273340.0
441270,33019323265.0,40809244223.0,27160725445.0,204166976369.0,349269508467.0,332534922916.0
200710,28598841812.0,28650896408.0,29875764495.0,133059943290.0,94848086723.0,87703647014.0
356680,24790733678.0,22752989003.0,22582013553.0,19591863751.0,16978093883.0,16136436735.0
036620,128396243532.0,116566830480.0,88491187340.0,77167792521.0,67776401990.0,57214115514.0
348210,33716549491.0,32546323487.0,26155881364.0,34358581374.0,34198824653.0,25609153249.0
092870,20313532704.0,22658935233.0,26786387716.0,45633089827.0,24849745104.0,54045280248.0
332570,24075641073.0,15275079095.0,10454099005.0,97492307354.0,96083559930.0,51270966769.0
033160,34305237156.0,29642189542.0,26660657346.0,1355331147458.0,1084882046431.0,1043862865160.0
069540,9526668650.0,10546206619.0,11056082606.0,38774397384.0,17858111603.0,19991710561.0
036800,103059670747.0,102439318676.0,102276489670.0,936331507617.0,832823521228.0,752618533404.0
393890,13601859021.0,17806123720.0,12473613357.0,223972080741.0,375204878982.0,246264954346.0
900290,,,,3736167092.0,3392009955.0,3402175368.0
067630,21532261300.0,20483300110.0,21868661095.0,46246635169.0,36051556465.0,36469985848.0
199800,24434150168.0,22471488155.0,18022511973.0,166590069.0,217932388.0,168445146.0
352480,19693603173.0,16934329602.0,16492535667.0,246613447631.0,236986540507.0,171744885452.0
330860,10623516867.0,9584676326.0,7446782172.0,98710604461.0,112310743861.0,114802213521.0
472850,199293390066.0,153093440011.0,1468801082.0,228898403771.0,174236713106.0,644909222.0
079370,105581973531.0,92169360079.0,90857926964.0,282190584717.0,349443943857.0,304868787214.0
101930,9651908348.0,8595351716.0,8054938636.0,82772086692.0,73927559260.0,91010205809.0
018000,12743573904.0,14259731401.0,17488271661.0,37057335069.0,23985896709.0,109820692369.0
455900,12887727457.0,13351235711.0,9263630852.0,2030071475.0,1701542821.0,2379170428.0
078350,22854250517.0,21311949237.0,17024737194.0,604325906826.0,538812412174.0,442716089902.0
110990,13930500604.0,17713270270.0,8743739856.0,70918098838.0,74852658166.0,89673321291.0
039440,37709984067.0,36981740921.0,41074451817.0,270629749951.0,269753232354.0,254441761394.0
093520,18254919390.0,15013967444.0,13050929561.0,179891755559.0,157677760340.0,136013511918.0
290550,16735273693.0,14151338013.0,12104940717.0,387467323165.0,366112829944.0,253426352953.0
061970,35959447374.0,37045632726.0,35432009773.0,483622547431.0,432642568683.0,394143558872.0
017890,34379883378.0,32063149109.0,28924168331.0,357686649231.0,361515938751.0,387468359374.0
417840,17480422914.0,18356711324.0,15165902500.0,26173522551.0,24952911644.0,20456300293.0
092460,21603003931.0,17792034202.0,20816709087.0,89601980235.0,70480826638.0,52762595986.0
025770,18096551000.0,17882401000.0,15380154000.0,773004704000.0,733960057000.0,674060676000.0
091580,28099126977.0,31827593891.0,24540082664.0,213329514240.0,219829452789.0,235492530533.0
035810,415144926617.0,388701182011.0,329358495926.0,2822409301542.0,2772878337421.0,2686020729005.0
168360,34219408637.0,31611637462.0,30776738704.0,32458492687.0,29015918419.0,34877175348.0
200670,37187398347.0,31862258986.0,33043586161.0,90536024074.0,86869375260.0,81920151885.0
117730,23983590500.0,19144250004.0,17678336201.0,31737522401.0,48563125382.0,57248277091.0
439090,57342901509.0,60387536615.0,51049690236.0,45218199869.0,48974499975.0,38089200578.0
035600,199295556380.0,181868863059.0,174083211486.0,1047946846035.0,1062239726112.0,1057432960514.0
376270,16214999885.0,9303305424.0,12561771442.0,12347814240.0,13445726517.0,4543529378.0
036890,51067555508.0,46073307463.0,42932687290.0,364809870516.0,319999996985.0,402596887589.0
228760,12011727697.0,14586827041.0,17033467378.0,3046166836.0,3088871802.0,3688031590.0
123330,7571254591.0,5587808099.0,7256710009.0,55653452436.0,38296882775.0,24836242538.0
054950,27276272670.0,23212169425.0,24117219676.0,102290460903.0,95709476365.0,94490123824.0
265520,57548653344.0,53465608954.0,46952735967.0,371078606317.0,416639310182.0,428166818863.0
482630,13997219201.0,11711078139.0,9287843330.0,93756595326.0,88057070026.0,81946830624.0
138080,22000126817.0,25501051895.0,30330968844.0,51376129703.0,36883778066.0,46752442054.0
448900,7532484300.0,6846806549.0,6116497781.0,27943074956.0,26993631386.0,27574820829.0
051500,532517268330.0,506345021267.0,475010160722.0,2846911789581.0,2624408724088.0,2499976590401.0
484590,7943067691.0,6255535773.0,5492162449.0,120033186875.0,117280466253.0,70629109328.0
136480,174660773000.0,166828141000.0,173703519000.0,1217653322000.0,1090078044000.0,1196687271000.0
043150,166452330645.0,150216647240.0,141136706488.0,205184613190.0,181015008120.0,179766745002.0
049070,49213628121.0,51544661951.0,51283478216.0,552871659005.0,559338097929.0,507786416964.0
448280,4489176672.0,4692010801.0,7325725361.0,25473907215.0,20878407645.0,39264131412.0
042520,77404839574.0,51121318752.0,49278009653.0,38265571603.0,29390514970.0,32908903974.0
200130,56394471453.0,60435449187.0,50748890635.0,491844455283.0,530583311129.0,498546751948.0
098070,14069222340.0,15021185182.0,9468482644.0,119651691934.0,124092331985.0,153961666781.0
424870,8294566946.0,5866977215.0,5873193702.0,,,
481070,29802639727.0,18098646484.0,12074737636.0,20125247159.0,14073315923.0,13596684836.0
488900,9795489001.0,12707799447.0,11438968960.0,34359764510.0,31733588680.0,41988126933.0
099440,42635924890.0,31647434675.0,22478428427.0,127763215724.0,145696409387.0,132114354559.0
159010,11447413486.0,12685049328.0,9898862857.0,63491484725.0,72788856192.0,70621765201.0
389650,12247857844.0,9397109788.0,7335118050.0,4948485824.0,3720252313.0,2773614350.0
091700,100722381476.0,105490438430.0,87697970961.0,1204057883654.0,1319224228703.0,1043026330702.0
036200,17878423668.0,15343930159.0,18977441212.0,244550164325.0,192842495052.0,195746219861.0
187660,7409816265.0,16033696815.0,5127508318.0,9239433617.0,9643736022.0,10573692215.0
151860,545886678892.0,471432203376.0,523074944031.0,6840054172591.0,6586894518900.0,6424316803728.0
309710,10859972107.0,7650298218.0,5894237015.0,52957843142.0,37858086452.0,38366209099.0
011560,9149886160.0,18574700023.0,16780385463.0,666275219453.0,741597771439.0,817043724776.0
243070,236613402635.0,245524969255.0,230105194804.0,338554897946.0,305011002327.0,265898988245.0
182400,9190143789.0,11204393535.0,73867072428.0,1204804952.0,1660238196.0,3562355530.0
267980,433908501787.0,435534894725.0,425344002557.0,1349602214401.0,1305564605115.0,1285406091808.0
160980,17992084917.0,16317958705.0,15301672004.0,123066718955.0,125335093421.0,134211924448.0
461300,71413164509.0,58416924982.0,47482712042.0,62734379316.0,47662832968.0,41527694811.0
121800,10016610582.0,10779204717.0,13710202738.0,7349806926.0,9905712394.0,6193966381.0
200470,4663090275.0,6025479149.0,6753053737.0,101068682267.0,102229883603.0,109869759154.0
023410,136869539949.0,124435303361.0,114656262095.0,1163444686847.0,1213862971244.0,1274327092504.0
377460,17964085042.0,25326183937.0,147879854929.0,75598984444.0,91904571820.0,232573071705.0
389500,7263834195.0,6989766491.0,5710501644.0,6797742697.0,5368676004.0,4995993630.0
060720,29642138642.0,28581883287.0,39511051866.0,363509684008.0,260571620150.0,290453483984.0
180400,27637163181.0,26735453094.0,23024170991.0,26036836325.0,28807717329.0,33668523228.0
024840,9042522634.0,10540884358.0,7589784584.0,725179161552.0,674655939941.0,669626346290.0
100120,79472546782.0,73254763251.0,76557692419.0,138441809858.0,127312330539.0,124956383604.0
389260,,,,103949221670.0,48571045536.0,37383765423.0
094480,25421188299.0,25693395441.0,25374643444.0,76967022214.0,84115031876.0,91164057308.0
237880,144928993453.0,146692212986.0,132290892192.0,167538560277.0,180070918131.0,164483733731.0
089980,28022149366.0,26737251379.0,27219664297.0,161253429269.0,139164784448.0,147421113233.0
064820,80412836847.0,69520070434.0,70369781773.0,449397387460.0,407990006416.0,479336004715.0
071200,48745402775.0,51011480304.0,46171411873.0,39429694830.0,37014448275.0,35745947598.0
304360,15891047505.0,12152703094.0,12541767308.0,9000572811.0,7026592980.0,6554654080.0
114190,8933428737.0,10124006042.0,8527240521.0,209414170779.0,207526449874.0,123756151802.0
047920,105438167653.0,85106802196.0,102527537293.0,99079749776.0,50501453388.0,52967404994.0
065680,35400397648.0,31415866074.0,29494036116.0,129210263491.0,124640732816.0,122389399226.0
378340,,,,36609819344.0,246339962534.0,170190938508.0
068930,73124316012.0,71368692544.0,70429387437.0,149138180710.0,122650094865.0,116096001834.0
416180,18898104546.0,14138009547.0,11926354580.0,95744318439.0,104084413179.0,104374110694.0
043370,97761978870.0,100120837970.0,90619000120.0,1054472051949.0,1001280597730.0,995705858617.0
456010,10906736294.0,9695603840.0,5727848040.0,1977562467.0,3673555944.0,2824281054.0
0008Z0,20771164113.0,17723950991.0,14693030074.0,105915670362.0,104925776793.0,78678457069.0
065710,14836708885.0,15782735532.0,14026421234.0,76463227650.0,29038913228.0,39162364625.0
452430,7297293812.0,4929694434.0,7066009183.0,14580067422.0,6508855789.0,3066771044.0
0001A0,6141738472.0,2424419886.0,2352290970.0,130373132823.0,128924565293.0,121667093345.0
243840,34338554663.0,37931485032.0,42992504325.0,367967655647.0,381726585929.0,453207734232.0
085910,11057442991.0,10298754301.0,11113578285.0,49839363309.0,40809707643.0,43262404821.0
053030,49607630180.0,52044085495.0,55905540145.0,123402059861.0,108761455644.0,97876972192.0
036030,,,,331362797733.0,341848392455.0,369554750968.0
215000,221489256930.0,248709539015.0,255848559265.0,193700911693.0,275444567481.0,314713339965.0
445090,27163124163.0,18023229093.0,10613507781.0,73264318683.0,93003508112.0,59680873012.0
042370,48549697764.0,51354318466.0,41892702688.0,328016588828.0,325826650940.0,282163714075.0
206640,67038157661.0,55646022814.0,52441463033.0,66114772687.0,56363292199.0,53300807472.0
061090,62891235643.0,57239880491.0,51768695759.0,100107316646.0,88707829199.0,88992675263.0
254490,7815732557.0,6964802508.0,6595499521.0,608690890170.0,470431986594.0,364507996684.0
217730,18513133130.0,19167792932.0,24420492816.0,2727455920.0,3420378881.0,11061048348.0
073490,44977643526.0,43472281441.0,38975070915.0,142243438302.0,143809770476.0,88114381988.0
317330,,,,116640260337.0,86464787962.0,63185368845.0
950170,22267160155.0,11557608942.0,4395809472.0,9479706548.0,3824815500.0,840357052.0
046970,8672149877.0,8169362024.0,9396209381.0,34479382091.0,42204404612.0,48663656356.0
086390,36383753646.0,39234755918.0,35802174227.0,94909744190.0,73833383004.0,125349152891.0
095500,55531834066.0,54087802214.0,52504255360.0,462071439943.0,543366566642.0,627817741479.0
045390,19812648008.0,16650063107.0,16638517349.0,125817204341.0,124699033864.0,92696679443.0
014940,11911759975.0,14921597969.0,9928270525.0,171065584916.0,167516120452.0,134841045409.0
058970,30645364820.0,23926520220.0,19491378124.0,52425319143.0,46922952249.0,39019470801.0
314930,3815521513.0,4167633483.0,2735064991.0,2559897348.0,2833536950.0,3404426647.0
290690,11017447714.0,12699419845.0,10366880992.0,33968337258.0,44608754642.0,48945323127.0
353810,76054031067.0,66087175151.0,31386371366.0,355895090683.0,285852501892.0,113367503222.0
475400,20155999758.0,14786167192.0,11062540665.0,11311314355.0,6389967354.0,6565135218.0
203650,70559671694.0,62025903138.0,47043680940.0,225805673193.0,181167655259.0,152415992233.0
019010,20974890265.0,17741285903.0,16572824910.0,12223221054.0,11709943293.0,14982278387.0
064550,242006165693.0,233341822647.0,202216245821.0,72879050072.0,74050230246.0,60228803986.0
005710,36077772988.0,24718355702.0,20541427775.0,952094413631.0,831772661674.0,709906644076.0
194700,27044283347.0,20384117013.0,18400826517.0,334165441493.0,254151801879.0,258266521500.0
099430,,,,30287832614.0,23766833195.0,25469723200.0
144510,42767354217.0,53087227015.0,51058615891.0,136549320385.0,141362936176.0,132408805002.0
036710,143832102875.0,137527263600.0,141572178446.0,1418516323423.0,1296096923557.0,1157696696573.0
067390,13547782707.0,16561789754.0,11718259169.0,233480028304.0,161215072204.0,193148907308.0
052330,71268096724.0,50317802052.0,49925835454.0,287785483112.0,234122436088.0,272386123605.0
484810,8966785802.0,5117531761.0,3801300208.0,48438031247.0,46841755728.0,25837157178.0
036190,19571059160.0,19702572495.0,20225596566.0,360060960473.0,284325993078.0,273926436417.0
112290,20473198674.0,19651879814.0,17583621021.0,64380890817.0,58813237164.0,52514065123.0
380540,6578857531.0,6783681332.0,5913620676.0,20860281274.0,23041224061.0,24476104615.0
462350,57235840831.0,27500171225.0,16006867571.0,17757107366.0,5418972354.0,153771165.0
012210,4037302281.0,3917871789.0,4082038130.0,63947316274.0,68069309817.0,66796341053.0
419530,37373540368.0,37499609786.0,32761552636.0,81245390387.0,85047948847.0,71779351372.0
450950,19649448735.0,14228920735.0,11416317149.0,7902233496.0,7940044361.0,4526659731.0
018310,32975543467.0,37344046339.0,39652596235.0,277565517292.0,289239819480.0,275602659818.0
084850,69649317069.0,70673260275.0,64059980480.0,540457892997.0,574832799692.0,531355000060.0
125020,4210858108.0,5246367989.0,4294980441.0,288108771028.0,287722105216.0,239076177198.0
484120,21723683601.0,20567582142.0,15825606775.0,114683018721.0,111444119262.0,71426623445.0
318060,23304238015.0,16830587633.0,11473970851.0,8282314518.0,8464222121.0,5951549904.0
067080,44663538425.0,46531130958.0,43442306119.0,95234186286.0,96165069613.0,95953071857.0
013120,,,,348007025504.0,478353644832.0,681982025763.0
102940,38318623824.0,38952654873.0,36506212645.0,153090770676.0,144518498867.0,112227855003.0
307180,17439522287.0,12888560493.0,21825113972.0,93926406764.0,65000369628.0,33996041348.0
452280,5127206056.0,4814600348.0,3979294224.0,48339131019.0,38803578317.0,37580813571.0
314130,42640600731.0,39868607234.0,59156255275.0,11180661081.0,12074779553.0,10232084500.0
446540,10943908117.0,4867589699.0,5309946924.0,36470887306.0,44128183857.0,45086142538.0
082800,43349687892.0,42553845304.0,28735257529.0,35159120314.0,42194129894.0,39997091681.0
272110,11885165232.0,8010510302.0,4929813412.0,50317052814.0,40057205918.0,31955154030.0
190510,22971545296.0,20235171681.0,18473809373.0,408722877410.0,409178871751.0,324410440828.0
034810,263728101483.0,254268719040.0,240264533587.0,1954509052137.0,1894741588199.0,1961855083377.0
036560,24947861090.0,17161554699.0,15526745487.0,75384826277.0,80348785507.0,102365389984.0
425040,34043044279.0,36602585694.0,17866774281.0,220827728545.0,253930653106.0,161796556253.0
459510,8493836350.0,5713800584.0,5953833801.0,,,
039830,138405725476.0,116691954230.0,94830172220.0,145194271675.0,128032483518.0,109293959447.0
354320,18726222514.0,23496874530.0,21013115089.0,162878391765.0,136110784326.0,179159057083.0
066620,26799846409.0,28872447450.0,23911967865.0,366325351322.0,351068951445.0,344946599326.0
115450,13706626299.0,17825542201.0,16085158649.0,59389026209.0,44730765106.0,45231863602.0
119830,8539141124.0,8947308084.0,12332524764.0,40235710313.0,41872477564.0,47205733677.0
016790,11753303663.0,15199278400.0,32613190799.0,96673419282.0,110094039357.0,137728711532.0
192440,258045014739.0,275860757587.0,265500880397.0,172440038416.0,167684088459.0,146581951688.0
388050,18181191780.0,14011109774.0,13512647753.0,50389569579.0,37741803500.0,36845938714.0
049430,13316328960.0,14131138380.0,15290923810.0,40970747746.0,39885644900.0,46315101072.0
357550,6037721870.0,6426595017.0,4681644453.0,7611388364.0,5370766843.0,4013403615.0
222040,36840714239.0,34259342785.0,36444966898.0,246635642350.0,273821437236.0,285209069267.0
052710,34402878129.0,32729735821.0,32492155505.0,213856838616.0,220615636154.0,180295032476.0
220100,12057689013.0,12491892268.0,9980490739.0,14365760985.0,14268863541.0,12399026804.0
094820,13461539909.0,14523556907.0,11938695224.0,214401859452.0,168291798768.0,165767691526.0
126600,57646259186.0,57618826603.0,36147439244.0,322893211505.0,292685045503.0,232318371544.0
464080,17871695417.0,14389071612.0,9829534724.0,4345745900.0,3377586986.0,2600265334.0
078150,21041360784.0,32798655227.0,30326304723.0,133028652341.0,146082167355.0,103384286814.0
126700,62693349702.0,67073393667.0,63323725137.0,140957844209.0,213951670832.0,226161548274.0
402030,14822353443.0,18998865727.0,16020941170.0,29023091586.0,21426073872.0,19401828658.0
950140,15930294.0,14478951.0,14502533.0,110226152.0,105336004.0,121798698.0
216080,33018734701.0,29293617561.0,25664374235.0,40064995052.0,35115639672.0,30418063526.0
108380,15141665179.0,13501002343.0,11456658917.0,187892683919.0,167091577432.0,139156091555.0
260970,9540418968.0,7986496067.0,7001029797.0,118390507350.0,88037095402.0,68395861299.0
138610,15757882481.0,17607083079.0,10491422759.0,11935080759.0,11869599840.0,7443005360.0
054210,,,,652430978152.0,492788292067.0,667147546374.0
083310,81878583396.0,88084431043.0,93040726001.0,171068579932.0,182056428123.0,312836345079.0
086820,13930788477.0,13229849664.0,13203835447.0,5609736151.0,4727899925.0,4399894590.0
293780,17173176326.0,19141014046.0,16452035290.0,2367809039.0,3074363940.0,245369927.0
143160,106292971420.0,102557613235.0,78193240280.0,200060758572.0,195001556107.0,177350259500.0
080160,151411942815.0,157975253986.0,136698248025.0,51556969742.0,87597480989.0,30329155360.0
0015G0,8864803370.0,7223373278.0,6466297964.0,30684689961.0,24313853220.0,21871722459.0
264850,5054291159.0,4835431602.0,4294684343.0,60633967419.0,60867382082.0,58707034302.0
176750,6906236145.0,7001510110.0,6706955068.0,24342071006.0,23367403352.0,22898340832.0
308430,8333234866.0,8104040099.0,5356784999.0,1856446882.0,1322401439.0,1157740501.0
083930,30714627787.0,35416891132.0,26008926217.0,327563518362.0,249699890308.0,156434762597.0
372170,24930656020.0,33057862062.0,27277758227.0,102975794718.0,202652356144.0,259346461701.0
092130,34438295113.0,30125112376.0,28493375605.0,,,
230240,29596966583.0,30755368302.0,27554931531.0,113967955783.0,146576106503.0,145047737375.0
355150,2083600614.0,2152916170.0,2254010415.0,12952256589.0,13955247960.0,10614949937.0
199820,19060783252.0,17768120088.0,13200769797.0,165212981690.0,159615771819.0,123125793604.0
179290,17450611424.0,13337474822.0,11245189914.0,29027094620.0,22839346777.0,21076195015.0
489460,11693281287.0,5624811913.0,3109489959.0,12570299680.0,14781507930.0,8856015623.0
126730,7668717585.0,6838683771.0,5444901746.0,29476800940.0,23633030349.0,23278573944.0
382800,15228769412.0,15596623394.0,19691330851.0,68934278828.0,43517945839.0,51338471163.0
041920,16341089599.0,16137608113.0,13033090214.0,42653348859.0,39592137851.0,55985825982.0
101970,18493800537.0,20756807110.0,15288660394.0,81654306703.0,131403831815.0,159495315953.0
245620,4668098205.0,18273445593.0,19211406993.0,4814858382.0,25300025527.0,78604024006.0
234690,56198586100.0,51948109218.0,,91187437419.0,68892943012.0,
086670,21166314312.0,25912858126.0,20224890799.0,110511421706.0,100430705186.0,111948553447.0
046120,9706652058.0,8573867859.0,12371544308.0,62213372015.0,57257914679.0,55971006768.0
256840,37747488622.0,31043883047.0,30260315782.0,56521266144.0,47480354354.0,44691184980.0
012860,74469569660.0,77219452317.0,72441530449.0,932830049746.0,859940774514.0,839162665247.0
049630,13852209754.0,10428903990.0,10074988601.0,139950562190.0,90955709423.0,69345980506.0
403850,51358764604.0,57296208815.0,58326979000.0,23140851969.0,21260970343.0,25529075705.0
068790,30851779715.0,25979199531.0,24801646217.0,112249968601.0,79507502191.0,181130930278.0
114840,61147255452.0,39615866204.0,30348257863.0,135821054536.0,131632284425.0,94341459952.0
072870,37119610270.0,41704399017.0,42088612584.0,69622626189.0,68779842290.0,55336751186.0
123860,26529968840.0,25108453840.0,21665570657.0,61483265462.0,137057860017.0,45330978803.0
093190,45583001532.0,38046803953.0,34386492714.0,71971554770.0,66020843469.0,64469697199.0
199430,8148528790.0,9967620650.0,7669619989.0,15303100678.0,16286961763.0,18070341080.0
032620,94420805990.0,90486928630.0,77407210172.0,95752938907.0,94947924233.0,73124501296.0
023910,33635544553.0,31707763533.0,30126916024.0,143792840358.0,134406606101.0,129989171167.0
122990,53860320907.0,45319789501.0,51590253707.0,303657590801.0,329210698170.0,304661335855.0
118990,129944575482.0,105904715259.0,72425223823.0,530540320842.0,437370800207.0,405414542713.0
123410,77747322201.0,69248854705.0,61920452571.0,662707873469.0,629123254565.0,583694512866.0
042600,14617239351.0,15511468255.0,15252673408.0,152963422825.0,179706975517.0,186059271556.0
104480,22138410038.0,19176867533.0,17445075702.0,321214634697.0,321982845514.0,366003913487.0
066410,9331651364.0,12637316550.0,12954751367.0,14124747382.0,13086230723.0,11648628188.0
046070,27152879181.0,31505641323.0,53643841810.0,243489759223.0,257039055277.0,307030819674.0
119610,22472028105.0,29727069314.0,31431469978.0,76484996232.0,80296990294.0,82673599737.0
382900,4575647932.0,3840482537.0,3560813055.0,37927592877.0,29943064442.0,32195235691.0
264450,25555143894.0,25365038991.0,30609638533.0,67778417370.0,66057367793.0,90629578796.0
024800,,,,60123908305.0,142133694066.0,227082057258.0
011040,103452037794.0,103126237472.0,103588413925.0,79117439229.0,79534271686.0,73261360202.0
263860,23945936830.0,21140918574.0,19329334915.0,17428251533.0,18624578673.0,17095255174.0
054800,232585860175.0,199765759119.0,171003570779.0,585771759144.0,518449541882.0,532834137981.0
032580,9853869612.0,10997637577.0,9476783366.0,45827657389.0,38341159142.0,42597102940.0
389020,9817859554.0,6271498227.0,5485601591.0,7890200195.0,15533432575.0,8278685069.0
405100,24157353079.0,22930736674.0,19814995662.0,39921035959.0,37552487812.0,32689760167.0
078070,34102360386.0,33504644741.0,38675391915.0,90954506795.0,77796924146.0,100325880094.0
046440,38592118319.0,47594138984.0,50688623520.0,152186028522.0,179567930533.0,189223692527.0
093640,14548159374.0,15706175541.0,12670294009.0,4699000272.0,5368429419.0,21776178799.0
138360,4512160137.0,5477359984.0,4331447787.0,18277866141.0,17196842328.0,8247908591.0
023600,66938504310.0,64812506646.0,62864508624.0,443018224342.0,454752495946.0,425395535556.0
187870,8398596686.0,6516906320.0,7754554310.0,58350548446.0,36421101031.0,45088333289.0
126640,9993796736.0,8962370788.0,8821415314.0,357161710987.0,311653757996.0,342349560861.0
251370,26111028078.0,23073163211.0,24853084250.0,105567883098.0,110563287166.0,105726849616.0
041020,69179576224.0,64845352447.0,30148277231.0,245918037251.0,206626387225.0,71495587963.0
024060,5808722789.0,6076252135.0,6087587984.0,103037832177.0,111058922571.0,120520819218.0
092070,17428144060.0,17866872806.0,18899325627.0,62379005841.0,57100616549.0,68196031745.0
039840,100121693752.0,114530966834.0,92211572916.0,53851338700.0,45854287034.0,42709961205.0
065660,5097073234.0,6378286279.0,7740196583.0,4872464902.0,4304518820.0,3833895581.0
039860,21285683394.0,16415935544.0,14570798082.0,15743050829.0,13427218553.0,14494952576.0
049960,30711040425.0,29264153116.0,36779346367.0,14500870273.0,13852546417.0,14812653896.0
101360,13321170221.0,9904056515.0,8209685621.0,129247504028.0,94510201656.0,46213017091.0
289080,18485138928.0,17356227994.0,17069242344.0,,,
445180,12485268996.0,10583684988.0,8813451847.0,112843886357.0,97994243598.0,98807614672.0
048870,,,,62712682573.0,52501372029.0,51611643326.0
051160,114666978755.0,107764972007.0,124146457119.0,447334227672.0,410317687763.0,369551130038.0
054450,80399120790.0,75636683250.0,63670619270.0,118592452694.0,106104578193.0,110647097459.0
331920,6191424765.0,5579659412.0,7292889806.0,2900256298.0,3042468537.0,5055097291.0
418550,6077162997.0,7749879069.0,7536970584.0,53328795609.0,80580396776.0,94934152235.0
265740,6644024471.0,13144116363.0,6333576414.0,52459676248.0,34169876756.0,32467366532.0
413630,5602073764.0,5512405621.0,4251747022.0,11312935164.0,12462582388.0,11356880351.0
051370,17462397970.0,14368256264.0,23240505434.0,421855525260.0,448727168270.0,393057856848.0
005990,617975873307.0,652975296842.0,615967850948.0,1514262692816.0,1458918628908.0,1448196994135.0
013990,103927122761.0,101261021683.0,99110183694.0,71163802749.0,66275839962.0,70726413496.0
001540,163583223732.0,147935595648.0,123254399268.0,106571606479.0,103219449031.0,93104723776.0
079960,25254780742.0,26838077695.0,24239076709.0,517602852614.0,469936579975.0,469716683998.0
060150,21687638826.0,24284863543.0,24098940080.0,147238563189.0,161384862833.0,171052191109.0
274090,13451365181.0,11610169804.0,9303614228.0,72173615670.0,79895993907.0,80961963977.0
067280,60410951469.0,62244442544.0,60091216413.0,238524506954.0,251566227769.0,258221204351.0
293580,6909363694.0,6923164519.0,6195267842.0,,,
088800,40599729186.0,27365877925.0,39209901944.0,159979597666.0,148858599205.0,163128185826.0
005160,55462950776.0,63060959725.0,84167427273.0,665275877587.0,715245571385.0,699951746792.0
494120,11012279453.0,8420237125.0,7426931193.0,3816267290.0,3202845293.0,2346523551.0
340450,13392814345.0,12940264700.0,13536993276.0,16905430665.0,14181034672.0,13594981388.0
147830,7139872564.0,6191779369.0,5996510905.0,20211434614.0,19047734932.0,29337689296.0
036170,4158205528.0,2435628377.0,2254361902.0,25182026250.0,12409176728.0,12254961073.0
148150,74728742420.0,73566429373.0,62154216007.0,201425862839.0,215271054459.0,206139463461.0
408920,7732952378.0,8226527526.0,6149060690.0,46091909388.0,41750235835.0,33495284057.0
469610,9464011624.0,8246868279.0,6163871648.0,57596920046.0,47237059011.0,41111801674.0
035080,191271726649.0,162132842755.0,151384075814.0,2899902748955.0,3161290268886.0,3269572863986.0
086890,28866570920.0,29945114826.0,31495583256.0,26171381393.0,16911588017.0,18923889489.0
003100,19037044808.0,20177158521.0,17866731568.0,129994832615.0,130200542968.0,128346390726.0
038290,68445025834.0,52588890486.0,49576598317.0,125075160361.0,88647914000.0,83563454833.0
334970,17995831290.0,24743456430.0,22622859762.0,28219080555.0,10855571142.0,1212666874.0
084990,10886497838.0,20835302686.0,37367305223.0,1609723879.0,2093423748.0,2079770260.0
255220,21266120265.0,21835963302.0,22328031167.0,80227819699.0,103172358018.0,72061845965.0
226590,3164946698.0,1939739012.0,1398748882.0,81783630549.0,41578977763.0,13198537572.0
035610,55070417730.0,54249007161.0,48285526887.0,40959628313.0,40673492180.0,39007654741.0
338840,11649848926.0,12820108060.0,12531670151.0,532318052.0,1389665927.0,1090103135.0
069510,41842222070.0,42799109875.0,37793611956.0,380533550518.0,422592891323.0,352245661024.0
047770,,,,19462655657.0,19682001945.0,20511943780.0
041520,19135112327.0,18088074107.0,14622385279.0,19653638201.0,15828973683.0,8803674234.0
489500,5541037971.0,4494619267.0,2658774844.0,10068524503.0,10414102755.0,6988248370.0
140670,12797313962.0,11736071797.0,13055437229.0,57801965128.0,68744597968.0,71197293963.0
474650,8102634877.0,6699193248.0,3244425473.0,12399618218.0,8485523173.0,3337518297.0
264660,15121855376.0,13058450952.0,11517318901.0,156330161281.0,125189004423.0,142467356391.0
049720,161289167084.0,155999130921.0,145143999945.0,,,
136540,24377649150.0,24182906154.0,25801888453.0,53061147306.0,51952372618.0,57962721994.0
473980,25266169389.0,20563625747.0,18826741744.0,38119721782.0,40167455161.0,23677351523.0
417010,12229414122.0,11470952943.0,8004477093.0,28595710617.0,24683071048.0,33741847560.0
457550,5223466831.0,5095693986.0,4240378811.0,34525546225.0,33543885646.0,30549219375.0
080420,152575444981.0,162934432654.0,183041276449.0,177634455436.0,187391507311.0,190765300032.0
394420,14971883911.0,15534774309.0,15621813451.0,4497111493.0,4885490814.0,2732564729.0
0088M0,7877873655.0,7117766863.0,6995405328.0,2332229416.0,1199222383.0,1089739723.0
321550,21190859143.0,20647108955.0,29384379877.0,7244496349.0,4844311346.0,3346475444.0
108230,32194573642.0,42784973879.0,24490784406.0,141951469388.0,418354644152.0,508214528911.0
009780,20013539287.0,18787774686.0,17981205715.0,147995314180.0,143450745070.0,147363963246.0
102120,28829336698.0,25527484469.0,26502907323.0,205146122011.0,211689500727.0,220576559094.0
094840,4089527865.0,4632092285.0,10471700742.0,13274400658.0,13006210344.0,12592540320.0
285490,13935938036.0,13048505485.0,14798112983.0,34953860237.0,40152557390.0,52014830590.0
146320,12484033139.0,14588819139.0,13119840603.0,71172304896.0,64847278683.0,52234060857.0
086980,10252709409.0,10768216753.0,9504314814.0,64146400339.0,57824936021.0,58961059718.0
0015N0,29789486871.0,29098169732.0,26406823811.0,16258338283.0,17844580266.0,14838441842.0
192410,8655973894.0,9983260063.0,9124478586.0,9885905790.0,9529221996.0,16812878678.0
220260,7645868951.0,6948848006.0,4106783662.0,48115496583.0,39572873882.0,39923590134.0
388790,4815696704.0,5711140668.0,5832911121.0,12290366948.0,12767995736.0,15751710641.0
240550,23245238248.0,19166525952.0,14507296954.0,73286442783.0,70901162451.0,59890676052.0
361390,4571394668.0,4167752404.0,4219995512.0,57145680180.0,54833436261.0,49741054842.0
036690,20863248923.0,25944422816.0,27035112357.0,78438451322.0,103553258928.0,119347339965.0
048550,41340613769.0,42880886291.0,44854529231.0,60430236041.0,65474063439.0,80370606144.0
267320,9045732082.0,10371225696.0,9302115021.0,80173950326.0,181543651681.0,115732452883.0
095700,35786552104.0,36005029672.0,41628371684.0,4959629241.0,4173466424.0,4039141930.0
142210,33966249393.0,30717257819.0,21610916373.0,702739659530.0,645444180273.0,545559009693.0
211270,8406902987.0,10855683693.0,8451748555.0,43706692213.0,40475756893.0,30910954355.0
297890,22557973729.0,23810040405.0,22428202379.0,35894530962.0,88379624793.0,66977809347.0
052260,40822949160.0,36481660460.0,26330497770.0,76964979864.0,66672855551.0,56924837060.0
056090,17042695201.0,17018397980.0,19974333544.0,26076359040.0,18497542975.0,16708446026.0
950190,20292571.0,20838375.0,26998396.0,48047215.0,30727294.0,29705652.0
322310,33693817246.0,30127966878.0,28022739318.0,26814050788.0,25200971755.0,15137084985.0
149950,6138653116.0,6114795387.0,5124676873.0,68657658265.0,72633561934.0,68446593986.0
095190,12723705357.0,7640605738.0,7896099463.0,84558824992.0,73889722283.0,90587418126.0
307750,21041714172.0,21505284581.0,18777888010.0,112573415234.0,114594111309.0,96721165515.0
122450,60137470033.0,71911085984.0,73387412039.0,247591773061.0,272164368114.0,267645424205.0
032940,63004032243.0,59049246154.0,51558526041.0,78808160267.0,70368004843.0,65833090031.0
027710,128324469230.0,121601253671.0,112993357814.0,1292557554214.0,1291520389034.0,1361009414700.0
008830,,,,208744055059.0,239805023419.0,261746445936.0
458650,13076878492.0,14780344078.0,14088829781.0,71432623250.0,101498141029.0,103648267999.0
232680,12993893212.0,12946499287.0,8269827661.0,36898467330.0,33808117719.0,24292403740.0
212560,13695839050.0,14650079112.0,11199963481.0,204754274991.0,191276141374.0,176646578358.0
021320,199966221049.0,130061037594.0,63458193441.0,1545100097026.0,1632381703040.0,1827986861360.0
228850,44870286810.0,41537346616.0,38197899318.0,73803055408.0,77394981946.0,85092455477.0
073010,6205510732.0,5105935495.0,4080312698.0,77787445321.0,66348734040.0,65708073993.0
282880,48924855376.0,35240882298.0,30387089290.0,131223544723.0,205546149838.0,282753951159.0
418420,11486197192.0,11886213098.0,8499256293.0,3070513417.0,4005535093.0,4397412200.0
163730,9228626660.0,9476889510.0,8897235146.0,80910264473.0,62599996368.0,70560034477.0
299030,14693986425.0,22199330786.0,23174218393.0,79178379992.0,98417260488.0,103088808006.0
189330,5669350685.0,6595156241.0,7098960568.0,7828045274.0,7783160502.0,3475254169.0
474170,2841373908.0,2835944132.0,2294164617.0,8321534237.0,12642870400.0,12855648759.0
040350,10185282153.0,8157625937.0,6135620788.0,7085217007.0,5652962071.0,7355322273.0
041440,43289832071.0,44848085826.0,39589735777.0,240000667452.0,299493798873.0,306383945836.0
396300,7138366022.0,10882794410.0,8372122472.0,80538933599.0,84113671235.0,76411850992.0
452450,16200966397.0,13288976727.0,8967208604.0,70104727357.0,101326232546.0,72877147300.0
106190,4088447165.0,3928889349.0,2754204342.0,53238681114.0,58026473824.0,63929025418.0
417500,,,,36634385240.0,41094387494.0,32909157268.0
478340,8683101651.0,6767945516.0,3207949596.0,10014719468.0,1963930627.0,1422254030.0
059120,10797864650.0,12696659451.0,11521899470.0,12857310951.0,16660708277.0,14274897562.0
053080,45148212841.0,43324711779.0,34930023703.0,480400479045.0,509445475880.0,364043611785.0
067290,33157946813.0,37076391716.0,43060235071.0,40430319142.0,45984828265.0,55547017620.0
308080,17119529971.0,15342363544.0,20084446567.0,11610385.0,267061343.0,0.0
475230,7835797531.0,8090349314.0,4555141123.0,,,
339950,65947169006.0,58653176182.0,57046790405.0,34461654015.0,31921035561.0,28696492565.0
049520,18257997436.0,17267832889.0,15143179703.0,367651719540.0,386325607916.0,308529472936.0
158430,33098100587.0,28828457764.0,24037750047.0,24147361420.0,22158240958.0,19580425499.0
063570,332856360561.0,301949037431.0,267685592804.0,,,
333430,6837097757.0,7191802838.0,7429931074.0,32973481953.0,37687685869.0,40248319489.0
366030,13502835764.0,14626430974.0,13634791813.0,24736904877.0,27131853464.0,28861822256.0
041590,4786622861.0,9197737881.0,26208944350.0,15180385079.0,12800632537.0,19512903298.0
402490,6614892826.0,5019217425.0,3709415320.0,89507725079.0,12407995647.0,9523571824.0
037070,19631341749.0,22396992678.0,26189809599.0,144977530904.0,152165994879.0,122588863334.0
256940,36001854180.0,11023838014.0,9737552905.0,132570376141.0,110342746207.0,79335518944.0
038540,94137335884.0,112572472055.0,93704562989.0,372636917504.0,552092698142.0,518720330235.0
037350,,,,653853417971.0,940153002843.0,639986502951.0
453450,21399562174.0,25079703875.0,21690967277.0,103392732171.0,103937291582.0,108588133718.0
036630,180606075282.0,204232961876.0,184940017590.0,114342037470.0,179293831763.0,157475027278.0
017510,3166147644.0,2645778121.0,1920069044.0,14351374764.0,8756033647.0,8563052633.0
259630,,,,145339696311.0,103857464793.0,299764760778.0
330350,63167792450.0,59892948573.0,40729020271.0,37613749797.0,37168223130.0,31481005716.0
246710,16010340135.0,14638711262.0,13258485289.0,20087600995.0,2741791007.0,4122475877.0
101170,11428275845.0,9274373061.0,8026686145.0,44495363962.0,64092355560.0,46845069746.0
054920,8956384823.0,7826800146.0,9489486310.0,756174084690.0,439075781532.0,394770646248.0
242040,18281752228.0,20094091332.0,19415509084.0,81740282630.0,73552648179.0,71892747945.0
067900,7243422234.0,6417814441.0,6161116683.0,83679857142.0,77063498697.0,83113702420.0
115500,3125550277.0,2995652407.0,3376168855.0,19674721789.0,24560558905.0,41194883421.0
297090,12618724606.0,10448474933.0,7927710669.0,102443058818.0,92852260596.0,68623069849.0
047310,46144367975.0,48663042442.0,43539843295.0,646757329336.0,682359448414.0,714061426991.0
311320,8151740911.0,6845826939.0,4833989841.0,42042655104.0,32617832110.0,12215985892.0
054050,64169642160.0,60782589261.0,57236610181.0,80977964599.0,72794505039.0,69662192903.0
290720,36631088786.0,49198909643.0,59027131906.0,58327538050.0,86799389922.0,105753759631.0
018120,4531405860.0,4891381668.0,4343123662.0,81238338085.0,85027871867.0,87669198135.0
141000,14946995287.0,20515765179.0,11690904787.0,40991995102.0,30760996474.0,18005874572.0
067990,186521935294.0,172460398353.0,156339987139.0,2321789180056.0,1970934265054.0,1996842457823.0
123040,113757737560.0,128910171397.0,126215597515.0,1586140975017.0,1545589605412.0,1781466159842.0
120240,11390824355.0,10758716100.0,10318554034.0,85508052781.0,73065567191.0,71968157000.0
105330,14092245408.0,14575239190.0,15021293907.0,69922532279.0,66173418442.0,75127659742.0
166480,17152464531.0,20901376193.0,23168322773.0,24229100062.0,29880329120.0,30164466270.0
109740,,,,52026636176.0,29892134916.0,67967464170.0
059210,32165015488.0,30139009733.0,27242596422.0,49358171149.0,46675276658.0,45110498979.0
310200,30426327318.0,26859103430.0,21995053687.0,97189739275.0,78977778447.0,66488868007.0
053700,151344811417.0,124405070536.0,105718496678.0,1471507785011.0,1391948558017.0,1283190651912.0
052860,11559710215.0,14928184696.0,14765596194.0,21268699824.0,19120091626.0,48086313983.0
051980,10585794978.0,12915991348.0,10076254780.0,13786262160.0,13574276354.0,16162254848.0
063170,8178139219.0,8952708066.0,10013212207.0,17109474464.0,15036599252.0,38500461535.0
474610,6683552685.0,6799863402.0,6530355330.0,27434580412.0,24186534351.0,24469631556.0
051360,82976101166.0,82835712216.0,69813733099.0,500162019969.0,482573092198.0,351922769683.0
336680,,,,480691441874.0,441431549013.0,434820025289.0
073560,23479515784.0,22161068013.0,22343146984.0,230879925150.0,242974464423.0,252297823172.0
100700,10844281673.0,10811091267.0,10637283238.0,40111894094.0,37963057285.0,40689477018.0
042510,33122578065.0,30704573874.0,30218721693.0,27846204220.0,29820582878.0,23275814694.0
039560,100129822469.0,75619552268.0,42728997458.0,378412137811.0,250878340097.0,48317334706.0
066590,23928481257.0,23738371438.0,22509895386.0,344229126522.0,321428172717.0,317101019847.0
475580,26366981040.0,19147735087.0,16949059648.0,47122630869.0,32890390324.0,32869165201.0
396470,2961652688.0,2539154250.0,2647344323.0,9776507684.0,10614298329.0,8727852604.0
131030,39306514056.0,36125737048.0,33242241049.0,38979755544.0,37191293554.0,30997611365.0
042500,15224468590.0,14174736943.0,13764466247.0,153558081856.0,136416196112.0,187277530658.0
290740,12634774808.0,10496515734.0,9890000582.0,225725380553.0,190170872615.0,142263696094.0
074430,6265931693.0,5571768280.0,6313615694.0,12160454533.0,13371553163.0,13110991008.0
071280,12854678777.0,14279296223.0,10296071581.0,97592203067.0,126021099977.0,83046799784.0
362320,58081530646.0,38860803811.0,15776971388.0,153934515729.0,188536749185.0,216265412709.0
298540,298774941273.0,305211066571.0,301061122242.0,171778867893.0,181592142817.0,180430809746.0
079650,7210230776.0,4920793794.0,7024348880.0,41223341108.0,33257546765.0,35805261695.0
053260,8362196916.0,8895152513.0,8632500881.0,167359042868.0,188380767252.0,211439785341.0
006620,135251009801.0,139339061809.0,117577272988.0,98189263746.0,97245211526.0,83492984415.0
086710,25799037833.0,17620756008.0,15397020608.0,48907536231.0,51111459653.0,48181686979.0
246720,3847021734.0,4976583852.0,4300745635.0,1337496186.0,2396847457.0,1556006286.0
036220,54718429867.0,50355229348.0,78280114057.0,71483970055.0,54918111950.0,134739275155.0
250060,2172284881.0,2626765717.0,2777326190.0,5860629601.0,4793471161.0,4799227146.0
005860,37092650364.0,35258109946.0,37312464861.0,411898045304.0,392023755855.0,357858195674.0
352090,6807243180.0,5539113291.0,3935168643.0,50932769367.0,48951692678.0,39572068958.0
083500,7146115575.0,6118373328.0,5279484885.0,56161791556.0,73558445758.0,31322272850.0
002230,11551504679.0,10030162648.0,9459872904.0,80327621280.0,67125656391.0,59318545905.0
066790,7001042623.0,4551554743.0,3970457744.0,16290354276.0,14635669799.0,14787214733.0
052420,9773067062.0,9524584202.0,8039251928.0,125811012797.0,114659768326.0,84177710378.0
068240,55977514500.0,48467795267.0,53824460975.0,176788999744.0,245403011072.0,284748282844.0
040300,,,,139467642442.0,135254594501.0,132081639275.0
049950,36543054123.0,35446376297.0,35310643114.0,29050384443.0,48646955684.0,75909613910.0
088130,40299591798.0,32675775846.0,32479649088.0,428906268259.0,131030495478.0,130395799340.0
205100,17208585585.0,17628087784.0,21960243833.0,26902959327.0,25195037515.0,27016396905.0
036010,12762658533.0,13143917445.0,13432356146.0,112776147503.0,112662919936.0,116309046389.0
493330,5331086741.0,4349996435.0,4736192305.0,32869950126.0,14400169343.0,10560202961.0
348350,14599498994.0,13194605932.0,15416053259.0,38078903585.0,29455250647.0,31720667687.0
017650,20072345781.0,14442722003.0,13980741864.0,143484239828.0,141986310523.0,128575754936.0
255440,10995203519.0,10531211436.0,9711550118.0,30233214534.0,27760076763.0,35632739167.0
129920,21419159390.0,22194179362.0,18126840581.0,76092366720.0,83773742966.0,81251896600.0
013310,128165663394.0,113812513769.0,86933981548.0,816344288521.0,630749953374.0,593503417448.0
217820,46753384563.0,54172257466.0,52318925676.0,342539592817.0,289283349665.0,251627230446.0
091440,19001850042.0,17049359242.0,12599773269.0,19031944670.0,13236022075.0,29050922097.0
282720,14597619065.0,13424926703.0,12569194976.0,249753768660.0,246873058063.0,220236629241.0
052460,17051162380.0,15087657354.0,15809728722.0,181433435866.0,83801924246.0,117705722096.0
125210,24750357884.0,24521159436.0,20984503577.0,96467303349.0,99573466491.0,114328934764.0
235980,14403669549.0,21815962051.0,28757985751.0,3513316111.0,0.0,0.0
109610,40836063201.0,44885393718.0,43061976846.0,465541453955.0,494405970143.0,490900596470.0
172670,4910571513.0,4599518251.0,5294430221.0,50842423099.0,44275202684.0,37498170047.0
323990,,,,6163186418.0,1534167441.0,6595863.0
452190,5530225816.0,6352555953.0,5663509035.0,16753567669.0,14753640188.0,16367167702.0
107600,7358071714.0,8787974822.0,9763331663.0,40451879447.0,27705647975.0,41129259361.0
156100,31440146458.0,27172036995.0,23730803262.0,6765224711.0,5842419092.0,4139672319.0
306620,14668502506.0,15410387360.0,18834487983.0,59510525631.0,85415732363.0,65753520766.0
357230,118086899172.0,116724195267.0,105807629773.0,126555660166.0,118114073927.0,104158710377.0
317770,11527548281.0,9842269494.0,9276129857.0,11366438118.0,8152698985.0,6816400662.0
187790,11840769311.0,10071723628.0,9445192537.0,68309180425.0,76871206293.0,77008466770.0
078140,21163231790.0,17741309978.0,17643925553.0,73568775023.0,67158372346.0,66177516214.0
209640,18812557982.0,17341627121.0,12346713524.0,30733067046.0,32458852134.0,27045206385.0
040420,11074085599.0,10292401955.0,8194811325.0,82210639298.0,85433109540.0,88786858254.0
093920,15572449367.0,12782115092.0,8911660754.0,175898523839.0,201589914086.0,229635793906.0
023900,18753921935.0,17747078797.0,18482687291.0,128012504423.0,126080916582.0,138316947103.0
226400,13203422981.0,9855366285.0,8208596360.0,23325713665.0,17493432723.0,14747365925.0
443670,9097759836.0,7048888636.0,4817580822.0,41768138311.0,34311225026.0,25672743809.0
413390,9112651997.0,7279298236.0,7342480171.0,61931965679.0,71078987120.0,62083106404.0
419050,,,,118152907783.0,91256391197.0,81873253151.0
099750,13612658393.0,11715187191.0,14400193729.0,56817900770.0,55991545482.0,62907380502.0
322180,13424107281.0,18315025584.0,13967404349.0,49809925336.0,47064228174.0,44240949591.0
029480,5986645815.0,6127410033.0,5149087661.0,5813723577.0,5108263061.0,21698235854.0
950130,27356637.0,42422373.0,113888999.0,39167227.0,43130831.0,136647599.0
149980,14805555684.0,18585409993.0,13921453653.0,13178253618.0,19395016171.0,14539943082.0
025950,3543490197.0,3857626873.0,3185437346.0,32044701110.0,64527809507.0,73217555937.0
182360,16018223433.0,16503670734.0,23319847782.0,78471874460.0,74114830138.0,103528553940.0
009300,35379279764.0,36362005541.0,38123820620.0,31440815056.0,34752253660.0,35587254056.0
064800,30350138283.0,33634479510.0,25464925811.0,35661357654.0,53822460690.0,55329990978.0
089230,9553662882.0,9320288183.0,11991754862.0,11363166263.0,20348152003.0,27372178481.0
048530,11008606543.0,8975087995.0,9128443722.0,2635451185.0,2680572741.0,3741959704.0
289930,13755767081.0,13627686910.0,12785339333.0,26322948164.0,20626243551.0,13624338114.0
221800,7752398693.0,8166008693.0,9556558016.0,20198705676.0,20001016580.0,22573470725.0
032300,32291265811.0,29087493496.0,30652392578.0,56197439616.0,46103323629.0,46318668936.0
044990,23242193997.0,20575236396.0,21329958165.0,48980232876.0,42215285865.0,45265656312.0
004650,11445205356.0,10313516500.0,9646190849.0,95006210525.0,109757757151.0,92193105279.0
086960,40245751208.0,36261892112.0,32728486850.0,141646706258.0,123373086451.0,113867822654.0
478560,10911792044.0,5088697761.0,4393885674.0,37066292433.0,24298331915.0,22745443783.0
432470,7715124608.0,4606231693.0,4340406882.0,35079221116.0,21541889889.0,21737142582.0
053350,8135011524.0,9004835648.0,8854713508.0,27064141597.0,29646033091.0,40340139677.0
058820,,,,44296172720.0,53379524380.0,50203948381.0
072020,17407940065.0,15553757789.0,14540008752.0,25181989667.0,24280684441.0,20334264672.0
307870,8447180418.0,7489436462.0,10107493020.0,12923830817.0,20241123792.0,24322606109.0
337930,151673590254.0,139178749038.0,121379172655.0,105075139938.0,107516019750.0,93003696023.0
223250,13358398589.0,12517091896.0,11415036493.0,47255181051.0,40791253083.0,34905088613.0
033290,51438038133.0,50389669737.0,55163422465.0,719061972865.0,725156205235.0,718452133026.0
054540,13100503085.0,13271861192.0,9849250199.0,95143016334.0,94452029595.0,79906576590.0
201490,35678721020.0,35754518127.0,43316758727.0,72632973069.0,46749747540.0,43547173263.0
037030,61437990742.0,38163340542.0,18858074809.0,360991323080.0,271216275413.0,160155047303.0
302550,13355751019.0,13052676808.0,11892752868.0,10423290783.0,11380186704.0,9503094151.0
066980,14990098449.0,17177726639.0,19866484116.0,182021738968.0,188773252361.0,347199666058.0
290660,10430758670.0,9835231083.0,9920242800.0,8524637601.0,10845973106.0,18471866150.0
091120,38632393159.0,48810621730.0,49198337158.0,186363347367.0,149290215288.0,228851117205.0
065450,8419858444.0,8497042181.0,6174926975.0,70163309842.0,61173000669.0,53091657245.0
049180,11681020960.0,16321098407.0,16089871998.0,133641734771.0,119650313470.0,89920888527.0
090470,26962604613.0,21942760185.0,17972718948.0,27364153843.0,47473375310.0,54485724762.0
215100,10010224825.0,9488216611.0,7623747430.0,5311470220.0,5541757856.0,6416670551.0
183490,17719781948.0,17503912563.0,18704294999.0,64367756942.0,73067746067.0,71690743601.0
040160,34074233489.0,41396944675.0,28139806517.0,73583524190.0,96070647683.0,102599594237.0
104460,28688674661.0,28881511379.0,15679436070.0,338998594895.0,227542109799.0,120051101642.0
137950,19646373247.0,19682788051.0,19220526852.0,340177820529.0,336947604866.0,387729419431.0
185490,10966188148.0,14411362577.0,28972588762.0,2451203660.0,2198143200.0,1238336061.0
102370,10737103134.0,11706512565.0,11538645860.0,5615122668.0,12506212043.0,4819657622.0
0155E0,7199860490.0,6130651499.0,,9274146369.0,10348463433.0,
054670,80536750008.0,78215406843.0,75173769413.0,110140114306.0,105306237929.0,110239564480.0
038680,51208510792.0,47679062232.0,43415639430.0,395538421361.0,391591536205.0,419261775018.0
045970,69085984475.0,83656489109.0,65296729451.0,308281002324.0,313765913511.0,337824337923.0
007820,,,,139864239794.0,147052469262.0,186938866372.0
066430,3805490942.0,2808678202.0,3281018723.0,32450923216.0,32402152106.0,32368027883.0
270520,10408436477.0,13467763828.0,7097777444.0,17643759208.0,17662002205.0,19863893751.0
040910,28618830433.0,23547115059.0,31868884684.0,163970350154.0,150752656792.0,69712683224.0
038110,,,,2425644510000.0,2139509532000.0,2023331081000.0
067000,97911163168.0,105564023466.0,106184241561.0,,,
217190,19740635952.0,,16294846585.0,35987344541.0,,36597101901.0
175250,16355249488.0,21672408214.0,23834379637.0,78986680170.0,44064440365.0,55508450458.0
198440,9010451268.0,8239788039.0,2487870786.0,55431034716.0,33592899137.0,65244892142.0
036640,10867491715.0,10512827908.0,9253598968.0,54624539589.0,54780968557.0,56394417240.0
100130,8040488000.0,11479997812.0,42750383564.0,104700141926.0,159833533435.0,171090324656.0
412540,15979927625.0,22392186173.0,13396933681.0,142796164541.0,279511155486.0,127621708143.0
463020,19928000000.0,19287000000.0,16404000000.0,,,
115440,19379419215.0,25592569171.0,24824920413.0,54177219154.0,85935325339.0,85764258919.0
101330,102551811417.0,109545779342.0,106249016112.0,1226977419646.0,1138830764389.0,1116304606795.0
078890,93540128793.0,88059269659.0,83244666704.0,411483627176.0,443173089604.0,471988422857.0
214680,55874245501.0,51617569231.0,42497111836.0,74323387752.0,58046995724.0,50090616831.0
365330,10580036611.0,11821927592.0,8726468583.0,88735096897.0,96849573173.0,96131868335.0
451250,33375414191.0,28740556499.0,19862010573.0,30127385991.0,23364564490.0,14245028490.0
105740,24764033569.0,21498050202.0,21008220889.0,92917231523.0,77112685896.0,78652870886.0
0011A0,9277689610.0,9159674191.0,5418526263.0,42988368966.0,44084034893.0,42939439989.0
066700,130800220503.0,113481342010.0,89484184641.0,130576404562.0,123644360740.0,115801980039.0
045660,35766464094.0,13334253328.0,2402783512.0,115747502270.0,30117281354.0,2013814420.0
079810,14501667237.0,17336949625.0,10940876205.0,56933944027.0,123680999471.0,114665008770.0
053280,128904824486.0,124647032738.0,130788976881.0,494629188133.0,530218353116.0,519110510243.0
012700,,,,243630506737.0,276432294768.0,334276847771.0
263800,20708089596.0,17954253458.0,16714612613.0,81890542217.0,92070199176.0,81282806291.0
039980,15477473966.0,17976521855.0,17290707591.0,32848469115.0,36403551449.0,40686411590.0
251120,6621250957.0,6361650329.0,5995306143.0,6305040779.0,4852200257.0,4562783062.0
011370,54363710513.0,31917466342.0,31300451235.0,528196488228.0,691004668849.0,565252211770.0
389030,11844196373.0,12340656275.0,10161822555.0,10310354400.0,6374303659.0,6883985532.0
037760,22879684835.0,20980952193.0,21107903333.0,105191665666.0,108197955558.0,114326754377.0
381620,9351923489.0,6606099944.0,4308814377.0,25626244900.0,52557634120.0,53803101587.0
124560,98537483506.0,73924879664.0,60255445239.0,1016493428853.0,929095770271.0,674047389861.0
065510,,,,64306907477.0,62346649989.0,64809742604.0
475430,5713611529.0,6612526184.0,5743053480.0,56207622835.0,56441487721.0,46460145387.0
058400,20317111057.0,19498712190.0,19629900821.0,44995514608.0,44841041147.0,40356232285.0
347890,22210258521.0,11511608737.0,10275306697.0,45870596733.0,19642242408.0,17134293526.0
067170,142332711289.0,161600281237.0,148813426351.0,712069213560.0,762509115309.0,820698387084.0
024880,57931825803.0,52985821852.0,57098803473.0,650586085344.0,673011452875.0,705301752246.0
382840,10364594020.0,8813713368.0,10945131180.0,131757179680.0,128608439383.0,121670065345.0
033560,,,,2017430668.0,1077795843.0,32162900372.0
253840,19631252561.0,20814552904.0,18603374946.0,8605749827.0,11304273031.0,11287025487.0
205470,12784752770.0,11690055077.0,15413428941.0,27881337688.0,24281841230.0,50768852482.0
091590,2459886655.0,6321819640.0,4594816475.0,66482128873.0,52345875176.0,71576232335.0
080010,12647545045.0,12742803119.0,11530438277.0,68218275874.0,64315569772.0,55618133553.0
265560,18320712295.0,14675945847.0,9793833027.0,72250772469.0,64763488819.0,50112857889.0
214260,17093020498.0,15553504367.0,16665844093.0,16928424728.0,15124860877.0,15320061936.0
351320,5151909614.0,2937127915.0,6378935349.0,17325360843.0,11965905995.0,16272550778.0
047820,22851783080.0,29406562978.0,27528572701.0,146512474144.0,196247834003.0,214084455526.0
073640,11545166236.0,11967352834.0,9174326989.0,12729274857.0,14666801497.0,18355886153.0
225530,8744375850.0,7378709930.0,7320798744.0,34620712117.0,47635407422.0,59226621698.0
900260,124244770.0,80883819.0,86290937.0,3637550868.0,2509216993.0,1804736595.0
371950,15939745568.0,14393276583.0,13909103706.0,36357381403.0,53118256205.0,51077329421.0
234300,25339160181.0,24737768992.0,24320669539.0,133942759615.0,152994828993.0,105472192753.0
900300,667524376.0,661043065.0,778553958.0,570052964.0,550148826.0,589036448.0
173130,26039201748.0,22956729406.0,18918477612.0,193210625590.0,159277131505.0,192111528984.0
067370,3304046825.0,6454057084.0,3443963077.0,5332364567.0,2761962215.0,3655580564.0
208140,22084226835.0,23190755598.0,20386267290.0,132040331862.0,144069786498.0,129355019292.0
128660,5106704916.0,8258326811.0,4713634085.0,331623937162.0,237056364919.0,219381526810.0
246960,7598924448.0,5469432025.0,4225596165.0,17809534495.0,2928364752.0,1113689618.0
212710,8451844107.0,6575809739.0,6095985709.0,29610012480.0,33873138574.0,21811033388.0
170030,19403550388.0,17558367853.0,11626007349.0,336195619047.0,298449592791.0,280515256578.0
060590,44067698027.0,54646428237.0,47644610084.0,73452148355.0,70243847038.0,94811557798.0
052900,21957504043.0,20159343172.0,26009360313.0,98962020093.0,102899914401.0,120546726001.0
294630,3427033579.0,3557929293.0,3916782650.0,3817315537.0,2314679738.0,5568016924.0
041930,34026179816.0,34787019089.0,31504856965.0,352198991727.0,330028570924.0,315581087782.0
094860,10959977560.0,10306461136.0,6898904500.0,24702099505.0,30641039966.0,14195789425.0
004590,23513642316.0,23544138376.0,21553750073.0,100569266513.0,87352460573.0,68966392077.0
048910,58442726055.0,53616158428.0,51013179706.0,274456549583.0,201131751140.0,251241864380.0
017480,8328281202.0,8112948646.0,8473799616.0,204534666956.0,211988698811.0,244236258411.0
084730,131514734645.0,122445362115.0,91543107359.0,389179056261.0,340744546240.0,293729995726.0
204840,14060732811.0,12074795991.0,11937494461.0,20938655141.0,15741027835.0,17323543007.0
011320,39187328930.0,36781757600.0,33142539528.0,376572117891.0,329668793858.0,286465797639.0
217330,13778315638.0,13494811684.0,12637826762.0,20439859068.0,8081432371.0,2338139772.0
085670,18853545721.0,22517840756.0,16784992439.0,126049089542.0,138782812373.0,167994890435.0
088390,,,,31133508410.0,28056120176.0,37221942995.0
234030,9744351917.0,7787734577.0,5556040586.0,142307061751.0,154368445488.0,127812761320.0
019540,115220476119.0,75371338180.0,47086769941.0,691817955356.0,657477137186.0,545982696622.0
096350,9846887271.0,8669246115.0,8303306803.0,50174116909.0,52292543130.0,57815306671.0
142280,12266787558.0,12517556909.0,12223845876.0,93259490142.0,89000031553.0,79986106998.0
010280,,,,494639095766.0,384688525852.0,341950967919.0
303810,19953424095.0,16671854829.0,16730207935.0,97344964039.0,103228176921.0,94901438716.0
054040,10877217861.0,9480772263.0,10474335029.0,384035222825.0,399386042024.0,337466787117.0
171120,13984128707.0,17262679242.0,16003258385.0,104915705719.0,115173381565.0,106984669564.0
020710,10956116927.0,8778208050.0,8145398622.0,142358118471.0,131936639105.0,121117716184.0
360070,30189695073.0,15665927525.0,11460351118.0,28143494763.0,97623031817.0,96948353192.0
041910,9077455985.0,11098001944.0,8953083044.0,43276947419.0,48328411392.0,49917940652.0
024830,19254427599.0,17860931292.0,17090588675.0,189304830600.0,211702586996.0,170047354565.0
000440,10608427605.0,10691355984.0,11087525832.0,40727860893.0,40865807588.0,45125616197.0
302430,10921570969.0,11868844109.0,10696537697.0,35252456908.0,42004230524.0,65118291344.0
030960,11558475076.0,11612357276.0,12630787556.0,50384752471.0,46382785366.0,56422664081.0
0117P0,52042783353.0,44134781690.0,21337374222.0,49111068135.0,41484033380.0,25137120134.0
228670,62541263395.0,80253821087.0,64878267335.0,58569333488.0,43842331562.0,74885227472.0
067570,134325505439.0,129479466431.0,110013139840.0,1511434227934.0,1390291870800.0,1198482440110.0
234920,10391463915.0,13176306933.0,6723366641.0,1493900350.0,3788341980.0,6088356590.0
332370,11768358244.0,10756713975.0,10207646915.0,26438542945.0,24685891490.0,20627203537.0
012790,26017315921.0,24646914414.0,23132320274.0,47126587962.0,48774257326.0,51564728285.0
261780,14414968211.0,8043156240.0,6678968101.0,14697781.0,23926911.0,34502667.0
083790,21816011776.0,38294329776.0,32369979227.0,29332779354.0,7772320983.0,3421657232.0
066310,4769949976.0,4173684709.0,6188982042.0,18218762998.0,16005063454.0,16741123746.0
104040,24434962456.0,21545758659.0,21468294551.0,11968114126.0,968420390.0,796954079.0
006140,2720573769.0,2358724162.0,2428788448.0,164872083544.0,156158914270.0,157002038835.0
347000,12060682323.0,11372696799.0,9870585635.0,22159922581.0,21771404433.0,21835881112.0
277880,17974878967.0,14828052000.0,14321864958.0,238432795059.0,241528656839.0,244812350738.0
140070,34618712239.0,29304920074.0,26223078869.0,185488422351.0,208157851883.0,126779090239.0
331380,14762912882.0,13227336638.0,10018955325.0,40747935664.0,50044791499.0,46792922854.0
054620,31898801179.0,41887924240.0,34528970970.0,59817310325.0,74714644372.0,25122394336.0
153710,8003531392.0,7348606099.0,6828150548.0,16755036986.0,14739401789.0,13175362414.0
096250,17611366362.0,14316772087.0,13921615727.0,17005285701.0,18901052714.0,17793714933.0
417790,10696373614.0,10466830459.0,9498966965.0,25162896127.0,27677742945.0,26288221725.0
417970,13612113738.0,12243448629.0,11713304813.0,54817669417.0,51603166547.0,50824921719.0
061250,8922751360.0,9798304865.0,9471197391.0,94174384170.0,109210598435.0,111022618989.0
049080,16619926144.0,9514930139.0,11336899759.0,36187869548.0,39526359953.0,44731796046.0
026150,11079519951.0,11236212814.0,13875936595.0,169586828290.0,192541306512.0,216497028306.0
002800,32315497159.0,29327969729.0,27404611619.0,70672597216.0,70169779765.0,69177118283.0
072950,8750210004.0,7417548981.0,5836641834.0,103118822478.0,72629669930.0,64600433394.0
024740,12348467472.0,12856393919.0,19491958333.0,110726918535.0,118234047368.0,143506672321.0
460940,4084515744.0,2961039672.0,2377062434.0,2552555814.0,2527488116.0,2312534676.0
388870,11507092762.0,12601090336.0,10116681013.0,,,
038460,62687127517.0,62027311578.0,68920378688.0,397519223901.0,402047238419.0,377158637747.0
175140,-20942427857.0,-14446185265.0,-8576901695.0,-46177480402.0,-34825082230.0,-37919731419.0
451220,10152293357.0,6521164596.0,4498693633.0,22633006996.0,9205392046.0,4209672513.0
196490,12283035051.0,11457831148.0,16170983103.0,27500279329.0,46741091384.0,115361477116.0
162300,20625621407.0,18039388440.0,14849373022.0,328495949616.0,357577245869.0,295676091963.0
457600,-19022134230.0,-25005643042.0,-22717085200.0,28950303583.0,40958221564.0,42138298144.0
0007J0,8604318705.0,6368829413.0,3475063815.0,0.0,0.0,0.0
950200,11772394.0,10850705.0,8438963.0,31432399.0,24995741.0,19006222.0
092040,22649234403.0,57533185339.0,53070060086.0,36470995242.0,123122699658.0,104778088183.0
049550,13352007430.0,14430167740.0,11933095378.0,63379292099.0,56795540409.0,47030143626.0
048430,13948603071.0,12245103309.0,12310836473.0,181491243481.0,178599021198.0,191361683141.0
110790,188079867311.0,195660176760.0,205790524627.0,128591660231.0,123481540175.0,115143167886.0
457370,2407785647.0,2317401551.0,1708828275.0,,,
137080,13761695675.0,15812967646.0,11710470207.0,49573956074.0,46721081656.0,56206129911.0
100030,5618574893.0,6398990744.0,6622058228.0,10963335632.0,11428906517.0,13773566322.0
081150,9368374959.0,8833930766.0,9668883646.0,194629373110.0,193869312440.0,242924960946.0
222110,3002679668.0,4129617157.0,5211791038.0,8907717363.0,9522903694.0,6328831386.0
179530,8648725868.0,8123904579.0,7980339465.0,7749208590.0,7129657397.0,7254012675.0
109860,5058593543.0,5618869442.0,4472282549.0,85215569840.0,79747845604.0,93605149506.0
439580,20601428019.0,20200785333.0,12852555170.0,167274805007.0,119981254474.0,99656424475.0
036000,5381931062.0,4389522393.0,7844452429.0,6296530153.0,7055154621.0,15451664510.0
136150,7488955980.0,7680459230.0,7255637662.0,23877743518.0,28128082862.0,31761447197.0
032850,7534984781.0,7140015064.0,7033171896.0,22586630218.0,23264958676.0,20205859521.0
456070,15500923802.0,12698247557.0,11397493654.0,7660641055.0,10194179515.0,10883450256.0
168330,12892406476.0,13292646887.0,9986013826.0,12629009959.0,12738888682.0,12885349576.0
014970,6568564735.0,5290774926.0,5229603481.0,81170192331.0,82972298324.0,79871767265.0
396270,29828851035.0,30319802959.0,24155047433.0,22761063199.0,20371392557.0,14515805691.0
318160,9528171272.0,5008183375.0,4579181113.0,32220912487.0,19373705485.0,19595634142.0
321370,13212576161.0,15503597816.0,17222074974.0,17361022386.0,15883833678.0,9285191041.0
004780,17998826610.0,17975707209.0,17658823591.0,238261299048.0,240866418760.0,237819726233.0
061040,,,,243078033852.0,305255242290.0,264536991477.0
032540,26902542287.0,23232236932.0,22135083067.0,64244174737.0,63975296001.0,67932361355.0
039010,25850862341.0,23723777479.0,16889844131.0,120467336556.0,134126874122.0,115371209564.0
382480,11663808866.0,10007275492.0,7865057723.0,23432264777.0,24715548119.0,24257031770.0
147760,7925627566.0,7653611960.0,8703075752.0,37757673969.0,29839993846.0,29606056793.0
005670,31113156795.0,26961858024.0,22350579249.0,270861368151.0,232102648159.0,197849788416.0
216050,10758347599.0,14461087756.0,9301415458.0,28219928820.0,24325996331.0,24877811871.0
424960,8507688147.0,7591079326.0,6624795533.0,6159451927.0,3901218666.0,2824017914.0
043650,,,,38665215223.0,38252839863.0,39281477624.0
241690,10754075000.0,9003845000.0,8003240000.0,94351112000.0,88013012000.0,82447139000.0
039420,6811907585.0,7115723332.0,6740576012.0,30280020207.0,33082067693.0,35880529521.0
303360,5582518715.0,4772773441.0,3915302501.0,5816525514.0,4239907673.0,4148452122.0
070300,6885690896.0,5150893800.0,8275305499.0,9749513673.0,7773174340.0,26605739326.0
062970,2326649625.0,2776319239.0,2922602591.0,4669168440.0,8524579449.0,14513431290.0
208370,15160047965.0,13287513719.0,12304367389.0,15826210925.0,15140825503.0,14162523907.0
122350,,,,511347011682.0,492022840533.0,487821512193.0
299660,8966151673.0,9198897365.0,7158920550.0,7266337875.0,3460080264.0,
010240,9668704280.0,9890216772.0,10441464968.0,112457434325.0,110033038903.0,123139836004.0
039020,53854473997.0,56166208737.0,56000702500.0,394502715666.0,434646453013.0,399281079714.0
448710,4015796161.0,4177391159.0,4472093235.0,55783194356.0,51324084708.0,38026663569.0
064240,8443524680.0,6967225856.0,19043185776.0,92428308820.0,53141501371.0,54846735772.0
054300,8999531116.0,7085427726.0,6012841908.0,60953837007.0,55519607037.0,61472501198.0
060310,3327811180.0,3512912033.0,3122503222.0,31525659956.0,38918409215.0,36554742995.0
001840,7285686825.0,10903284039.0,8133633992.0,104614781489.0,137155220819.0,145556162491.0
187420,13986356336.0,16177369025.0,16794742496.0,28178298467.0,21128906430.0,19677180521.0
059270,2750659294.0,3101621877.0,3193869169.0,12948446432.0,12552211087.0,11984406956.0
412350,11677905262.0,9400672092.0,5522593721.0,6553288106.0,3824183417.0,6284098017.0
044340,118300439313.0,81600163588.0,75515672802.0,311907877466.0,275474783637.0,293265010232.0
294090,21224014000.0,67745519954.0,37504334951.0,4683280564.0,7786336202.0,8452133056.0
049470,8082223767.0,7129890076.0,8179614918.0,21278629657.0,28760574256.0,42051332237.0
082210,27861496589.0,25922970100.0,39352483477.0,170985779890.0,196482129060.0,183565510751.0
100590,19574725082.0,18795085902.0,17542051466.0,105025711124.0,116399824580.0,131143932819.0
420570,10059587058.0,9030952152.0,5895561824.0,19986927186.0,20472170056.0,16969881682.0
320000,7160629441.0,6508166796.0,3532829762.0,9350436564.0,7342830557.0,12042603330.0
419080,7851626223.0,10222365787.0,9781338743.0,3843286373.0,2571410327.0,4409627714.0
033320,18122640529.0,18977096505.0,26615183140.0,288015941415.0,241279784085.0,190525045669.0
323350,3619224019.0,3531795518.0,2636658601.0,19287897433.0,13891203510.0,8657830441.0
065170,6516066450.0,9136472971.0,20354444742.0,2814205556.0,2884852788.0,10964090086.0
016250,55103346479.0,65061391290.0,59699515537.0,1234179516690.0,1129968370873.0,1825567238465.0
459550,14355405577.0,19953678681.0,13133834864.0,89626267398.0,92353814610.0,60122529009.0
357580,24341523063.0,22106591978.0,17394683802.0,92477240999.0,104885311614.0,69262781382.0
203400,19683794688.0,34288261460.0,31267729593.0,568483696.0,537179365.0,1258465079.0
155650,17148959580.0,15891779743.0,13624649502.0,151054321391.0,144941558569.0,175238617106.0
037440,21815828626.0,20273694831.0,22068553425.0,200915712547.0,205408388098.0,199207367416.0
333620,12971611103.0,7755839251.0,9879154403.0,41971964322.0,44692170694.0,39492953230.0
008370,5857558157.0,5667439961.0,6696580481.0,75181269758.0,69393782013.0,62534947789.0
191420,8460172678.0,7006743443.0,6492085187.0,1904997925.0,1982616917.0,2468275090.0
003310,14824227808.0,14878654166.0,12246142626.0,75523640078.0,81134897169.0,85084200797.0
089850,166358435846.0,146126425463.0,116111606992.0,480071638008.0,426881433894.0,378170721107.0
294140,6047609503.0,5612236853.0,7400863838.0,8553745645.0,7959326827.0,14765088910.0
0004V0,4730626205.0,4402968302.0,3139913186.0,62292137841.0,63540952907.0,62383357602.0
348150,60704037188.0,53721568823.0,42189306247.0,18239008087.0,21542270552.0,9406778152.0
049480,46989217937.0,42892916524.0,38995793882.0,178216609157.0,176735187738.0,158445325726.0
053620,17442224561.0,18049106347.0,16227181193.0,120517126116.0,132022322182.0,134249055935.0
039610,9717038035.0,9143327542.0,9482214829.0,73379754223.0,74157127016.0,72038732814.0
033230,38931686407.0,40854464316.0,38651662166.0,308083227054.0,323478417178.0,321375581688.0
126880,15585256787.0,13705058342.0,14092715608.0,128553783647.0,121290865067.0,148475869064.0
045340,4690335409.0,4177254207.0,3764352297.0,13446609005.0,11363907823.0,8683833812.0
263600,19165350969.0,17466092373.0,17722546038.0,156203131842.0,144476175748.0,145890754189.0
036090,67033884417.0,44560715366.0,5513571611.0,390152713278.0,299058485585.0,26063880336.0
226340,27898620892.0,27360268066.0,24198585270.0,26444073404.0,39630293301.0,41975270640.0
095270,18340280425.0,16978341875.0,16304846399.0,63833934383.0,59212566943.0,59327244305.0
215360,60849359823.0,55313731716.0,40165648322.0,452514563377.0,440295856225.0,401515162685.0
065530,5300403279.0,5437631246.0,4685310906.0,64762949568.0,70180354960.0,64999883294.0
024910,48548164246.0,44732623156.0,47646978912.0,649447955028.0,583671171312.0,598570780235.0
066670,26513551374.0,3495033457.0,4332111925.0,163858731431.0,5842719456.0,28434052929.0
460870,4661404308.0,3922458091.0,2905781635.0,46184240471.0,46201685945.0,31716218180.0
027050,30408947781.0,29794892627.0,32663023154.0,47662468808.0,52215958719.0,52450749404.0
099520,7469008628.0,6943181137.0,7781374406.0,21003170534.0,13914722211.0,10002937819.0
459100,26059649957.0,18009757216.0,17937373395.0,140071833127.0,70578033790.0,71341978217.0
273640,4810020771.0,3633518457.0,5397432355.0,22555942250.0,22963294044.0,23522837914.0
033310,6981024322.0,7326980303.0,6961398155.0,76800155416.0,80139574819.0,66824493392.0
053160,4351038744.0,5009245610.0,5257156259.0,18396682389.0,15031894087.0,17698866950.0
007370,75624815796.0,58175315520.0,48374098184.0,42535172632.0,43448371288.0,36651935741.0
014470,73458077919.0,91519329985.0,83258393846.0,244273200521.0,251793853132.0,248130855853.0
263690,23189406537.0,21562637205.0,19546127724.0,70531750145.0,73592783424.0,83299230463.0
024950,81533961267.0,81563142626.0,42628647567.0,81600722055.0,76590569134.0,70445039293.0
228340,9638343068.0,9950174023.0,10878457967.0,51035100588.0,51028249003.0,55685988031.0
010470,77068493909.0,63722895076.0,60222356704.0,141718695138.0,139139453669.0,146164322611.0
025550,,,,191927709237.0,200069874341.0,222008939857.0
042110,14752089719.0,13759671405.0,14379214159.0,195079013087.0,190872386653.0,173865985239.0
241790,18279497172.0,19325670359.0,15380426413.0,140763485639.0,168281268814.0,111632060944.0
053270,38061824589.0,31821910560.0,24825607383.0,363808694177.0,316685807443.0,303659544889.0
054930,44335576497.0,39141468247.0,41039281357.0,331923043883.0,294623671187.0,281706324621.0
288180,6022284681.0,4944341315.0,2834978553.0,45246232690.0,41217613642.0,30872497212.0
370090,9496449696.0,11683859516.0,10700719236.0,9809869112.0,17407899484.0,28683853295.0
036670,23473102810.0,21180020678.0,17234038277.0,82472804643.0,73982960188.0,82440247155.0
040610,3151943750.0,2980132238.0,2822223961.0,40871887471.0,41370736756.0,36123744348.0
097800,5767472628.0,6538547937.0,5712294930.0,84069236191.0,90875309126.0,103350207545.0
251630,17812664786.0,17765466234.0,15974917894.0,44018678459.0,59326508768.0,63832047355.0
053050,25810955663.0,25247511271.0,24117486072.0,136926652762.0,125468015850.0,140260821351.0
340930,9524272107.0,11206526213.0,11894107952.0,53203803001.0,65205789392.0,36722678282.0
046940,17556309384.0,14793890180.0,13790845058.0,291604137145.0,285222629339.0,237359743568.0
347740,6771722946.0,5893667215.0,5820119781.0,12071230924.0,9371014574.0,7643590490.0
452400,13844284854.0,13349609715.0,6347230129.0,109744933464.0,92703563666.0,101756731524.0
217480,19720854251.0,24398676753.0,33452456065.0,16673207529.0,19310533016.0,27145812852.0
225190,13668084184.0,13322199721.0,13130324744.0,24589385824.0,21920053324.0,27030605502.0
453860,4299944295.0,4748430571.0,4433964422.0,20370660508.0,29122050095.0,33737170906.0
435570,13099945436.0,11670691305.0,10723075650.0,22009389292.0,20734632385.0,19169182731.0
104540,42977203436.0,40909033110.0,44645760977.0,48334981530.0,41310471849.0,40348012180.0
080720,25063079117.0,27725672138.0,26129932519.0,28546950997.0,37048581075.0,42272058461.0
105760,17739518990.0,16844401481.0,14558084921.0,70303093132.0,57255118697.0,56296120713.0
262260,28719350815.0,28302030962.0,23510378859.0,124194963959.0,168493133391.0,196928153477.0
088910,25203081428.0,22612591774.0,21142632572.0,287103177025.0,284817339044.0,306894486587.0
060570,39876526708.0,44670064230.0,48022815990.0,184527461066.0,183546684505.0,184316984344.0
311690,25484737185.0,34606443197.0,33899528654.0,2993616117.0,3101164670.0,3732138891.0
117670,8181618861.0,12119089489.0,12598674672.0,76141755497.0,74567365734.0,70052587024.0
170790,22947014291.0,21113113500.0,19073078713.0,37285379543.0,34590649376.0,30940498618.0
056360,18589227606.0,19301100663.0,19721686144.0,43704047484.0,35170007118.0,66235702755.0
094940,5711552390.0,5786768006.0,5165913837.0,18777042909.0,26701149291.0,25271838030.0
314140,8753035783.0,7891472404.0,8946519532.0,122379183528.0,116768857820.0,135477217778.0
238090,13370331134.0,15042078174.0,11497449048.0,32229680024.0,35457470537.0,40197512423.0
039240,13331943456.0,11984174933.0,11532253762.0,337849292426.0,374057880131.0,368048506387.0
092300,11057680309.0,11284725705.0,11418078379.0,215258974675.0,187159270718.0,211973439356.0
376290,8578687750.0,9711128885.0,8678805557.0,202514453715.0,262966569654.0,162078545673.0
217500,5596195366.0,5438577973.0,5104358796.0,26645955485.0,29997880571.0,37734962161.0
299170,11495057307.0,9003850084.0,7151007489.0,36295337279.0,27557366560.0,20383669095.0
046210,12412951703.0,10421901257.0,10062438356.0,6076400380.0,4136890706.0,4028893744.0
0013V0,39998835535.0,36205022953.0,34696693332.0,63542951734.0,55350103227.0,47737653983.0
317830,8068017606.0,11308367062.0,8691555308.0,54309697533.0,62531910793.0,52090414403.0
256630,8328110770.0,8315921810.0,8379546054.0,26804512157.0,24280970061.0,26352736047.0
043710,7788914677.0,5097137137.0,7743100337.0,36210832705.0,15457083364.0,20415369328.0
219550,19205784467.0,15676263723.0,13972101094.0,26187040801.0,21643246082.0,17482930750.0
019990,8504999915.0,6108201552.0,7673390322.0,19132136320.0,18968883731.0,20152214042.0
015710,15751545393.0,14008293654.0,16313802504.0,,,
391710,9088602823.0,6809349796.0,8068496208.0,23771430103.0,48606658786.0,17334944543.0
315640,15350516096.0,11128858660.0,7536388064.0,2678869814.0,9814199256.0,1123517311.0
071670,26329659000.0,23091952000.0,19688946000.0,278549117000.0,265943159000.0,244877534000.0
463480,12748045547.0,8940996511.0,7963360428.0,56386341120.0,51076252973.0,70434369873.0
060560,30758018648.0,25937726160.0,22818019880.0,286579868699.0,330789161215.0,364959269559.0
393970,21569468126.0,16396375619.0,12654181040.0,83306346084.0,66607891433.0,51004275460.0
246690,-6773616840.0,-7707507259.0,-8030915165.0,,,
260930,,,,53944590274.0,51196148374.0,55319138328.0
014950,39086704183.0,35127139737.0,31138840833.0,17660824727.0,17052278463.0,17293940400.0
340810,13194552313.0,14509358688.0,12117513030.0,12046753449.0,10377831959.0,11754402419.0
038010,13043887383.0,13807086711.0,18432558774.0,113393680315.0,149430366233.0,189285319653.0
109080,5921874694.0,6796084168.0,7483425272.0,15291141474.0,14256064753.0,13680080376.0
317850,9666169844.0,10410994643.0,10884654222.0,29154388465.0,30791232607.0,33904422403.0
122310,41895995374.0,33027342936.0,24786842319.0,66389360913.0,67445423424.0,60353557055.0
037950,4249988513.0,5820732448.0,6011307475.0,39824007668.0,48008358383.0,48498555214.0
317690,17168673657.0,17057651234.0,23436552345.0,2075620543.0,1587623807.0,2129392522.0
068330,3176179551.0,4015701534.0,3213855154.0,6808161419.0,4540116143.0,7008833302.0
179900,32351913904.0,25085672810.0,23594505355.0,35931148803.0,25718712300.0,15498468535.0
199550,21912648857.0,14727855965.0,11194537739.0,15827758454.0,18506104833.0,18676689853.0
063440,3828993994.0,3610371520.0,3617931475.0,44920342620.0,37643723411.0,41015209491.0
053450,52681742138.0,50756774767.0,45434659611.0,379181056088.0,397529170332.0,440760450998.0
145170,74412742862.0,66261426543.0,58986413870.0,514415559762.0,462409202604.0,389632088042.0
321260,9634357864.0,8568161167.0,9040185594.0,19127932901.0,26282882482.0,22854022991.0
065130,73797079911.0,77151929213.0,73734667741.0,759919977160.0,745735811558.0,863739533499.0
053980,9215981860.0,8593420773.0,8087318996.0,116134476711.0,100355614491.0,88854929057.0
082660,,7129117373.0,6144368890.0,,10901955994.0,9992221703.0
143540,5661233978.0,9512212849.0,8499273437.0,68935622749.0,54527496959.0,50408687908.0
418250,5455523721.0,8675346583.0,8057979164.0,,,
099410,5442499282.0,4703972162.0,3028839566.0,27146771363.0,26930098956.0,20864981930.0
340360,10541509232.0,7960536277.0,6931413347.0,54561208015.0,59611749345.0,69345554731.0
023440,8716532584.0,11584045765.0,7666672397.0,40819232573.0,31469135528.0,56043349499.0
471820,7711585953.0,6783838728.0,5136646038.0,11636959591.0,9345977099.0,9554140240.0
072470,74510304276.0,76074050543.0,66891756152.0,596252425194.0,554159121359.0,487118761947.0
361570,12658244073.0,16971500476.0,18251220215.0,33649446339.0,57756772893.0,75430869680.0
129890,10942606321.0,10495791150.0,12915373746.0,69030604263.0,78053320982.0,83868646433.0
476040,,,,0.0,0.0,0.0
136410,10643592608.0,10520924379.0,8749052984.0,37628180818.0,37429803602.0,32976596044.0
094970,14236971186.0,13399362346.0,12932567096.0,172846274064.0,145337036621.0,94978390095.0
163280,6987789227.0,7823048533.0,5651317187.0,17999143874.0,14805849400.0,10452556456.0
051390,2949505264.0,4029981731.0,5779791594.0,7811102779.0,7070201198.0,24730815677.0
229000,12558910741.0,12307425567.0,12506783715.0,1557223589.0,1355713449.0,1252079262.0
198080,45611780999.0,34984968935.0,30517648400.0,225316094223.0,259921335720.0,199221987380.0
081180,19159517755.0,15130748374.0,15018153546.0,43110764856.0,37464678377.0,35177306531.0
224110,7175546614.0,4464794472.0,4475480071.0,50930571595.0,35527358236.0,30519955718.0
189980,26949368738.0,27070371083.0,27466344131.0,63897046369.0,64811305014.0,63396000604.0
072990,27984129071.0,25838085961.0,20805463570.0,71268985968.0,57360731839.0,45292994277.0
286750,7805460502.0,4447759395.0,4656694196.0,4751841573.0,4270833987.0,4284402345.0
048770,16857025220.0,16545278268.0,17678647921.0,71771403880.0,72378621442.0,73656143628.0
127710,29493672307.0,35605326511.0,36790906781.0,38171476321.0,77532690985.0,84833757394.0
114450,2263257578.0,2603314588.0,2332588098.0,37872071978.0,21880412207.0,24679917804.0
277070,2536791659.0,2725491207.0,2744208961.0,,,
307280,9888651862.0,7873938565.0,7072289807.0,17429256308.0,16159172728.0,15419793138.0
159580,25184126684.0,26534411086.0,25488823017.0,43255017533.0,38833922366.0,41600085713.0
052790,30790665102.0,34909081446.0,34112768266.0,13131751291.0,12507222950.0,11827203186.0
066130,35688833715.0,37095134841.0,28140937608.0,130896103865.0,138741001722.0,120199560221.0
189860,12704617776.0,11212058688.0,9139844909.0,64202231707.0,51511308851.0,37588266742.0
050120,15411535705.0,5864853034.0,8204488096.0,11354629456.0,14050222954.0,44339851457.0
178780,15263899985.0,9835457497.0,6663880916.0,16605141065.0,25739309658.0,22298401481.0
461030,10050497978.0,11499631468.0,9186188385.0,3942382482.0,2518913603.0,2609581075.0
208860,19091963273.0,4793194506.0,4847876710.0,91878973163.0,4632321756.0,3083881852.0
0010V0,15461958008.0,15676770032.0,12581158032.0,28145555864.0,25438461704.0,26260460038.0
190650,49469825287.0,47456403705.0,49640278525.0,,,
373200,9283203381.0,6401493950.0,4824061000.0,5948923901.0,7915910997.0,8655511118.0
073110,,,,56819366685.0,47496433209.0,60091155058.0
007680,26102565397.0,26618606481.0,78439519228.0,99773328790.0,250363739829.0,419650152936.0
261520,6911445752.0,5164487501.0,5431773431.0,21137547535.0,22723445267.0,12969759064.0
082850,94201259929.0,103599102511.0,90351603489.0,948808461378.0,1118394752150.0,1147595941503.0
083550,24234335542.0,22914787037.0,22846037036.0,111145000583.0,111270943161.0,112504834649.0
258610,7483062053.0,10030466500.0,10302463774.0,75028805491.0,84525996804.0,78653540220.0
263020,18711753070.0,16817207044.0,15175864178.0,111647549315.0,87254943676.0,66458232588.0
218150,11598419209.0,7804464563.0,8184625970.0,57399119920.0,54465066083.0,51811100540.0
460470,5383452960.0,5655883592.0,4330114593.0,3145442057.0,2217892372.0,3070044191.0
355690,11573902069.0,4019810521.0,9471306939.0,65393365538.0,19031356404.0,33180462259.0
479960,4015921834.0,3451079487.0,3098944384.0,21932573965.0,19969679057.0,21050981443.0
059100,5974828479.0,5390613452.0,4865521236.0,22634103910.0,29111590013.0,24633319299.0
131400,8719987583.0,12520439003.0,11161927107.0,53412841365.0,66833668075.0,57405455472.0
065500,14005067765.0,13253262136.0,11359099120.0,142218310863.0,158929752948.0,149473662557.0
199480,12678853932.0,13774630023.0,13126326095.0,55150687710.0,51360060527.0,64343597887.0
424980,8580180086.0,7556275137.0,6637780377.0,17057016837.0,12143831762.0,15304438453.0
037230,22039849298.0,24270140246.0,22203229925.0,192094479862.0,194536641732.0,197314737228.0
150900,29976345779.0,27588141241.0,24607622136.0,14163740915.0,14614915802.0,14240968568.0
123010,5562210172.0,4642777339.0,7290465611.0,32606311938.0,41587305839.0,35122042006.0
238120,8763650574.0,8378578950.0,7333306766.0,4788692971.0,4622227155.0,4544864956.0
140520,12603901290.0,12130976187.0,12359940314.0,382614992125.0,387352544383.0,401664111693.0
450330,8066198298.0,7338453982.0,7124566220.0,7642863694.0,7448004782.0,7220899558.0
089790,7037551542.0,6236148626.0,5955069365.0,33538140028.0,42273204419.0,38245547491.0
196300,5682985451.0,4193772195.0,4123815482.0,6705781125.0,7147659630.0,8052863805.0
014190,20684684684.0,20764425557.0,18663294632.0,260767266580.0,262476328830.0,220111892432.0
002290,4940966724.0,4853213695.0,8391686867.0,72841985894.0,102143602625.0,67143305957.0
222420,4465158572.0,5437112775.0,5245817094.0,28003321875.0,25157095636.0,26921725683.0
052220,47677783256.0,44808279512.0,45146789013.0,,,
189690,15718986708.0,16220014075.0,13666155381.0,12770693464.0,10563680280.0,14421970066.0
084650,84159915192.0,49898139035.0,37281561015.0,57517964855.0,54490683325.0,40717678290.0
072770,23235050406.0,24422409655.0,23432317628.0,69201659116.0,108543139354.0,68605564293.0
900250,52728187.0,54405375.0,50613889.0,246317037.0,207170946.0,206408703.0
043910,4938403127.0,6077356334.0,5354400316.0,36346655873.0,36774742812.0,59825676843.0
038070,,,,59769474447.0,56430547567.0,69648587255.0
056700,17066333292.0,15406481980.0,18249618558.0,202973271273.0,226229112764.0,174746463907.0
042940,9992888811.0,18564236646.0,21812770755.0,15465120385.0,23631234570.0,119592210047.0
234100,38447348822.0,36689677243.0,20840644475.0,200836950567.0,166801224384.0,132146131023.0
086060,10467066630.0,9663788641.0,9840447002.0,76399849363.0,69451845731.0,65683963611.0
413640,17734444362.0,17132189056.0,12970133157.0,12847683605.0,11707312028.0,15586291768.0
038060,23026396685.0,24988672676.0,18695038951.0,157537764011.0,150859636315.0,149799821967.0
290670,6987513035.0,8250522567.0,6762838501.0,29602995126.0,29940410876.0,33109910414.0
256150,5149907097.0,5074503769.0,5481833974.0,61477220665.0,59673403256.0,54380552718.0
263810,9091260333.0,9105325808.0,8217257552.0,117485301861.0,113738005967.0,99942206574.0
088280,9725233344.0,7929164636.0,7695348621.0,15141624490.0,13588621916.0,11283106332.0
033340,42032578491.0,47935547072.0,44457110011.0,36650455930.0,40951524046.0,36822554662.0
261200,54434360684.0,52362476670.0,46773587837.0,64725055460.0,61066358662.0,47594808142.0
101240,14122744641.0,13854385573.0,12010527219.0,32192665676.0,35997409225.0,34059638609.0
043340,4171736347.0,4434089232.0,4974295507.0,51767573225.0,50323047848.0,49885799037.0
086040,10689264880.0,11435936621.0,10086476033.0,41137151958.0,38784149947.0,30731549745.0
452200,15948773558.0,15355968339.0,11099332945.0,13867271397.0,16466655906.0,13048943522.0
064090,9665253012.0,4600663737.0,3485264560.0,3625814886.0,2913783876.0,3961540722.0
097870,7332608642.0,7878860675.0,9969305682.0,13585744453.0,15921747738.0,18971992819.0
025880,12085552031.0,11761066517.0,9558808599.0,94896510271.0,80824754626.0,75087926417.0
066900,30357518939.0,25870047754.0,21377128061.0,570658039670.0,493374291127.0,395179111266.0
046310,31585474582.0,27861961754.0,24323908606.0,110546321694.0,111897440035.0,129315160780.0
171010,7673866552.0,6774186570.0,6944596810.0,35962892396.0,39380038487.0,38983743890.0
122690,131399866504.0,108333333857.0,87690828252.0,2783642537046.0,2444282541724.0,2290481167888.0
049830,8740935366.0,8604926355.0,8108763522.0,130530880679.0,133542546278.0,133241768744.0
153460,6500948971.0,7573262205.0,8070693446.0,10075680551.0,9241655140.0,7473943487.0
060850,29753415377.0,26485984480.0,23836532166.0,45910465950.0,33845957180.0,28783182478.0
044960,10530381086.0,10565671102.0,11219671067.0,28532986796.0,27684125138.0,28248774826.0
019770,4104987366.0,4240489288.0,4455838231.0,191045350053.0,168863969075.0,161647832788.0
250000,25771099402.0,20189955321.0,17209565021.0,67377617837.0,58401110160.0,46632721860.0
219420,4303648434.0,3672619416.0,3271835011.0,11452562221.0,9510616139.0,9523649640.0
221840,7741216540.0,8450169387.0,9812945974.0,72278895573.0,80328945909.0,75494394727.0
100660,6354606719.0,6106833766.0,6510853121.0,40102359684.0,37558169868.0,38712513356.0
014570,19687354571.0,25262694571.0,19324050059.0,35908303269.0,38600273802.0,44025041345.0
051490,21152800611.0,21775995963.0,18757157795.0,163560163425.0,177058981793.0,201531781477.0
263770,3877916069.0,3693465323.0,3894757773.0,51756551588.0,62784428653.0,81183323502.0
186230,9418940791.0,10042727979.0,9896870469.0,97248285116.0,75154282656.0,57185363578.0
177900,6968839752.0,4378037492.0,10739310489.0,10212111458.0,11986825273.0,11372831045.0
042040,54904324240.0,6968396951.0,15306552866.0,39174065726.0,26237580515.0,44654734270.0
090410,15400138670.0,15767387830.0,16845584888.0,91162302848.0,120069415477.0,172286063040.0
321820,10304194935.0,6024564288.0,12275523908.0,40304642231.0,18388834694.0,12274452188.0
065440,16207368390.0,15906286552.0,13630589053.0,43819331613.0,49515815524.0,39368406902.0
221980,7917479361.0,7877959581.0,6881747234.0,,,
184230,26268420159.0,21676972482.0,21382728233.0,20543276644.0,25353456480.0,23561768237.0
369370,13872856065.0,13311601072.0,8424847390.0,25381233155.0,29574081236.0,8602636718.0
057540,16712491351.0,16052242969.0,18527115079.0,81338140401.0,87082993740.0,72596713837.0
208710,8282009721.0,8117039408.0,7872524330.0,120499160644.0,131004692316.0,118858501948.0
050860,19653955662.0,22231196689.0,20047969095.0,89654587009.0,95208658208.0,91709509354.0
046390,3969250393.0,3550322185.0,3675421699.0,34845068012.0,42497999744.0,60516192932.0
318410,13280343511.0,19302759191.0,15297590183.0,32175579153.0,35630167770.0,33843724409.0
352700,15893955415.0,13107823761.0,19404793693.0,57034725374.0,58476812160.0,59376690878.0
215380,14007198722.0,10901369134.0,10749968607.0,27483990332.0,30513765515.0,32325326699.0
387570,7183527167.0,5734501734.0,4766826175.0,4919502434.0,4255051490.0,4513690438.0
290120,35638173078.0,23885518326.0,25367325905.0,298030771959.0,229970068476.0,194450308201.0
006920,6174859502.0,8569870136.0,5332939623.0,77945318134.0,89177735913.0,93932531156.0
260660,97841971370.0,100415769231.0,102926669793.0,96904872514.0,90640298296.0,76975397062.0
173940,13678462604.0,14584962844.0,13762822322.0,89304635612.0,75821016906.0,84323977441.0
045060,20904265794.0,20113482236.0,19095176323.0,133545706445.0,134255193082.0,129153274928.0
284620,6638722279.0,12749736044.0,17016836048.0,971843190.0,168502780.0,62090703.0
024120,14367335215.0,13443290508.0,12541983094.0,192097555012.0,192152806059.0,187139501679.0
393210,11606067644.0,10544503088.0,7941161081.0,18030853476.0,14482893757.0,15806567344.0
196450,15038936326.0,17418402493.0,19931978538.0,237885493012.0,259457412059.0,287083369855.0
052600,2977640057.0,2891419277.0,2668530734.0,,,
068940,10566608509.0,7821057248.0,6253690639.0,28367719655.0,27598654630.0,26235337433.0
204020,117351087643.0,108135428275.0,94548020768.0,76513698686.0,74294557530.0,70431325159.0
035460,14324100245.0,12130313590.0,10499385620.0,77071619937.0,76001025307.0,58975087679.0
332290,24640066483.0,20832974033.0,21928124825.0,75424417698.0,74518277292.0,62506021629.0
203450,18247818760.0,17153425598.0,16051523586.0,32055434590.0,36749819662.0,33763256121.0
206400,6701791777.0,13417166438.0,10245440902.0,3434401117.0,21582234326.0,6684598658.0
081580,14108459258.0,12378428007.0,13319194272.0,164647779322.0,139617274702.0,140353604248.0
270870,74308084127.0,89119078802.0,108613504976.0,29048357378.0,27921050824.0,32240356153.0
263050,19323353806.0,27133549006.0,29915521707.0,9890175038.0,8901473733.0,
032960,9116673706.0,9212658839.0,9202100806.0,12496221607.0,14706189960.0,15610175194.0
133750,18750804639.0,19618142786.0,23973134785.0,14026739083.0,14636903864.0,16007319270.0
348080,5262447516.0,11886499535.0,10502607372.0,7529471715.0,8206713343.0,7459286548.0
057030,18114413867.0,20010860989.0,18985941027.0,32769964129.0,35524593793.0,36373059713.0
039290,18176820848.0,19404331687.0,15446351257.0,121123302890.0,122589052360.0,123614510492.0
026040,46540382804.0,50449128494.0,49743134779.0,24995732722.0,26587781247.0,26202039173.0
317240,14213713643.0,14479438043.0,20066417784.0,11794134361.0,14514628048.0,19209591730.0
446840,13122988072.0,10227737197.0,8389508732.0,4816806230.0,5113148290.0,3730785961.0
045510,10545469319.0,10874737687.0,9504954641.0,188416984496.0,182013508699.0,167401012189.0
432430,11525389065.0,10156188369.0,6440952877.0,34282163132.0,23329868927.0,17456244069.0
065950,58829854536.0,53468358311.0,45552016459.0,221247567414.0,273477347245.0,375483552791.0
363250,7225486119.0,8296012382.0,7898414282.0,2846244685.0,3027671391.0,2483108142.0
064480,6141396391.0,6354857780.0,5859710230.0,43225204184.0,40461262118.0,43521096710.0
066360,40190022276.0,39388495585.0,37296447943.0,336763490953.0,340625367967.0,340683778807.0
060540,19043696697.0,19352066001.0,17517783070.0,136777852990.0,132373046535.0,129921905912.0
121890,2523451392.0,3657551213.0,2142028713.0,25169055905.0,16570694260.0,18127128893.0
220180,6230140319.0,6108700635.0,5578203934.0,21778968581.0,20661992334.0,19183314196.0
033540,16417693554.0,17055936170.0,18534619412.0,,,
335810,11801063555.0,11548552441.0,12496466986.0,13506250933.0,12951729934.0,12705289844.0
109820,7009785033.0,7454817945.0,7452383724.0,4312681137.0,4205680026.0,4910157754.0
007530,22680606563.0,21382159825.0,20297862971.0,150479461736.0,144711681882.0,141830645025.0
127980,10528068742.0,9063492274.0,7490535765.0,72746688556.0,72342853230.0,57414766070.0
033170,4018599587.0,7191061843.0,8678674053.0,122859722592.0,136793712728.0,191805135019.0
159910,5097027423.0,5144805646.0,9384754185.0,8765923797.0,7942039709.0,10616547536.0
148930,6413956866.0,5643211651.0,6002673312.0,26838916972.0,26254586615.0,31058226299.0
239890,7071319050.0,7531394198.0,7462282090.0,20853631904.0,23525635645.0,26212410067.0
419120,10532115918.0,9652979351.0,8619419218.0,4981593971.0,3234123017.0,2786147419.0
021650,20279320932.0,22905850400.0,18931627882.0,199013821920.0,217806583548.0,222517390749.0
049120,9594642706.0,8989380085.0,8732510674.0,60281309470.0,56764047709.0,44373708104.0
064520,5502098177.0,3923581408.0,4689103328.0,18251367308.0,21753587308.0,21782953466.0
452300,3776205462.0,4541223899.0,4784940862.0,,,
464280,3738495010.0,3992263365.0,2924696616.0,20117186742.0,19796849039.0,22108243546.0
434480,9957569785.0,9253373584.0,8432229670.0,8267697023.0,6299619015.0,5747200855.0
311390,24212424236.0,12193785352.0,5423075265.0,52322475552.0,28810549297.0,19164827591.0
296640,,,,10415658078.0,10797776901.0,8216688100.0
128540,22099028391.0,16253238372.0,18476421178.0,132904587112.0,102678889423.0,113474610282.0
037330,36789420381.0,38221200736.0,34492027174.0,667921069048.0,683518840537.0,647520007599.0
263920,7386441590.0,5363917571.0,5605220883.0,42437986723.0,36918054700.0,37978573218.0
469750,3808141417.0,3680811038.0,3169631205.0,19583795189.0,29104649396.0,17300962761.0
089150,2854590277.0,2342415640.0,2613506268.0,16200404548.0,7718465894.0,11364708431.0
025440,22368437382.0,16817185764.0,18751749493.0,476913552388.0,353217156793.0,371604063687.0
071850,14762841666.0,15915303661.0,15478305235.0,146522959653.0,152910623379.0,166551904405.0
053950,16878361157.0,18167863981.0,22884463192.0,40797787414.0,43567029939.0,40005734423.0
254120,11578627562.0,9149635313.0,7608021562.0,20236714521.0,27256804077.0,20259678911.0
131090,7785569191.0,7288812866.0,7872161473.0,1338562321.0,1366007529.0,2120391853.0
038950,24986883412.0,29885123104.0,29955614158.0,42446456693.0,45494371702.0,58431329507.0
200780,28589235302.0,26545445097.0,25597981650.0,45214119978.0,46768983325.0,43147558381.0
099220,19805420020.0,18608071531.0,18129583106.0,66222145305.0,67363853106.0,61922934716.0
068050,8715947001.0,3014635050.0,3239930199.0,29934230197.0,31545043407.0,116196140276.0
089140,18181384595.0,8086275880.0,7951415646.0,49977720871.0,24800119612.0,32039200666.0
099390,13016412820.0,10699600454.0,10733713467.0,9959661929.0,12286229011.0,11747426657.0
318020,32299955691.0,27584916912.0,26061505340.0,51897703026.0,51118543000.0,49327155677.0
087600,17721339872.0,17923213864.0,16633405188.0,30616340771.0,34712350428.0,40318011749.0
037370,13919365044.0,14494763537.0,16486584211.0,50996964671.0,56184701624.0,59664403416.0
105550,17181473217.0,8602533572.0,7529915069.0,34749489181.0,33766665160.0,34346247976.0
033830,5751674853.0,5445040464.0,6455195657.0,35455139595.0,33382663716.0,32913271136.0
290090,9102336679.0,7463392008.0,6947066065.0,16021494275.0,21216444147.0,25536130174.0
290560,5564064237.0,5336242690.0,4996257866.0,4801624284.0,4108144890.0,3929282255.0
080520,3171673935.0,3059630816.0,1834714985.0,37064764710.0,40303746386.0,37382222255.0
232830,20007700124.0,7460808428.0,3719148487.0,249846303081.0,98532077666.0,13783049153.0
050110,26836828106.0,25849868952.0,26485823426.0,474369308335.0,364064486861.0,466924883216.0
106240,17388006627.0,20354149254.0,18451003905.0,31901234530.0,39150035401.0,39877504309.0
088340,13240687468.0,10639475276.0,9109992204.0,37288074915.0,34971515467.0,33536036477.0
271830,15476437341.0,13725505328.0,13886699206.0,27392171947.0,34357547724.0,71429821427.0
462310,25062130727.0,23294261993.0,21280628801.0,23248706527.0,22541349071.0,21990384963.0
258830,8070964578.0,9049608447.0,6383198718.0,8199630611.0,10374838444.0,9418261245.0
305090,12810470273.0,5915598814.0,5292181255.0,9203545480.0,5337790779.0,4667421518.0
197140,14331690151.0,9065784801.0,3579513030.0,54830929665.0,24545110641.0,10630585306.0
022220,15563065396.0,12857661941.0,11521738602.0,60003534373.0,49234932268.0,62186802980.0
187270,9512479545.0,9822262647.0,9119067982.0,39121074291.0,35183558591.0,37910513645.0
012620,16386329545.0,14535040257.0,15174115406.0,369364460977.0,352786715678.0,351371697445.0
452160,3705982652.0,3396640432.0,3341525762.0,11020538436.0,9271806368.0,8682265711.0
043200,10149144127.0,11580378915.0,9771469090.0,21369657217.0,28297796501.0,34349462560.0
407400,41012689683.0,13858639094.0,10527809669.0,49628757335.0,25231201712.0,21036026437.0
031510,23813821088.0,21959106592.0,21272128953.0,100586690412.0,105471329141.0,110799470824.0
020180,15137480409.0,15389850675.0,13624139793.0,178624959639.0,230517007827.0,210688226087.0
093380,9375744699.0,8941449514.0,8362275327.0,80168933877.0,82937223636.0,83722211552.0
097780,17555310348.0,15679499842.0,17293143108.0,198791434475.0,207938518831.0,182025466632.0
246250,2167961945.0,1981333858.0,2080433482.0,5921406054.0,6102341016.0,5911933144.0
215090,4546325467.0,3046868714.0,5681812765.0,20890828329.0,15676896836.0,12940716670.0
091970,12570131678.0,13873616925.0,8625845872.0,37803567686.0,41458760401.0,35619366914.0
079170,6391204095.0,6506671715.0,4514585160.0,84286187576.0,79364021954.0,60867651017.0
297570,9598136732.0,7900778002.0,6194132267.0,26775762016.0,18238931517.0,16139181545.0
078590,8625170213.0,7933438225.0,6333583353.0,55502051016.0,58401201644.0,52515672729.0
193250,8473481985.0,8138863453.0,7635431174.0,9191644104.0,12000341320.0,16964326267.0
360350,7000170036.0,6269972932.0,4672757557.0,7918850148.0,8696767350.0,7554558353.0
351330,9897629025.0,8768077219.0,7785136230.0,76270818451.0,64225680730.0,92595955994.0
318010,8731899544.0,10777199641.0,11528576813.0,4669478430.0,6205859747.0,8233177367.0
096630,21531386925.0,27318149588.0,29601884537.0,243882946514.0,251501404531.0,226965371187.0
458350,32666396504.0,33528643708.0,25218678836.0,23034644.0,35089011.0,11456278290.0
276730,9490388823.0,10616823570.0,16623146271.0,9303521320.0,12486727079.0,15538028067.0
195500,15015160644.0,13820660344.0,11846842251.0,89257437247.0,90037012578.0,87266414399.0
363260,21598858569.0,24503234522.0,21701874873.0,18253643055.0,12414038855.0,4091629268.0
464580,7795662595.0,6147434120.0,5264784752.0,25923118963.0,16459052251.0,12705885362.0
376180,11662125192.0,9541404479.0,8508020159.0,19914600058.0,19766149484.0,17675126326.0
336060,16603552734.0,12975133256.0,8051704817.0,51607683106.0,41712147986.0,35644096794.0
032790,14651643650.0,15543667043.0,9870316191.0,24213526239.0,24177262630.0,15711573506.0
262840,10877597293.0,10372093146.0,10889603518.0,28411503229.0,26848123227.0,25564462424.0
075970,14880194581.0,15099793547.0,14962048766.0,92476349492.0,94122391367.0,91343550418.0
038620,17743869070.0,19011795860.0,10892997468.0,93051360249.0,82840253240.0,44464554321.0
079000,7493142645.0,4699178349.0,4841685905.0,-10948512007.0,-13045586015.0,-12926344605.0
066910,15369697813.0,10923986431.0,14110280858.0,88307776636.0,28689105164.0,45734069614.0
119500,3199072628.0,3827466512.0,4057158292.0,45975756642.0,59826694877.0,64894515839.0
239610,19614114065.0,17179392165.0,20590034052.0,8143170091.0,10344038806.0,9689865857.0
069410,14184025919.0,13525778078.0,16353665070.0,50415086931.0,34595825313.0,31747263842.0
026910,6451011440.0,7597479915.0,11329759428.0,54688969308.0,58253355098.0,49393153809.0
365590,12048818051.0,9014567364.0,10248894019.0,1451925735.0,5995919263.0,8849155795.0
101670,6336934019.0,3849961674.0,38751755710.0,12093998275.0,5085737448.0,19934244079.0
008470,17245190990.0,14062074344.0,13958879495.0,101703276941.0,91889219654.0,85561261797.0
013720,5555519505.0,4453592625.0,7400654849.0,18590257369.0,18587028310.0,23171230053.0
364950,9650748100.0,6608380643.0,5728329602.0,74479774582.0,99133031901.0,66651247461.0
069140,19676730317.0,19311988747.0,21722284596.0,93005342114.0,92129414490.0,124789269708.0
017000,17739203315.0,13796895720.0,9791320729.0,184971812192.0,230999059095.0,296835306196.0
310870,19218638009.0,15596769987.0,16956675663.0,86697165215.0,79612096119.0,96320205079.0
027040,7230949108.0,8230002367.0,6752626907.0,28107500374.0,29822649275.0,31590685300.0
031310,38822587225.0,32867796428.0,29180324438.0,152175929994.0,148890052664.0,155002583596.0
109960,3764733268.0,4398141229.0,4792676042.0,8328918510.0,11035217427.0,11025330314.0
115480,17699869678.0,13743990197.0,15462090790.0,19709836743.0,19084332006.0,21400428918.0
388610,8123374190.0,6172623970.0,6104977873.0,9205144724.0,8927306529.0,8625681684.0
053290,33883625199.0,45198034408.0,44620613012.0,27749162182.0,27583747201.0,33464353810.0
406820,8089642466.0,9478864671.0,13264625803.0,49991284289.0,72605109481.0,73715622907.0
045300,1771807478.0,1797540939.0,1822991168.0,35799625030.0,37363468491.0,31510537803.0
057680,10798423890.0,19799557290.0,13737041602.0,25303704543.0,33062467928.0,18648678780.0
043220,9258643692.0,10343364764.0,6158456775.0,11151368996.0,16875314409.0,22111582764.0
103840,17442025925.0,15817778391.0,17112766798.0,161668201094.0,159988790752.0,172882040202.0
160550,25346786768.0,30834199733.0,30380014848.0,114652031413.0,101367587420.0,104350353140.0
450520,18081397036.0,14710532320.0,10876213753.0,25731786294.0,19295801537.0,16546543016.0
430690,12644823775.0,10584137297.0,7577254797.0,15560600429.0,12647155159.0,13889503912.0
131220,16894033593.0,15625015089.0,15859140278.0,58653827027.0,51840942026.0,51532564349.0
068100,6063279101.0,5603410396.0,7289357928.0,13360303687.0,12045907762.0,11564243353.0
130500,8403434219.0,8168074268.0,7616060910.0,72377459522.0,67889407064.0,70710121699.0
032860,8942095497.0,11243977305.0,7431242997.0,43698024583.0,56915019582.0,47088528856.0
290270,13229538105.0,12414297478.0,11629368062.0,19698106737.0,21324791234.0,19848481215.0
058110,8942273033.0,9306646247.0,12002397304.0,5132612588.0,11554424893.0,15132744488.0
215790,30122006154.0,43467997955.0,33242259296.0,22754001212.0,25160377652.0,29510475073.0
007770,11458106026.0,13514038995.0,12633693408.0,124946627024.0,118338910567.0,118708594860.0
328380,7569595697.0,7042406789.0,5055887288.0,55538480764.0,52536414315.0,44373617075.0
356890,9827797880.0,9207439315.0,5077322727.0,23483958594.0,27315713062.0,18322287476.0
900310,,,,171891000.0,195850272.0,167741871.0
188260,7483912095.0,8308952997.0,9337909449.0,12244830312.0,12993501126.0,17324688227.0
016920,46888554786.0,43480239454.0,41325735911.0,112170255482.0,108914377456.0,109748079620.0
032750,16543159680.0,15601969438.0,16702317529.0,125956931035.0,136314306806.0,137818292491.0
044480,5948539770.0,7561967642.0,6436332895.0,20195394806.0,35289797995.0,23165220100.0
054780,2530749534.0,2882963204.0,2642667565.0,17111450381.0,72307519621.0,50856259211.0
900070,19436094.0,20212535.0,19343390.0,65672604.0,66042708.0,62912277.0
067010,14958385615.0,14666530090.0,14090519842.0,61081225098.0,75664189467.0,82290328682.0
368970,8804124109.0,9250457950.0,7610332711.0,17859321600.0,21117622029.0,25515824311.0
070590,14490163763.0,14770677529.0,16722976605.0,49281096476.0,36999439656.0,30990955616.0
267790,35821781810.0,37487103353.0,32006265009.0,16725652315.0,17878515960.0,17653814585.0
177830,13687680261.0,12592570857.0,11073278905.0,116283431012.0,112106636586.0,107919696667.0
368600,18444992131.0,18350167843.0,16334680865.0,42899193659.0,49447660380.0,36919109475.0
138070,10622471522.0,9538606560.0,8138171097.0,44196200563.0,43783328758.0,47611445716.0
475660,,,,17341470221.0,25201286240.0,18620141071.0
033050,7728643704.0,7232595776.0,6068380058.0,78005613175.0,69158689169.0,64053114525.0
048470,6048511475.0,5762421228.0,5296584885.0,114281658693.0,135891236413.0,134761955415.0
225220,12167275611.0,11531350442.0,11612529660.0,5878991451.0,4768360088.0,5240155621.0
080530,8324992707.0,8643224111.0,9640165911.0,64452078691.0,68227295289.0,70375650644.0
096690,20419721805.0,35025491609.0,16159198037.0,41114161216.0,54376185724.0,53136738201.0
464500,8873056781.0,7698819244.0,5841323956.0,6828261805.0,5548347303.0,3906766288.0
238490,20741455159.0,18308621532.0,17502692957.0,46926825544.0,46724670381.0,29719522375.0
007720,30639482484.0,27965808581.0,30992503981.0,130169052252.0,104287382140.0,128714741367.0
123840,46960382187.0,15301670360.0,18858440.0,14581439573.0,4991495765.0,0.0
288620,10713485916.0,8846392011.0,10269218340.0,20085466972.0,28957050003.0,24738009339.0
198940,10345095194.0,16565470073.0,12177981707.0,247785895150.0,242857446451.0,222378894969.0
076080,22957071280.0,13842844565.0,6781016932.0,161865980236.0,246097880017.0,325198326654.0
373170,2553467604.0,5705622021.0,4376266398.0,22181052662.0,25000580273.0,18019852669.0
001810,16679429637.0,13947735278.0,12776470547.0,187213601294.0,162259586022.0,156606959548.0
091340,55729705878.0,40773068521.0,36018211774.0,238791073427.0,274072833038.0,212226531560.0
038530,11132611457.0,11004553216.0,4247618036.0,74656698833.0,64716548276.0,23638506651.0
134060,6821377029.0,7250459499.0,6408405506.0,3438235059.0,3042353789.0,3089941340.0
038870,6086832919.0,8016328054.0,4900394219.0,13813984207.0,12365051860.0,13491811599.0
115530,7200773627.0,8700312763.0,7833060826.0,46048990007.0,38829328184.0,27467293667.0
377030,14606554656.0,24200932464.0,16944407427.0,23187893413.0,28854759033.0,
114630,8744395867.0,9725708040.0,9227653614.0,85290360382.0,68084714854.0,63351434983.0
300120,35688678041.0,37141541294.0,17150682690.0,204343895883.0,199299220289.0,5456557161.0
333050,6082405172.0,5883950956.0,5167787466.0,21903141462.0,20050424247.0,18715519353.0
073540,4441446597.0,5095578093.0,5916713941.0,19902634937.0,23849416171.0,19389923606.0
035200,3803455453.0,3670358511.0,,21871080116.0,24365112225.0,
200350,3783374398.0,5171928408.0,7128029840.0,13842398665.0,29456299368.0,42523087222.0
318000,4820286895.0,4747659229.0,2939502362.0,16774603903.0,17010537102.0,14339789501.0
060380,16517965763.0,15672577755.0,15430317641.0,179489494863.0,172213844063.0,189050505095.0
462510,14991225717.0,12018826369.0,4425075589.0,4039874875.0,4219780248.0,2018796252.0
227610,18047602795.0,18663730625.0,14722387019.0,26148296296.0,19389987180.0,17812940805.0
424760,8556424344.0,7947121967.0,5284214752.0,25948520846.0,24884404410.0,21476440546.0
146060,7218552268.0,7875857033.0,7468317776.0,66952565654.0,65133455610.0,61024203160.0
039310,13835946399.0,13205167556.0,12672731863.0,22824061592.0,23682593317.0,22446847467.0
083660,15834703455.0,15980600497.0,23063471777.0,17729615657.0,24174229690.0,27430849133.0
208350,19530902207.0,17598829410.0,19010649320.0,16913769630.0,15141541504.0,14434169100.0
044780,14588108469.0,14174743955.0,14042138851.0,39989078824.0,42478864829.0,51753391192.0
083640,6956455705.0,6569212797.0,7110238358.0,42168596942.0,40938842757.0,53761711226.0
257370,1129973373.0,2310941876.0,2537526746.0,12077157834.0,22726535649.0,23554643082.0
090150,21697498750.0,23845111052.0,21713842054.0,87337116139.0,87572117902.0,80207235289.0
054090,15739221079.0,16528788779.0,22768704664.0,122577098238.0,135220113006.0,179182285006.0
039740,15316792647.0,14158367664.0,14640325827.0,130549694601.0,179321772716.0,100864578966.0
051380,16561000049.0,17025965888.0,14500006258.0,352195889676.0,314890683195.0,286960172343.0
101680,7362587290.0,8463551280.0,7281714308.0,30735536412.0,53164772642.0,43460842512.0
052300,4474521408.0,4082964488.0,2882064988.0,5547305138.0,5986036380.0,9664418882.0
085810,10127509883.0,6442592047.0,6133804223.0,39857711113.0,3260484853.0,3371433569.0
440320,63121500290.0,38167118796.0,23789366399.0,27911955233.0,12504533643.0,
290520,7908459594.0,4380120258.0,7494708000.0,22207169410.0,10313834095.0,15771248966.0
222980,26498635272.0,23891441774.0,22009654960.0,70915654490.0,64369350755.0,60576244733.0
0010F0,6411059069.0,4610359326.0,5434002598.0,40663129058.0,30356568960.0,27647891269.0
237750,7042364459.0,5204116534.0,3204870570.0,20546776161.0,27738111458.0,14762209219.0
063760,7090233946.0,7460023049.0,8436052868.0,17919838336.0,24750569268.0,18609700740.0
065150,3935363647.0,5116571241.0,7624281824.0,102374796662.0,95040716624.0,109048318683.0
347770,10384890662.0,9282300091.0,10824939820.0,59111677602.0,56305893274.0,71834110693.0
298060,8935665330.0,11634253173.0,13336368800.0,19431978546.0,498300108.0,356997301.0
016670,18673790120.0,16865755340.0,19810300169.0,333846364.0,780572384.0,8629973750.0
188040,16525160178.0,15735944766.0,14205050910.0,53524541181.0,52370303122.0,49574848583.0
060230,17282671478.0,22465178338.0,20467859189.0,52892234639.0,36964602760.0,38372939295.0
095910,24400273446.0,35557620868.0,30482934846.0,96707311728.0,126812660191.0,136234675806.0
169330,9893135546.0,6936884437.0,6261834139.0,47525693607.0,45098511497.0,43970348228.0
301300,14319296436.0,16821734459.0,17480923287.0,8445284604.0,15511769548.0,21722150485.0
053060,,,,165856390376.0,148063395195.0,142727423140.0
131180,7834909447.0,8580570976.0,6903288334.0,21961509659.0,25477370957.0,18413381783.0
032800,7762657916.0,2420828165.0,5285813291.0,38461444250.0,71453674509.0,38154955966.0
378800,15745786961.0,15159207056.0,13443552735.0,321075218.0,0.0,0.0
013810,7002193931.0,7079045477.0,10246279518.0,31423358767.0,25805875140.0,16890066168.0
258790,15610254657.0,13761706735.0,13779340130.0,7129841813.0,4956588355.0,7274579747.0
130740,13780852855.0,14561482428.0,14666233286.0,68884939384.0,66762601517.0,67648353003.0
154040,4992009629.0,6389820649.0,6914222337.0,22925969759.0,24950878841.0,26623849443.0
123750,7984701415.0,11178595690.0,10700192462.0,23947277031.0,22495643955.0,30630678592.0
038880,13514116250.0,13518512666.0,19527104042.0,34987089716.0,43645205917.0,49871415060.0
415380,13830383485.0,15159194819.0,13412361230.0,79271814663.0,88780691031.0,79208728972.0
032080,7069495884.0,6843997237.0,7106194138.0,22700752929.0,27976961274.0,30058414474.0
187220,35531315736.0,32216870146.0,36139286592.0,90900511536.0,85431054578.0,81262822853.0
241840,7754428354.0,6102423319.0,6760545418.0,11313497649.0,12194053428.0,43170406343.0
018680,32782392101.0,31400850435.0,30374741406.0,20646328243.0,20651001630.0,20870999253.0
033200,6402319240.0,6720135459.0,5787824832.0,28256507110.0,26034120584.0,28426437471.0
084440,15827084831.0,14383180995.0,12788537012.0,16446894826.0,20920268859.0,18658176361.0
372800,8995853328.0,8005285843.0,9701729876.0,74452847745.0,71406292685.0,71635605976.0
153490,44003271396.0,52867237686.0,46397160763.0,76921044100.0,87118103268.0,90520392133.0
238200,6087013549.0,7776491346.0,7766595918.0,12188874432.0,9065160717.0,11211321644.0
115160,82430581759.0,91205696684.0,96137578772.0,340952537704.0,438152714809.0,532781147597.0
353190,37319977958.0,34471986076.0,29757635889.0,59816459085.0,62644093650.0,54894103426.0
109670,34432232165.0,31188469633.0,29556190659.0,135138855452.0,141414132027.0,121953869678.0
429270,3576019146.0,4040141925.0,3655374790.0,16758495885.0,14417702516.0,14300785787.0
148250,10625078086.0,7433636567.0,7573149438.0,11460736946.0,9557801667.0,8563319158.0
067770,3111999303.0,3264348769.0,4154385963.0,8991794563.0,9175943540.0,8717143116.0
405920,35143330145.0,40161191357.0,37975578106.0,45980921753.0,46024100099.0,47153241265.0
317120,9694676960.0,9615828017.0,9545669719.0,3824838943.0,3516469161.0,4954738812.0
065690,17315565212.0,6757397540.0,13392300165.0,48919915080.0,58360028315.0,59759765128.0
432980,5144773181.0,5611285240.0,3884009100.0,15358066509.0,13533508510.0,12706077887.0
403490,8516147697.0,7670079670.0,7189066999.0,56044206422.0,52683148160.0,46034424758.0
016100,17835187795.0,16660654741.0,16926040174.0,57568163443.0,59740810113.0,56663832176.0
900110,63622134.0,77541579.0,75059994.0,244679815.0,271779369.0,233985517.0
195990,12922953261.0,10904466561.0,9880931937.0,28411930195.0,31046782070.0,24106709849.0
054940,21722787716.0,22300196486.0,19271174886.0,152202179955.0,171495817109.0,152650004667.0
032280,6527756035.0,5811710222.0,6056174404.0,91332920854.0,96823304899.0,91890700340.0
215480,21974695374.0,23677227006.0,25429001281.0,17720942430.0,18749585110.0,20272390943.0
101400,18014794160.0,11945552379.0,6144303828.0,21408493465.0,26825677153.0,29304142884.0
098660,45046613096.0,43370424481.0,42653875321.0,27850050335.0,26335672479.0,27841446742.0
277410,17454357472.0,17154227032.0,17732452495.0,16043813723.0,14516289301.0,13826405589.0
067730,2088526017.0,1919597094.0,1847107893.0,43568096535.0,38546519341.0,34061901807.0
017250,16631248905.0,15971515241.0,5603395126.0,39434334816.0,39962478499.0,34587151158.0
340440,6781537160.0,6467335713.0,7092134200.0,40294545035.0,45870046381.0,46854334460.0
398120,5648911435.0,5831404224.0,4864171958.0,17484834938.0,10946328123.0,20667882463.0
373110,8897074215.0,7938354144.0,6849241063.0,3903681543.0,3325884164.0,2980492401.0
200230,9486059738.0,10379524779.0,8622011208.0,32957145971.0,27556305612.0,26719876965.0
019660,5460614227.0,1946745685.0,5344128119.0,12317694933.0,15138129176.0,18959599314.0
431190,8412066006.0,5896875727.0,3497055776.0,11733943379.0,11729203300.0,8446030492.0
219750,9619235527.0,6795521434.0,5761037370.0,25263177721.0,22351857456.0,24334823308.0
069330,4277653749.0,4693604541.0,4837382353.0,44111136946.0,48620533310.0,48456931003.0
303530,31074821738.0,34929103407.0,27211619699.0,42565908524.0,53780793744.0,56185598380.0
192390,10013676841.0,9132981016.0,15421176246.0,69068885418.0,92000882703.0,120012294198.0
362990,19837826450.0,15825265809.0,13295412737.0,1341557024.0,437134664.0,0.0
080470,22116664406.0,19337084828.0,17895040455.0,209797152793.0,168716146722.0,147321018140.0
274400,5195382344.0,5715850811.0,5709685938.0,11046114410.0,8433665380.0,13929702886.0
115570,9867656925.0,9170591848.0,9540084337.0,82220817944.0,71138031133.0,64567388244.0
252500,18485337280.0,22373342655.0,20499189057.0,18532972701.0,18754171137.0,18760009347.0
021040,13265773841.0,14415921512.0,13313051479.0,261787897445.0,279306709741.0,285585986768.0
361670,4581837317.0,4182406959.0,4812288459.0,8092251405.0,11332475659.0,10373975396.0
065370,-6932463292.0,-6541735183.0,-7079732267.0,30539859971.0,27558991676.0,23414095979.0
054220,6506101710.0,9165335742.0,8366972484.0,38247642373.0,22630944247.0,18242842513.0
275630,7766183990.0,7171033362.0,5819299124.0,4962419442.0,4744203674.0,4733933404.0
419540,5373257347.0,5003249168.0,5239017378.0,12821860453.0,14940160606.0,15781948361.0
065060,59876354976.0,65858490112.0,74968719779.0,51399354934.0,59243312445.0,64080286299.0
342870,38959435973.0,33715172882.0,31147761194.0,56131953632.0,53720741095.0,52408091154.0
191410,12362694157.0,9669661420.0,5228995412.0,33984842119.0,25008490648.0,22873821277.0
377330,21260685816.0,11526841988.0,8762482828.0,10613436165.0,28999426678.0,30397513915.0
043590,3071502516.0,6986927348.0,4489267118.0,20382657891.0,32808541771.0,15448177818.0
034940,28472448259.0,30848137795.0,30595671291.0,37436993280.0,41495013572.0,39213050161.0
073570,7662930095.0,9763837573.0,9001395805.0,,,
154030,2931330980.0,11485640044.0,11991784164.0,1573477612.0,15396922508.0,13726430833.0
455180,3700720006.0,3558304353.0,2553366360.0,18110610729.0,44465663835.0,10782827998.0
224060,5663345753.0,5063903355.0,8728036189.0,20433819198.0,21824366178.0,21885401461.0
043360,,,,12717819438.0,13326856871.0,10464074423.0
383930,8352324727.0,8196615746.0,5409782059.0,45136649964.0,39069487793.0,33301429514.0
054410,3238917119.0,3121126904.0,3037786220.0,35302018285.0,29423185694.0,30986675792.0
096870,4166316819.0,4123740031.0,3139364060.0,6573566538.0,6740786215.0,6136199445.0
137940,128003913378.0,39157821359.0,13110727392.0,27639996326.0,18355059052.0,16806803715.0
405000,9468598078.0,16571834643.0,21831363148.0,6615130080.0,11226239939.0,11658155606.0
032680,4798007950.0,7757362161.0,6526370645.0,50261006385.0,53518788231.0,55977459961.0
014100,24902469598.0,30739730752.0,33712017595.0,24970942829.0,27061439633.0,33603848108.0
196700,6389247401.0,6780446163.0,7660859941.0,31235714638.0,24203718385.0,26003938488.0
018620,16213201941.0,15901781234.0,14226535550.0,38231820102.0,39483190124.0,42979154326.0
048830,7104706643.0,5275218745.0,5027954959.0,75704122578.0,59920606996.0,56091226691.0
073190,7499203432.0,8220633864.0,8810132334.0,15615474245.0,18255518666.0,18748444938.0
083470,4907077492.0,4181990792.0,4070268322.0,15400161138.0,25177457342.0,20916758581.0
050090,5796931880.0,5690474533.0,3724659992.0,5224112965.0,9052671473.0,8296750277.0
024940,15308471733.0,15424411450.0,15433328106.0,39164395192.0,38603235581.0,39706310318.0
050760,12019207238.0,12123851081.0,12523394916.0,59300785823.0,67359623622.0,63271774446.0
900270,65016303.0,61658050.0,63468058.0,486214459.0,518567166.0,411916060.0
214610,7149614218.0,13216592334.0,12514597513.0,13670404911.0,10658083052.0,12228571602.0
088290,5496937326.0,4506065191.0,3605134652.0,49505127206.0,45516395377.0,42633930206.0
344860,6214909485.0,6004306554.0,6102985813.0,1994045441.0,2309804292.0,2771716910.0
027580,15383958293.0,19176515502.0,13104221560.0,43629157351.0,42681205076.0,50798046454.0
140430,6967695508.0,6373423946.0,6088674884.0,21470427461.0,23705408650.0,22037324643.0
900340,,,,687605107.0,718375394.0,615842368.0
113810,9488537884.0,9429563296.0,7282718332.0,69905195477.0,74588859966.0,74848261673.0
056730,11583466637.0,5897033972.0,4820469790.0,47186740238.0,62548722776.0,44468328189.0
031860,11068108984.0,6235270184.0,11961986571.0,11276391335.0,9428896776.0,9345975337.0
303030,15503947622.0,12270071392.0,12039360157.0,29428915010.0,41523502720.0,27075857766.0
365900,25517238653.0,26530973676.0,29061369922.0,22864096847.0,22347730922.0,19785576816.0
279600,6590122349.0,6910189059.0,7800612923.0,18423061747.0,9780803726.0,10224177206.0
306040,119131361711.0,126435288356.0,129135589530.0,60138362704.0,58633688278.0,59178527763.0
115610,6007428324.0,9163569626.0,6586741185.0,9202140797.0,9035201203.0,11826535202.0
060900,7293922394.0,5508280950.0,5442768357.0,11945025554.0,9794937652.0,16130932958.0
078860,6069526706.0,6114337659.0,6943792667.0,14181080457.0,24455741943.0,20979010467.0
110020,4123050339.0,4893967839.0,6114738226.0,9914146233.0,13220610989.0,10810685584.0
335870,20341769489.0,24403869798.0,25366445144.0,24408505433.0,20184661119.0,22174009646.0
069920,7753152033.0,11000646341.0,12188347571.0,22159968544.0,3822771195.0,4025449064.0
322780,7122880700.0,6575643184.0,7810864595.0,32871400391.0,64619009164.0,34030675770.0
020400,7257995500.0,7600525002.0,7729176407.0,94458777610.0,98416893160.0,124034656145.0
900120,39060285.0,59782951.0,110960383.0,207783549.0,214714758.0,228506433.0
006050,3581625192.0,4495811714.0,3430426905.0,55688022053.0,70012615996.0,72267925472.0
309930,22009740868.0,22600082158.0,17946005722.0,32740286284.0,27058122925.0,21036163921.0
065650,16421633672.0,8870557528.0,6628735741.0,64153061058.0,52563647968.0,37550107295.0
376930,20498526456.0,21915394337.0,16223873849.0,4702743072.0,2480761283.0,2648712470.0
103230,5257853472.0,4300945453.0,3773537048.0,42645439910.0,39373414720.0,36627378921.0
177350,7159456811.0,9995778617.0,10274474019.0,13066588435.0,23726043663.0,28522446226.0
051780,11978108927.0,12586438809.0,11900675193.0,44682415198.0,51175822595.0,67184783854.0
023790,3625780777.0,2686349525.0,4809037765.0,23027998172.0,15747705757.0,19975647133.0
225590,62727620680.0,61452532464.0,62173095913.0,35210257241.0,41492487218.0,35725763213.0
377220,60153246712.0,61415345891.0,61375453340.0,30611672582.0,30036424200.0,20768950274.0
037400,100702833378.0,109756034412.0,96680389268.0,963373677131.0,1133134245577.0,1164782908024.0
002680,12203417112.0,12614433147.0,13137127804.0,67272564191.0,68527713721.0,80796975533.0
131760,7343847984.0,8736895070.0,10638566894.0,41932499193.0,60413867856.0,38343859780.0
389680,4248476117.0,3979418048.0,3117156558.0,2611594999.0,4102342020.0,4143589984.0
354200,12071632417.0,14686241354.0,13286368756.0,17443951686.0,3516681434.0,4483406605.0
060480,1531561061.0,1498844979.0,1526569001.0,34964597904.0,31595222702.0,20305116622.0
009620,15607918881.0,21357153942.0,19908626396.0,262160232155.0,318988844813.0,407834096837.0
045520,13747623879.0,13256991286.0,12611948871.0,73316008556.0,72215384187.0,78947016821.0
142760,8384021000.0,10128164373.0,10744955761.0,9363219515.0,11040762309.0,12664211522.0
131100,14307407202.0,17973289742.0,14842999846.0,100641470380.0,115259928650.0,121901480626.0
223310,14749903362.0,10244829485.0,7213443505.0,11623382683.0,14720508178.0,12629493816.0
060260,12569662546.0,11215071112.0,14840804274.0,29611230739.0,29463816475.0,34121884573.0
478440,38624560.0,27758840.0,,,,
210120,2899296052.0,1931522937.0,1852071858.0,2576278945.0,12809369456.0,16236454886.0
008290,13397482779.0,16572752530.0,18447373209.0,10737203438.0,10848169727.0,12375123887.0
247660,3681826493.0,4657005049.0,4353501773.0,3600324831.0,8850845727.0,3391757458.0
240600,10475891935.0,9500901640.0,9159755012.0,25988016855.0,25556445503.0,31958211823.0
0099W0,-15371384.0,,,,,
291810,5066577108.0,4609858774.0,4770400686.0,3937783516.0,7561592780.0,10659402687.0
304840,7912910231.0,9065579562.0,16652117564.0,3315005701.0,2086843573.0,3048251620.0
352770,8774411117.0,27527270385.0,34876725985.0,993355379.0,9684001933.0,11118869024.0
289010,40408783437.0,48219850951.0,66340957753.0,49776752311.0,61347310954.0,67976443452.0
244460,7828503571.0,10396408356.0,18641262720.0,377559120.0,478961235.0,555139356.0
079950,6462493623.0,9799422678.0,12349780189.0,20557029794.0,22900456993.0,24491121899.0
065770,6402733845.0,5872595877.0,6004656591.0,18420274865.0,31499847242.0,29233671044.0
285800,5310677142.0,4816241805.0,3889695832.0,29768625325.0,32343848720.0,29374463930.0
481890,50269705.0,35745300.0,,,,
035620,5181984964.0,4801853972.0,10227770994.0,8698187788.0,4952866931.0,18266636002.0
489730,35646970.0,46541850.0,,,,
054180,7914844834.0,12083306230.0,12579110120.0,25992853572.0,28573652222.0,24954289606.0
0093G0,19343640.0,,,,,
012340,7537580975.0,7368015021.0,7537186203.0,82489410690.0,77991215391.0,82650575768.0
482520,97173940.0,56214417.0,,,,
0054V0,44902566.0,,,,,
065570,10519676435.0,12810597597.0,15872980705.0,22936395941.0,29225664334.0,23590886649.0
477760,32187733.0,56450147.0,,,,
035290,4907175865.0,5016274830.0,5588136239.0,5990382126.0,5063925514.0,5727518247.0
0132G0,16496000.0,,,,,
482690,38943610.0,25112931.0,,0.0,0.0,
474660,46617430.0,242521000.0,2751240.0,,,
079190,7210915969.0,8198674503.0,10100702229.0,39674638055.0,29769555202.0,51230399421.0
0071M0,23478800.0,,,,,
477470,44891110.0,37315460.0,,,,
288980,16985578859.0,14521836198.0,12276726232.0,12117496001.0,21182781245.0,12623088649.0
250930,8292336346.0,10900618847.0,12888142716.0,30396863503.0,35952702847.0,40027068476.0
001000,614135899.0,604269109.0,612089345.0,2488613923.0,2648259081.0,2773897454.0
084180,57451982911.0,22342322866.0,10321560533.0,30109399662.0,33636138269.0,35050031274.0
0004Y0,58703790.0,6136740.0,,,,
043100,10836653680.0,13657177904.0,16330642258.0,11722412486.0,14379181621.0,17595643715.0
058450,8446805540.0,8031306499.0,7308201866.0,3831339811.0,12740512108.0,6121342755.0
488060,46527568.0,29621740.0,,,,
092600,48027113222.0,51342572706.0,44465414234.0,72019101259.0,65049926341.0,52939036951.0
900100,6887034.0,10239658.0,19795827.0,3447080.0,12105151.0,17172165.0
106080,9208709787.0,5743763587.0,3645182090.0,7590391296.0,16220909091.0,5030661200.0
308100,19557028602.0,23200567317.0,25685982864.0,26211192526.0,25986207155.0,23738910273.0
025870,7847071397.0,6611836137.0,4879140966.0,63745059002.0,78281657857.0,81423989397.0
473950,39522094.0,46527857.0,4486140.0,,,
225430,6760823425.0,6174839226.0,6000770200.0,12152143458.0,10869023020.0,12859278665.0
469480,36551950.0,43366760.0,19692920.0,,,
472230,35756358.0,34178077.0,11964640.0,,,
087260,8936310098.0,9372070130.0,8766980567.0,26902522486.0,30136327048.0,40585009713.0
312610,4001584197.0,4186326086.0,3747158680.0,19227246932.0,18033558333.0,7157659049.0
101000,9265376103.0,4150426738.0,2190031718.0,34802561935.0,21285722068.0,23128898866.0
079970,17097126491.0,21031257529.0,20953858379.0,8921053939.0,9072918542.0,11349013866.0
474930,36684380.0,33550148.0,,,,
199730,11601374919.0,10812909698.0,8248060159.0,,,
065420,2881533827.0,2844274405.0,2720469910.0,20864562646.0,11323458259.0,12584364647.0
473000,33523158.0,33506977.0,11514140.0,,,
011080,37422305797.0,38460587133.0,42260194438.0,20431210891.0,23305390969.0,22411872911.0
044180,9964747743.0,16484526173.0,20033671539.0,22089759877.0,138229297120.0,154975415821.0
313760,5116157223.0,4429504716.0,,7237195162.0,7762688538.0,
052770,7947150817.0,17797431468.0,12412036860.0,2683265335.0,7922010151.0,8998107511.0
121850,6211313539.0,6438494134.0,5480796988.0,14513307555.0,17469888888.0,15014830927.0
096610,3543724435.0,4180475255.0,8166171584.0,19154345602.0,22816578414.0,36186863790.0
