종목코드,공시등급,공시성격,해당공시,공시일자,최근공시일
312610,7,중대 공시,기타시장안내              (상장폐지 절차 보류 안내),2026-10-02,2026-10-02
067770,7,중대 공시,기타시장안내              (상장폐지 절차 보류 안내),2026-10-02,2026-10-02
335870,7,중대 공시,기타시장안내(관리종목지정우려종목)              (시가총액 200억원 미달),2026-10-02,2026-10-02
225430,7,중대 공시,기타경영사항(자율공시)              (상장폐지결정 효력정지 가처분 인용 결정),2026-10-02,2026-10-02
276040,7,중대 공시,[기재정정]주요사항보고서(회생절차개시신청),2026-10-02,2026-10-02
094820,7,중대 공시,횡령ㆍ배임혐의진행사항,2026-10-02,2026-10-02
061040,7,중대 공시,회생절차개시신청(종속회사의주요경영사항),2026-10-02,2026-10-02
011150,7,중대 공시,투자유의안내              (우선주 시가총액요건 미달로 인한 상장폐지 우려 예고),2026-10-01,2026-10-01
015260,7,중대 공시,투자유의안내              (시가총액요건 미달로 인한 상장폐지 우려 예고),2026-10-01,2026-10-01
089590,7,중대 공시,출자법인부도ㆍ해산사유등발생(자율공시),2026-10-01,2026-10-01
389680,7,중대 공시,기타시장안내              (시가총액 미달에 따른 상장폐지 우려 관련 안내),2026-10-01,2026-10-01
054180,7,중대 공시,기타시장안내              (정리매매 보류 관련),2026-10-01,2026-10-01
291810,7,중대 공시,기타시장안내              (정리매매 보류 관련),2026-10-01,2026-10-01
008600,7,중대 공시,회생절차개시결정,2026-09-30,2026-09-30
001630,7,중대 공시,[기재정정]주요사항보고서(영업정지)(자회사의 주요경영사항),2026-09-30,2026-09-30
214390,7,중대 공시,[기재정정]주요사항보고서(영업정지),2026-09-30,2026-09-30
056730,7,중대 공시,기타시장안내(관리종목지정우려종목)              (시가총액 200억원 미달),2026-09-30,2026-09-30
199730,7,중대 공시,기타시장안내              (시가총액 미달에 따른 상장폐지 우려 관련 안내),2026-09-30,2026-09-30
092600,7,중대 공시,기타시장안내              (시가총액 미달에 따른 상장폐지 우려 관련 안내),2026-09-30,2026-09-30
208640,7,중대 공시,기타시장안내              (시가총액 미달에 따른 상장폐지 우려 관련 안내),2026-09-30,2026-09-30
250930,7,중대 공시,기타시장안내              (시가총액 미달에 따른 상장폐지 우려 관련 안내),2026-09-30,2026-09-30
044180,7,중대 공시,[기재정정]회생절차개시결정,2026-09-30,2026-09-30
044380,7,중대 공시,기타경영사항(자율공시)              (상장폐지결정 효력정지 가처분 신청),2026-09-29,2026-10-02
047400,7,중대 공시,투자유의안내              (관리종목지정 우려 예고),2026-09-29,2026-09-29
000990,7,중대 공시,[기재정정]영업정지(종속회사의주요경영사항),2026-09-29,2026-09-29
010060,7,중대 공시,주요사항보고서(영업정지)(자회사의 주요경영사항),2026-09-29,2026-09-30
456040,7,중대 공시,주요사항보고서(영업정지),2026-09-29,2026-09-29
294090,7,중대 공시,"[기재정정]기타시장안내              ('24사업연도 감사의견 관련 형식적 상장폐지 사유 해소, '25사업연도 감사의견거절 관련 및 매매거래정지 지속 안내)",2026-09-29,2026-09-30
035620,7,중대 공시,기타시장안내              (시가총액 미달에 따른 상장폐지 우려 관련 안내),2026-09-29,2026-09-29
247660,7,중대 공시,기타시장안내              (시가총액 미달에 따른 상장폐지 우려 관련 안내),2026-09-29,2026-09-30
054410,7,중대 공시,기타시장안내(관리종목지정우려종목)              (시가총액 200억원 미달),2026-09-29,2026-09-29
087260,7,중대 공시,횡령ㆍ배임혐의발생,2026-09-29,2026-09-30
032680,7,중대 공시,기타시장안내              (소프트센 1우선주 시가총액 미달에 따른 상장폐지 우려 관련 안내),2026-09-29,2026-09-29
048830,7,중대 공시,기타시장안내(관리종목지정우려종목)              (시가총액 200억원 미달),2026-09-29,2026-09-29
900100,7,중대 공시,주권매매거래정지기간변경              (풍문사유(채권자에 의한 파산신청설) 미해소),2026-09-29,2026-09-29
030350,7,중대 공시,[기재정정]기타시장안내              (개선기간 종료에 따른 상장폐지 여부 결정 안내),2026-09-29,2026-09-29
004410,7,중대 공시,투자유의안내              (우선주 시가총액요건 미달로 인한 상장폐지 우려 예고),2026-09-28,2026-09-28
002360,7,중대 공시,투자유의안내              (시가총액요건 미달로 인한 상장폐지 우려 예고),2026-09-28,2026-09-28
001380,7,중대 공시,투자유의안내              (관리종목지정 우려 예고),2026-09-28,2026-09-28
005110,7,중대 공시,기타시장안내              (상장폐지결정 효력정지 가처분 신청 기각결정에 따른 정리매매절차 재개),2026-09-28,2026-09-28
469900,7,중대 공시,주권매매거래정지              (상장폐지 사유발생),2026-09-28,2026-09-29
474660,7,중대 공시,기타시장안내(관리종목지정우려종목),2026-09-28,2026-09-28
009620,7,중대 공시,기타시장안내(관리종목지정우려종목)              (시가총액 200억원 미달),2026-09-28,2026-10-02
240600,7,중대 공시,기타시장안내              (시가총액 미달에 따른 상장폐지 우려 관련 안내),2026-09-28,2026-09-28
288980,7,중대 공시,기타시장안내(관리종목지정우려종목)              (시가총액 200억원 미달),2026-09-28,2026-09-30
473050,7,중대 공시,주권매매거래정지              (상장폐지 사유발생),2026-09-23,2026-09-29
472230,7,중대 공시,주권매매거래정지              (상장폐지 사유발생),2026-09-23,2026-09-30
289010,7,중대 공시,기타시장안내              (시가총액 미달에 따른 상장폐지 우려 관련 안내),2026-09-23,2026-10-02
050090,7,중대 공시,기타시장안내              (시가총액 미달에 따른 상장폐지 우려 관련 안내),2026-09-23,2026-09-30
011080,7,중대 공시,기타시장안내              (시가총액 미달에 따른 상장폐지 우려 관련 안내),2026-09-23,2026-09-30
206400,7,중대 공시,"기타시장안내(관리종목지정우려종목)              (주가 1,000원 미달)",2026-09-23,2026-09-30
206560,7,중대 공시,"기타시장안내(관리종목지정우려종목)              (주가 1,000원 미달)",2026-09-23,2026-09-23
348950,7,중대 공시,투자유의안내              (상장폐지 기준 해당),2026-09-22,2026-09-30
009190,7,중대 공시,파산신청기각,2026-09-22,2026-09-30
002410,7,중대 공시,기타경영사항(자율공시)              (상장폐지결정 등 효력정지 가처분 신청),2026-09-22,2026-09-30
005360,7,중대 공시,투자유의안내              (관리종목지정 우려 예고),2026-09-22,2026-09-22
006360,7,중대 공시,[기재정정]주요사항보고서(영업정지),2026-09-22,2026-10-02
028080,7,중대 공시,기타시장안내              (시가총액 미달에 따른 상장폐지 우려 관련 안내),2026-09-22,2026-09-22
354200,7,중대 공시,기타시장안내(관리종목지정우려종목)              (시가총액 200억원 미달),2026-09-22,2026-09-22
131100,7,중대 공시,횡령ㆍ배임혐의진행사항,2026-09-22,2026-09-22
005030,7,중대 공시,기타시장안내              (상장폐지결정 효력정지 가처분 신청 기각결정에 따른 정리매매절차 재개),2026-09-21,2026-10-02
109860,7,중대 공시,기타시장안내(관리종목지정우려종목)              (거래량 미달),2026-09-21,2026-09-23
024830,7,중대 공시,기타시장안내(관리종목지정우려종목)              (거래량 미달),2026-09-21,2026-09-22
196490,7,중대 공시,주권매매거래정지해제              (상장폐지에 따른 정리매매 개시),2026-09-21,2026-09-21
027830,7,중대 공시,"기타시장안내(관리종목지정우려종목)              (주가 1,000원 미달)",2026-09-21,2026-09-21
032790,7,중대 공시,파산신청기각              (취하),2026-09-18,2026-10-01
377460,7,중대 공시,주권매매거래정지기간변경              (상장폐지 사유 발생),2026-09-18,2026-09-23
234920,7,중대 공시,주권매매거래정지기간변경              (상장폐지 사유 발생),2026-09-18,2026-09-18
412540,7,중대 공시,기타시장안내              (정리매매 보류 관련),2026-09-18,2026-09-18
065570,7,중대 공시,기타시장안내              (정리매매 보류 관련),2026-09-18,2026-09-30
229000,7,중대 공시,[기재정정]주요사항보고서(영업정지),2026-09-18,2026-09-30
025890,7,중대 공시,투자유의안내              (관리종목지정 우려 예고),2026-09-17,2026-09-17
223310,7,중대 공시,기타시장안내(관리종목지정우려종목)              (시가총액 200억원 미달),2026-09-17,2026-10-01
321820,7,중대 공시,[기재정정]횡령ㆍ배임혐의발생,2026-09-17,2026-09-17
035290,7,중대 공시,기타시장안내              (정리매매 보류 관련),2026-09-17,2026-09-17
191410,7,중대 공시,기타시장안내              (시가총액 미달에 따른 상장폐지 우려 관련 안내),2026-09-16,2026-10-02
377220,7,중대 공시,기타시장안내(관리종목지정우려종목)              (시가총액 200억원 미달),2026-09-16,2026-10-02
068240,7,중대 공시,기타시장안내              (정리매매 보류 관련),2026-09-16,2026-09-30
001770,7,중대 공시,투자유의안내              (시가총액요건 미달로 인한 상장폐지 우려 예고),2026-09-15,2026-10-02
069920,7,중대 공시,기타시장안내              (시가총액 미달에 따른 상장폐지 우려 관련 안내),2026-09-15,2026-10-01
285800,7,중대 공시,기타시장안내(관리종목지정우려종목)              (시가총액 200억원 미달),2026-09-15,2026-09-30
006050,7,중대 공시,기타시장안내(관리종목지정우려종목)              (시가총액 200억원 미달),2026-09-15,2026-09-15
078860,7,중대 공시,기타시장안내(관리종목지정우려종목)              (시가총액 200억원 미달),2026-09-15,2026-10-02
059270,7,중대 공시,파산신청,2026-09-14,2026-09-30
025870,7,중대 공시,기타시장안내              (상장폐지 및 정리매매 절차 미진행),2026-09-14,2026-09-14
043220,7,중대 공시,기타시장안내              (회생절차 개시신청 기각 관련 시장안내),2026-09-14,2026-09-30
043340,7,중대 공시,"기타시장안내(관리종목지정우려종목)              (주가 1,000원 미달)",2026-09-14,2026-10-02
013580,7,중대 공시,[기재정정]주요사항보고서(영업정지),2026-09-11,2026-09-30
475240,7,중대 공시,기타시장안내(관리종목지정우려종목),2026-09-11,2026-09-11
038060,7,중대 공시,"기타시장안내(관리종목지정우려종목)              (주가 1,000원 미달)",2026-09-11,2026-09-23
004870,7,중대 공시,투자유의안내              (관리종목지정 우려 예고),2026-09-10,2026-09-29
071950,7,중대 공시,투자유의안내              (관리종목지정 우려 예고),2026-09-10,2026-09-29
001470,7,중대 공시,[기재정정]주요사항보고서(영업정지),2026-09-10,2026-10-01
417180,7,중대 공시,기타시장안내(관리종목지정우려종목)              (시가총액 200억원 미달),2026-09-10,2026-09-29
006620,7,중대 공시,[기재정정]주요사항보고서(영업정지),2026-09-10,2026-09-10
244460,7,중대 공시,[기재정정]회생절차개시결정,2026-09-10,2026-09-10
002070,7,중대 공시,투자유의안내              (관리종목지정 우려 예고),2026-09-09,2026-09-30
003920,7,중대 공시,[기재정정]횡령ㆍ배임혐의발생,2026-09-08,2026-09-15
368970,7,중대 공시,기타시장안내              (시가총액 미달에 따른 상장폐지 우려 관련 안내),2026-09-08,2026-09-29
309930,7,중대 공시,기타시장안내(관리종목지정우려종목)              (시가총액 200억원 미달),2026-09-07,2026-09-07
031860,7,중대 공시,주권매매거래정지기간변경              (풍문사유(현직 임원의 횡령·배임혐의설) 미해소),2026-09-07,2026-09-18
079950,7,중대 공시,기타시장안내(관리종목지정우려종목)              (시가총액 200억원 미달),2026-09-04,2026-09-04
058450,7,중대 공시,기타시장안내(관리종목지정우려종목)              (시가총액 200억원 미달),2026-09-02,2026-09-29
003000,7,중대 공시,출자법인회생절차및파산관련결정,2026-08-31,2026-08-31
305090,7,중대 공시,반기검토(감사)의견부적정등사실확인(자본잠식률100분의50이상또는자기자본10억원미만포함),2026-08-31,2026-09-29
224060,7,중대 공시,기타시장안내(관리종목지정우려종목)              (시가총액 200억원 미달),2026-08-31,2026-10-01
131760,7,중대 공시,기타시장안내(관리종목지정우려종목)              (시가총액 200억원 미달),2026-08-31,2026-08-31
080720,7,중대 공시,회생절차종결결정,2026-08-31,2026-09-23
099520,7,중대 공시,기타시장안내              (개선기간 종료에 따른 상장폐지 여부 결정 안내),2026-08-31,2026-10-01
246250,7,중대 공시,기타시장안내              (개선기간 종료에 따른 상장폐지 여부 결정 안내),2026-08-31,2026-09-21
445180,7,중대 공시,횡령ㆍ배임혐의진행사항,2026-08-31,2026-09-30
012630,7,중대 공시,[기재정정]회생절차개시결정,2026-08-28,2026-09-30
101000,7,중대 공시,기타시장안내(관리종목지정우려종목)              (시가총액 200억원 미달),2026-08-28,2026-10-02
113810,7,중대 공시,기타시장안내              ((관리종목지정우려종목)(시가총액 200억원 미달)),2026-08-28,2026-08-28
177350,7,중대 공시,기타시장안내              ((관리종목지정우려종목)(시가총액 200억원 미달)),2026-08-28,2026-09-09
279600,7,중대 공시,기타시장안내(관리종목지정우려종목)              (시가총액 200억원 미달),2026-08-28,2026-08-31
309710,7,중대 공시,반기검토(감사)의견부적정등사실확인(자본잠식률100분의50이상또는자기자본10억원미만포함),2026-08-28,2026-09-28
306040,7,중대 공시,기타시장안내(관리종목지정우려종목)              (시가총액 200억원 미달),2026-08-27,2026-10-01
094850,7,중대 공시,횡령ㆍ배임혐의진행사항,2026-08-27,2026-08-27
024950,7,중대 공시,횡령ㆍ배임혐의진행사항,2026-08-27,2026-09-15
245620,7,중대 공시,회생절차종결신청,2026-08-26,2026-08-28
322780,7,중대 공시,기타시장안내(관리종목지정우려종목)              (시가총액 200억원 미달),2026-08-26,2026-09-18
303030,7,중대 공시,기타시장안내(관리종목지정우려종목)              (시가총액 200억원 미달),2026-08-26,2026-09-02
340440,7,중대 공시,"기타시장안내(관리종목지정우려종목)              (주가 1,000원 미달)",2026-08-25,2026-09-04
072770,7,중대 공시,"기타시장안내(관리종목지정우려종목)              (주가 1,000원 미달)",2026-08-24,2026-10-01
352770,7,중대 공시,기타시장안내              (회생절차 폐지결정 관련 시장조치 미진행),2026-08-24,2026-09-23
101670,7,중대 공시,"기타시장안내(관리종목지정우려종목)              (주가 1,000원 미달)",2026-08-21,2026-09-30
340930,7,중대 공시,[기재정정]회생절차개시결정,2026-08-21,2026-08-21
052690,7,중대 공시,횡령ㆍ배임사실확인,2026-08-20,2026-09-22
011810,7,중대 공시,기타시장안내              (상장폐지 이의신청서 제출),2026-08-20,2026-09-30
065770,7,중대 공시,기타시장안내(관리종목지정우려종목)              (시가총액 200억원 미달),2026-08-20,2026-08-28
288330,7,중대 공시,기타시장안내              (정리매매 보류 관련),2026-08-20,2026-08-20
404990,7,중대 공시,출자법인부도ㆍ해산사유등발생,2026-08-19,2026-10-02
131400,7,중대 공시,"기타시장안내(관리종목지정우려종목)              (주가 1,000원 미달)",2026-08-18,2026-10-02
060260,7,중대 공시,기타시장안내(관리종목지정우려종목)              (시가총액 200억원 미달),2026-08-18,2026-09-17
043590,7,중대 공시,기타시장안내(관리종목지정우려종목)              (시가총액 200억원 미달),2026-08-18,2026-08-18
226340,7,중대 공시,횡령ㆍ배임혐의발생,2026-08-18,2026-09-17
069460,7,중대 공시,"반기검토의견부적정,의견거절또는완전자본잠식사실발생",2026-08-14,2026-09-01
036420,7,중대 공시,"반기검토의견부적정,의견거절또는완전자본잠식사실발생",2026-08-14,2026-09-30
009440,7,중대 공시,"반기검토의견부적정,의견거절또는완전자본잠식사실발생",2026-08-14,2026-09-22
011000,7,중대 공시,"반기검토의견부적정,의견거절또는완전자본잠식사실발생",2026-08-14,2026-09-30
019490,7,중대 공시,"반기검토의견부적정,의견거절또는완전자본잠식사실발생",2026-08-14,2026-10-02
015020,7,중대 공시,"반기검토의견부적정,의견거절또는완전자본잠식사실발생",2026-08-14,2026-08-14
017040,7,중대 공시,"반기검토의견부적정,의견거절또는완전자본잠식사실발생",2026-08-14,2026-09-30
241820,7,중대 공시,기타시장안내              (정기보고서 미제출 관련 상장폐지 절차 미진행),2026-08-14,2026-08-14
106080,7,중대 공시,반기검토(감사)의견부적정등사실확인(자본잠식률100분의50이상또는자기자본10억원미만포함),2026-08-14,2026-09-30
393970,7,중대 공시,반기검토(감사)의견부적정등사실확인(자본잠식률100분의50이상또는자기자본10억원미만포함),2026-08-14,2026-10-01
079970,7,중대 공시,반기검토(감사)의견부적정등사실확인(자본잠식률100분의50이상또는자기자본10억원미만포함),2026-08-14,2026-09-08
226330,7,중대 공시,반기검토(감사)의견부적정등사실확인(자본잠식률100분의50이상또는자기자본10억원미만포함),2026-08-14,2026-09-30
049180,7,중대 공시,반기검토(감사)의견부적정등사실확인(자본잠식률100분의50이상또는자기자본10억원미만포함),2026-08-14,2026-08-14
052770,7,중대 공시,반기검토(감사)의견부적정등사실확인(자본잠식률100분의50이상또는자기자본10억원미만포함),2026-08-14,2026-09-22
183490,7,중대 공시,반기검토(감사)의견부적정등사실확인(자본잠식률100분의50이상또는자기자본10억원미만포함),2026-08-14,2026-09-11
313760,7,중대 공시,반기검토(감사)의견부적정등사실확인(자본잠식률100분의50이상또는자기자본10억원미만포함),2026-08-14,2026-09-30
088290,7,중대 공시,반기검토(감사)의견부적정등사실확인(자본잠식률100분의50이상또는자기자본10억원미만포함),2026-08-14,2026-09-29
284620,7,중대 공시,반기검토(감사)의견부적정등사실확인(자본잠식률100분의50이상또는자기자본10억원미만포함),2026-08-14,2026-08-14
064090,7,중대 공시,반기검토(감사)의견부적정등사실확인(자본잠식률100분의50이상또는자기자본10억원미만포함),2026-08-14,2026-08-14
023440,7,중대 공시,반기검토(감사)의견부적정등사실확인(자본잠식률100분의50이상또는자기자본10억원미만포함),2026-08-14,2026-09-07
214610,7,중대 공시,반기검토(감사)의견부적정등사실확인(자본잠식률100분의50이상또는자기자본10억원미만포함),2026-08-14,2026-08-14
246720,7,중대 공시,반기검토(감사)의견부적정등사실확인(자본잠식률100분의50이상또는자기자본10억원미만포함),2026-08-14,2026-09-30
263050,7,중대 공시,반기검토(감사)의견부적정등사실확인(자본잠식률100분의50이상또는자기자본10억원미만포함),2026-08-14,2026-09-22
377030,7,중대 공시,반기검토(감사)의견부적정등사실확인(자본잠식률100분의50이상또는자기자본10억원미만포함),2026-08-14,2026-09-14
073640,7,중대 공시,반기검토(감사)의견부적정등사실확인(자본잠식률100분의50이상또는자기자본10억원미만포함),2026-08-14,2026-09-30
380540,7,중대 공시,반기검토(감사)의견부적정등사실확인(자본잠식률100분의50이상또는자기자본10억원미만포함),2026-08-14,2026-09-11
043100,7,중대 공시,반기검토(감사)의견부적정등사실확인(자본잠식률100분의50이상또는자기자본10억원미만포함),2026-08-14,2026-09-18
307870,7,중대 공시,"기타시장안내(관리종목지정우려종목)              (주가 1,000원 미달)",2026-08-13,2026-09-30
020400,7,중대 공시,기타시장안내              (관리종목지정우려종목)(시가총액 200억원 미달),2026-08-12,2026-08-26
217480,7,중대 공시,기타시장안내              (개선기간 종료에 따른 상장폐지 여부 결정 안내),2026-08-12,2026-09-23
001000,7,중대 공시,"기타시장안내(관리종목지정우려종목)              (주가 1,000원 미달)",2026-08-11,2026-09-15
068330,7,중대 공시,"기타시장안내(관리종목지정우려종목)              (주가 1,000원 미달)",2026-08-11,2026-10-02
079190,7,중대 공시,기타시장안내(관리종목지정우려종목)              (시가총액 200억원 미달),2026-08-11,2026-10-01
060230,7,중대 공시,기타시장안내(관리종목지정우려종목)              (시가총액 200억원 미달),2026-08-10,2026-10-02
121440,7,중대 공시,출자법인의회생절차및파산절차관련사실등발생,2026-08-10,2026-09-15
018000,7,중대 공시,"기타시장안내(관리종목지정우려종목)              (주가 1,000원 미달)",2026-08-07,2026-10-02
090410,7,중대 공시,"기타시장안내(관리종목지정우려종목)              (주가 1,000원 미달)",2026-08-07,2026-09-29
045520,7,중대 공시,기타시장안내(관리종목지정우려종목)              (시가총액 200억원 미달),2026-08-07,2026-10-01
037330,7,중대 공시,"기타시장안내(관리종목지정우려종목)              (주가 1,000원 미달)",2026-08-06,2026-10-02
222420,7,중대 공시,"기타시장안내(관리종목지정우려종목)              (주가 1,000원 미달)",2026-08-06,2026-09-09
340360,7,중대 공시,"기타시장안내(관리종목지정우려종목)              (주가 1,000원 미달)",2026-08-06,2026-10-01
203400,7,중대 공시,"기타시장안내(관리종목지정우려종목)              (주가 1,000원 미달)",2026-08-05,2026-09-30
252500,7,중대 공시,"기타시장안내(관리종목지정우려종목)              (주가 1,000원 미달)",2026-08-05,2026-09-07
060480,7,중대 공시,기타시장안내(관리종목지정우려종목)              (시가총액 200억원 미달),2026-08-05,2026-08-20
067390,7,중대 공시,"기타시장안내(관리종목지정우려종목)              (주가 1,000원 미달)",2026-08-05,2026-09-21
308100,7,중대 공시,기타시장안내(관리종목지정우려종목)              (시가총액 200억원 미달),2026-08-05,2026-09-30
012340,7,중대 공시,"기타시장안내(관리종목지정우려종목)              (주가 1,000원 미달)",2026-08-05,2026-09-30
403490,7,중대 공시,"기타시장안내(관리종목지정우려종목)              (주가 1,000원 미달)",2026-08-05,2026-08-28
084650,7,중대 공시,"기타시장안내(관리종목지정우려종목)              (주가 1,000원 미달)",2026-08-05,2026-09-22
060900,7,중대 공시,기타시장안내(관리종목지정우려종목)              (시가총액 200억원 미달),2026-08-05,2026-10-01
095910,7,중대 공시,"기타시장안내(관리종목지정우려종목)              (주가 1,000원 미달)",2026-08-05,2026-09-30
021040,7,중대 공시,"기타시장안내(관리종목지정우려종목)              (주가 1,000원 미달)",2026-08-05,2026-09-22
376930,7,중대 공시,"기타시장안내(관리종목지정우려종목)              (주가 1,000원 미달)",2026-08-05,2026-09-04
032860,7,중대 공시,"기타시장안내(관리종목지정우려종목)              (주가 1,000원 미달)",2026-08-05,2026-10-01
142760,7,중대 공시,기타시장안내(관리종목지정우려종목)              (시가총액 200억원 미달),2026-08-05,2026-10-01
363260,7,중대 공시,"기타시장안내(관리종목지정우려종목)              (주가 1,000원 미달)",2026-08-05,2026-09-07
273060,7,중대 공시,"기타시장안내(관리종목지정우려종목)              (주가 1,000원 미달)",2026-08-05,2026-09-08
215790,7,중대 공시,"기타시장안내(관리종목지정우려종목)              (주가 1,000원 미달)",2026-08-05,2026-10-02
066360,7,중대 공시,"기타시장안내(관리종목지정우려종목)              (주가 1,000원 미달)",2026-08-05,2026-09-23
239340,7,중대 공시,"기타시장안내(관리종목지정우려종목)              (주가 1,000원 미달)",2026-08-05,2026-09-18
057540,7,중대 공시,"기타시장안내(관리종목지정우려종목)              (주가 1,000원 미달)",2026-08-05,2026-09-18
099220,7,중대 공시,"기타시장안내(관리종목지정우려종목)              (주가 1,000원 미달)",2026-08-05,2026-09-17
225190,7,중대 공시,"기타시장안내(관리종목지정우려종목)              (주가 1,000원 미달)",2026-08-05,2026-09-23
900340,7,중대 공시,기타시장안내(관리종목지정우려종목)              (시가총액 200억원 미달),2026-08-05,2026-08-31
033050,7,중대 공시,"기타시장안내(관리종목지정우려종목)              (주가 1,000원 미달)",2026-08-05,2026-09-18
344860,7,중대 공시,기타시장안내(관리종목지정우려종목)              (시가총액 200억원 미달),2026-08-05,2026-08-18
154040,7,중대 공시,"기타시장안내(관리종목지정우려종목)              (주가 1,000원 미달)",2026-08-05,2026-09-30
418620,7,중대 공시,기타시장안내(관리종목지정우려종목)              (시가총액 200억원 미달),2026-08-05,2026-09-30
011370,7,중대 공시,"기타시장안내(관리종목지정우려종목)              (주가 1,000원 미달)",2026-08-05,2026-09-29
033340,7,중대 공시,"기타시장안내(관리종목지정우려종목)              (주가 1,000원 미달)",2026-08-05,2026-10-01
378800,7,중대 공시,"기타시장안내(관리종목지정우려종목)              (주가 1,000원 미달)",2026-08-05,2026-10-01
058820,7,중대 공시,"기타시장안내(관리종목지정우려종목)              (주가 1,000원 미달)",2026-08-05,2026-09-28
002680,7,중대 공시,기타시장안내(관리종목지정우려종목)              (시가총액 200억원 미달),2026-08-05,2026-09-18
332290,7,중대 공시,"기타시장안내(관리종목지정우려종목)              (주가 1,000원 미달)",2026-08-05,2026-09-30
225590,7,중대 공시,기타시장안내(관리종목지정우려종목)              (시가총액 200억원 미달),2026-08-05,2026-09-30
022220,7,중대 공시,"기타시장안내(관리종목지정우려종목)              (주가 1,000원 미달)",2026-08-05,2026-09-22
103230,7,중대 공시,기타시장안내(관리종목지정우려종목)              (시가총액 200억원 미달),2026-08-05,2026-09-17
037400,7,중대 공시,기타시장안내(관리종목지정우려종목)              (시가총액 200억원 미달),2026-08-05,2026-09-04
027580,7,중대 공시,기타시장안내(관리종목지정우려종목)              (시가총액 200억원 미달),2026-08-04,2026-08-14
005090,7,중대 공시,[기재정정]영업정지(종속회사의주요경영사항),2026-07-31,2026-09-30
016250,7,중대 공시,[기재정정]주요사항보고서(영업정지),2026-07-31,2026-09-28
066410,7,중대 공시,기타시장안내              (상장폐지 관련 이의신청서 접수),2026-07-30,2026-10-02
900110,7,중대 공시,기타시장안내(관리종목지정우려종목)              (시가총액 200억원 미달),2026-07-29,2026-09-29
900120,7,중대 공시,기타시장안내(관리종목지정우려종목)              (시가총액 200억원 미달),2026-07-27,2026-10-02
011330,7,중대 공시,횡령ㆍ배임혐의발생,2026-07-23,2026-09-30
000720,7,중대 공시,영업정지(종속회사의주요경영사항),2026-07-22,2026-10-01
018700,7,중대 공시,기타시장안내(관리종목지정우려종목)              (시가총액 200억원 미달),2026-07-22,2026-09-10
009310,7,중대 공시,기타시장안내              (상장공시위원회 개최 결과 및 상장폐지 결정),2026-07-15,2026-08-14
065420,7,중대 공시,투자판단관련주요경영사항              (대표이사 및 사내이사에 대한 횡령·배임 고소 접수),2026-07-15,2026-09-29
139480,7,중대 공시,횡령ㆍ배임사실확인,2026-07-13,2026-09-22
175250,7,중대 공시,기타시장안내              (개선기간 종료에 따른 상장폐지 여부 결정 안내),2026-07-13,2026-09-18
257370,7,중대 공시,[기재정정]횡령ㆍ배임혐의발생,2026-07-10,2026-09-16
015760,6,공시 위반,풍문또는보도에대한해명(미확정),2026-10-02,2026-10-02
000810,6,공시 위반,풍문또는보도에대한해명(미확정),2026-10-02,2026-10-02
036460,6,공시 위반,풍문또는보도에대한해명(미확정),2026-10-02,2026-10-02
032830,6,공시 위반,풍문또는보도에대한해명(미확정),2026-10-02,2026-10-02
066590,6,공시 위반,불성실공시법인지정예고              (공시불이행 5건),2026-10-01,2026-10-01
006260,6,공시 위반,풍문또는보도에대한해명(미확정)(자회사의 주요경영사항),2026-09-30,2026-10-01
011170,6,공시 위반,풍문또는보도에대한해명(미확정),2026-09-30,2026-09-30
006040,6,공시 위반,풍문또는보도에대한해명(미확정),2026-09-30,2026-09-30
161890,6,공시 위반,풍문또는보도에대한해명(미확정),2026-09-30,2026-10-02
005490,6,공시 위반,풍문또는보도에대한해명(미확정),2026-09-30,2026-09-30
355390,6,공시 위반,불성실공시법인지정예고              (공시번복),2026-09-30,2026-10-02
000400,6,공시 위반,풍문또는보도에대한해명(미확정),2026-09-28,2026-09-28
092040,6,공시 위반,불성실공시법인지정              (공시번복 2건),2026-09-28,2026-09-28
439580,6,공시 위반,풍문또는보도에대한해명(미확정),2026-09-28,2026-09-28
006800,6,공시 위반,풍문또는보도에대한해명(미확정),2026-09-23,2026-09-23
016610,6,공시 위반,풍문또는보도에대한해명(미확정),2026-09-23,2026-09-23
003070,6,공시 위반,풍문또는보도에대한해명(미확정),2026-09-23,2026-09-23
028100,6,공시 위반,풍문또는보도에대한해명(미확정),2026-09-23,2026-09-30
084110,6,공시 위반,불성실공시법인지정예고              (공시번복 3건),2026-09-23,2026-09-23
243070,6,공시 위반,불성실공시법인지정예고              (공시번복 2건),2026-09-23,2026-09-23
013700,6,공시 위반,불성실공시법인지정,2026-09-22,2026-09-22
357120,6,공시 위반,풍문또는보도에대한해명(미확정),2026-09-21,2026-09-22
377450,6,공시 위반,불성실공시법인지정예고              (공시불이행 2건),2026-09-21,2026-10-02
030210,6,공시 위반,풍문또는보도에대한해명(미확정),2026-09-18,2026-09-18
002780,6,공시 위반,풍문또는보도에대한해명(미확정),2026-09-18,2026-10-02
298040,6,공시 위반,풍문또는보도에대한해명(미확정),2026-09-18,2026-09-30
329180,6,공시 위반,풍문또는보도에대한해명(미확정),2026-09-18,2026-09-30
034020,6,공시 위반,풍문또는보도에대한해명,2026-09-17,2026-10-01
452260,6,공시 위반,풍문또는보도에대한해명(미확정),2026-09-17,2026-09-17
012320,6,공시 위반,풍문또는보도에대한해명(미확정),2026-09-17,2026-09-17
009540,6,공시 위반,풍문또는보도에대한해명(미확정),2026-09-17,2026-09-30
035420,6,공시 위반,풍문또는보도에대한해명,2026-09-17,2026-09-17
261200,6,공시 위반,불성실공시법인지정예고              (공시불이행 3건),2026-09-16,2026-09-16
005800,6,공시 위반,불성실공시법인지정예고,2026-09-14,2026-09-14
003240,6,공시 위반,풍문또는보도에대한해명,2026-09-11,2026-09-30
465770,6,공시 위반,풍문또는보도에대한해명(미확정),2026-09-11,2026-09-11
351320,6,공시 위반,불성실공시법인지정예고              (공시변경),2026-09-11,2026-09-30
210120,6,공시 위반,불성실공시법인지정예고              (공시변경 3건),2026-09-11,2026-09-30
101360,6,공시 위반,풍문또는보도에대한해명(미확정),2026-09-11,2026-09-23
007570,6,공시 위반,불성실공시법인지정예고,2026-09-10,2026-09-10
012450,6,공시 위반,풍문또는보도에대한해명(미확정),2026-09-10,2026-09-22
066970,6,공시 위반,풍문또는보도에대한해명(미확정),2026-09-08,2026-09-17
294870,6,공시 위반,불성실공시법인지정,2026-09-07,2026-09-30
017960,6,공시 위반,풍문또는보도에대한해명(미확정),2026-09-07,2026-10-01
066570,6,공시 위반,풍문또는보도에대한해명(미확정),2026-09-07,2026-09-07
000660,6,공시 위반,풍문또는보도에대한해명(미확정),2026-09-04,2026-09-18
001290,6,공시 위반,풍문또는보도에대한해명(미확정),2026-09-04,2026-09-29
068270,6,공시 위반,풍문또는보도에대한해명(미확정),2026-08-25,2026-09-29
014970,6,공시 위반,불성실공시법인지정예고              (공시불이행),2026-08-25,2026-09-16
267250,6,공시 위반,풍문또는보도에대한해명(미확정)(자회사의 주요경영사항),2026-08-24,2026-09-30
051910,6,공시 위반,풍문또는보도에대한해명(미확정),2026-08-24,2026-09-04
344820,6,공시 위반,풍문또는보도에대한해명(미확정),2026-08-21,2026-09-22
009830,6,공시 위반,풍문또는보도에대한해명(미확정),2026-08-21,2026-09-30
181710,6,공시 위반,풍문또는보도에대한해명(미확정),2026-08-20,2026-10-01
148250,6,공시 위반,불성실공시법인지정              (공시불이행),2026-08-19,2026-09-29
064350,6,공시 위반,풍문또는보도에대한해명(미확정),2026-08-14,2026-10-01
011210,6,공시 위반,풍문또는보도에대한해명(미확정),2026-08-14,2026-08-28
018880,6,공시 위반,풍문또는보도에대한해명(미확정),2026-08-12,2026-09-04
373220,6,공시 위반,풍문또는보도에대한해명(미확정),2026-08-12,2026-10-01
484870,6,공시 위반,풍문또는보도에대한해명(미확정),2026-08-11,2026-09-01
011790,6,공시 위반,풍문또는보도에대한해명(미확정),2026-08-11,2026-09-29
042660,6,공시 위반,풍문또는보도에대한해명(미확정),2026-08-07,2026-09-29
017670,6,공시 위반,풍문또는보도에대한해명(미확정),2026-08-07,2026-09-01
051600,6,공시 위반,풍문또는보도에대한해명(미확정),2026-08-07,2026-10-02
011200,6,공시 위반,풍문또는보도에대한해명(미확정),2026-08-07,2026-09-08
145020,6,공시 위반,풍문또는보도에대한해명(미확정),2026-08-06,2026-09-30
007860,6,공시 위반,풍문또는보도에대한해명(미확정),2026-07-31,2026-08-14
001080,6,공시 위반,풍문또는보도에대한해명(미확정),2026-07-31,2026-09-23
005380,6,공시 위반,풍문또는보도에대한해명(미확정),2026-07-31,2026-10-01
089860,6,공시 위반,풍문또는보도에대한해명(미확정),2026-07-31,2026-09-30
106240,6,공시 위반,풍문또는보도에대한해명(미확정),2026-07-30,2026-09-30
055550,6,공시 위반,풍문또는보도에대한해명(미확정),2026-07-28,2026-10-02
071050,6,공시 위반,풍문또는보도에대한해명(미확정),2026-07-28,2026-10-02
039490,6,공시 위반,풍문또는보도에대한해명(미확정),2026-07-28,2026-09-18
010130,6,공시 위반,풍문또는보도에대한해명,2026-07-28,2026-09-29
290270,6,공시 위반,불성실공시법인지정예고              (공시변경),2026-07-27,2026-08-19
352940,6,공시 위반,불성실공시법인지정예고              (공시불이행 3건),2026-07-24,2026-10-02
214150,6,공시 위반,불성실공시법인지정예고              (공시불이행 3건),2026-07-24,2026-09-28
005930,6,공시 위반,풍문또는보도에대한해명(미확정),2026-07-23,2026-09-09
001510,6,공시 위반,풍문또는보도에대한해명(미확정),2026-07-22,2026-08-14
298000,6,공시 위반,풍문또는보도에대한해명(미확정),2026-07-22,2026-09-29
006220,6,공시 위반,불성실공시법인지정,2026-07-21,2026-09-16
047810,6,공시 위반,풍문또는보도에대한해명(미확정),2026-07-16,2026-09-04
002210,6,공시 위반,불성실공시법인지정,2026-07-15,2026-09-30
383220,6,공시 위반,풍문또는보도에대한해명(미확정),2026-07-15,2026-08-14
004780,6,공시 위반,불성실공시법인지정예고              (공시불이행),2026-07-15,2026-08-14
018500,6,공시 위반,불성실공시법인지정,2026-07-13,2026-09-10
001570,5,실적·계약,[기재정정]주요사항보고서(회사분할결정),2026-10-02,2026-10-02
207940,5,실적·계약,단일판매ㆍ공급계약체결(자율공시),2026-10-02,2026-10-02
363280,5,실적·계약,단일판매ㆍ공급계약체결(자회사의 주요경영사항),2026-10-02,2026-10-02
009410,5,실적·계약,단일판매ㆍ공급계약체결,2026-10-02,2026-10-02
002990,5,실적·계약,[기재정정]단일판매ㆍ공급계약체결,2026-10-02,2026-10-02
000210,5,실적·계약,[기재정정]단일판매ㆍ공급계약체결(자회사의 주요경영사항),2026-10-02,2026-10-02
375500,5,실적·계약,[기재정정]단일판매ㆍ공급계약체결,2026-10-02,2026-10-02
006490,5,실적·계약,[기재정정]주요사항보고서(유상증자결정),2026-10-02,2026-10-02
023350,5,실적·계약,[기재정정]단일판매ㆍ공급계약체결,2026-10-02,2026-10-02
114090,5,실적·계약,영업(잠정)실적(공정공시),2026-10-02,2026-10-02
034230,5,실적·계약,연결재무제표기준영업(잠정)실적(공정공시),2026-10-02,2026-10-02
010140,5,실적·계약,단일판매ㆍ공급계약체결,2026-10-02,2026-10-02
103590,5,실적·계약,단일판매ㆍ공급계약체결,2026-10-02,2026-10-02
469480,5,실적·계약,[기재정정]주요사항보고서(회사합병결정),2026-10-02,2026-10-02
027040,5,실적·계약,[기재정정]주요사항보고서(유상증자결정),2026-10-02,2026-10-02
035890,5,실적·계약,[기재정정]단일판매ㆍ공급계약체결,2026-10-02,2026-10-02
043910,5,실적·계약,주요사항보고서(회사합병결정),2026-10-02,2026-10-02
277880,5,실적·계약,[기재정정]단일판매ㆍ공급계약체결,2026-10-02,2026-10-02
036190,5,실적·계약,[기재정정]단일판매ㆍ공급계약체결,2026-10-02,2026-10-02
123010,5,실적·계약,[기재정정]주요사항보고서(유상증자결정),2026-10-02,2026-10-02
331380,5,실적·계약,[기재정정]주요사항보고서(유상증자결정),2026-10-02,2026-10-02
200230,5,실적·계약,단일판매ㆍ공급계약체결(자율공시),2026-10-02,2026-10-02
394280,5,실적·계약,단일판매ㆍ공급계약체결,2026-10-02,2026-10-02
299660,5,실적·계약,[기재정정]주요사항보고서(유상증자결정),2026-10-02,2026-10-02
189330,5,실적·계약,단일판매ㆍ공급계약체결,2026-10-02,2026-10-02
017000,5,실적·계약,단일판매ㆍ공급계약체결,2026-10-02,2026-10-02
007610,5,실적·계약,단일판매ㆍ공급계약체결,2026-10-01,2026-10-01
028260,5,실적·계약,[기재정정]유상증자결정(종속회사의주요경영사항),2026-10-01,2026-10-01
032350,5,실적·계약,연결재무제표기준영업(잠정)실적(공정공시),2026-10-01,2026-10-01
010400,5,실적·계약,[기재정정]단일판매ㆍ공급계약체결,2026-10-01,2026-10-01
003620,5,실적·계약,영업(잠정)실적(공정공시),2026-10-01,2026-10-01
028670,5,실적·계약,단일판매ㆍ공급계약체결(자율공시),2026-10-01,2026-10-01
000270,5,실적·계약,영업(잠정)실적(공정공시),2026-10-01,2026-10-01
023150,5,실적·계약,주요사항보고서(무상증자결정),2026-10-01,2026-10-01
010120,5,실적·계약,단일판매ㆍ공급계약체결,2026-10-01,2026-10-02
010780,5,실적·계약,단일판매ㆍ공급계약체결,2026-10-01,2026-10-01
480370,5,실적·계약,단일판매ㆍ공급계약체결,2026-10-01,2026-10-01
003160,5,실적·계약,단일판매ㆍ공급계약체결(자율공시),2026-10-01,2026-10-01
005880,5,실적·계약,단일판매ㆍ공급계약체결,2026-10-01,2026-10-01
163730,5,실적·계약,유상증자결정(종속회사의주요경영사항),2026-10-01,2026-10-01
036830,5,실적·계약,주요사항보고서(회사합병결정),2026-10-01,2026-10-01
214430,5,실적·계약,단일판매ㆍ공급계약체결,2026-10-01,2026-10-01
373200,5,실적·계약,[기재정정]주요사항보고서(유상증자결정),2026-10-01,2026-10-01
432720,5,실적·계약,단일판매ㆍ공급계약체결,2026-10-01,2026-10-01
399720,5,실적·계약,[기재정정]단일판매ㆍ공급계약체결,2026-10-01,2026-10-02
431190,5,실적·계약,[기재정정]주요사항보고서(유상증자결정),2026-10-01,2026-10-01
091340,5,실적·계약,[기재정정]주요사항보고서(회사합병결정),2026-10-01,2026-10-02
406820,5,실적·계약,단일판매ㆍ공급계약체결(자율공시),2026-10-01,2026-10-01
054050,5,실적·계약,[첨부정정]주요사항보고서(영업양수결정),2026-10-01,2026-10-01
275630,5,실적·계약,합병등종료보고서(영업양수도),2026-10-01,2026-10-01
348340,5,실적·계약,단일판매ㆍ공급계약체결,2026-10-01,2026-10-01
386380,5,실적·계약,단일판매ㆍ공급계약체결,2026-10-01,2026-10-01
490470,5,실적·계약,단일판매ㆍ공급계약체결,2026-10-01,2026-10-01
900290,5,실적·계약,매출액또는손익구조30%(대규모법인은15%)이상변동(자회사의 주요경영사항),2026-10-01,2026-10-01
088350,5,실적·계약,유상증자결정(종속회사의주요경영사항),2026-09-30,2026-09-30
003530,5,실적·계약,주요사항보고서(유상증자결정),2026-09-30,2026-09-30
000640,5,실적·계약,[기재정정]단일판매ㆍ공급계약체결(자회사의 주요경영사항),2026-09-30,2026-10-02
001520,5,실적·계약,[기재정정]단일판매ㆍ공급계약체결,2026-09-30,2026-09-30
004800,5,실적·계약,[기재정정]단일판매ㆍ공급계약체결(자회사의 주요경영사항),2026-09-30,2026-09-30
004960,5,실적·계약,단일판매ㆍ공급계약체결,2026-09-30,2026-09-30
028050,5,실적·계약,[기재정정]단일판매ㆍ공급계약체결,2026-09-30,2026-09-30
010960,5,실적·계약,[기재정정]단일판매ㆍ공급계약체결,2026-09-30,2026-09-30
012330,5,실적·계약,주요사항보고서(회사분할결정),2026-09-30,2026-09-30
085310,5,실적·계약,[기재정정]단일판매ㆍ공급계약체결,2026-09-30,2026-09-30
003960,5,실적·계약,[첨부정정]주요사항보고서(회사합병결정),2026-09-30,2026-09-30
001260,5,실적·계약,[기재정정]단일판매ㆍ공급계약체결,2026-09-30,2026-09-30
097230,5,실적·계약,[기재정정]단일판매ㆍ공급계약체결,2026-09-30,2026-09-30
130660,5,실적·계약,[기재정정]단일판매ㆍ공급계약체결,2026-09-30,2026-09-30
199430,5,실적·계약,[기재정정]단일판매ㆍ공급계약체결,2026-09-30,2026-09-30
348350,5,실적·계약,[기재정정]단일판매ㆍ공급계약체결,2026-09-30,2026-09-30
099750,5,실적·계약,[기재정정]단일판매ㆍ공급계약체결,2026-09-30,2026-09-30
459510,5,실적·계약,[기재정정]단일판매ㆍ공급계약체결,2026-09-30,2026-09-30
042940,5,실적·계약,[기재정정]단일판매ㆍ공급계약체결,2026-09-30,2026-09-30
054220,5,실적·계약,[기재정정]단일판매ㆍ공급계약체결,2026-09-30,2026-10-02
475400,5,실적·계약,[기재정정]단일판매ㆍ공급계약체결,2026-09-30,2026-09-30
182360,5,실적·계약,[기재정정]단일판매ㆍ공급계약체결,2026-09-30,2026-09-30
060310,5,실적·계약,[기재정정]단일판매ㆍ공급계약체결(자율공시),2026-09-30,2026-09-30
053030,5,실적·계약,[기재정정]단일판매ㆍ공급계약체결,2026-09-30,2026-09-30
205500,5,실적·계약,[첨부정정]주요사항보고서(주식교환ㆍ이전결정),2026-09-30,2026-09-30
171090,5,실적·계약,[기재정정]단일판매ㆍ공급계약체결,2026-09-30,2026-09-30
378340,5,실적·계약,[기재정정]단일판매ㆍ공급계약체결,2026-09-30,2026-09-30
045390,5,실적·계약,[기재정정]단일판매ㆍ공급계약체결,2026-09-30,2026-09-30
114190,5,실적·계약,[기재정정]단일판매ㆍ공급계약체결,2026-09-30,2026-09-30
099440,5,실적·계약,[기재정정]단일판매ㆍ공급계약체결,2026-09-30,2026-09-30
320000,5,실적·계약,기타주요경영사항              (유상증자결정(주주배정후 실권주 일반공모) 철회),2026-09-30,2026-09-30
037440,5,실적·계약,[기재정정]단일판매ㆍ공급계약체결,2026-09-30,2026-09-30
168360,5,실적·계약,[기재정정]단일판매ㆍ공급계약체결(자율공시),2026-09-30,2026-09-30
054930,5,실적·계약,[기재정정]단일판매ㆍ공급계약체결,2026-09-30,2026-09-30
482680,5,실적·계약,[기재정정]주요사항보고서(회사합병결정),2026-09-30,2026-09-30
049080,5,실적·계약,[기재정정]단일판매ㆍ공급계약체결(자율공시),2026-09-30,2026-09-30
101970,5,실적·계약,단일판매ㆍ공급계약체결(자율공시),2026-09-30,2026-09-30
036480,5,실적·계약,[기재정정]단일판매ㆍ공급계약체결,2026-09-30,2026-09-30
045300,5,실적·계약,[기재정정]단일판매ㆍ공급계약체결,2026-09-30,2026-09-30
115530,5,실적·계약,[기재정정]단일판매ㆍ공급계약체결,2026-09-30,2026-09-30
011560,5,실적·계약,[기재정정]단일판매ㆍ공급계약체결(자율공시),2026-09-30,2026-09-30
174900,5,실적·계약,[기재정정]단일판매ㆍ공급계약체결(자율공시),2026-09-30,2026-09-30
246960,5,실적·계약,[기재정정]단일판매ㆍ공급계약체결,2026-09-30,2026-09-30
290520,5,실적·계약,단일판매ㆍ공급계약체결,2026-09-30,2026-09-30
250060,5,실적·계약,[기재정정]단일판매ㆍ공급계약체결,2026-09-30,2026-09-30
319400,5,실적·계약,단일판매ㆍ공급계약체결,2026-09-30,2026-09-30
0011A0,5,실적·계약,단일판매ㆍ공급계약체결,2026-09-30,2026-09-30
046940,5,실적·계약,[기재정정]단일판매ㆍ공급계약체결,2026-09-30,2026-09-30
474650,5,실적·계약,단일판매ㆍ공급계약체결,2026-09-30,2026-09-30
069260,5,실적·계약,단일판매ㆍ공급계약해지,2026-09-29,2026-09-29
003030,5,실적·계약,[기재정정]단일판매ㆍ공급계약체결(자회사의 주요경영사항),2026-09-29,2026-09-30
306200,5,실적·계약,[기재정정]단일판매ㆍ공급계약체결,2026-09-29,2026-09-29
012750,5,실적·계약,단일판매ㆍ공급계약체결,2026-09-29,2026-09-29
307950,5,실적·계약,단일판매ㆍ공급계약체결,2026-09-29,2026-09-29
009150,5,실적·계약,단일판매ㆍ공급계약체결,2026-09-29,2026-09-29
042700,5,실적·계약,단일판매ㆍ공급계약체결(자율공시),2026-09-29,2026-09-29
089030,5,실적·계약,[기재정정]단일판매ㆍ공급계약체결,2026-09-29,2026-09-29
073570,5,실적·계약,주요사항보고서(유상증자결정),2026-09-29,2026-10-02
137400,5,실적·계약,단일판매ㆍ공급계약체결(자율공시),2026-09-29,2026-09-29
0099X0,5,실적·계약,[첨부정정]주요사항보고서(회사합병결정),2026-09-29,2026-09-29
290690,5,실적·계약,[기재정정]주요사항보고서(회사합병결정),2026-09-29,2026-09-30
038880,5,실적·계약,[기재정정]주요사항보고서(유상증자결정),2026-09-29,2026-09-29
021320,5,실적·계약,[기재정정]단일판매ㆍ공급계약체결(자율공시),2026-09-29,2026-09-29
469750,5,실적·계약,[기재정정]단일판매ㆍ공급계약체결,2026-09-29,2026-10-01
232140,5,실적·계약,[기재정정]단일판매ㆍ공급계약체결,2026-09-29,2026-09-29
212710,5,실적·계약,[기재정정]단일판매ㆍ공급계약체결,2026-09-29,2026-09-29
368770,5,실적·계약,[기재정정]단일판매ㆍ공급계약체결,2026-09-29,2026-09-30
234300,5,실적·계약,[기재정정]주요사항보고서(영업양수결정),2026-09-29,2026-09-29
338220,5,실적·계약,[기재정정]주요사항보고서(유상증자결정),2026-09-29,2026-09-29
254120,5,실적·계약,단일판매ㆍ공급계약체결,2026-09-29,2026-09-29
347700,5,실적·계약,[기재정정]단일판매ㆍ공급계약체결,2026-09-29,2026-09-30
026910,5,실적·계약,[기재정정]주요사항보고서(유상증자결정),2026-09-29,2026-09-29
224110,5,실적·계약,[기재정정]단일판매ㆍ공급계약체결,2026-09-29,2026-09-29
302550,5,실적·계약,[기재정정]단일판매ㆍ공급계약체결,2026-09-29,2026-09-29
267320,5,실적·계약,[기재정정]단일판매ㆍ공급계약체결,2026-09-29,2026-09-29
302430,5,실적·계약,[기재정정]단일판매ㆍ공급계약체결,2026-09-29,2026-09-29
264450,5,실적·계약,[기재정정]단일판매ㆍ공급계약체결,2026-09-29,2026-09-29
093640,5,실적·계약,단일판매ㆍ공급계약체결,2026-09-29,2026-09-29
303360,5,실적·계약,주요사항보고서(무상증자결정),2026-09-29,2026-09-29
115180,5,실적·계약,[기재정정]주요사항보고서(유상증자결정),2026-09-29,2026-09-29
498390,5,실적·계약,[기재정정]주요사항보고서(회사합병결정),2026-09-29,2026-09-29
032580,5,실적·계약,단일판매ㆍ공급계약체결,2026-09-29,2026-09-30
457600,5,실적·계약,[기재정정]주요사항보고서(유상증자결정),2026-09-29,2026-09-29
034730,5,실적·계약,단일판매ㆍ공급계약체결(자회사의 주요경영사항),2026-09-28,2026-10-02
096770,5,실적·계약,단일판매ㆍ공급계약체결(자회사의 주요경영사항),2026-09-28,2026-09-29
071320,5,실적·계약,영업(잠정)실적(공정공시),2026-09-28,2026-09-30
210980,5,실적·계약,[기재정정]단일판매ㆍ공급계약체결,2026-09-28,2026-09-30
025560,5,실적·계약,단일판매ㆍ공급계약체결,2026-09-28,2026-09-29
222080,5,실적·계약,[기재정정]단일판매ㆍ공급계약체결,2026-09-28,2026-09-28
253590,5,실적·계약,[기재정정]단일판매ㆍ공급계약체결,2026-09-28,2026-09-28
241710,5,실적·계약,[첨부정정]주요사항보고서(회사합병결정),2026-09-28,2026-09-28
066980,5,실적·계약,[기재정정]단일판매ㆍ공급계약체결(자율공시),2026-09-28,2026-09-28
475230,5,실적·계약,단일판매ㆍ공급계약체결,2026-09-28,2026-09-28
460470,5,실적·계약,단일판매ㆍ공급계약체결,2026-09-28,2026-09-28
327260,5,실적·계약,단일판매ㆍ공급계약체결,2026-09-28,2026-09-28
950250,5,실적·계약,단일판매ㆍ공급계약체결,2026-09-28,2026-09-28
003380,5,실적·계약,단일판매ㆍ공급계약체결(자회사의 주요경영사항),2026-09-28,2026-09-30
004440,5,실적·계약,단일판매ㆍ공급계약체결,2026-09-23,2026-09-23
034220,5,실적·계약,[기재정정]영업양도결정(종속회사의주요경영사항),2026-09-23,2026-10-01
007460,5,실적·계약,[기재정정]주요사항보고서(유상증자결정)(자회사의 주요경영사항),2026-09-23,2026-09-23
003060,5,실적·계약,[기재정정]주요사항보고서(유상증자결정),2026-09-23,2026-09-23
326030,5,실적·계약,단일판매ㆍ공급계약체결,2026-09-23,2026-09-23
272210,5,실적·계약,단일판매ㆍ공급계약체결,2026-09-23,2026-09-23
060980,5,실적·계약,단일판매ㆍ공급계약체결(자회사의 주요경영사항),2026-09-23,2026-09-23
014790,5,실적·계약,단일판매ㆍ공급계약체결,2026-09-23,2026-09-23
083650,5,실적·계약,[기재정정]단일판매ㆍ공급계약체결,2026-09-23,2026-09-23
090710,5,실적·계약,주요사항보고서(유상증자결정),2026-09-23,2026-10-02
009730,5,실적·계약,[기재정정]주요사항보고서(유상증자결정),2026-09-23,2026-09-30
336680,5,실적·계약,[기재정정]영업양수결정(종속회사의주요경영사항)              (철회),2026-09-23,2026-09-23
091590,5,실적·계약,[기재정정]단일판매ㆍ공급계약체결,2026-09-23,2026-09-23
019570,5,실적·계약,[기재정정]주요사항보고서(유상증자결정),2026-09-23,2026-09-30
046390,5,실적·계약,[기재정정]단일판매ㆍ공급계약체결,2026-09-23,2026-09-30
003670,5,실적·계약,단일판매ㆍ공급계약체결,2026-09-22,2026-09-22
417310,5,실적·계약,매출액또는손익구조30%(대규모법인은15%)이상변경,2026-09-22,2026-09-30
064400,5,실적·계약,단일판매ㆍ공급계약체결,2026-09-22,2026-09-22
002460,5,실적·계약,단일판매ㆍ공급계약체결,2026-09-22,2026-09-22
011300,5,실적·계약,[기재정정]주요사항보고서(유상증자결정),2026-09-22,2026-10-01
003850,5,실적·계약,단일판매ㆍ공급계약체결,2026-09-22,2026-09-22
023410,5,실적·계약,[첨부정정]주요사항보고서(회사합병결정),2026-09-22,2026-09-22
064290,5,실적·계약,[기재정정]단일판매ㆍ공급계약체결,2026-09-22,2026-09-22
137080,5,실적·계약,단일판매ㆍ공급계약체결,2026-09-22,2026-09-22
038870,5,실적·계약,[기재정정]단일판매ㆍ공급계약체결,2026-09-22,2026-09-22
078130,5,실적·계약,[첨부정정]주요사항보고서(회사합병결정),2026-09-22,2026-09-22
107640,5,실적·계약,[기재정정]유상증자결정(종속회사의주요경영사항),2026-09-22,2026-09-30
020710,5,실적·계약,[기재정정]단일판매ㆍ공급계약체결(자율공시),2026-09-22,2026-09-22
148780,5,실적·계약,단일판매ㆍ공급계약체결,2026-09-22,2026-09-22
122450,5,실적·계약,[기재정정]주요사항보고서(회사합병결정),2026-09-22,2026-09-28
012170,5,실적·계약,[기재정정]주요사항보고서(유상증자결정),2026-09-21,2026-09-29
047040,5,실적·계약,단일판매ㆍ공급계약체결,2026-09-21,2026-10-02
105840,5,실적·계약,[기재정정]단일판매ㆍ공급계약체결,2026-09-21,2026-09-21
448730,5,실적·계약,[기재정정]주요사항보고서(유상증자결정),2026-09-21,2026-10-02
032800,5,실적·계약,단일판매ㆍ공급계약체결,2026-09-21,2026-09-29
204840,5,실적·계약,[기재정정]단일판매ㆍ공급계약체결,2026-09-21,2026-09-21
900270,5,실적·계약,[첨부정정]주요사항보고서(유상증자결정),2026-09-21,2026-09-28
334970,5,실적·계약,[기재정정]단일판매ㆍ공급계약체결,2026-09-21,2026-09-30
032820,5,실적·계약,[기재정정]단일판매ㆍ공급계약체결,2026-09-21,2026-09-30
090470,5,실적·계약,단일판매ㆍ공급계약체결,2026-09-21,2026-09-21
094280,5,실적·계약,[기재정정]단일판매ㆍ공급계약체결,2026-09-18,2026-09-18
000300,5,실적·계약,단일판매ㆍ공급계약체결,2026-09-18,2026-09-18
071970,5,실적·계약,[기재정정]단일판매ㆍ공급계약체결,2026-09-18,2026-09-18
002150,5,실적·계약,[기재정정]단일판매ㆍ공급계약체결,2026-09-18,2026-09-30
482520,5,실적·계약,주요사항보고서(회사합병결정),2026-09-18,2026-09-18
053950,5,실적·계약,[기재정정]주요사항보고서(유상증자결정),2026-09-18,2026-09-18
067080,5,실적·계약,[기재정정]단일판매ㆍ공급계약해지,2026-09-18,2026-09-18
237690,5,실적·계약,단일판매ㆍ공급계약체결,2026-09-18,2026-09-18
253450,5,실적·계약,단일판매ㆍ공급계약체결,2026-09-18,2026-09-18
026150,5,실적·계약,[기재정정]단일판매ㆍ공급계약체결,2026-09-18,2026-09-30
060370,5,실적·계약,단일판매ㆍ공급계약체결,2026-09-18,2026-09-18
277410,5,실적·계약,[기재정정]주요사항보고서(유상증자결정),2026-09-18,2026-09-18
126720,5,실적·계약,[기재정정]단일판매ㆍ공급계약체결,2026-09-17,2026-10-02
109070,5,실적·계약,합병등종료보고서(영업양수도),2026-09-17,2026-09-18
159910,5,실적·계약,[기재정정]주요사항보고서(유상증자결정),2026-09-17,2026-09-21
051160,5,실적·계약,유상증자결정(종속회사의주요경영사항),2026-09-17,2026-09-17
278470,5,실적·계약,[첨부정정]주요사항보고서(회사합병결정),2026-09-16,2026-09-16
267850,5,실적·계약,단일판매ㆍ공급계약체결,2026-09-16,2026-09-16
006840,5,실적·계약,[기재정정]유상증자결정(종속회사의주요경영사항),2026-09-16,2026-09-30
161000,5,실적·계약,[기재정정]유상증자결정(종속회사의주요경영사항),2026-09-16,2026-09-30
083470,5,실적·계약,[기재정정]주요사항보고서(유상증자결정),2026-09-16,2026-09-18
261780,5,실적·계약,[기재정정]주요사항보고서(유상증자결정),2026-09-16,2026-09-29
065450,5,실적·계약,[기재정정]단일판매ㆍ공급계약체결,2026-09-16,2026-09-16
455180,5,실적·계약,[기재정정]단일판매ㆍ공급계약체결(자율공시),2026-09-16,2026-09-16
296640,5,실적·계약,[기재정정]단일판매ㆍ공급계약체결,2026-09-16,2026-10-01
058730,5,실적·계약,[기재정정]단일판매ㆍ공급계약체결(자율공시),2026-09-15,2026-09-17
002020,5,실적·계약,[기재정정]단일판매ㆍ공급계약체결(자회사의 주요경영사항),2026-09-15,2026-09-21
000100,5,실적·계약,단일판매ㆍ공급계약체결,2026-09-15,2026-09-15
336260,5,실적·계약,단일판매ㆍ공급계약체결,2026-09-15,2026-09-15
356890,5,실적·계약,[기재정정]단일판매ㆍ공급계약체결(자율공시),2026-09-15,2026-09-15
095190,5,실적·계약,단일판매ㆍ공급계약체결,2026-09-15,2026-09-15
061250,5,실적·계약,주요사항보고서(유상증자결정),2026-09-15,2026-10-02
286750,5,실적·계약,[기재정정]단일판매ㆍ공급계약체결,2026-09-15,2026-09-15
357880,5,실적·계약,[기재정정]주요사항보고서(유상증자결정),2026-09-15,2026-09-17
201490,5,실적·계약,주요사항보고서(유상증자결정),2026-09-15,2026-09-15
042370,5,실적·계약,단일판매ㆍ공급계약체결(자회사의 주요경영사항),2026-09-15,2026-09-15
081180,5,실적·계약,단일판매ㆍ공급계약체결,2026-09-15,2026-09-15
488900,5,실적·계약,단일판매ㆍ공급계약체결,2026-09-15,2026-09-15
077360,5,실적·계약,[기재정정]유상증자결정(종속회사의주요경영사항),2026-09-15,2026-09-15
420770,5,실적·계약,단일판매ㆍ공급계약체결,2026-09-15,2026-09-15
005960,5,실적·계약,[기재정정]단일판매ㆍ공급계약체결,2026-09-14,2026-09-29
047050,5,실적·계약,유상증자결정(종속회사의주요경영사항),2026-09-14,2026-10-02
331920,5,실적·계약,[기재정정]주요사항보고서(유상증자결정),2026-09-14,2026-09-14
058110,5,실적·계약,주요사항보고서(유상증자결정),2026-09-14,2026-09-22
389020,5,실적·계약,단일판매ㆍ공급계약해지,2026-09-14,2026-09-29
080420,5,실적·계약,[기재정정]주요사항보고서(회사합병결정),2026-09-14,2026-09-14
199800,5,실적·계약,[기재정정]주요사항보고서(유상증자결정),2026-09-14,2026-09-28
046970,5,실적·계약,단일판매ㆍ공급계약체결,2026-09-14,2026-09-14
052400,5,실적·계약,주요사항보고서(무상증자결정),2026-09-14,2026-10-01
002420,5,실적·계약,영업양수결정(종속회사의주요경영사항),2026-09-11,2026-10-01
011090,5,실적·계약,[기재정정]주요사항보고서(유상증자결정),2026-09-11,2026-09-15
006120,5,실적·계약,[기재정정]단일판매ㆍ공급계약체결(자회사의 주요경영사항),2026-09-11,2026-09-18
013360,5,실적·계약,[기재정정]단일판매ㆍ공급계약체결,2026-09-11,2026-09-11
192410,5,실적·계약,주요사항보고서(유상증자결정),2026-09-11,2026-10-02
119830,5,실적·계약,[기재정정]주요사항보고서(유상증자결정),2026-09-11,2026-09-28
039560,5,실적·계약,유상증자결정(종속회사의주요경영사항),2026-09-11,2026-09-11
391710,5,실적·계약,단일판매ㆍ공급계약체결,2026-09-11,2026-09-21
440110,5,실적·계약,[기재정정]단일판매ㆍ공급계약체결,2026-09-11,2026-09-11
189300,5,실적·계약,단일판매ㆍ공급계약체결,2026-09-11,2026-09-11
282880,5,실적·계약,[기재정정]단일판매ㆍ공급계약체결,2026-09-11,2026-09-28
200350,5,실적·계약,주요사항보고서(유상증자결정),2026-09-11,2026-09-21
383310,5,실적·계약,단일판매ㆍ공급계약체결,2026-09-11,2026-10-01
070590,5,실적·계약,단일판매ㆍ공급계약체결,2026-09-11,2026-09-11
377480,5,실적·계약,단일판매ㆍ공급계약체결,2026-09-11,2026-09-23
119850,5,실적·계약,단일판매ㆍ공급계약체결,2026-09-11,2026-09-11
101680,5,실적·계약,단일판매ㆍ공급계약체결(자율공시),2026-09-11,2026-09-18
432320,5,실적·계약,매출액또는손익구조30%(대규모법인은15%)이상변경,2026-09-10,2026-09-10
023590,5,실적·계약,단일판매ㆍ공급계약체결,2026-09-10,2026-09-18
271560,5,실적·계약,연결재무제표기준영업(잠정)실적(공정공시),2026-09-10,2026-09-10
010950,5,실적·계약,단일판매ㆍ공급계약체결,2026-09-10,2026-10-01
038290,5,실적·계약,[기재정정]단일판매ㆍ공급계약체결,2026-09-10,2026-09-10
041960,5,실적·계약,[기재정정]단일판매ㆍ공급계약체결,2026-09-10,2026-09-10
204270,5,실적·계약,유상증자결정(종속회사의주요경영사항),2026-09-10,2026-09-21
105550,5,실적·계약,[기재정정]주요사항보고서(유상증자결정),2026-09-10,2026-10-02
489480,5,실적·계약,주요사항보고서(회사합병결정),2026-09-10,2026-09-10
127120,5,실적·계약,[기재정정]단일판매ㆍ공급계약체결,2026-09-10,2026-10-01
068940,5,실적·계약,[기재정정]단일판매ㆍ공급계약체결,2026-09-10,2026-09-11
039020,5,실적·계약,[기재정정]단일판매ㆍ공급계약체결(자회사의 주요경영사항),2026-09-10,2026-09-10
083790,5,실적·계약,[기재정정]단일판매ㆍ공급계약체결,2026-09-10,2026-09-30
051980,5,실적·계약,단일판매ㆍ공급계약체결,2026-09-10,2026-10-01
006980,5,실적·계약,[첨부정정]주요사항보고서(회사합병결정),2026-09-09,2026-09-28
037710,5,실적·계약,영업(잠정)실적(공정공시),2026-09-09,2026-09-09
004170,5,실적·계약,영업(잠정)실적(공정공시),2026-09-09,2026-09-21
004830,5,실적·계약,유상증자결정(종속회사의주요경영사항),2026-09-09,2026-09-09
255220,5,실적·계약,[기재정정]단일판매ㆍ공급계약체결,2026-09-09,2026-10-02
376270,5,실적·계약,[기재정정]단일판매ㆍ공급계약체결,2026-09-09,2026-09-09
200710,5,실적·계약,[기재정정]단일판매ㆍ공급계약체결,2026-09-09,2026-09-09
282720,5,실적·계약,[기재정정]단일판매ㆍ공급계약체결,2026-09-09,2026-09-22
027410,5,실적·계약,[첨부정정]주요사항보고서(회사합병결정)(자회사의 주요경영사항)              (소규모합병),2026-09-08,2026-09-08
317400,5,실적·계약,[기재정정]단일판매ㆍ공급계약체결,2026-09-08,2026-09-22
126600,5,실적·계약,[첨부정정]주요사항보고서(회사합병결정),2026-09-08,2026-09-08
076080,5,실적·계약,[기재정정]단일판매ㆍ공급계약체결,2026-09-08,2026-09-18
389260,5,실적·계약,단일판매ㆍ공급계약체결,2026-09-08,2026-09-08
047920,5,실적·계약,[기재정정]주요사항보고서(유상증자결정),2026-09-08,2026-10-01
037370,5,실적·계약,단일판매ㆍ공급계약체결(자율공시),2026-09-08,2026-09-08
112610,5,실적·계약,단일판매ㆍ공급계약체결,2026-09-07,2026-09-14
040910,5,실적·계약,[기재정정]단일판매ㆍ공급계약체결(자율공시),2026-09-07,2026-09-07
078590,5,실적·계약,[기재정정]주요사항보고서(유상증자결정),2026-09-07,2026-09-07
126340,5,실적·계약,단일판매ㆍ공급계약체결,2026-09-07,2026-09-07
217190,5,실적·계약,단일판매ㆍ공급계약체결,2026-09-07,2026-09-07
049120,5,실적·계약,주요사항보고서(유상증자결정),2026-09-07,2026-09-30
045100,5,실적·계약,단일판매ㆍ공급계약체결,2026-09-07,2026-09-07
036530,5,실적·계약,[첨부정정]주요사항보고서(회사합병결정)(자회사의 주요경영사항),2026-09-04,2026-09-30
064960,5,실적·계약,[첨부정정]주요사항보고서(회사합병결정),2026-09-04,2026-09-28
079550,5,실적·계약,[기재정정]주요사항보고서(유상증자결정),2026-09-04,2026-09-29
092870,5,실적·계약,[기재정정]단일판매ㆍ공급계약체결,2026-09-04,2026-09-04
212560,5,실적·계약,주요사항보고서(주식교환ㆍ이전결정),2026-09-04,2026-10-01
429270,5,실적·계약,주요사항보고서(유상증자결정),2026-09-04,2026-09-14
294630,5,실적·계약,단일판매ㆍ공급계약체결,2026-09-04,2026-09-04
082270,5,실적·계약,[기재정정]주요사항보고서(유상증자결정),2026-09-04,2026-10-01
079810,5,실적·계약,단일판매ㆍ공급계약체결(자율공시),2026-09-04,2026-09-04
108230,5,실적·계약,단일판매ㆍ공급계약체결,2026-09-04,2026-09-04
098070,5,실적·계약,[기재정정]단일판매ㆍ공급계약체결,2026-09-04,2026-09-04
083640,5,실적·계약,단일판매ㆍ공급계약체결,2026-09-04,2026-09-23
073490,5,실적·계약,단일판매ㆍ공급계약체결,2026-09-03,2026-09-03
007110,5,실적·계약,단일판매ㆍ공급계약체결,2026-09-02,2026-10-02
100840,5,실적·계약,단일판매ㆍ공급계약체결,2026-09-02,2026-09-14
300080,5,실적·계약,[기재정정]단일판매ㆍ공급계약체결,2026-09-02,2026-09-02
213420,5,실적·계약,유상증자결정(종속회사의주요경영사항),2026-09-02,2026-09-15
493330,5,실적·계약,[기재정정]단일판매ㆍ공급계약체결,2026-09-02,2026-09-02
086520,5,실적·계약,[기재정정]유상증자결정(종속회사의주요경영사항),2026-09-02,2026-10-01
247540,5,실적·계약,[기재정정]주요사항보고서(유상증자결정),2026-09-02,2026-10-01
290650,5,실적·계약,[기재정정]주요사항보고서(유무상증자결정),2026-09-02,2026-09-02
475460,5,실적·계약,주요사항보고서(무상증자결정),2026-09-02,2026-09-15
051900,5,실적·계약,[기재정정]유상증자결정(종속회사의주요경영사항),2026-09-01,2026-09-01
021820,5,실적·계약,매출액또는손익구조30%(대규모법인은15%)이상변경,2026-09-01,2026-09-30
012200,5,실적·계약,[기재정정]주요사항보고서(유상증자결정),2026-09-01,2026-09-18
045660,5,실적·계약,단일판매ㆍ공급계약체결,2026-09-01,2026-09-01
321370,5,실적·계약,[기재정정]단일판매ㆍ공급계약체결,2026-09-01,2026-09-01
012210,5,실적·계약,[기재정정]단일판매ㆍ공급계약체결,2026-09-01,2026-09-01
464080,5,실적·계약,단일판매ㆍ공급계약체결,2026-09-01,2026-09-01
220100,5,실적·계약,[기재정정]주요사항보고서(유무상증자결정),2026-09-01,2026-09-16
418420,5,실적·계약,단일판매ㆍ공급계약체결,2026-09-01,2026-09-01
267270,5,실적·계약,유상증자결정(종속회사의주요경영사항),2026-08-31,2026-09-30
075180,5,실적·계약,[기재정정]회사합병결정(종속회사의주요경영사항),2026-08-31,2026-08-31
100090,5,실적·계약,단일판매ㆍ공급계약체결,2026-08-31,2026-08-31
153460,5,실적·계약,[기재정정]단일판매ㆍ공급계약체결,2026-08-31,2026-09-07
402030,5,실적·계약,[기재정정]단일판매ㆍ공급계약체결,2026-08-31,2026-09-30
115450,5,실적·계약,[기재정정]단일판매ㆍ공급계약체결,2026-08-31,2026-09-09
036710,5,실적·계약,[기재정정]회사합병결정(종속회사의주요경영사항),2026-08-31,2026-09-11
438700,5,실적·계약,단일판매ㆍ공급계약체결,2026-08-31,2026-09-23
090370,5,실적·계약,[기재정정]회사합병결정(종속회사의주요경영사항),2026-08-28,2026-08-28
082740,5,실적·계약,단일판매ㆍ공급계약체결,2026-08-28,2026-09-30
033790,5,실적·계약,주요사항보고서(유상증자결정),2026-08-28,2026-09-07
050860,5,실적·계약,매출액또는손익구조30%(대규모법인은15%)이상변동,2026-08-28,2026-10-01
033540,5,실적·계약,[기재정정]단일판매ㆍ공급계약체결,2026-08-28,2026-08-28
136150,5,실적·계약,[기재정정]단일판매ㆍ공급계약체결,2026-08-28,2026-08-28
024850,5,실적·계약,주요사항보고서(유상증자결정),2026-08-28,2026-09-08
089140,5,실적·계약,[기재정정]주요사항보고서(유상증자결정),2026-08-28,2026-09-29
178780,5,실적·계약,주요사항보고서(유상증자결정),2026-08-28,2026-09-23
088390,5,실적·계약,[기재정정]단일판매ㆍ공급계약체결(자회사의 주요경영사항),2026-08-28,2026-08-28
123750,5,실적·계약,[기재정정]단일판매ㆍ공급계약체결,2026-08-28,2026-08-28
030530,5,실적·계약,유상증자결정(종속회사의주요경영사항),2026-08-28,2026-09-23
065710,5,실적·계약,단일판매ㆍ공급계약체결,2026-08-28,2026-08-28
267260,5,실적·계약,[기재정정]단일판매ㆍ공급계약체결,2026-08-27,2026-09-30
018670,5,실적·계약,[첨부정정]주요사항보고서(회사합병결정),2026-08-27,2026-10-01
017510,5,실적·계약,[기재정정]단일판매ㆍ공급계약체결,2026-08-27,2026-08-27
065650,5,실적·계약,[기재정정]주요사항보고서(유상증자결정),2026-08-27,2026-09-23
096690,5,실적·계약,[기재정정]주요사항보고서(유상증자결정),2026-08-27,2026-09-15
361610,5,실적·계약,[정정명령부과][첨부정정]주요사항보고서(회사합병결정),2026-08-26,2026-09-10
361390,5,실적·계약,[기재정정]단일판매ㆍ공급계약체결(자율공시),2026-08-26,2026-09-28
054780,5,실적·계약,단일판매ㆍ공급계약체결,2026-08-26,2026-08-28
398120,5,실적·계약,[기재정정]단일판매ㆍ공급계약체결,2026-08-26,2026-08-31
393210,5,실적·계약,[기재정정]단일판매ㆍ공급계약체결,2026-08-26,2026-08-26
477850,5,실적·계약,단일판매ㆍ공급계약체결,2026-08-26,2026-10-02
007390,5,실적·계약,유상증자결정(종속회사의주요경영사항),2026-08-26,2026-08-26
065510,5,실적·계약,[첨부정정]주요사항보고서(회사합병결정),2026-08-26,2026-09-28
950210,5,실적·계약,[기재정정]단일판매ㆍ공급계약체결,2026-08-25,2026-09-29
019660,5,실적·계약,[기재정정]단일판매ㆍ공급계약체결,2026-08-25,2026-08-25
122640,5,실적·계약,단일판매ㆍ공급계약체결,2026-08-25,2026-08-25
159010,5,실적·계약,단일판매ㆍ공급계약체결,2026-08-25,2026-10-01
486990,5,실적·계약,단일판매ㆍ공급계약체결,2026-08-25,2026-08-25
035720,5,실적·계약,[첨부정정]주요사항보고서(회사합병결정),2026-08-24,2026-10-01
033530,5,실적·계약,[첨부정정]주요사항보고서(회사합병결정),2026-08-24,2026-09-22
093240,5,실적·계약,매출액또는손익구조30%(대규모법인은15%)이상변경,2026-08-24,2026-09-29
389500,5,실적·계약,단일판매ㆍ공급계약체결,2026-08-24,2026-08-24
333620,5,실적·계약,[기재정정]단일판매ㆍ공급계약체결,2026-08-24,2026-10-01
014620,5,실적·계약,[기재정정]단일판매ㆍ공급계약체결,2026-08-24,2026-10-01
119650,5,실적·계약,[기재정정]단일판매ㆍ공급계약체결(자율공시),2026-08-21,2026-08-21
020560,5,실적·계약,회사합병결정(종속회사의주요경영사항),2026-08-21,2026-08-31
400760,5,실적·계약,매출액또는손익구조30%(대규모법인은15%)이상변경,2026-08-21,2026-10-01
298690,5,실적·계약,주요사항보고서(회사합병결정),2026-08-21,2026-08-28
272450,5,실적·계약,주요사항보고서(회사합병결정),2026-08-21,2026-08-28
023800,5,실적·계약,단일판매ㆍ공급계약체결,2026-08-21,2026-08-25
083660,5,실적·계약,[기재정정]주요사항보고서(유상증자결정),2026-08-21,2026-09-30
025950,5,실적·계약,[기재정정]단일판매ㆍ공급계약체결,2026-08-21,2026-08-21
180400,5,실적·계약,[기재정정]단일판매ㆍ공급계약체결,2026-08-21,2026-09-18
096350,5,실적·계약,단일판매ㆍ공급계약체결,2026-08-21,2026-09-08
004990,5,실적·계약,[기재정정]유상증자결정(종속회사의주요경영사항),2026-08-20,2026-09-30
062040,5,실적·계약,단일판매ㆍ공급계약체결,2026-08-20,2026-08-26
003480,5,실적·계약,단일판매ㆍ공급계약체결(자회사의 주요경영사항),2026-08-20,2026-08-20
104460,5,실적·계약,[기재정정]단일판매ㆍ공급계약체결,2026-08-20,2026-08-20
900300,5,실적·계약,주요사항보고서(유상증자결정),2026-08-20,2026-09-14
062970,5,실적·계약,[기재정정]주요사항보고서(유상증자결정),2026-08-20,2026-09-11
031330,5,실적·계약,무상증자결정(종속회사의주요경영사항),2026-08-20,2026-09-29
475040,5,실적·계약,단일판매ㆍ공급계약체결,2026-08-20,2026-08-26
189690,5,실적·계약,매출액또는손익구조30%(대규모법인은15%)이상변동,2026-08-20,2026-09-23
445090,5,실적·계약,[기재정정]단일판매ㆍ공급계약체결,2026-08-20,2026-09-08
009810,5,실적·계약,[기재정정]주요사항보고서(유상증자결정),2026-08-19,2026-09-30
006740,5,실적·계약,[기재정정]주요사항보고서(유상증자결정),2026-08-19,2026-09-07
221800,5,실적·계약,연결재무제표기준영업(잠정)실적(공정공시),2026-08-19,2026-10-01
255440,5,실적·계약,[기재정정]단일판매ㆍ공급계약체결,2026-08-19,2026-08-21
396470,5,실적·계약,단일판매ㆍ공급계약체결(자율공시),2026-08-19,2026-08-19
340810,5,실적·계약,[기재정정]주요사항보고서(유상증자결정),2026-08-18,2026-10-02
095270,5,실적·계약,[기재정정]단일판매ㆍ공급계약체결,2026-08-18,2026-08-18
257720,5,실적·계약,주요사항보고서(유상증자결정),2026-08-18,2026-10-01
475580,5,실적·계약,[기재정정]유상증자결정(종속회사의주요경영사항),2026-08-18,2026-08-18
288180,5,실적·계약,단일판매ㆍ공급계약체결,2026-08-18,2026-10-01
192390,5,실적·계약,단일판매ㆍ공급계약체결,2026-08-18,2026-09-02
204320,5,실적·계약,[기재정정]연결재무제표기준영업(잠정)실적(공정공시),2026-08-14,2026-08-28
017860,5,실적·계약,[기재정정]연결재무제표기준영업(잠정)실적(공정공시),2026-08-14,2026-08-31
009320,5,실적·계약,영업(잠정)실적(공정공시),2026-08-14,2026-08-31
001740,5,실적·계약,연결재무제표기준영업(잠정)실적(공정공시),2026-08-14,2026-08-28
085620,5,실적·계약,연결재무제표기준영업(잠정)실적(공정공시),2026-08-14,2026-08-31
003690,5,실적·계약,영업(잠정)실적(공정공시),2026-08-14,2026-08-28
031210,5,실적·계약,영업(잠정)실적(공정공시),2026-08-14,2026-08-14
001450,5,실적·계약,영업(잠정)실적(공정공시),2026-08-14,2026-09-23
371950,5,실적·계약,주요사항보고서(유상증자결정),2026-08-14,2026-08-31
097870,5,실적·계약,매출액또는손익구조30%(대규모법인은15%)이상변동,2026-08-14,2026-09-30
064820,5,실적·계약,[첨부정정]주요사항보고서(회사합병결정),2026-08-14,2026-08-14
073540,5,실적·계약,단일판매ㆍ공급계약체결,2026-08-14,2026-08-14
301300,5,실적·계약,단일판매ㆍ공급계약체결(자율공시),2026-08-14,2026-08-14
072990,5,실적·계약,연결재무제표기준영업(잠정)실적(공정공시),2026-08-14,2026-08-14
169330,5,실적·계약,매출액또는손익구조30%(대규모법인은15%)이상변동,2026-08-14,2026-09-30
332570,5,실적·계약,[기재정정]단일판매ㆍ공급계약체결,2026-08-14,2026-08-18
276730,5,실적·계약,[기재정정]주요사항보고서(유상증자결정),2026-08-14,2026-09-23
417500,5,실적·계약,주요사항보고서(유상증자결정),2026-08-14,2026-09-16
054940,5,실적·계약,단일판매ㆍ공급계약체결,2026-08-14,2026-08-14
248070,5,실적·계약,유상증자결정(종속회사의주요경영사항),2026-08-13,2026-09-28
003550,5,실적·계약,연결재무제표기준영업(잠정)실적(공정공시),2026-08-13,2026-09-09
005830,5,실적·계약,영업(잠정)실적(공정공시),2026-08-13,2026-09-01
483650,5,실적·계약,연결재무제표기준영업(잠정)실적(공정공시),2026-08-13,2026-09-28
045970,5,실적·계약,유상증자결정(종속회사의주요경영사항),2026-08-13,2026-08-14
101400,5,실적·계약,주요사항보고서(유상증자결정),2026-08-13,2026-09-03
237880,5,실적·계약,연결재무제표기준영업(잠정)실적(공정공시),2026-08-13,2026-08-14
017650,5,실적·계약,주식분할결정,2026-08-13,2026-09-15
216080,5,실적·계약,단일판매ㆍ공급계약체결,2026-08-13,2026-08-14
300120,5,실적·계약,연결재무제표기준영업(잠정)실적(공정공시),2026-08-13,2026-08-19
049430,5,실적·계약,연결재무제표기준영업(잠정)실적(공정공시),2026-08-13,2026-09-29
109080,5,실적·계약,영업(잠정)실적(공정공시),2026-08-13,2026-08-14
950190,5,실적·계약,연결재무제표기준영업(잠정)실적(공정공시),2026-08-13,2026-09-01
063760,5,실적·계약,[기재정정]단일판매ㆍ공급계약체결,2026-08-13,2026-09-28
481070,5,실적·계약,연결재무제표기준영업(잠정)실적(공정공시),2026-08-13,2026-08-18
465480,5,실적·계약,영업(잠정)실적(공정공시),2026-08-13,2026-09-01
097800,5,실적·계약,영업(잠정)실적(공정공시),2026-08-13,2026-08-14
003520,5,실적·계약,[기재정정]단일판매ㆍ공급계약체결,2026-08-12,2026-09-01
009290,5,실적·계약,연결재무제표기준영업(잠정)실적(공정공시),2026-08-12,2026-08-14
067830,5,실적·계약,영업(잠정)실적(공정공시),2026-08-12,2026-08-14
036570,5,실적·계약,[기재정정]단일판매ㆍ공급계약체결,2026-08-12,2026-09-03
058860,5,실적·계약,영업(잠정)실적(공정공시),2026-08-12,2026-10-01
001250,5,실적·계약,연결재무제표기준영업(잠정)실적(공정공시),2026-08-12,2026-09-08
035000,5,실적·계약,연결재무제표기준영업(잠정)실적(공정공시),2026-08-12,2026-08-31
011780,5,실적·계약,[첨부정정]주요사항보고서(회사합병결정),2026-08-12,2026-09-29
018250,5,실적·계약,연결재무제표기준영업(잠정)실적(공정공시),2026-08-12,2026-08-28
138040,5,실적·계약,연결재무제표기준영업(잠정)실적(공정공시),2026-08-12,2026-09-21
234080,5,실적·계약,영업(잠정)실적(공정공시),2026-08-12,2026-08-14
000240,5,실적·계약,연결재무제표기준영업(잠정)실적(공정공시),2026-08-12,2026-09-04
001390,5,실적·계약,연결재무제표기준영업(잠정)실적(공정공시),2026-08-12,2026-09-10
281820,5,실적·계약,단일판매ㆍ공급계약체결,2026-08-12,2026-08-13
000370,5,실적·계약,영업(잠정)실적(공정공시),2026-08-12,2026-09-10
030200,5,실적·계약,연결재무제표기준영업(잠정)실적(공정공시),2026-08-12,2026-09-11
192080,5,실적·계약,연결재무제표기준영업(잠정)실적(공정공시),2026-08-12,2026-08-14
101730,5,실적·계약,연결재무제표기준영업(잠정)실적(공정공시),2026-08-12,2026-09-18
043610,5,실적·계약,연결재무제표기준영업(잠정)실적(공정공시),2026-08-12,2026-09-29
112040,5,실적·계약,연결재무제표기준영업(잠정)실적(공정공시),2026-08-12,2026-09-18
439090,5,실적·계약,연결재무제표기준영업(잠정)실적(공정공시),2026-08-12,2026-10-02
079940,5,실적·계약,연결재무제표기준영업(잠정)실적(공정공시),2026-08-12,2026-10-01
036030,5,실적·계약,영업(잠정)실적(공정공시),2026-08-12,2026-08-27
035900,5,실적·계약,연결재무제표기준영업(잠정)실적(공정공시),2026-08-12,2026-08-14
063080,5,실적·계약,연결재무제표기준영업(잠정)실적(공정공시),2026-08-12,2026-08-14
123420,5,실적·계약,연결재무제표기준영업(잠정)실적(공정공시),2026-08-12,2026-09-18
067290,5,실적·계약,영업(잠정)실적(공정공시),2026-08-12,2026-08-14
0017J0,5,실적·계약,단일판매ㆍ공급계약체결,2026-08-12,2026-08-12
093320,5,실적·계약,영업(잠정)실적(공정공시),2026-08-12,2026-08-21
105740,5,실적·계약,연결재무제표기준영업(잠정)실적(공정공시),2026-08-12,2026-08-14
074600,5,실적·계약,연결재무제표기준영업(잠정)실적(공정공시),2026-08-12,2026-08-28
317240,5,실적·계약,연결재무제표기준영업(잠정)실적(공정공시),2026-08-12,2026-09-09
058610,5,실적·계약,연결재무제표기준영업(잠정)실적(공정공시),2026-08-12,2026-09-18
078340,5,실적·계약,연결재무제표기준영업(잠정)실적(공정공시),2026-08-12,2026-08-14
095660,5,실적·계약,연결재무제표기준영업(잠정)실적(공정공시),2026-08-12,2026-08-31
096760,5,실적·계약,영업(잠정)실적(공정공시),2026-08-11,2026-09-29
001060,5,실적·계약,영업(잠정)실적(공정공시),2026-08-11,2026-09-29
009450,5,실적·계약,연결재무제표기준영업(잠정)실적(공정공시),2026-08-11,2026-08-14
010660,5,실적·계약,영업(잠정)실적(공정공시),2026-08-11,2026-08-14
003540,5,실적·계약,연결재무제표기준영업(잠정)실적(공정공시),2026-08-11,2026-09-14
145720,5,실적·계약,연결재무제표기준영업(잠정)실적(공정공시),2026-08-11,2026-09-30
462870,5,실적·계약,연결재무제표기준영업(잠정)실적(공정공시),2026-08-11,2026-09-10
192820,5,실적·계약,연결재무제표기준영업(잠정)실적(공정공시),2026-08-11,2026-09-30
403550,5,실적·계약,연결재무제표기준영업(잠정)실적(공정공시),2026-08-11,2026-10-01
078930,5,실적·계약,연결재무제표기준영업(잠정)실적(공정공시),2026-08-11,2026-09-15
161390,5,실적·계약,연결재무제표기준영업(잠정)실적(공정공시),2026-08-11,2026-09-17
031430,5,실적·계약,연결재무제표기준영업(잠정)실적(공정공시),2026-08-11,2026-08-31
020120,5,실적·계약,연결재무제표기준영업(잠정)실적(공정공시),2026-08-11,2026-09-29
097950,5,실적·계약,연결재무제표기준영업(잠정)실적(공정공시),2026-08-11,2026-10-02
000120,5,실적·계약,연결재무제표기준영업(잠정)실적(공정공시),2026-08-11,2026-09-02
263750,5,실적·계약,연결재무제표기준영업(잠정)실적(공정공시),2026-08-11,2026-10-02
032190,5,실적·계약,[기재정정]회사합병결정(종속회사의주요경영사항),2026-08-11,2026-08-31
056080,5,실적·계약,단일판매ㆍ공급계약체결,2026-08-11,2026-08-21
466100,5,실적·계약,[기재정정]주요사항보고서(유상증자결정),2026-08-11,2026-08-31
251970,5,실적·계약,연결재무제표기준영업(잠정)실적(공정공시),2026-08-11,2026-08-14
151860,5,실적·계약,연결재무제표기준영업(잠정)실적(공정공시),2026-08-11,2026-08-27
281740,5,실적·계약,연결재무제표기준영업(잠정)실적(공정공시),2026-08-11,2026-08-14
115160,5,실적·계약,[기재정정]주요사항보고서(회사합병결정),2026-08-11,2026-10-01
023160,5,실적·계약,연결재무제표기준영업(잠정)실적(공정공시),2026-08-11,2026-10-01
046890,5,실적·계약,[기재정정]연결재무제표기준영업(잠정)실적(공정공시),2026-08-11,2026-09-11
043150,5,실적·계약,연결재무제표기준영업(잠정)실적(공정공시),2026-08-11,2026-08-20
126880,5,실적·계약,단일판매ㆍ공급계약체결,2026-08-11,2026-08-14
228850,5,실적·계약,연결재무제표기준영업(잠정)실적(공정공시),2026-08-11,2026-09-30
223250,5,실적·계약,[기재정정]단일판매ㆍ공급계약체결,2026-08-11,2026-08-13
128660,5,실적·계약,연결재무제표기준영업(잠정)실적(공정공시),2026-08-11,2026-08-14
199480,5,실적·계약,단일판매ㆍ공급계약체결,2026-08-11,2026-08-28
104200,5,실적·계약,영업(잠정)실적(공정공시),2026-08-11,2026-08-14
060250,5,실적·계약,영업(잠정)실적(공정공시),2026-08-11,2026-10-01
009240,5,실적·계약,연결재무제표기준영업(잠정)실적(공정공시),2026-08-10,2026-09-10
383800,5,실적·계약,연결재무제표기준영업(잠정)실적(공정공시),2026-08-10,2026-08-28
024720,5,실적·계약,연결재무제표기준영업(잠정)실적(공정공시),2026-08-10,2026-10-01
005430,5,실적·계약,연결재무제표기준영업(잠정)실적(공정공시),2026-08-10,2026-08-31
003580,5,실적·계약,[첨부정정]주요사항보고서(회사합병결정),2026-08-10,2026-09-23
095720,5,실적·계약,연결재무제표기준영업(잠정)실적(공정공시),2026-08-10,2026-09-30
302440,5,실적·계약,연결재무제표기준영업(잠정)실적(공정공시),2026-08-10,2026-08-28
077970,5,실적·계약,[기재정정]단일판매ㆍ공급계약체결,2026-08-10,2026-09-01
000490,5,실적·계약,연결재무제표기준영업(잠정)실적(공정공시),2026-08-10,2026-09-21
013030,5,실적·계약,연결재무제표기준영업(잠정)실적(공정공시),2026-08-10,2026-08-14
052460,5,실적·계약,연결재무제표기준영업(잠정)실적(공정공시),2026-08-10,2026-08-14
086900,5,실적·계약,연결재무제표기준영업(잠정)실적(공정공시),2026-08-10,2026-09-30
950140,5,실적·계약,연결재무제표기준영업(잠정)실적(공정공시),2026-08-10,2026-08-11
092190,5,실적·계약,[기재정정]연결재무제표기준영업(잠정)실적(공정공시),2026-08-10,2026-08-14
008830,5,실적·계약,영업(잠정)실적(공정공시),2026-08-10,2026-08-14
086670,5,실적·계약,연결재무제표기준영업(잠정)실적(공정공시),2026-08-10,2026-09-08
260930,5,실적·계약,연결재무제표기준영업(잠정)실적(공정공시),2026-08-10,2026-08-14
352480,5,실적·계약,연결재무제표기준영업(잠정)실적(공정공시),2026-08-10,2026-09-30
032620,5,실적·계약,연결재무제표기준영업(잠정)실적(공정공시),2026-08-10,2026-09-02
105760,5,실적·계약,연결재무제표기준영업(잠정)실적(공정공시),2026-08-10,2026-09-16
347890,5,실적·계약,유상증자결정(자율공시)(종속회사의주요경영사항),2026-08-10,2026-08-14
007820,5,실적·계약,주요사항보고서(유상증자결정),2026-08-10,2026-09-30
012030,5,실적·계약,연결재무제표기준영업(잠정)실적(공정공시),2026-08-07,2026-08-28
035510,5,실적·계약,연결재무제표기준영업(잠정)실적(공정공시),2026-08-07,2026-09-18
097520,5,실적·계약,연결재무제표기준영업(잠정)실적(공정공시),2026-08-07,2026-09-09
021240,5,실적·계약,연결재무제표기준영업(잠정)실적(공정공시),2026-08-07,2026-09-18
079160,5,실적·계약,연결재무제표기준영업(잠정)실적(공정공시),2026-08-07,2026-09-21
339770,5,실적·계약,연결재무제표기준영업(잠정)실적(공정공시),2026-08-07,2026-09-04
120110,5,실적·계약,연결재무제표기준영업(잠정)실적(공정공시),2026-08-07,2026-09-17
058850,5,실적·계약,영업(잠정)실적(공정공시),2026-08-07,2026-09-29
280360,5,실적·계약,연결재무제표기준영업(잠정)실적(공정공시),2026-08-07,2026-09-10
004060,5,실적·계약,연결재무제표기준영업(잠정)실적(공정공시),2026-08-07,2026-08-14
023960,5,실적·계약,[기재정정]단일판매ㆍ공급계약체결,2026-08-07,2026-09-28
005440,5,실적·계약,연결재무제표기준영업(잠정)실적(공정공시),2026-08-07,2026-10-02
011930,5,실적·계약,연결재무제표기준영업(잠정)실적(공정공시),2026-08-07,2026-08-21
084870,5,실적·계약,연결재무제표기준영업(잠정)실적(공정공시),2026-08-07,2026-09-10
007070,5,실적·계약,연결재무제표기준영업(잠정)실적(공정공시),2026-08-07,2026-09-15
005690,5,실적·계약,단일판매ㆍ공급계약체결,2026-08-07,2026-08-12
023530,5,실적·계약,연결재무제표기준영업(잠정)실적(공정공시),2026-08-07,2026-09-17
083930,5,실적·계약,영업(잠정)실적(공정공시),2026-08-07,2026-08-21
267790,5,실적·계약,연결재무제표기준영업(잠정)실적(공정공시),2026-08-07,2026-09-04
136480,5,실적·계약,연결재무제표기준영업(잠정)실적(공정공시),2026-08-07,2026-09-29
215200,5,실적·계약,연결재무제표기준영업(잠정)실적(공정공시),2026-08-07,2026-08-14
092730,5,실적·계약,영업(잠정)실적(공정공시),2026-08-07,2026-08-24
178320,5,실적·계약,[기재정정]단일판매ㆍ공급계약체결,2026-08-07,2026-10-02
222040,5,실적·계약,연결재무제표기준영업(잠정)실적(공정공시),2026-08-07,2026-09-09
096530,5,실적·계약,연결재무제표기준영업(잠정)실적(공정공시),2026-08-07,2026-09-28
265520,5,실적·계약,연결재무제표기준영업(잠정)실적(공정공시),2026-08-07,2026-09-09
104830,5,실적·계약,연결재무제표기준영업(잠정)실적(공정공시),2026-08-07,2026-08-28
052330,5,실적·계약,연결재무제표기준영업(잠정)실적(공정공시),2026-08-07,2026-08-14
049960,5,실적·계약,연결재무제표기준영업(잠정)실적(공정공시),2026-08-07,2026-08-14
064760,5,실적·계약,영업(잠정)실적(공정공시),2026-08-07,2026-09-04
408920,5,실적·계약,연결재무제표기준영업(잠정)실적(공정공시),2026-08-07,2026-08-14
214180,5,실적·계약,[기재정정]연결재무제표기준영업(잠정)실적(공정공시),2026-08-07,2026-08-21
214450,5,실적·계약,연결재무제표기준영업(잠정)실적(공정공시),2026-08-07,2026-09-01
122870,5,실적·계약,연결재무제표기준영업(잠정)실적(공정공시),2026-08-07,2026-08-31
189980,5,실적·계약,연결재무제표기준영업(잠정)실적(공정공시),2026-08-07,2026-08-14
194480,5,실적·계약,연결재무제표기준영업(잠정)실적(공정공시),2026-08-07,2026-08-26
393890,5,실적·계약,연결재무제표기준영업(잠정)실적(공정공시),2026-08-07,2026-09-30
119610,5,실적·계약,연결재무제표기준영업(잠정)실적(공정공시),2026-08-07,2026-09-22
196170,5,실적·계약,연결재무제표기준영업(잠정)실적(공정공시),2026-08-07,2026-09-21
121600,5,실적·계약,연결재무제표기준영업(잠정)실적(공정공시),2026-08-07,2026-09-21
216050,5,실적·계약,연결재무제표기준영업(잠정)실적(공정공시),2026-08-07,2026-08-28
462860,5,실적·계약,연결재무제표기준영업(잠정)실적(공정공시),2026-08-07,2026-08-13
051780,5,실적·계약,주요사항보고서(유상증자결정),2026-08-07,2026-08-28
029460,5,실적·계약,연결재무제표기준영업(잠정)실적(공정공시),2026-08-06,2026-08-14
122900,5,실적·계약,연결재무제표기준영업(잠정)실적(공정공시),2026-08-06,2026-09-15
217590,5,실적·계약,단일판매ㆍ공급계약체결,2026-08-06,2026-08-14
033780,5,실적·계약,연결재무제표기준영업(잠정)실적(공정공시),2026-08-06,2026-09-22
350520,5,실적·계약,매출액또는손익구조30%(대규모법인은15%)이상변경,2026-08-06,2026-09-18
282330,5,실적·계약,연결재무제표기준영업(잠정)실적(공정공시),2026-08-06,2026-08-27
377740,5,실적·계약,연결재무제표기준영업(잠정)실적(공정공시),2026-08-06,2026-08-13
037560,5,실적·계약,연결재무제표기준영업(잠정)실적(공정공시),2026-08-06,2026-08-31
032640,5,실적·계약,연결재무제표기준영업(잠정)실적(공정공시),2026-08-06,2026-09-21
020150,5,실적·계약,연결재무제표기준영업(잠정)실적(공정공시),2026-08-06,2026-09-03
002900,5,실적·계약,연결재무제표기준영업(잠정)실적(공정공시),2026-08-06,2026-08-13
086980,5,실적·계약,연결재무제표기준영업(잠정)실적(공정공시),2026-08-06,2026-08-31
065370,5,실적·계약,[기재정정]단일판매ㆍ공급계약체결,2026-08-06,2026-08-14
054450,5,실적·계약,연결재무제표기준영업(잠정)실적(공정공시),2026-08-06,2026-08-14
042000,5,실적·계약,연결재무제표기준영업(잠정)실적(공정공시),2026-08-06,2026-08-13
089600,5,실적·계약,영업(잠정)실적(공정공시),2026-08-06,2026-08-27
445680,5,실적·계약,연결재무제표기준영업(잠정)실적(공정공시),2026-08-06,2026-10-02
373110,5,실적·계약,연결재무제표기준영업(잠정)실적(공정공시),2026-08-06,2026-09-11
038390,5,실적·계약,연결재무제표기준영업(잠정)실적(공정공시),2026-08-06,2026-08-14
240810,5,실적·계약,연결재무제표기준영업(잠정)실적(공정공시),2026-08-06,2026-09-17
069080,5,실적·계약,연결재무제표기준영업(잠정)실적(공정공시),2026-08-06,2026-08-28
086890,5,실적·계약,영업(잠정)실적(공정공시),2026-08-06,2026-09-22
417970,5,실적·계약,영업(잠정)실적(공정공시),2026-08-06,2026-09-03
051500,5,실적·계약,연결재무제표기준영업(잠정)실적(공정공시),2026-08-06,2026-08-28
036560,5,실적·계약,영업(잠정)실적(공정공시),2026-08-06,2026-09-30
137950,5,실적·계약,연결재무제표기준영업(잠정)실적(공정공시),2026-08-06,2026-09-30
089890,5,실적·계약,[기재정정]단일판매ㆍ공급계약체결,2026-08-06,2026-08-14
179900,5,실적·계약,[기재정정]주요사항보고서(유상증자결정),2026-08-06,2026-09-22
035760,5,실적·계약,연결재무제표기준영업(잠정)실적(공정공시),2026-08-06,2026-09-29
005290,5,실적·계약,연결재무제표기준영업(잠정)실적(공정공시),2026-08-06,2026-09-02
024880,5,실적·계약,연결재무제표기준영업(잠정)실적(공정공시),2026-08-06,2026-08-13
105330,5,실적·계약,연결재무제표기준영업(잠정)실적(공정공시),2026-08-06,2026-09-17
041830,5,실적·계약,연결재무제표기준영업(잠정)실적(공정공시),2026-08-06,2026-08-14
0015G0,5,실적·계약,단일판매ㆍ공급계약체결,2026-08-06,2026-08-14
234340,5,실적·계약,연결재무제표기준영업(잠정)실적(공정공시),2026-08-06,2026-08-25
039130,5,실적·계약,연결재무제표기준영업(잠정)실적(공정공시),2026-08-05,2026-08-18
395400,5,실적·계약,영업(잠정)실적(공정공시),2026-08-05,2026-10-01
251270,5,실적·계약,연결재무제표기준영업(잠정)실적(공정공시),2026-08-05,2026-08-28
069960,5,실적·계약,연결재무제표기준영업(잠정)실적(공정공시),2026-08-05,2026-10-02
214320,5,실적·계약,연결재무제표기준영업(잠정)실적(공정공시),2026-08-05,2026-08-28
005300,5,실적·계약,연결재무제표기준영업(잠정)실적(공정공시),2026-08-05,2026-09-07
002380,5,실적·계약,연결재무제표기준영업(잠정)실적(공정공시),2026-08-05,2026-09-17
004270,5,실적·계약,연결재무제표기준영업(잠정)실적(공정공시),2026-08-05,2026-09-14
229640,5,실적·계약,[기재정정]연결재무제표기준영업(잠정)실적(공정공시),2026-08-05,2026-09-30
030720,5,실적·계약,연결재무제표기준영업(잠정)실적(공정공시),2026-08-05,2026-08-27
323410,5,실적·계약,영업(잠정)실적(공정공시),2026-08-05,2026-10-02
222800,5,실적·계약,연결재무제표기준영업(잠정)실적(공정공시),2026-08-05,2026-09-04
347860,5,실적·계약,[기재정정]단일판매ㆍ공급계약체결,2026-08-05,2026-08-14
041510,5,실적·계약,연결재무제표기준영업(잠정)실적(공정공시),2026-08-05,2026-08-28
072020,5,실적·계약,영업(잠정)실적(공정공시),2026-08-05,2026-08-18
0015N0,5,실적·계약,연결재무제표기준영업(잠정)실적(공정공시),2026-08-05,2026-09-29
081150,5,실적·계약,영업(잠정)실적(공정공시),2026-08-05,2026-09-30
035600,5,실적·계약,연결재무제표기준영업(잠정)실적(공정공시),2026-08-05,2026-08-28
215480,5,실적·계약,연결재무제표기준영업(잠정)실적(공정공시),2026-08-05,2026-09-30
155650,5,실적·계약,연결재무제표기준영업(잠정)실적(공정공시),2026-08-05,2026-09-16
252990,5,실적·계약,영업(잠정)실적(공정공시),2026-08-05,2026-09-07
046440,5,실적·계약,연결재무제표기준영업(잠정)실적(공정공시),2026-08-05,2026-08-26
293490,5,실적·계약,연결재무제표기준영업(잠정)실적(공정공시),2026-08-05,2026-09-15
016360,5,실적·계약,연결재무제표기준영업(잠정)실적(공정공시),2026-08-04,2026-09-18
004490,5,실적·계약,영업(잠정)실적(공정공시),2026-08-04,2026-09-14
499790,5,실적·계약,연결재무제표기준영업(잠정)실적(공정공시),2026-08-04,2026-08-28
035250,5,실적·계약,연결재무제표기준영업(잠정)실적(공정공시),2026-08-04,2026-09-30
071840,5,실적·계약,영업(잠정)실적(공정공시),2026-08-04,2026-08-28
013890,5,실적·계약,연결재무제표기준영업(잠정)실적(공정공시),2026-08-04,2026-09-04
272550,5,실적·계약,연결재무제표기준영업(잠정)실적(공정공시),2026-08-04,2026-09-30
453340,5,실적·계약,연결재무제표기준영업(잠정)실적(공정공시),2026-08-04,2026-09-28
079430,5,실적·계약,연결재무제표기준영업(잠정)실적(공정공시),2026-08-04,2026-08-28
377300,5,실적·계약,연결재무제표기준영업(잠정)실적(공정공시),2026-08-04,2026-09-29
450080,5,실적·계약,연결재무제표기준영업(잠정)실적(공정공시),2026-08-04,2026-09-30
000880,5,실적·계약,영업(잠정)실적(공정공시),2026-08-04,2026-09-22
090460,5,실적·계약,연결재무제표기준영업(잠정)실적(공정공시),2026-08-04,2026-10-02
090850,5,실적·계약,연결재무제표기준영업(잠정)실적(공정공시),2026-08-04,2026-09-29
048550,5,실적·계약,연결재무제표기준영업(잠정)실적(공정공시),2026-08-04,2026-08-28
067000,5,실적·계약,연결재무제표기준영업(잠정)실적(공정공시),2026-08-04,2026-08-19
376300,5,실적·계약,연결재무제표기준영업(잠정)실적(공정공시),2026-08-04,2026-09-29
272290,5,실적·계약,연결재무제표기준영업(잠정)실적(공정공시),2026-08-04,2026-08-14
290720,5,실적·계약,[기재정정]주요사항보고서(유상증자결정),2026-08-04,2026-09-04
068760,5,실적·계약,영업(잠정)실적(공정공시),2026-08-04,2026-08-27
097780,5,실적·계약,[기재정정]주요사항보고서(회사합병결정),2026-08-04,2026-09-23
310870,5,실적·계약,연결재무제표기준영업(잠정)실적(공정공시),2026-08-04,2026-09-16
452430,5,실적·계약,단일판매ㆍ공급계약체결,2026-08-04,2026-08-12
263860,5,실적·계약,연결재무제표기준영업(잠정)실적(공정공시),2026-08-04,2026-08-14
004560,5,실적·계약,연결재무제표기준영업(잠정)실적(공정공시),2026-08-03,2026-08-28
020000,5,실적·계약,연결재무제표기준영업(잠정)실적(공정공시),2026-08-03,2026-09-18
004020,5,실적·계약,연결재무제표기준영업(잠정)실적(공정공시),2026-08-03,2026-09-07
001120,5,실적·계약,연결재무제표기준영업(잠정)실적(공정공시),2026-08-03,2026-08-28
194370,5,실적·계약,연결재무제표기준영업(잠정)실적(공정공시),2026-08-03,2026-08-14
126560,5,실적·계약,연결재무제표기준영업(잠정)실적(공정공시),2026-08-03,2026-08-28
187660,5,실적·계약,[기재정정]주요사항보고서(유상증자결정),2026-08-03,2026-09-03
052260,5,실적·계약,연결재무제표기준영업(잠정)실적(공정공시),2026-08-03,2026-08-28
100120,5,실적·계약,연결재무제표기준영업(잠정)실적(공정공시),2026-08-03,2026-09-09
101490,5,실적·계약,연결재무제표기준영업(잠정)실적(공정공시),2026-08-03,2026-08-13
388210,5,실적·계약,연결재무제표기준영업(잠정)실적(공정공시),2026-08-03,2026-08-14
068930,5,실적·계약,연결재무제표기준영업(잠정)실적(공정공시),2026-08-03,2026-09-21
373170,5,실적·계약,단일판매ㆍ공급계약체결(자율공시),2026-08-03,2026-09-02
274400,5,실적·계약,단일판매ㆍ공급계약체결(자율공시),2026-08-03,2026-08-14
356860,5,실적·계약,연결재무제표기준영업(잠정)실적(공정공시),2026-08-03,2026-08-14
472850,5,실적·계약,연결재무제표기준영업(잠정)실적(공정공시),2026-08-03,2026-09-29
444530,5,실적·계약,단일판매ㆍ공급계약체결,2026-08-03,2026-09-16
298020,5,실적·계약,연결재무제표기준영업(잠정)실적(공정공시),2026-07-31,2026-09-29
006280,5,실적·계약,연결재무제표기준영업(잠정)실적(공정공시),2026-07-31,2026-08-14
353200,5,실적·계약,연결재무제표기준영업(잠정)실적(공정공시),2026-07-31,2026-08-13
185750,5,실적·계약,영업(잠정)실적(공정공시),2026-07-31,2026-08-28
084010,5,실적·계약,연결재무제표기준영업(잠정)실적(공정공시),2026-07-31,2026-08-18
317450,5,실적·계약,영업(잠정)실적(공정공시),2026-07-31,2026-08-13
008770,5,실적·계약,연결재무제표기준영업(잠정)실적(공정공시),2026-07-31,2026-09-11
103140,5,실적·계약,연결재무제표기준영업(잠정)실적(공정공시),2026-07-31,2026-08-14
005810,5,실적·계약,연결재무제표기준영업(잠정)실적(공정공시),2026-07-31,2026-09-11
063160,5,실적·계약,영업(잠정)실적(공정공시),2026-07-31,2026-08-14
014820,5,실적·계약,영업(잠정)실적(공정공시),2026-07-31,2026-08-28
003570,5,실적·계약,연결재무제표기준영업(잠정)실적(공정공시),2026-07-31,2026-09-29
215000,5,실적·계약,연결재무제표기준영업(잠정)실적(공정공시),2026-07-31,2026-08-14
219550,5,실적·계약,[기재정정]주요사항보고서(유상증자결정),2026-07-31,2026-08-31
355690,5,실적·계약,[기재정정]유상증자결정(종속회사의주요경영사항),2026-07-31,2026-09-28
262260,5,실적·계약,[기재정정]단일판매ㆍ공급계약체결,2026-07-31,2026-09-29
232680,5,실적·계약,영업(잠정)실적(공정공시),2026-07-31,2026-10-02
142280,5,실적·계약,연결재무제표기준영업(잠정)실적(공정공시),2026-07-31,2026-08-14
066130,5,실적·계약,영업(잠정)실적(공정공시),2026-07-31,2026-09-30
067160,5,실적·계약,연결재무제표기준영업(잠정)실적(공정공시),2026-07-31,2026-09-30
030960,5,실적·계약,매출액또는손익구조30%(대규모법인은15%)이상변동,2026-07-31,2026-09-21
092460,5,실적·계약,연결재무제표기준영업(잠정)실적(공정공시),2026-07-31,2026-08-14
078890,5,실적·계약,연결재무제표기준영업(잠정)실적(공정공시),2026-07-31,2026-08-27
137940,5,실적·계약,연결재무제표기준영업(잠정)실적(공정공시),2026-07-31,2026-09-30
067730,5,실적·계약,단일판매ㆍ공급계약체결(자율공시),2026-07-31,2026-08-14
234690,5,실적·계약,[기재정정]연결재무제표기준영업(잠정)실적(공정공시),2026-07-31,2026-09-14
150900,5,실적·계약,연결재무제표기준영업(잠정)실적(공정공시),2026-07-31,2026-09-30
118990,5,실적·계약,유상증자결정(종속회사의주요경영사항),2026-07-31,2026-08-20
006650,5,실적·계약,연결재무제표기준영업(잠정)실적(공정공시),2026-07-30,2026-08-14
001500,5,실적·계약,연결재무제표기준영업(잠정)실적(공정공시),2026-07-30,2026-09-18
108670,5,실적·계약,연결재무제표기준영업(잠정)실적(공정공시),2026-07-30,2026-08-28
033270,5,실적·계약,영업(잠정)실적(공정공시),2026-07-30,2026-08-14
487570,5,실적·계약,연결재무제표기준영업(잠정)실적(공정공시),2026-07-30,2026-09-15
298050,5,실적·계약,연결재무제표기준영업(잠정)실적(공정공시),2026-07-30,2026-09-11
073240,5,실적·계약,연결재무제표기준영업(잠정)실적(공정공시),2026-07-30,2026-09-03
007210,5,실적·계약,영업(잠정)실적(공정공시),2026-07-30,2026-08-14
002390,5,실적·계약,영업(잠정)실적(공정공시),2026-07-30,2026-09-17
001440,5,실적·계약,연결재무제표기준영업(잠정)실적(공정공시),2026-07-30,2026-09-21
279570,5,실적·계약,영업(잠정)실적(공정공시),2026-07-30,2026-10-02
000230,5,실적·계약,연결재무제표기준영업(잠정)실적(공정공시),2026-07-30,2026-09-30
249420,5,실적·계약,연결재무제표기준영업(잠정)실적(공정공시),2026-07-30,2026-09-30
002790,5,실적·계약,연결재무제표기준영업(잠정)실적(공정공시),2026-07-30,2026-08-28
213500,5,실적·계약,연결재무제표기준영업(잠정)실적(공정공시),2026-07-30,2026-08-26
002820,5,실적·계약,영업(잠정)실적(공정공시),2026-07-30,2026-09-04
004000,5,실적·계약,연결재무제표기준영업(잠정)실적(공정공시),2026-07-30,2026-08-27
090080,5,실적·계약,연결재무제표기준영업(잠정)실적(공정공시),2026-07-30,2026-08-14
090430,5,실적·계약,연결재무제표기준영업(잠정)실적(공정공시),2026-07-30,2026-09-16
006400,5,실적·계약,연결재무제표기준영업(잠정)실적(공정공시),2026-07-30,2026-09-21
489790,5,실적·계약,연결재무제표기준영업(잠정)실적(공정공시),2026-07-30,2026-09-23
005420,5,실적·계약,영업(잠정)실적(공정공시),2026-07-30,2026-09-30
439260,5,실적·계약,연결재무제표기준영업(잠정)실적(공정공시),2026-07-30,2026-09-29
001430,5,실적·계약,연결재무제표기준영업(잠정)실적(공정공시),2026-07-30,2026-08-28
022100,5,실적·계약,연결재무제표기준영업(잠정)실적(공정공시),2026-07-30,2026-08-28
018260,5,실적·계약,연결재무제표기준영업(잠정)실적(공정공시),2026-07-30,2026-09-01
286940,5,실적·계약,연결재무제표기준영업(잠정)실적(공정공시),2026-07-30,2026-08-28
058430,5,실적·계약,연결재무제표기준영업(잠정)실적(공정공시),2026-07-30,2026-08-27
372910,5,실적·계약,연결재무제표기준영업(잠정)실적(공정공시),2026-07-30,2026-08-26
236200,5,실적·계약,연결재무제표기준영업(잠정)실적(공정공시),2026-07-30,2026-09-09
217330,5,실적·계약,[첨부정정]주요사항보고서(회사합병결정),2026-07-30,2026-10-01
091700,5,실적·계약,연결재무제표기준영업(잠정)실적(공정공시),2026-07-30,2026-08-14
136540,5,실적·계약,영업(잠정)실적(공정공시),2026-07-30,2026-08-13
052710,5,실적·계약,[기재정정]주요사항보고서(유무상증자결정),2026-07-30,2026-08-14
061970,5,실적·계약,[기재정정]주요사항보고서(유상증자결정),2026-07-30,2026-08-14
041440,5,실적·계약,연결재무제표기준영업(잠정)실적(공정공시),2026-07-30,2026-08-28
141000,5,실적·계약,[기재정정]단일판매ㆍ공급계약체결,2026-07-30,2026-08-14
033290,5,실적·계약,[기재정정]주요사항보고서(회사합병결정),2026-07-30,2026-09-30
206640,5,실적·계약,연결재무제표기준영업(잠정)실적(공정공시),2026-07-30,2026-09-22
144510,5,실적·계약,연결재무제표기준영업(잠정)실적(공정공시),2026-07-30,2026-09-15
054950,5,실적·계약,연결재무제표기준영업(잠정)실적(공정공시),2026-07-30,2026-09-10
200130,5,실적·계약,영업(잠정)실적(공정공시),2026-07-30,2026-09-02
460940,5,실적·계약,단일판매ㆍ공급계약체결,2026-07-30,2026-08-14
009520,5,실적·계약,영업(잠정)실적(공정공시),2026-07-30,2026-08-28
402490,5,실적·계약,유상증자결정(종속회사의주요경영사항),2026-07-30,2026-08-14
030520,5,실적·계약,연결재무제표기준영업(잠정)실적(공정공시),2026-07-30,2026-08-14
017810,5,실적·계약,주요사항보고서(유상증자결정),2026-07-29,2026-09-22
009180,5,실적·계약,연결재무제표기준영업(잠정)실적(공정공시),2026-07-29,2026-08-26
011760,5,실적·계약,연결재무제표기준영업(잠정)실적(공정공시),2026-07-29,2026-09-30
009420,5,실적·계약,연결재무제표기준영업(잠정)실적(공정공시),2026-07-29,2026-08-14
259960,5,실적·계약,연결재무제표기준영업(잠정)실적(공정공시),2026-07-29,2026-09-30
002350,5,실적·계약,연결재무제표기준영업(잠정)실적(공정공시),2026-07-29,2026-09-30
118000,5,실적·계약,[첨부정정]주요사항보고서(회사합병결정),2026-07-29,2026-10-01
016380,5,실적·계약,연결재무제표기준영업(잠정)실적(공정공시),2026-07-29,2026-09-30
016580,5,실적·계약,연결재무제표기준영업(잠정)실적(공정공시),2026-07-29,2026-08-13
000040,5,실적·계약,[첨부정정]주요사항보고서(회사합병결정),2026-07-29,2026-09-30
004430,5,실적·계약,연결재무제표기준영업(잠정)실적(공정공시),2026-07-29,2026-08-13
002760,5,실적·계약,영업(잠정)실적(공정공시),2026-07-29,2026-08-13
195870,5,실적·계약,연결재무제표기준영업(잠정)실적(공정공시),2026-07-29,2026-09-18
069620,5,실적·계약,영업(잠정)실적(공정공시),2026-07-29,2026-09-09
036930,5,실적·계약,연결재무제표기준영업(잠정)실적(공정공시),2026-07-29,2026-08-24
037950,5,실적·계약,연결재무제표기준영업(잠정)실적(공정공시),2026-07-29,2026-08-14
236810,5,실적·계약,연결재무제표기준영업(잠정)실적(공정공시),2026-07-29,2026-09-23
187870,5,실적·계약,단일판매ㆍ공급계약체결,2026-07-29,2026-08-14
0088M0,5,실적·계약,영업(잠정)실적(공정공시),2026-07-29,2026-09-30
096870,5,실적·계약,영업(잠정)실적(공정공시),2026-07-29,2026-09-23
238490,5,실적·계약,[기재정정]단일판매ㆍ공급계약체결,2026-07-29,2026-08-13
214270,5,실적·계약,연결재무제표기준영업(잠정)실적(공정공시),2026-07-29,2026-08-31
099320,5,실적·계약,연결재무제표기준영업(잠정)실적(공정공시),2026-07-29,2026-09-11
195940,5,실적·계약,영업(잠정)실적(공정공시),2026-07-29,2026-09-16
006910,5,실적·계약,[기재정정]단일판매ㆍ공급계약체결,2026-07-29,2026-10-01
051360,5,실적·계약,연결재무제표기준영업(잠정)실적(공정공시),2026-07-29,2026-08-20
053800,5,실적·계약,연결재무제표기준영업(잠정)실적(공정공시),2026-07-29,2026-08-13
0039P0,5,실적·계약,연결재무제표기준영업(잠정)실적(공정공시),2026-07-29,2026-10-02
008930,5,실적·계약,연결재무제표기준영업(잠정)실적(공정공시),2026-07-28,2026-10-02
128940,5,실적·계약,연결재무제표기준영업(잠정)실적(공정공시),2026-07-28,2026-09-29
089470,5,실적·계약,연결재무제표기준영업(잠정)실적(공정공시),2026-07-28,2026-08-31
138930,5,실적·계약,연결재무제표기준영업(잠정)실적(공정공시),2026-07-28,2026-10-02
012280,5,실적·계약,영업(잠정)실적(공정공시),2026-07-28,2026-09-28
352820,5,실적·계약,연결재무제표기준영업(잠정)실적(공정공시),2026-07-28,2026-09-28
178920,5,실적·계약,영업(잠정)실적(공정공시),2026-07-28,2026-08-28
013310,5,실적·계약,유상증자결정(종속회사의주요경영사항),2026-07-28,2026-09-29
0007C0,5,실적·계약,단일판매ㆍ공급계약체결,2026-07-28,2026-08-14
098460,5,실적·계약,연결재무제표기준영업(잠정)실적(공정공시),2026-07-28,2026-10-01
340570,5,실적·계약,[기재정정]주요사항보고서(무상증자결정),2026-07-28,2026-09-23
094360,5,실적·계약,연결재무제표기준영업(잠정)실적(공정공시),2026-07-28,2026-09-28
050760,5,실적·계약,영업(잠정)실적(공정공시),2026-07-28,2026-08-14
039440,5,실적·계약,단일판매ㆍ공급계약체결(자율공시),2026-07-28,2026-08-14
355150,5,실적·계약,영업(잠정)실적(공정공시),2026-07-28,2026-08-14
372800,5,실적·계약,단일판매ㆍ공급계약체결,2026-07-28,2026-09-11
064480,5,실적·계약,단일판매ㆍ공급계약체결(자율공시),2026-07-28,2026-08-12
396300,5,실적·계약,영업(잠정)실적(공정공시),2026-07-28,2026-08-19
024110,5,실적·계약,연결재무제표기준영업(잠정)실적(공정공시),2026-07-27,2026-10-02
139130,5,실적·계약,연결재무제표기준영업(잠정)실적(공정공시),2026-07-27,2026-09-30
000150,5,실적·계약,연결재무제표기준영업(잠정)실적(공정공시),2026-07-27,2026-09-17
443060,5,실적·계약,연결재무제표기준영업(잠정)실적(공정공시),2026-07-27,2026-09-30
011070,5,실적·계약,연결재무제표기준영업(잠정)실적(공정공시),2026-07-27,2026-10-02
170900,5,실적·계약,영업(잠정)실적(공정공시),2026-07-27,2026-08-20
004710,5,실적·계약,연결재무제표기준영업(잠정)실적(공정공시),2026-07-27,2026-08-26
029780,5,실적·계약,연결재무제표기준영업(잠정)실적(공정공시),2026-07-27,2026-09-29
008260,5,실적·계약,영업(잠정)실적(공정공시),2026-07-27,2026-08-14
039570,5,실적·계약,연결재무제표기준영업(잠정)실적(공정공시),2026-07-27,2026-08-28
237820,5,실적·계약,영업(잠정)실적(공정공시),2026-07-27,2026-08-14
389140,5,실적·계약,[기재정정]단일판매ㆍ공급계약체결(자율공시),2026-07-27,2026-08-14
013810,5,실적·계약,[기재정정]단일판매ㆍ공급계약체결,2026-07-27,2026-08-14
218410,5,실적·계약,연결재무제표기준영업(잠정)실적(공정공시),2026-07-27,2026-08-18
099190,5,실적·계약,연결재무제표기준영업(잠정)실적(공정공시),2026-07-27,2026-08-31
188040,5,실적·계약,연결재무제표기준영업(잠정)실적(공정공시),2026-07-27,2026-08-24
146320,5,실적·계약,영업(잠정)실적(공정공시),2026-07-27,2026-08-14
067990,5,실적·계약,연결재무제표기준영업(잠정)실적(공정공시),2026-07-27,2026-09-30
095340,5,실적·계약,연결재무제표기준영업(잠정)실적(공정공시),2026-07-27,2026-09-28
474610,5,실적·계약,영업(잠정)실적(공정공시),2026-07-27,2026-09-02
481850,5,실적·계약,유상증자결정(종속회사의주요경영사항),2026-07-24,2026-09-30
293940,5,실적·계약,유상증자결정(자율공시)(종속회사의주요경영사항),2026-07-24,2026-09-18
454910,5,실적·계약,연결재무제표기준영업(잠정)실적(공정공시),2026-07-24,2026-09-30
0126Z0,5,실적·계약,연결재무제표기준영업(잠정)실적(공정공시),2026-07-24,2026-10-01
316140,5,실적·계약,연결재무제표기준영업(잠정)실적(공정공시)(자회사의 주요경영사항),2026-07-24,2026-09-16
086790,5,실적·계약,연결재무제표기준영업(잠정)실적(공정공시)(자회사의 주요경영사항),2026-07-24,2026-10-01
322000,5,실적·계약,연결재무제표기준영업(잠정)실적(공정공시),2026-07-24,2026-08-28
460850,5,실적·계약,영업(잠정)실적(공정공시),2026-07-24,2026-09-28
460860,5,실적·계약,영업(잠정)실적(공정공시),2026-07-24,2026-09-03
336370,5,실적·계약,연결재무제표기준영업(잠정)실적(공정공시),2026-07-24,2026-09-29
030000,5,실적·계약,연결재무제표기준영업(잠정)실적(공정공시),2026-07-24,2026-09-30
108320,5,실적·계약,연결재무제표기준영업(잠정)실적(공정공시),2026-07-24,2026-08-28
014990,5,실적·계약,연결재무제표기준영업(잠정)실적(공정공시),2026-07-24,2026-08-31
419080,5,실적·계약,단일판매ㆍ공급계약체결,2026-07-24,2026-08-26
162300,5,실적·계약,유상증자결정(종속회사의주요경영사항),2026-07-24,2026-08-14
318060,5,실적·계약,연결재무제표기준영업(잠정)실적(공정공시),2026-07-24,2026-08-14
104540,5,실적·계약,연결재무제표기준영업(잠정)실적(공정공시),2026-07-24,2026-08-14
007690,5,실적·계약,연결재무제표기준영업(잠정)실적(공정공시),2026-07-23,2026-08-14
175330,5,실적·계약,연결재무제표기준영업(잠정)실적(공정공시)(자회사의 주요경영사항),2026-07-23,2026-09-29
005940,5,실적·계약,연결재무제표기준영업(잠정)실적(공정공시),2026-07-23,2026-09-14
241560,5,실적·계약,연결재무제표기준영업(잠정)실적(공정공시),2026-07-23,2026-09-04
105560,5,실적·계약,연결재무제표기준영업(잠정)실적(공정공시),2026-07-23,2026-09-28
086280,5,실적·계약,연결재무제표기준영업(잠정)실적(공정공시),2026-07-23,2026-09-23
297890,5,실적·계약,단일판매ㆍ공급계약체결,2026-07-23,2026-08-14
176750,5,실적·계약,[첨부정정]주요사항보고서(회사합병결정),2026-07-23,2026-10-02
067280,5,실적·계약,연결재무제표기준영업(잠정)실적(공정공시),2026-07-23,2026-09-22
032850,5,실적·계약,[기재정정]단일판매ㆍ공급계약체결,2026-07-23,2026-09-17
114810,5,실적·계약,연결재무제표기준영업(잠정)실적(공정공시),2026-07-23,2026-09-23
405000,5,실적·계약,주요사항보고서(유상증자결정),2026-07-23,2026-08-14
100590,5,실적·계약,단일판매ㆍ공급계약체결,2026-07-23,2026-08-18
033500,5,실적·계약,[기재정정]단일판매ㆍ공급계약체결,2026-07-23,2026-08-14
086390,5,실적·계약,단일판매ㆍ공급계약체결,2026-07-23,2026-08-14
397030,5,실적·계약,[기재정정]주요사항보고서(유상증자결정),2026-07-23,2026-09-22
005870,5,실적·계약,[기재정정]단일판매ㆍ공급계약체결,2026-07-22,2026-09-29
014830,5,실적·계약,연결재무제표기준영업(잠정)실적(공정공시),2026-07-22,2026-09-09
005070,5,실적·계약,영업(잠정)실적(공정공시),2026-07-22,2026-09-30
446840,5,실적·계약,영업(잠정)실적(공정공시),2026-07-22,2026-08-12
263690,5,실적·계약,단일판매ㆍ공급계약체결,2026-07-22,2026-08-14
141080,5,실적·계약,[기재정정]주요사항보고서(유상증자결정),2026-07-22,2026-09-30
367000,5,실적·계약,단일판매ㆍ공급계약체결,2026-07-22,2026-09-15
133820,5,실적·계약,영업(잠정)실적(공정공시),2026-07-21,2026-08-14
053580,5,실적·계약,단일판매ㆍ공급계약체결,2026-07-21,2026-09-29
215380,5,실적·계약,[기재정정]주요사항보고서(회사합병결정),2026-07-21,2026-09-22
064850,5,실적·계약,연결재무제표기준영업(잠정)실적(공정공시),2026-07-21,2026-09-28
023790,5,실적·계약,영업(잠정)실적(공정공시),2026-07-21,2026-08-14
038680,5,실적·계약,단일판매ㆍ공급계약체결(자율공시),2026-07-21,2026-08-13
002810,5,실적·계약,[첨부정정]주요사항보고서(회사합병결정),2026-07-20,2026-09-23
000500,5,실적·계약,연결재무제표기준영업(잠정)실적(공정공시),2026-07-20,2026-09-11
290560,5,실적·계약,[기재정정]주요사항보고서(회사합병결정),2026-07-20,2026-09-28
290090,5,실적·계약,단일판매ㆍ공급계약체결,2026-07-20,2026-08-31
382900,5,실적·계약,단일판매ㆍ공급계약체결,2026-07-20,2026-08-14
049470,5,실적·계약,단일판매ㆍ공급계약체결,2026-07-20,2026-09-23
004690,5,실적·계약,[기재정정]유상증자결정(종속회사의주요경영사항),2026-07-16,2026-08-27
330590,5,실적·계약,매출액또는손익구조30%(대규모법인은15%)이상변경,2026-07-16,2026-10-01
001750,5,실적·계약,[기재정정]주요사항보고서(유상증자결정),2026-07-16,2026-09-15
304840,5,실적·계약,연결재무제표기준영업(잠정)실적(공정공시),2026-07-16,2026-09-28
183300,5,실적·계약,[기재정정]주식분할결정,2026-07-16,2026-08-20
206650,5,실적·계약,[기재정정]단일판매ㆍ공급계약체결(자율공시),2026-07-16,2026-08-26
357250,5,실적·계약,매출액또는손익구조30%(대규모법인은15%)이상변경,2026-07-15,2026-08-27
348370,5,실적·계약,회사합병결정(종속회사의주요경영사항),2026-07-15,2026-09-29
219420,5,실적·계약,단일판매ㆍ공급계약체결(자율공시),2026-07-15,2026-08-14
003490,5,실적·계약,[기재정정]회사합병결정(종속회사의주요경영사항),2026-07-14,2026-09-29
258790,5,실적·계약,연결재무제표기준영업(잠정)실적(공정공시),2026-07-14,2026-09-15
241770,5,실적·계약,연결재무제표기준영업(잠정)실적(공정공시),2026-07-14,2026-08-14
066910,5,실적·계약,[기재정정]주요사항보고서(유상증자결정),2026-07-14,2026-09-28
246710,5,실적·계약,연결재무제표기준영업(잠정)실적(공정공시),2026-07-14,2026-08-31
050110,5,실적·계약,연결재무제표기준영업(잠정)실적(공정공시),2026-07-14,2026-09-08
347850,5,실적·계약,[기재정정]단일판매ㆍ공급계약체결,2026-07-14,2026-08-21
365550,5,실적·계약,매출액또는손익구조30%(대규모법인은15%)이상변경,2026-07-13,2026-10-01
001840,5,실적·계약,[기재정정]단일판매ㆍ공급계약체결,2026-07-13,2026-08-14
263800,5,실적·계약,[기재정정]단일판매ㆍ공급계약체결,2026-07-13,2026-08-14
052860,5,실적·계약,단일판매ㆍ공급계약체결,2026-07-13,2026-08-14
360070,5,실적·계약,단일판매ㆍ공급계약체결,2026-07-13,2026-08-14
402340,5,실적·계약,[기재정정]주요사항보고서(유상증자결정)(자회사의 주요경영사항),2026-07-10,2026-08-27
042040,5,실적·계약,[기재정정]주요사항보고서(유상증자결정),2026-07-10,2026-08-14
013120,5,실적·계약,[기재정정]단일판매ㆍ공급계약체결,2026-07-10,2026-09-28
464580,5,실적·계약,[기재정정]단일판매ㆍ공급계약체결,2026-07-10,2026-08-14
138360,5,실적·계약,[기재정정]주요사항보고서(유상증자결정),2026-07-10,2026-08-14
061090,5,실적·계약,연결재무제표기준영업(잠정)실적(공정공시),2026-07-10,2026-09-30
004150,5,실적·계약,[기재정정]주요사항보고서(유상증자결정)(자회사의 주요경영사항),2026-07-09,2026-08-31
241840,5,실적·계약,단일판매ㆍ공급계약체결,2026-07-09,2026-08-14
082920,5,실적·계약,연결재무제표기준영업(잠정)실적(공정공시),2026-07-09,2026-08-12
002320,5,실적·계약,연결재무제표기준영업(잠정)실적(공정공시),2026-07-08,2026-09-30
323280,5,실적·계약,단일판매ㆍ공급계약체결,2026-07-08,2026-08-12
226950,5,실적·계약,[기재정정]주요사항보고서(유상증자결정),2026-07-08,2026-09-30
338100,5,실적·계약,매출액또는손익구조30%(대규모법인은15%)이상변경,2026-07-07,2026-10-01
412350,5,실적·계약,단일판매ㆍ공급계약체결,2026-07-07,2026-08-14
437730,5,실적·계약,[기재정정]단일판매ㆍ공급계약체결(자율공시),2026-07-07,2026-08-14
270520,5,실적·계약,[기재정정]주요사항보고서(유상증자결정),2026-07-07,2026-09-18
008470,5,실적·계약,주요사항보고서(무상증자결정),2026-07-07,2026-08-13
323350,5,실적·계약,단일판매ㆍ공급계약체결,2026-07-07,2026-08-14
049950,5,실적·계약,[기재정정]단일판매ㆍ공급계약체결(자율공시),2026-07-06,2026-08-13
038530,5,실적·계약,주요사항보고서(유상증자결정),2026-07-06,2026-09-18
036630,5,실적·계약,주요사항보고서(유상증자결정),2026-07-06,2026-08-14
123840,5,실적·계약,주요사항보고서(유상증자결정),2026-07-06,2026-08-14
413390,5,실적·계약,[기재정정]단일판매ㆍ공급계약체결,2026-07-06,2026-09-04
068790,5,실적·계약,단일판매ㆍ공급계약체결,2026-07-06,2026-08-31
009970,4,주요 결정,현금ㆍ현물배당결정,2026-10-02,2026-10-02
069640,4,주요 결정,자기주식처분결과보고서,2026-10-02,2026-10-02
268280,4,주요 결정,자기주식취득결과보고서,2026-10-02,2026-10-02
033240,4,주요 결정,주요사항보고서(자기주식취득신탁계약체결결정),2026-10-02,2026-10-02
112290,4,주요 결정,주요사항보고서(전환사채권발행결정),2026-10-02,2026-10-02
038540,4,주요 결정,[기재정정]주요사항보고서(자기주식취득결정),2026-10-02,2026-10-02
008370,4,주요 결정,주요사항보고서(자기주식취득결정),2026-10-02,2026-10-02
039830,4,주요 결정,현금ㆍ현물배당결정              (분기배당),2026-10-02,2026-10-02
032300,4,주요 결정,주요사항보고서(자기주식취득신탁계약체결결정),2026-10-02,2026-10-02
081660,4,주요 결정,현금ㆍ현물배당결정,2026-10-01,2026-10-01
006730,4,주요 결정,신규시설투자등,2026-10-01,2026-10-01
083450,4,주요 결정,주요사항보고서(자기주식처분결정),2026-10-01,2026-10-01
122310,4,주요 결정,현금ㆍ현물배당결정              (분기배당),2026-10-01,2026-10-01
013720,4,주요 결정,주요사항보고서(전환사채권발행결정),2026-10-01,2026-10-01
413630,4,주요 결정,[기재정정]주요사항보고서(유형자산양수결정),2026-10-01,2026-10-01
034120,4,주요 결정,타법인주식및출자증권취득결정,2026-09-30,2026-09-30
093050,4,주요 결정,주요사항보고서(자기주식취득결정),2026-09-30,2026-09-30
000390,4,주요 결정,투자판단관련주요경영사항              (특허권취득),2026-09-30,2026-09-30
005720,4,주요 결정,주요사항보고서(자기주식취득신탁계약체결결정),2026-09-30,2026-09-30
251370,4,주요 결정,[기재정정]소송등의제기ㆍ신청(일정금액이상의청구),2026-09-30,2026-09-30
066430,4,주요 결정,소송등의제기ㆍ신청(경영권분쟁소송)              (직무집행정지 등 가처분신청),2026-09-30,2026-09-30
036810,4,주요 결정,자기주식처분결과보고서,2026-09-30,2026-10-01
456010,4,주요 결정,주요사항보고서(타법인주식및출자증권양수결정),2026-09-30,2026-09-30
198940,4,주요 결정,[기재정정]신규시설투자등,2026-09-30,2026-09-30
048870,4,주요 결정,[기재정정]주요사항보고서(타법인주식및출자증권양도결정),2026-09-30,2026-09-30
089230,4,주요 결정,[기재정정]주요사항보고서(자기전환사채매도결정),2026-09-30,2026-09-30
070300,4,주요 결정,[기재정정]주요사항보고서(타법인주식및출자증권양도결정),2026-09-30,2026-09-30
321550,4,주요 결정,타법인주식및출자증권처분결정,2026-09-30,2026-09-30
474170,4,주요 결정,[기재정정]신규시설투자등,2026-09-30,2026-09-30
238090,4,주요 결정,주요사항보고서(자기전환사채만기전취득결정),2026-09-30,2026-09-30
383930,4,주요 결정,소송등의판결ㆍ결정(일정금액이상의청구),2026-09-30,2026-09-30
317770,4,주요 결정,[기재정정]타법인주식및출자증권처분결정,2026-09-30,2026-09-30
363250,4,주요 결정,[기재정정]유형자산취득결정(종속회사의주요경영사항),2026-09-30,2026-09-30
171010,4,주요 결정,[기재정정]신규시설투자등,2026-09-30,2026-09-30
046120,4,주요 결정,[기재정정]타법인주식및출자증권처분결정,2026-09-30,2026-09-30
293580,4,주요 결정,[기재정정]주요사항보고서(감자결정),2026-09-30,2026-09-30
180640,4,주요 결정,[기재정정]타법인주식및출자증권취득결정(자회사의 주요경영사항),2026-09-29,2026-09-29
015590,4,주요 결정,소송등의판결ㆍ결정,2026-09-29,2026-09-29
002700,4,주요 결정,주요사항보고서(자기주식취득결정),2026-09-29,2026-09-29
066790,4,주요 결정,소송등의제기ㆍ신청(경영권분쟁소송)              (직무집행정지 가처분),2026-09-29,2026-10-02
065950,4,주요 결정,[기재정정]주요사항보고서(자기주식처분결정),2026-09-29,2026-10-02
100030,4,주요 결정,자기주식취득결과보고서,2026-09-29,2026-09-29
310200,4,주요 결정,주요사항보고서(자기주식취득신탁계약체결결정),2026-09-29,2026-10-01
262840,4,주요 결정,주요사항보고서(자기주식취득결정),2026-09-29,2026-09-29
102370,4,주요 결정,자기주식취득결과보고서,2026-09-29,2026-09-29
102460,4,주요 결정,주요사항보고서(자기전환사채만기전취득결정),2026-09-28,2026-09-28
306620,4,주요 결정,주요사항보고서(자기신주인수권부사채만기전취득결정),2026-09-28,2026-09-28
478560,4,주요 결정,현금ㆍ현물배당결정              (중간배당),2026-09-28,2026-09-28
082210,4,주요 결정,주요사항보고서(제3자의전환사채매수선택권행사),2026-09-28,2026-09-28
043360,4,주요 결정,주요사항보고서(타법인주식및출자증권양수결정),2026-09-28,2026-09-28
362990,4,주요 결정,자기주식취득결과보고서,2026-09-28,2026-09-28
005670,4,주요 결정,자기주식처분결과보고서,2026-09-28,2026-09-28
352090,4,주요 결정,신규시설투자등,2026-09-28,2026-09-28
179290,4,주요 결정,[기재정정]타법인주식및출자증권취득결정(자율공시),2026-09-28,2026-09-28
004140,4,주요 결정,[기재정정]유형자산취득결정,2026-09-23,2026-09-23
256150,4,주요 결정,기타주요경영사항              (유형자산 양수결정 철회),2026-09-23,2026-09-23
403870,4,주요 결정,[기재정정]자기주식처분결과보고서,2026-09-23,2026-09-23
039200,4,주요 결정,소송등의제기ㆍ신청(경영권분쟁소송),2026-09-23,2026-09-23
033160,4,주요 결정,[기재정정]타법인주식및출자증권처분결정,2026-09-23,2026-10-02
016450,4,주요 결정,주요사항보고서(자기주식처분결정)(자회사의 주요경영사항),2026-09-22,2026-09-29
044450,4,주요 결정,주요사항보고서(자기주식취득결정),2026-09-22,2026-09-30
227950,4,주요 결정,[기재정정]주요사항보고서(전환사채권발행결정),2026-09-22,2026-09-28
001040,4,주요 결정,[기재정정]소송등의제기ㆍ신청(일정금액이상의청구)(자회사의 주요경영사항),2026-09-21,2026-10-02
123890,4,주요 결정,소송등의판결ㆍ결정(일정금액이상의청구),2026-09-21,2026-09-21
023760,4,주요 결정,[기재정정]주요사항보고서(자본으로인정되는채무증권발행결정),2026-09-21,2026-09-21
297570,4,주요 결정,주요사항보고서(전환사채권발행결정),2026-09-21,2026-09-29
204610,4,주요 결정,자기주식취득결과보고서,2026-09-21,2026-09-21
041520,4,주요 결정,주요사항보고서(자기주식취득신탁계약해지결정),2026-09-21,2026-09-21
307180,4,주요 결정,[기재정정]타법인주식및출자증권취득결정,2026-09-21,2026-09-21
004080,4,주요 결정,주요사항보고서(자기주식취득결정),2026-09-18,2026-09-29
043260,4,주요 결정,주요사항보고서(전환사채매수선택권행사자지정),2026-09-18,2026-09-18
317530,4,주요 결정,주요사항보고서(타법인주식및출자증권양도결정),2026-09-18,2026-09-30
034810,4,주요 결정,신규시설투자등(자회사의 주요경영사항),2026-09-18,2026-09-18
205100,4,주요 결정,주요사항보고서(자기주식취득결정),2026-09-18,2026-10-02
064260,4,주요 결정,소송등의판결ㆍ결정(일정금액이상의청구),2026-09-18,2026-09-29
382150,4,주요 결정,주요사항보고서(자기전환사채만기전취득결정),2026-09-18,2026-09-28
017250,4,주요 결정,자기주식취득결과보고서,2026-09-18,2026-09-28
054090,4,주요 결정,주요사항보고서(자기주식취득신탁계약해지결정),2026-09-18,2026-09-21
148930,4,주요 결정,주요사항보고서(자기주식처분결정),2026-09-18,2026-09-18
003610,4,주요 결정,[기재정정]주요사항보고서(유형자산양도결정),2026-09-17,2026-09-23
006880,4,주요 결정,주요사항보고서(자기주식취득결정),2026-09-17,2026-09-17
463480,4,주요 결정,타법인주식및출자증권취득결정,2026-09-17,2026-09-17
053260,4,주요 결정,[기재정정]소송등의제기ㆍ신청(경영권분쟁소송),2026-09-17,2026-09-17
007530,4,주요 결정,주요사항보고서(자기주식취득신탁계약체결결정),2026-09-17,2026-09-17
016920,4,주요 결정,자기주식취득결과보고서,2026-09-17,2026-09-17
053160,4,주요 결정,자기주식취득결과보고서,2026-09-17,2026-09-17
063440,4,주요 결정,주요사항보고서(자기주식취득신탁계약체결결정),2026-09-17,2026-09-17
950160,4,주요 결정,소송등의제기ㆍ신청(일정금액이상의청구),2026-09-16,2026-09-18
124560,4,주요 결정,타법인주식및출자증권취득결정,2026-09-16,2026-09-16
0013V0,4,주요 결정,주요사항보고서(신주인수권부사채권발행결정),2026-09-16,2026-09-28
336570,4,주요 결정,타법인주식및출자증권취득결정,2026-09-16,2026-09-16
018310,4,주요 결정,소송등의판결ㆍ결정,2026-09-16,2026-09-16
214330,4,주요 결정,타법인주식및출자증권처분결정,2026-09-15,2026-09-15
035150,4,주요 결정,현금ㆍ현물배당결정,2026-09-15,2026-09-15
052420,4,주요 결정,주요사항보고서(타법인주식및출자증권양도결정),2026-09-15,2026-09-15
0004V0,4,주요 결정,[기재정정]주요사항보고서(전환사채권발행결정),2026-09-15,2026-09-15
295310,4,주요 결정,신규시설투자등,2026-09-15,2026-10-02
078000,4,주요 결정,유형자산처분결정,2026-09-14,2026-09-14
002170,4,주요 결정,주요사항보고서(자기주식취득신탁계약해지결정),2026-09-14,2026-09-15
166090,4,주요 결정,주요사항보고서(타법인주식및출자증권양도결정),2026-09-14,2026-09-29
004590,4,주요 결정,주요사항보고서(자기주식취득신탁계약체결결정),2026-09-14,2026-09-28
365900,4,주요 결정,주요사항보고서(자기주식취득신탁계약체결결정),2026-09-14,2026-09-14
333050,4,주요 결정,주요사항보고서(전환사채권발행결정),2026-09-14,2026-09-22
001210,4,주요 결정,[기재정정]주요사항보고서(전환사채권발행결정),2026-09-11,2026-09-21
002310,4,주요 결정,현금ㆍ현물배당을위한주주명부폐쇄(기준일)결정,2026-09-11,2026-09-11
014910,4,주요 결정,[기재정정]타법인주식및출자증권취득결정,2026-09-11,2026-09-11
074430,4,주요 결정,주요사항보고서(제3자의전환사채매수선택권행사),2026-09-11,2026-09-15
290660,4,주요 결정,타법인주식및출자증권취득결정,2026-09-11,2026-09-11
064800,4,주요 결정,소송등의판결ㆍ결정,2026-09-11,2026-09-11
489460,4,주요 결정,주요사항보고서(전환사채권발행결정),2026-09-10,2026-09-18
065170,4,주요 결정,[기재정정]타법인주식및출자증권취득결정,2026-09-10,2026-09-10
024940,4,주요 결정,주요사항보고서(자기주식취득결정),2026-09-10,2026-09-10
001940,4,주요 결정,주요사항보고서(자기주식취득신탁계약해지결정),2026-09-09,2026-09-09
104700,4,주요 결정,주요사항보고서(자기주식취득신탁계약해지결정),2026-09-09,2026-09-09
084370,4,주요 결정,신규시설투자등,2026-09-09,2026-09-09
029480,4,주요 결정,주요사항보고서(타법인주식및출자증권양수결정),2026-09-09,2026-09-29
226590,4,주요 결정,주요사항보고서(자기전환사채만기전취득결정),2026-09-09,2026-09-09
130740,4,주요 결정,주요사항보고서(자기주식취득신탁계약해지결정),2026-09-09,2026-09-09
066310,4,주요 결정,주요사항보고서(자기주식취득신탁계약체결결정),2026-09-09,2026-09-09
196300,4,주요 결정,주요사항보고서(자기전환사채만기전취득결정),2026-09-09,2026-09-09
244920,4,주요 결정,유형자산처분결정(종속회사의주요경영사항),2026-09-08,2026-09-08
016740,4,주요 결정,주요사항보고서(자기주식취득신탁계약체결결정),2026-09-08,2026-09-08
033560,4,주요 결정,[기재정정]유형자산처분결정(종속회사의주요경영사항),2026-09-08,2026-09-08
451250,4,주요 결정,주요사항보고서(자기주식취득신탁계약해지결정),2026-09-08,2026-09-08
009270,4,주요 결정,자기주식취득결과보고서,2026-09-07,2026-09-07
005820,4,주요 결정,기타경영사항(자율공시)              (특허권 취득),2026-09-07,2026-09-30
417840,4,주요 결정,자기주식취득결과보고서,2026-09-07,2026-09-07
289930,4,주요 결정,[기재정정]신규시설투자등,2026-09-07,2026-09-07
376290,4,주요 결정,주요사항보고서(자기주식취득신탁계약해지결정),2026-09-07,2026-09-18
130580,4,주요 결정,주요사항보고서(자기주식취득신탁계약체결결정),2026-09-07,2026-09-07
034310,4,주요 결정,주요사항보고서(자기주식취득신탁계약해지결정),2026-09-04,2026-09-11
004970,4,주요 결정,주요사항보고서(타법인주식및출자증권양수결정),2026-09-04,2026-09-04
002870,4,주요 결정,자기주식취득결과보고서,2026-09-04,2026-09-18
015230,4,주요 결정,주요사항보고서(자기주식취득신탁계약체결결정),2026-09-03,2026-09-03
004370,4,주요 결정,[기재정정]자기주식처분결과보고서,2026-09-03,2026-09-22
072710,4,주요 결정,[기재정정]주요사항보고서(자기주식처분결정)(자회사의 주요경영사항),2026-09-03,2026-09-03
179530,4,주요 결정,[기재정정]주요사항보고서(전환사채권발행결정),2026-09-03,2026-09-08
238120,4,주요 결정,자기주식처분결과보고서,2026-09-03,2026-09-03
278650,4,주요 결정,주요사항보고서(자기전환사채만기전취득결정),2026-09-03,2026-09-03
149950,4,주요 결정,주요사항보고서(자기주식취득신탁계약체결결정),2026-09-03,2026-09-03
373160,4,주요 결정,주요사항보고서(자기주식취득신탁계약해지결정),2026-09-03,2026-09-03
086710,4,주요 결정,자기주식취득결과보고서,2026-09-03,2026-09-03
087010,4,주요 결정,[기재정정]신규시설투자등,2026-09-03,2026-09-03
003090,4,주요 결정,소송등의제기ㆍ신청(일정금액이상의청구)(자회사의 주요경영사항),2026-09-02,2026-09-04
011280,4,주요 결정,타법인주식및출자증권처분결정,2026-09-02,2026-09-29
475150,4,주요 결정,[첨부정정]주요사항보고서(유형자산양도결정),2026-09-02,2026-09-02
001360,4,주요 결정,주요사항보고서(전환사채권발행결정),2026-09-02,2026-09-28
053060,4,주요 결정,소송등의제기ㆍ신청(경영권분쟁소송)              (임시주주총회소집허가-항고),2026-09-02,2026-09-30
272110,4,주요 결정,주요사항보고서(자기주식취득신탁계약체결결정),2026-09-02,2026-09-02
002840,4,주요 결정,자기주식취득결과보고서,2026-09-01,2026-09-01
001420,4,주요 결정,주요사항보고서(자기주식취득결정),2026-09-01,2026-09-29
088790,4,주요 결정,주요사항보고서(자기주식취득신탁계약체결결정),2026-09-01,2026-10-01
127710,4,주요 결정,[기재정정]타법인주식및출자증권취득결정,2026-09-01,2026-09-23
039860,4,주요 결정,주요사항보고서(자기주식취득신탁계약체결결정),2026-09-01,2026-09-01
031820,4,주요 결정,주요사항보고서(전환사채권발행결정),2026-08-31,2026-09-21
010640,4,주요 결정,[기재정정]주요사항보고서(유형자산양수결정),2026-08-31,2026-08-31
071200,4,주요 결정,[기재정정]소송등의제기ㆍ신청(경영권분쟁소송)              (주주총회결의무효확인 등(항소)),2026-08-31,2026-09-11
261520,4,주요 결정,주요사항보고서(자기주식취득신탁계약체결결정),2026-08-31,2026-08-31
0010V0,4,주요 결정,주요사항보고서(자기주식취득신탁계약해지결정),2026-08-31,2026-08-31
049520,4,주요 결정,주요사항보고서(자기주식취득신탁계약체결결정),2026-08-31,2026-08-31
353190,4,주요 결정,자기주식취득결과보고서,2026-08-31,2026-08-31
241790,4,주요 결정,주요사항보고서(자기주식취득신탁계약체결결정),2026-08-31,2026-08-31
053290,4,주요 결정,자기주식취득결과보고서,2026-08-31,2026-08-31
009460,4,주요 결정,자기주식취득결과보고서,2026-08-28,2026-08-28
012160,4,주요 결정,[기재정정]유형자산처분결정,2026-08-28,2026-09-29
195990,4,주요 결정,주요사항보고서(자기전환사채만기전취득결정),2026-08-28,2026-08-28
145170,4,주요 결정,자기주식처분결과보고서,2026-08-28,2026-08-28
096240,4,주요 결정,주요사항보고서(유형자산양도결정),2026-08-28,2026-10-01
036690,4,주요 결정,타법인주식및출자증권취득결정,2026-08-28,2026-08-28
005710,4,주요 결정,소송등의판결ㆍ결정,2026-08-28,2026-08-28
067630,4,주요 결정,타법인주식및출자증권취득결정,2026-08-28,2026-08-31
019010,4,주요 결정,신규시설투자등,2026-08-28,2026-09-28
237750,4,주요 결정,[기재정정]주요사항보고서(타법인주식및출자증권양수결정),2026-08-28,2026-08-28
290670,4,주요 결정,소송등의판결ㆍ결정(자율공시:일정금액미만의청구),2026-08-28,2026-08-28
051380,4,주요 결정,자기주식취득결과보고서,2026-08-28,2026-08-28
337930,4,주요 결정,주요사항보고서(자기주식취득신탁계약해지결정),2026-08-27,2026-08-27
288620,4,주요 결정,기타경영사항(자율공시)              (특허권 등 실시료 청구 소송 판결에 대한 항소제기),2026-08-26,2026-08-26
195500,4,주요 결정,주요사항보고서(유형자산양도결정),2026-08-26,2026-09-30
264660,4,주요 결정,[기재정정]타법인주식및출자증권처분결정,2026-08-26,2026-08-26
051630,4,주요 결정,주요사항보고서(자기주식취득결정),2026-08-25,2026-08-26
074610,4,주요 결정,소송등의판결ㆍ결정,2026-08-25,2026-09-07
193250,4,주요 결정,주요사항보고서(전환사채매수선택권행사자지정),2026-08-25,2026-08-25
225220,4,주요 결정,자기주식처분결과보고서,2026-08-25,2026-08-25
203650,4,주요 결정,타법인주식및출자증권취득결정,2026-08-25,2026-08-25
405920,4,주요 결정,[기재정정]타법인주식및출자증권취득결정(자율공시),2026-08-25,2026-08-25
002720,4,주요 결정,신규시설투자등,2026-08-24,2026-09-04
008250,4,주요 결정,주요사항보고서(자기주식취득신탁계약체결결정),2026-08-24,2026-08-24
015860,4,주요 결정,주요사항보고서(자기주식취득신탁계약체결결정),2026-08-24,2026-08-24
036000,4,주요 결정,주요사항보고서(타법인주식및출자증권양수결정),2026-08-24,2026-08-24
415380,4,주요 결정,[기재정정]현금ㆍ현물배당결정              (분기배당),2026-08-24,2026-08-24
453450,4,주요 결정,주요사항보고서(전환사채권발행결정),2026-08-24,2026-09-01
078020,4,주요 결정,소송등의판결ㆍ결정(자율공시:일정금액미만의청구),2026-08-24,2026-08-28
126730,4,주요 결정,자기주식처분결과보고서,2026-08-24,2026-08-24
443250,4,주요 결정,[기재정정]주요사항보고서(타법인주식및출자증권양수결정),2026-08-21,2026-09-16
035460,4,주요 결정,[기재정정]유형자산취득결정,2026-08-21,2026-09-14
102120,4,주요 결정,자기주식처분결과보고서,2026-08-21,2026-08-21
024890,4,주요 결정,유형자산처분결정,2026-08-20,2026-08-20
001340,4,주요 결정,[기재정정]주요사항보고서(유형자산양수결정),2026-08-20,2026-08-20
451220,4,주요 결정,주요사항보고서(전환사채권발행결정),2026-08-20,2026-08-31
053300,4,주요 결정,주요사항보고서(자기주식취득신탁계약체결결정),2026-08-20,2026-08-31
130500,4,주요 결정,타법인주식및출자증권취득결정(자율공시),2026-08-20,2026-09-15
052900,4,주요 결정,주요사항보고서(전환사채권발행결정),2026-08-19,2026-08-27
277070,4,주요 결정,주요사항보고서(자기주식취득신탁계약체결결정),2026-08-19,2026-09-21
067010,4,주요 결정,주요사항보고서(자기주식취득신탁계약체결결정),2026-08-19,2026-08-19
377190,4,주요 결정,타법인주식및출자증권취득결정,2026-08-18,2026-09-30
006200,4,주요 결정,[기재정정]주요사항보고서(자기주식처분결정),2026-08-18,2026-09-16
011320,4,주요 결정,자기주식처분결과보고서,2026-08-18,2026-09-30
085660,4,주요 결정,타법인주식및출자증권취득결정,2026-08-18,2026-09-30
031310,4,주요 결정,유형자산처분결정(종속회사의주요경영사항),2026-08-18,2026-08-18
381970,4,주요 결정,현금ㆍ현물배당결정,2026-08-14,2026-09-01
000680,4,주요 결정,소송등의제기ㆍ신청(일정금액이상의청구),2026-08-14,2026-10-01
053050,4,주요 결정,현금ㆍ현물배당결정              (분기배당),2026-08-14,2026-08-14
241690,4,주요 결정,현금ㆍ현물배당결정              (중간배당),2026-08-14,2026-09-18
419540,4,주요 결정,주요사항보고서(자기주식취득신탁계약체결결정),2026-08-14,2026-09-23
263720,4,주요 결정,주요사항보고서(자기주식취득신탁계약해지결정),2026-08-14,2026-08-18
014710,4,주요 결정,[첨부정정]주요사항보고서(유형자산양수결정),2026-08-13,2026-09-28
078520,4,주요 결정,현금ㆍ현물배당을위한주주명부폐쇄(기준일)결정,2026-08-13,2026-08-13
017800,4,주요 결정,현금ㆍ현물배당결정,2026-08-13,2026-08-14
407400,4,주요 결정,소송등의판결ㆍ결정,2026-08-13,2026-09-16
347770,4,주요 결정,[기재정정]주요사항보고서(자기주식취득결정),2026-08-13,2026-09-04
018290,4,주요 결정,주요사항보고서(자기주식취득결정),2026-08-13,2026-08-13
146060,4,주요 결정,주요사항보고서(자기주식취득신탁계약해지결정),2026-08-13,2026-10-02
114840,4,주요 결정,현금ㆍ현물배당결정              (분기배당),2026-08-13,2026-08-13
030610,4,주요 결정,소송등의판결ㆍ결정,2026-08-12,2026-08-31
007160,4,주요 결정,유형자산취득결정(종속회사의주요경영사항),2026-08-12,2026-09-28
446070,4,주요 결정,[기재정정]타법인주식및출자증권취득결정,2026-08-12,2026-09-23
003230,4,주요 결정,현금ㆍ현물배당을위한주주명부폐쇄(기준일)결정,2026-08-12,2026-08-18
025540,4,주요 결정,현금ㆍ현물배당결정,2026-08-12,2026-09-02
0156T0,4,주요 결정,신규시설투자등,2026-08-12,2026-08-14
056190,4,주요 결정,현금ㆍ현물배당결정              (분기배당),2026-08-12,2026-09-04
066670,4,주요 결정,타법인주식및출자증권처분결정,2026-08-12,2026-08-14
042420,4,주요 결정,주요사항보고서(자기주식취득신탁계약체결결정)(자회사의 주요경영사항),2026-08-12,2026-08-18
111770,4,주요 결정,현금ㆍ현물배당을위한주주명부폐쇄(기준일)결정,2026-08-11,2026-08-14
008060,4,주요 결정,주요사항보고서(자기주식취득신탁계약해지결정)(자회사의 주요경영사항),2026-08-11,2026-08-14
009160,4,주요 결정,자기주식취득결과보고서,2026-08-11,2026-09-23
143240,4,주요 결정,[기재정정]타법인주식및출자증권취득결정,2026-08-11,2026-09-15
122990,4,주요 결정,주요사항보고서(자기주식취득신탁계약해지결정),2026-08-11,2026-08-13
263920,4,주요 결정,주요사항보고서(자기주식취득신탁계약해지결정),2026-08-11,2026-08-14
200670,4,주요 결정,현금ㆍ현물배당결정              (분기배당),2026-08-11,2026-09-10
450330,4,주요 결정,주요사항보고서(자기주식취득신탁계약체결결정),2026-08-11,2026-08-13
019680,4,주요 결정,자기주식처분결과보고서,2026-08-10,2026-08-19
003720,4,주요 결정,주요사항보고서(유형자산양수결정),2026-08-10,2026-08-13
036640,4,주요 결정,주요사항보고서(유형자산양도결정),2026-08-10,2026-09-28
211050,4,주요 결정,주요사항보고서(자기주식취득신탁계약해지결정),2026-08-10,2026-08-14
035080,4,주요 결정,주요사항보고서(자기주식취득신탁계약체결결정),2026-08-10,2026-08-14
003300,4,주요 결정,[기재정정]유형자산처분결정(자회사의 주요경영사항),2026-08-07,2026-08-14
300720,4,주요 결정,[기재정정]유형자산처분결정,2026-08-07,2026-08-14
045340,4,주요 결정,주요사항보고서(자기주식취득신탁계약체결결정),2026-08-07,2026-08-13
461300,4,주요 결정,주요사항보고서(자기주식취득신탁계약체결결정),2026-08-07,2026-08-14
462310,4,주요 결정,주요사항보고서(자기주식취득신탁계약체결결정),2026-08-07,2026-08-14
397810,4,주요 결정,주요사항보고서(자기주식취득신탁계약체결결정),2026-08-07,2026-08-14
007980,4,주요 결정,주요사항보고서(자기주식취득신탁계약체결결정),2026-08-06,2026-09-23
001230,4,주요 결정,현금ㆍ현물배당결정(자회사의 주요경영사항),2026-08-06,2026-09-03
432980,4,주요 결정,자기주식취득결과보고서,2026-08-06,2026-08-14
016790,4,주요 결정,소송등의제기ㆍ신청(경영권분쟁소송),2026-08-06,2026-08-14
086820,4,주요 결정,[기재정정]주요사항보고서(전환사채권발행결정),2026-08-06,2026-08-14
001460,4,주요 결정,주요사항보고서(자기주식취득신탁계약체결결정),2026-08-05,2026-08-14
028300,4,주요 결정,주요사항보고서(전환사채권발행결정),2026-08-05,2026-09-08
054620,4,주요 결정,주요사항보고서(전환사채권발행결정),2026-08-05,2026-10-02
098660,4,주요 결정,주요사항보고서(자기주식취득신탁계약체결결정),2026-08-05,2026-08-14
294570,4,주요 결정,주요사항보고서(자기주식취득신탁계약체결결정),2026-08-05,2026-09-04
069540,4,주요 결정,주요사항보고서(자기전환사채만기전취득결정),2026-08-05,2026-08-26
425040,4,주요 결정,주요사항보고서(자기주식취득신탁계약체결결정),2026-08-04,2026-08-14
192440,4,주요 결정,자기주식처분결과보고서,2026-08-04,2026-09-22
042510,4,주요 결정,주요사항보고서(자기주식취득신탁계약해지결정),2026-08-04,2026-08-14
043710,4,주요 결정,주요사항보고서(자기전환사채만기전취득결정),2026-08-04,2026-08-14
004450,4,주요 결정,현금ㆍ현물배당결정,2026-08-03,2026-08-14
049720,4,주요 결정,현금ㆍ현물배당결정              (분기배당),2026-08-03,2026-08-14
230240,4,주요 결정,자기주식처분결과보고서,2026-08-03,2026-08-14
079170,4,주요 결정,주요사항보고서(자기주식취득신탁계약체결결정),2026-08-03,2026-08-13
357430,4,주요 결정,유형자산처분결정(종속회사의주요경영사항),2026-07-31,2026-09-30
000220,4,주요 결정,[기재정정]유형자산취득결정(종속회사의주요경영사항),2026-07-31,2026-09-22
091810,4,주요 결정,[기재정정]신규시설투자등,2026-07-31,2026-09-21
0001A0,4,주요 결정,현금ㆍ현물배당결정              (중간배당),2026-07-31,2026-08-31
222980,4,주요 결정,주요사항보고서(유형자산양수결정),2026-07-31,2026-08-14
950170,4,주요 결정,자기주식취득결과보고서,2026-07-31,2026-08-19
357780,4,주요 결정,주요사항보고서(자기주식취득신탁계약체결결정),2026-07-31,2026-08-14
425420,4,주요 결정,[기재정정]신규시설투자등,2026-07-31,2026-09-07
473980,4,주요 결정,주요사항보고서(자기주식취득신탁계약해지결정),2026-07-31,2026-08-14
307280,4,주요 결정,[기재정정]신규시설투자등(자율공시),2026-07-31,2026-10-02
049070,4,주요 결정,현금ㆍ현물배당결정              (중간배당),2026-07-31,2026-08-14
083420,4,주요 결정,신규시설투자등,2026-07-30,2026-08-14
347000,4,주요 결정,[기재정정]주요사항보고서(유형자산양도결정),2026-07-30,2026-08-14
114450,4,주요 결정,신규시설투자등,2026-07-30,2026-08-14
271830,4,주요 결정,[기재정정]주요사항보고서(전환사채권발행결정),2026-07-30,2026-08-14
310210,4,주요 결정,[첨부정정]주요사항보고서(전환사채매수선택권행사자지정),2026-07-30,2026-10-02
075130,4,주요 결정,현금ㆍ현물배당결정,2026-07-30,2026-09-17
0030R0,4,주요 결정,현금ㆍ현물배당을위한주주명부폐쇄(기준일)결정,2026-07-29,2026-09-09
219130,4,주요 결정,타법인주식및출자증권취득결정,2026-07-29,2026-09-02
003100,4,주요 결정,[기재정정]타법인주식및출자증권취득결정,2026-07-29,2026-08-14
194700,4,주요 결정,[기재정정]신규시설투자등,2026-07-29,2026-08-14
060720,4,주요 결정,자기주식취득결과보고서,2026-07-28,2026-09-30
058630,4,주요 결정,자기주식취득결과보고서,2026-07-28,2026-08-14
004910,4,주요 결정,[기재정정]자기주식처분결과보고서,2026-07-27,2026-08-14
018470,4,주요 결정,주요사항보고서(자기주식취득신탁계약체결결정),2026-07-27,2026-08-14
101160,4,주요 결정,주요사항보고서(자기주식취득신탁계약체결결정),2026-07-27,2026-09-17
004540,4,주요 결정,[기재정정]신규시설투자등,2026-07-24,2026-09-29
419050,4,주요 결정,자기주식처분결과보고서,2026-07-24,2026-09-21
008700,4,주요 결정,주요사항보고서(자기주식취득신탁계약체결결정),2026-07-23,2026-09-29
285130,4,주요 결정,현금ㆍ현물배당결정,2026-07-23,2026-08-28
111110,4,주요 결정,주요사항보고서(자기전환사채만기전취득결정),2026-07-23,2026-08-14
045510,4,주요 결정,[기재정정]주요사항보고서(자기주식취득결정),2026-07-23,2026-09-30
388610,4,주요 결정,자기주식처분결과보고서,2026-07-23,2026-10-02
071850,4,주요 결정,소송등의제기ㆍ신청(경영권분쟁소송)              (직무집행정지가처분),2026-07-23,2026-08-14
403850,4,주요 결정,주요사항보고서(자기주식취득신탁계약체결결정),2026-07-23,2026-08-14
246690,4,주요 결정,주요사항보고서(자기주식취득신탁계약체결결정),2026-07-23,2026-08-13
115500,4,주요 결정,자기주식취득결과보고서,2026-07-23,2026-08-14
001070,4,주요 결정,주요사항보고서(자기주식취득신탁계약체결결정),2026-07-22,2026-08-14
092790,4,주요 결정,타법인주식및출자증권취득결정,2026-07-22,2026-08-14
107590,4,주요 결정,[기재정정]현금ㆍ현물배당결정(자회사의 주요경영사항),2026-07-22,2026-08-14
023450,4,주요 결정,[기재정정]현금ㆍ현물배당결정,2026-07-22,2026-09-22
033920,4,주요 결정,현금ㆍ현물배당결정,2026-07-22,2026-10-02
084850,4,주요 결정,주요사항보고서(전환사채권발행결정),2026-07-22,2026-09-22
015750,4,주요 결정,타법인주식및출자증권취득결정(자율공시),2026-07-22,2026-09-29
387570,4,주요 결정,주요사항보고서(자기주식취득신탁계약체결결정),2026-07-22,2026-08-13
388050,4,주요 결정,주요사항보고서(자기주식취득신탁계약해지결정),2026-07-22,2026-09-30
095570,4,주요 결정,현금ㆍ현물배당결정,2026-07-21,2026-08-14
026960,4,주요 결정,현금ㆍ현물배당결정,2026-07-21,2026-09-01
079900,4,주요 결정,현금ㆍ현물배당을위한주주명부폐쇄(기준일)결정,2026-07-21,2026-08-13
024070,4,주요 결정,주요사항보고서(자기주식취득신탁계약체결결정),2026-07-21,2026-08-14
453860,4,주요 결정,[기재정정]자기주식처분결과보고서,2026-07-21,2026-08-14
065690,4,주요 결정,주요사항보고서(자기주식취득신탁계약체결결정),2026-07-21,2026-08-14
006370,4,주요 결정,자기주식처분결과보고서,2026-07-20,2026-09-29
008420,4,주요 결정,[기재정정]현금ㆍ현물배당결정,2026-07-20,2026-08-14
085670,4,주요 결정,주요사항보고서(유형자산양도결정),2026-07-20,2026-10-02
020180,4,주요 결정,주요사항보고서(자기주식취득신탁계약해지결정),2026-07-20,2026-08-18
032280,4,주요 결정,주요사항보고서(자기주식취득결정),2026-07-20,2026-08-14
001800,4,주요 결정,[기재정정]타법인주식및출자증권취득결정(자율공시)(종속회사의주요경영사항),2026-07-16,2026-08-31
145210,4,주요 결정,[기재정정]주요사항보고서(감자결정),2026-07-16,2026-09-14
092230,4,주요 결정,[기재정정]유형자산처분결정(자회사의 주요경영사항),2026-07-16,2026-08-28
100250,4,주요 결정,[기재정정]유형자산처분결정(자회사의 주요경영사항),2026-07-16,2026-08-14
014130,4,주요 결정,주요사항보고서(자기주식취득결정),2026-07-16,2026-09-29
192650,4,주요 결정,신규시설투자등(자율공시),2026-07-16,2026-09-29
366030,4,주요 결정,타법인주식및출자증권취득결정(자율공시),2026-07-16,2026-08-20
149980,4,주요 결정,현금ㆍ현물배당결정,2026-07-16,2026-08-14
209640,4,주요 결정,주요사항보고서(자기주식취득신탁계약해지결정),2026-07-16,2026-08-14
079960,4,주요 결정,[기재정정]타법인주식및출자증권취득결정,2026-07-16,2026-09-03
030190,4,주요 결정,주요사항보고서(자기주식취득신탁계약체결결정),2026-07-15,2026-08-13
102260,4,주요 결정,현금ㆍ현물배당결정,2026-07-15,2026-08-14
007340,4,주요 결정,현금ㆍ현물배당결정,2026-07-15,2026-08-28
381620,4,주요 결정,주요사항보고서(자기주식취득신탁계약체결결정),2026-07-15,2026-08-14
025900,4,주요 결정,타법인주식및출자증권처분결정,2026-07-15,2026-09-28
003120,4,주요 결정,유형자산처분결정,2026-07-14,2026-09-30
002100,4,주요 결정,현금ㆍ현물배당결정,2026-07-14,2026-08-14
448900,4,주요 결정,[기재정정]주요사항보고서(전환사채권발행결정),2026-07-14,2026-08-14
001540,4,주요 결정,신규시설투자등,2026-07-14,2026-08-14
396270,4,주요 결정,주요사항보고서(전환사채권발행결정),2026-07-14,2026-08-14
321260,4,주요 결정,주요사항보고서(자기주식처분결정),2026-07-14,2026-09-16
468530,4,주요 결정,타법인주식및출자증권취득결정,2026-07-14,2026-08-14
277810,4,주요 결정,[기재정정]신규시설투자등,2026-07-13,2026-08-14
196700,4,주요 결정,주요사항보고서(자기주식취득신탁계약체결결정),2026-07-13,2026-08-14
0117P0,4,주요 결정,주요사항보고서(자기주식취득신탁계약체결결정),2026-07-13,2026-08-14
017940,4,주요 결정,현금ㆍ현물배당결정,2026-07-10,2026-10-02
131290,4,주요 결정,주요사항보고서(전환사채권발행결정),2026-07-10,2026-09-02
471820,4,주요 결정,현금ㆍ현물배당결정              (분기배당),2026-07-10,2026-09-28
488280,4,주요 결정,[기재정정]타법인주식및출자증권취득결정(자율공시),2026-07-10,2026-08-19
046310,4,주요 결정,주요사항보고서(자기주식취득신탁계약체결결정),2026-07-10,2026-08-12
475660,4,주요 결정,자기주식취득결과보고서,2026-07-10,2026-09-22
005250,4,주요 결정,[기재정정]타법인주식및출자증권처분결정(종속회사의주요경영사항),2026-07-09,2026-08-14
134380,4,주요 결정,현금ㆍ현물배당결정,2026-07-09,2026-08-14
139990,4,주요 결정,[첨부정정]주요사항보고서(자기신주인수권부사채만기전취득결정),2026-07-09,2026-08-31
190510,4,주요 결정,주요사항보고서(자기주식취득신탁계약체결결정),2026-07-09,2026-09-17
026890,4,주요 결정,주요사항보고서(자기주식취득신탁계약체결결정),2026-07-08,2026-09-30
036620,4,주요 결정,자기주식취득결과보고서,2026-07-08,2026-08-14
388790,4,주요 결정,주요사항보고서(전환사채권발행결정),2026-07-08,2026-08-14
025980,4,주요 결정,[첨부정정]주요사항보고서(전환사채권발행결정),2026-07-08,2026-09-28
108490,4,주요 결정,타법인주식및출자증권취득결정,2026-07-08,2026-08-14
002880,4,주요 결정,소송등의판결ㆍ결정(일정금액이상의청구),2026-07-07,2026-09-30
000480,4,주요 결정,현금ㆍ현물배당결정,2026-07-07,2026-09-30
054920,4,주요 결정,[기재정정]타법인주식및출자증권취득결정,2026-07-07,2026-08-14
094840,4,주요 결정,현금ㆍ현물배당결정              (분기배당),2026-07-07,2026-08-13
096250,4,주요 결정,자기주식취득결과보고서,2026-07-07,2026-09-02
950130,4,주요 결정,[기재정정]소송등의제기ㆍ신청(일정금액이상의청구)              (손해배상 청구),2026-07-07,2026-08-14
001790,4,주요 결정,주요사항보고서(자기주식취득신탁계약체결결정),2026-07-06,2026-09-15
002600,4,주요 결정,[기재정정]타법인주식및출자증권취득결정,2026-07-06,2026-08-13
003780,4,주요 결정,현금ㆍ현물배당결정,2026-07-06,2026-08-14
115480,4,주요 결정,주요사항보고서(자기전환사채만기전취득결정),2026-07-06,2026-08-31
037460,4,주요 결정,주요사항보고서(자기주식취득신탁계약체결결정),2026-07-06,2026-08-14
084440,4,주요 결정,주요사항보고서(자기주식취득신탁계약체결결정),2026-07-06,2026-09-23
160190,4,주요 결정,주요사항보고서(자기주식처분결정),2026-07-06,2026-08-14
364950,4,주요 결정,주요사항보고서(자기주식취득신탁계약체결결정),2026-07-06,2026-08-14
382800,4,주요 결정,현금ㆍ현물배당결정,2026-07-06,2026-08-13
256940,4,주요 결정,[기재정정]주요사항보고서(전환사채권발행결정),2026-07-06,2026-09-11
000020,3,정기 보고,[기재정정]반기보고서 (2026.06),2026-10-02,2026-10-02
024090,3,정기 보고,[기재정정]반기보고서 (2026.06),2026-10-02,2026-10-02
026940,3,정기 보고,[기재정정]반기보고서 (2026.06),2026-10-02,2026-10-02
048410,3,정기 보고,[기재정정]반기보고서 (2026.06),2026-10-02,2026-10-02
027710,3,정기 보고,[기재정정]반기보고서 (2026.06),2026-10-02,2026-10-02
307750,3,정기 보고,[기재정정]반기보고서 (2026.06),2026-10-02,2026-10-02
204620,3,정기 보고,[기재정정]반기보고서 (2026.06),2026-10-02,2026-10-02
950220,3,정기 보고,[기재정정]반기보고서 (2026.06),2026-10-02,2026-10-02
071090,3,정기 보고,[기재정정]반기보고서 (2026.06),2026-10-01,2026-10-01
248170,3,정기 보고,[기재정정]반기보고서 (2026.06),2026-10-01,2026-10-01
128540,3,정기 보고,[기재정정]반기보고서 (2026.06),2026-10-01,2026-10-01
007680,3,정기 보고,[기재정정]반기보고서 (2026.06),2026-10-01,2026-10-01
376900,3,정기 보고,[기재정정]반기보고서 (2026.06),2026-10-01,2026-10-01
025550,3,정기 보고,[기재정정]반기보고서 (2026.06),2026-10-01,2026-10-01
026040,3,정기 보고,[기재정정]반기보고서 (2026.06),2026-10-01,2026-10-01
123040,3,정기 보고,[기재정정]반기보고서 (2026.06),2026-10-01,2026-10-01
027050,3,정기 보고,[기재정정]반기보고서 (2026.06),2026-10-01,2026-10-01
263770,3,정기 보고,[기재정정]반기보고서 (2026.06),2026-10-01,2026-10-01
044960,3,정기 보고,[기재정정]반기보고서 (2026.06),2026-10-01,2026-10-01
008970,3,정기 보고,[기재정정]반기보고서 (2026.06),2026-09-30,2026-09-30
008040,3,정기 보고,[기재정정]반기보고서 (2026.06),2026-09-30,2026-09-30
462520,3,정기 보고,[기재정정]반기보고서 (2026.06),2026-09-30,2026-09-30
025820,3,정기 보고,[기재정정]반기보고서 (2026.06),2026-09-30,2026-09-30
091120,3,정기 보고,[기재정정]반기보고서 (2026.06),2026-09-30,2026-09-30
109670,3,정기 보고,[기재정정]반기보고서 (2026.06),2026-09-30,2026-09-30
361570,3,정기 보고,[기재정정]반기보고서 (2026.06),2026-09-30,2026-09-30
065060,3,정기 보고,[기재정정]반기보고서 (2026.06),2026-09-30,2026-09-30
182400,3,정기 보고,[기재정정]반기보고서 (2026.06),2026-09-30,2026-09-30
156100,3,정기 보고,[기재정정]반기보고서 (2026.06),2026-09-30,2026-09-30
109820,3,정기 보고,[기재정정]반기보고서 (2026.06),2026-09-30,2026-09-30
225530,3,정기 보고,[기재정정]반기보고서 (2026.06),2026-09-30,2026-09-30
317830,3,정기 보고,[기재정정]반기보고서 (2026.06),2026-09-30,2026-09-30
086960,3,정기 보고,[기재정정]반기보고서 (2026.06),2026-09-30,2026-09-30
108860,3,정기 보고,[기재정정]반기보고서 (2026.06),2026-09-30,2026-09-30
019990,3,정기 보고,[기재정정]반기보고서 (2026.06),2026-09-30,2026-09-30
043200,3,정기 보고,[기재정정]반기보고서 (2026.06),2026-09-30,2026-09-30
198440,3,정기 보고,[기재정정]반기보고서 (2026.06),2026-09-30,2026-09-30
351870,3,정기 보고,[기재정정]반기보고서 (2026.06),2026-09-30,2026-09-30
208370,3,정기 보고,[기재정정]반기보고서 (2026.06),2026-09-30,2026-09-30
258610,3,정기 보고,[기재정정]반기보고서 (2026.06),2026-09-30,2026-09-30
024840,3,정기 보고,[기재정정]반기보고서 (2026.06),2026-09-30,2026-09-30
002240,3,정기 보고,[기재정정]반기보고서 (2026.06),2026-09-29,2026-09-29
033250,3,정기 보고,[기재정정]반기보고서 (2026.06),2026-09-29,2026-09-29
013000,3,정기 보고,[기재정정]반기보고서 (2026.06),2026-09-29,2026-09-29
000650,3,정기 보고,[기재정정]반기보고서 (2026.06),2026-09-29,2026-09-29
900250,3,정기 보고,[기재정정]반기보고서 (2026.06),2026-09-29,2026-09-29
226400,3,정기 보고,[기재정정]반기보고서 (2026.06),2026-09-29,2026-09-29
466410,3,정기 보고,[기재정정]반기보고서 (2026.06),2026-09-29,2026-09-29
106190,3,정기 보고,[기재정정]반기보고서 (2026.06),2026-09-29,2026-09-29
185490,3,정기 보고,[기재정정]반기보고서 (2026.06),2026-09-29,2026-09-29
099390,3,정기 보고,[기재정정]반기보고서 (2026.06),2026-09-29,2026-09-29
060560,3,정기 보고,[기재정정]반기보고서 (2026.06),2026-09-29,2026-09-29
101170,3,정기 보고,[기재정정]반기보고서 (2026.06),2026-09-29,2026-09-29
056360,3,정기 보고,[기재정정]반기보고서 (2026.06),2026-09-29,2026-09-29
083550,3,정기 보고,[기재정정]반기보고서 (2026.06),2026-09-29,2026-09-29
040420,3,정기 보고,[기재정정]반기보고서 (2026.06),2026-09-29,2026-09-29
140670,3,정기 보고,[첨부정정]반기보고서 (2026.06),2026-09-29,2026-09-29
044780,3,정기 보고,[기재정정]반기보고서 (2026.06),2026-09-29,2026-09-29
127980,3,정기 보고,[기재정정]반기보고서 (2026.06),2026-09-28,2026-09-28
417860,3,정기 보고,[기재정정]사업보고서 (2025.12),2026-09-28,2026-09-28
208350,3,정기 보고,[기재정정]반기보고서 (2026.06),2026-09-15,2026-09-23
451800,3,정기 보고,반기보고서 (2026.07),2026-09-14,2026-09-14
001680,3,정기 보고,[기재정정]반기보고서 (2026.06),2026-09-11,2026-09-11
088260,3,정기 보고,사업보고서 (2026.06),2026-09-08,2026-09-16
143210,3,정기 보고,[기재정정]반기보고서 (2026.06),2026-09-02,2026-09-30
002220,3,정기 보고,[기재정정]반기보고서 (2026.06),2026-08-31,2026-08-31
000540,3,정기 보고,[기재정정]반기보고서 (2026.06),2026-08-31,2026-08-31
040300,3,정기 보고,[기재정정]반기보고서 (2026.06),2026-08-31,2026-08-31
102940,3,정기 보고,[기재정정]반기보고서 (2026.06),2026-08-31,2026-08-31
900070,3,정기 보고,반기보고서 (2026.06),2026-08-31,2026-10-01
053690,3,정기 보고,[기재정정]반기보고서 (2026.06),2026-08-28,2026-08-28
900140,3,정기 보고,반기보고서 (2026.06),2026-08-28,2026-10-01
273640,3,정기 보고,[기재정정]반기보고서 (2026.06),2026-08-28,2026-08-28
282620,3,정기 보고,[기재정정]반기보고서 (2026.06),2026-08-28,2026-08-28
285490,3,정기 보고,[기재정정]반기보고서 (2026.06),2026-08-28,2026-08-28
058970,3,정기 보고,[기재정정]반기보고서 (2026.06),2026-08-28,2026-09-29
900260,3,정기 보고,반기보고서 (2026.06),2026-08-28,2026-08-28
0155E0,3,정기 보고,반기보고서 (2026.06),2026-08-28,2026-08-28
054670,3,정기 보고,[기재정정]사업보고서 (2025.12),2026-08-28,2026-08-28
417030,3,정기 보고,반기보고서 (2026.06),2026-08-28,2026-09-30
389470,3,정기 보고,반기보고서 (2026.06),2026-08-26,2026-09-15
100660,3,정기 보고,반기보고서 (2026.06),2026-08-26,2026-08-26
900310,3,정기 보고,반기보고서 (2026.06),2026-08-25,2026-08-25
092220,3,정기 보고,[기재정정]반기보고서 (2026.06),2026-08-20,2026-08-20
462980,3,정기 보고,반기보고서 (2026.06),2026-08-20,2026-08-20
318010,3,정기 보고,[기재정정]반기보고서 (2026.06),2026-08-20,2026-08-20
950260,3,정기 보고,반기보고서 (2026.06),2026-08-19,2026-09-30
089790,3,정기 보고,[기재정정]반기보고서 (2026.06),2026-08-19,2026-08-19
389650,3,정기 보고,[기재정정]분기보고서 (2026.03),2026-08-19,2026-09-11
0015S0,3,정기 보고,[기재정정]반기보고서 (2026.06),2026-08-18,2026-08-18
168330,3,정기 보고,[기재정정]반기보고서 (2026.06),2026-08-18,2026-08-18
033130,3,정기 보고,[기재정정]반기보고서 (2026.06),2026-08-18,2026-08-18
084680,3,정기 보고,[첨부추가]반기보고서 (2026.06),2026-08-14,2026-09-02
000520,3,정기 보고,[첨부추가]반기보고서 (2026.06),2026-08-14,2026-08-14
005320,3,정기 보고,[첨부추가]반기보고서 (2026.06),2026-08-14,2026-09-01
012610,3,정기 보고,[첨부추가]반기보고서 (2026.06),2026-08-14,2026-08-14
003080,3,정기 보고,[첨부추가]반기보고서 (2026.06),2026-08-14,2026-08-14
101530,3,정기 보고,[첨부추가]반기보고서 (2026.06),2026-08-14,2026-09-17
005010,3,정기 보고,반기보고서 (2026.06),2026-08-14,2026-08-14
016880,3,정기 보고,반기보고서 (2026.06),2026-08-14,2026-09-30
001620,3,정기 보고,반기보고서 (2026.06),2026-08-14,2026-09-21
007700,3,정기 보고,반기보고서 (2026.06),2026-08-14,2026-09-30
006660,3,정기 보고,반기보고서 (2026.06),2026-08-14,2026-08-14
000860,3,정기 보고,반기보고서 (2026.06),2026-08-14,2026-08-14
006570,3,정기 보고,반기보고서 (2026.06),2026-08-14,2026-10-01
003830,3,정기 보고,반기보고서 (2026.06),2026-08-14,2026-09-30
009070,3,정기 보고,반기보고서 (2026.06),2026-08-14,2026-09-14
001530,3,정기 보고,반기보고서 (2026.06),2026-08-14,2026-09-04
000910,3,정기 보고,반기보고서 (2026.06),2026-08-14,2026-08-14
009200,3,정기 보고,반기보고서 (2026.06),2026-08-14,2026-08-31
001270,3,정기 보고,[첨부정정]반기보고서 (2026.06),2026-08-14,2026-08-14
002620,3,정기 보고,[기재정정]반기보고서 (2026.06),2026-08-14,2026-08-14
004100,3,정기 보고,반기보고서 (2026.06),2026-08-14,2026-08-14
023810,3,정기 보고,반기보고서 (2026.06),2026-08-14,2026-09-07
005750,3,정기 보고,반기보고서 (2026.06),2026-08-14,2026-08-14
025530,3,정기 보고,반기보고서 (2026.06),2026-08-14,2026-08-14
092780,3,정기 보고,반기보고서 (2026.06),2026-08-14,2026-08-14
058650,3,정기 보고,반기보고서 (2026.06),2026-08-14,2026-08-28
002960,3,정기 보고,반기보고서 (2026.06),2026-08-14,2026-08-14
016090,3,정기 보고,반기보고서 (2026.06),2026-08-14,2026-08-14
000070,3,정기 보고,반기보고서 (2026.06),2026-08-14,2026-09-17
475560,3,정기 보고,반기보고서 (2026.06),2026-08-14,2026-08-14
084690,3,정기 보고,반기보고서 (2026.06),2026-08-14,2026-09-09
017370,3,정기 보고,반기보고서 (2026.06),2026-08-14,2026-08-20
016590,3,정기 보고,반기보고서 (2026.06),2026-08-14,2026-08-14
004250,3,정기 보고,[기재정정]반기보고서 (2026.06),2026-08-14,2026-08-14
002200,3,정기 보고,반기보고서 (2026.06),2026-08-14,2026-09-21
017550,3,정기 보고,반기보고서 (2026.06),2026-08-14,2026-08-14
010770,3,정기 보고,반기보고서 (2026.06),2026-08-14,2026-08-14
005500,3,정기 보고,반기보고서 (2026.06),2026-08-14,2026-08-14
001020,3,정기 보고,반기보고서 (2026.06),2026-08-14,2026-09-30
001780,3,정기 보고,반기보고서 (2026.06),2026-08-14,2026-08-27
002690,3,정기 보고,반기보고서 (2026.06),2026-08-14,2026-08-18
000180,3,정기 보고,반기보고서 (2026.06),2026-08-14,2026-08-14
200880,3,정기 보고,반기보고서 (2026.06),2026-08-14,2026-08-14
378850,3,정기 보고,반기보고서 (2026.06),2026-08-14,2026-08-14
284740,3,정기 보고,반기보고서 (2026.06),2026-08-14,2026-08-14
009580,3,정기 보고,반기보고서 (2026.06),2026-08-14,2026-08-31
129260,3,정기 보고,반기보고서 (2026.06),2026-08-14,2026-08-28
214420,3,정기 보고,반기보고서 (2026.06),2026-08-14,2026-09-03
006090,3,정기 보고,반기보고서 (2026.06),2026-08-14,2026-08-28
027740,3,정기 보고,반기보고서 (2026.06),2026-08-14,2026-09-23
009770,3,정기 보고,반기보고서 (2026.06),2026-08-14,2026-08-28
093370,3,정기 보고,반기보고서 (2026.06),2026-08-14,2026-08-14
011230,3,정기 보고,반기보고서 (2026.06),2026-08-14,2026-08-14
013520,3,정기 보고,반기보고서 (2026.06),2026-08-14,2026-08-14
123700,3,정기 보고,반기보고서 (2026.06),2026-08-14,2026-08-14
007280,3,정기 보고,반기보고서 (2026.06),2026-08-14,2026-09-14
006110,3,정기 보고,반기보고서 (2026.06),2026-08-14,2026-10-01
037270,3,정기 보고,반기보고서 (2026.06),2026-08-14,2026-08-14
000950,3,정기 보고,반기보고서 (2026.06),2026-08-14,2026-08-14
004980,3,정기 보고,반기보고서 (2026.06),2026-08-14,2026-08-14
002450,3,정기 보고,반기보고서 (2026.06),2026-08-14,2026-08-14
000700,3,정기 보고,반기보고서 (2026.06),2026-08-14,2026-09-11
117580,3,정기 보고,반기보고서 (2026.06),2026-08-14,2026-08-14
025000,3,정기 보고,반기보고서 (2026.06),2026-08-14,2026-09-10
004840,3,정기 보고,반기보고서 (2026.06),2026-08-14,2026-08-14
008730,3,정기 보고,반기보고서 (2026.06),2026-08-14,2026-08-28
019170,3,정기 보고,반기보고서 (2026.06),2026-08-14,2026-09-15
001200,3,정기 보고,반기보고서 (2026.06),2026-08-14,2026-08-31
084670,3,정기 보고,반기보고서 (2026.06),2026-08-14,2026-08-14
009140,3,정기 보고,반기보고서 (2026.06),2026-08-14,2026-09-21
192400,3,정기 보고,반기보고서 (2026.06),2026-08-14,2026-08-14
002630,3,정기 보고,분기보고서 (2026.06),2026-08-14,2026-08-14
005740,3,정기 보고,반기보고서 (2026.06),2026-08-14,2026-09-17
004090,3,정기 보고,반기보고서 (2026.06),2026-08-14,2026-09-03
163560,3,정기 보고,반기보고서 (2026.06),2026-08-14,2026-08-14
002710,3,정기 보고,반기보고서 (2026.06),2026-08-14,2026-08-14
005950,3,정기 보고,반기보고서 (2026.06),2026-08-14,2026-08-14
005680,3,정기 보고,반기보고서 (2026.06),2026-08-14,2026-08-14
001820,3,정기 보고,반기보고서 (2026.06),2026-08-14,2026-08-14
004720,3,정기 보고,반기보고서 (2026.06),2026-08-14,2026-08-14
011500,3,정기 보고,반기보고서 (2026.06),2026-08-14,2026-08-14
000320,3,정기 보고,반기보고서 (2026.06),2026-08-14,2026-08-14
000850,3,정기 보고,반기보고서 (2026.06),2026-08-14,2026-08-14
016800,3,정기 보고,반기보고서 (2026.06),2026-08-14,2026-08-14
008350,3,정기 보고,반기보고서 (2026.06),2026-08-14,2026-09-04
264900,3,정기 보고,반기보고서 (2026.06),2026-08-14,2026-08-14
010580,3,정기 보고,반기보고서 (2026.06),2026-08-14,2026-08-27
005850,3,정기 보고,반기보고서 (2026.06),2026-08-14,2026-08-14
007590,3,정기 보고,반기보고서 (2026.06),2026-08-14,2026-08-14
000670,3,정기 보고,반기보고서 (2026.06),2026-08-14,2026-10-02
010820,3,정기 보고,반기보고서 (2026.06),2026-08-14,2026-08-14
134790,3,정기 보고,반기보고서 (2026.06),2026-08-14,2026-08-14
007120,3,정기 보고,반기보고서 (2026.06),2026-08-14,2026-08-14
004360,3,정기 보고,반기보고서 (2026.06),2026-08-14,2026-08-14
012690,3,정기 보고,반기보고서 (2026.06),2026-08-14,2026-08-14
226320,3,정기 보고,반기보고서 (2026.06),2026-08-14,2026-08-14
017180,3,정기 보고,반기보고서 (2026.06),2026-08-14,2026-08-14
016710,3,정기 보고,반기보고서 (2026.06),2026-08-14,2026-08-14
019180,3,정기 보고,반기보고서 (2026.06),2026-08-14,2026-08-14
010040,3,정기 보고,반기보고서 (2026.06),2026-08-14,2026-08-14
003470,3,정기 보고,반기보고서 (2026.06),2026-08-14,2026-10-02
011420,3,정기 보고,반기보고서 (2026.06),2026-08-14,2026-08-31
145990,3,정기 보고,반기보고서 (2026.06),2026-08-14,2026-09-17
044820,3,정기 보고,반기보고서 (2026.06),2026-08-14,2026-10-01
002030,3,정기 보고,반기보고서 (2026.06),2026-08-14,2026-09-10
007810,3,정기 보고,반기보고서 (2026.06),2026-08-14,2026-08-31
011690,3,정기 보고,반기보고서 (2026.06),2026-08-14,2026-08-14
024900,3,정기 보고,반기보고서 (2026.06),2026-08-14,2026-08-14
004920,3,정기 보고,반기보고서 (2026.06),2026-08-14,2026-09-11
090350,3,정기 보고,반기보고서 (2026.06),2026-08-14,2026-08-14
0120G0,3,정기 보고,반기보고서 (2026.06),2026-08-14,2026-08-31
105630,3,정기 보고,반기보고서 (2026.06),2026-08-14,2026-09-22
007660,3,정기 보고,반기보고서 (2026.06),2026-08-14,2026-09-07
003460,3,정기 보고,반기보고서 (2026.06),2026-08-14,2026-08-14
183190,3,정기 보고,반기보고서 (2026.06),2026-08-14,2026-08-14
137310,3,정기 보고,반기보고서 (2026.06),2026-08-14,2026-08-14
034590,3,정기 보고,반기보고서 (2026.06),2026-08-14,2026-08-14
120030,3,정기 보고,반기보고서 (2026.06),2026-08-14,2026-08-14
100220,3,정기 보고,반기보고서 (2026.06),2026-08-14,2026-08-14
004890,3,정기 보고,반기보고서 (2026.06),2026-08-14,2026-09-11
128820,3,정기 보고,반기보고서 (2026.06),2026-08-14,2026-09-16
000590,3,정기 보고,반기보고서 (2026.06),2026-08-14,2026-10-02
020760,3,정기 보고,반기보고서 (2026.06),2026-08-14,2026-08-14
457190,3,정기 보고,반기보고서 (2026.06),2026-08-14,2026-09-28
001130,3,정기 보고,반기보고서 (2026.06),2026-08-14,2026-09-10
008870,3,정기 보고,분기보고서 (2026.06),2026-08-14,2026-09-15
003650,3,정기 보고,반기보고서 (2026.06),2026-08-14,2026-08-14
049800,3,정기 보고,반기보고서 (2026.06),2026-08-14,2026-09-30
009470,3,정기 보고,반기보고서 (2026.06),2026-08-14,2026-08-14
000050,3,정기 보고,반기보고서 (2026.06),2026-08-14,2026-08-14
010690,3,정기 보고,반기보고서 (2026.06),2026-08-14,2026-08-14
007310,3,정기 보고,반기보고서 (2026.06),2026-08-14,2026-09-28
017390,3,정기 보고,반기보고서 (2026.06),2026-08-14,2026-08-14
271980,3,정기 보고,반기보고서 (2026.06),2026-08-14,2026-08-14
007540,3,정기 보고,반기보고서 (2026.06),2026-08-14,2026-09-15
003200,3,정기 보고,반기보고서 (2026.06),2026-08-14,2026-08-14
000890,3,정기 보고,반기보고서 (2026.06),2026-08-14,2026-08-14
053210,3,정기 보고,반기보고서 (2026.06),2026-08-14,2026-08-31
068290,3,정기 보고,[기재정정]반기보고서 (2026.06),2026-08-14,2026-09-04
069730,3,정기 보고,반기보고서 (2026.06),2026-08-14,2026-08-14
014530,3,정기 보고,반기보고서 (2026.06),2026-08-14,2026-08-14
014160,3,정기 보고,반기보고서 (2026.06),2026-08-14,2026-09-03
013870,3,정기 보고,반기보고서 (2026.06),2026-08-14,2026-08-14
027970,3,정기 보고,반기보고서 (2026.06),2026-08-14,2026-09-17
308170,3,정기 보고,반기보고서 (2026.06),2026-08-14,2026-08-14
077500,3,정기 보고,반기보고서 (2026.06),2026-08-14,2026-08-14
101140,3,정기 보고,반기보고서 (2026.06),2026-08-14,2026-08-14
004380,3,정기 보고,반기보고서 (2026.06),2026-08-14,2026-08-14
017900,3,정기 보고,반기보고서 (2026.06),2026-08-14,2026-08-14
000430,3,정기 보고,반기보고서 (2026.06),2026-08-14,2026-08-28
010100,3,정기 보고,반기보고서 (2026.06),2026-08-14,2026-08-14
000760,3,정기 보고,반기보고서 (2026.06),2026-08-14,2026-08-14
155660,3,정기 보고,반기보고서 (2026.06),2026-08-14,2026-08-14
003010,3,정기 보고,반기보고서 (2026.06),2026-08-14,2026-08-14
293480,3,정기 보고,반기보고서 (2026.06),2026-08-14,2026-08-14
072130,3,정기 보고,반기보고서 (2026.06),2026-08-14,2026-08-14
021050,3,정기 보고,반기보고서 (2026.06),2026-08-14,2026-10-02
023000,3,정기 보고,반기보고서 (2026.06),2026-08-14,2026-08-28
003280,3,정기 보고,반기보고서 (2026.06),2026-08-14,2026-09-23
001560,3,정기 보고,반기보고서 (2026.06),2026-08-14,2026-08-14
003680,3,정기 보고,반기보고서 (2026.06),2026-08-14,2026-08-14
002920,3,정기 보고,반기보고서 (2026.06),2026-08-14,2026-08-14
025860,3,정기 보고,반기보고서 (2026.06),2026-08-14,2026-09-18
032560,3,정기 보고,반기보고서 (2026.06),2026-08-14,2026-08-14
029530,3,정기 보고,반기보고서 (2026.06),2026-08-14,2026-08-14
396690,3,정기 보고,반기보고서 (2026.06),2026-08-14,2026-09-14
004700,3,정기 보고,반기보고서 (2026.06),2026-08-14,2026-09-14
009680,3,정기 보고,반기보고서 (2026.06),2026-08-14,2026-08-31
267290,3,정기 보고,반기보고서 (2026.06),2026-08-14,2026-08-21
005610,3,정기 보고,반기보고서 (2026.06),2026-08-14,2026-09-29
002140,3,정기 보고,반기보고서 (2026.06),2026-08-14,2026-08-14
001550,3,정기 보고,반기보고서 (2026.06),2026-08-14,2026-09-29
000140,3,정기 보고,반기보고서 (2026.06),2026-08-14,2026-08-28
070960,3,정기 보고,반기보고서 (2026.06),2026-08-14,2026-08-20
111380,3,정기 보고,반기보고서 (2026.06),2026-08-14,2026-08-14
000970,3,정기 보고,반기보고서 (2026.06),2026-08-14,2026-08-14
014280,3,정기 보고,반기보고서 (2026.06),2026-08-14,2026-08-14
012800,3,정기 보고,반기보고서 (2026.06),2026-08-14,2026-08-14
006890,3,정기 보고,반기보고서 (2026.06),2026-08-14,2026-08-14
011390,3,정기 보고,반기보고서 (2026.06),2026-08-14,2026-08-14
014440,3,정기 보고,반기보고서 (2026.06),2026-08-14,2026-08-14
005180,3,정기 보고,반기보고서 (2026.06),2026-08-14,2026-08-14
015890,3,정기 보고,반기보고서 (2026.06),2026-08-14,2026-08-14
052020,3,정기 보고,[첨부추가]반기보고서 (2026.06),2026-08-14,2026-08-14
362320,3,정기 보고,[첨부추가]반기보고서 (2026.06),2026-08-14,2026-08-14
104040,3,정기 보고,[첨부추가]반기보고서 (2026.06),2026-08-14,2026-08-14
125020,3,정기 보고,[첨부추가]반기보고서 (2026.06),2026-08-14,2026-08-31
024800,3,정기 보고,[첨부추가]반기보고서 (2026.06),2026-08-14,2026-08-14
067170,3,정기 보고,[첨부추가]반기보고서 (2026.06),2026-08-14,2026-08-31
072950,3,정기 보고,[첨부추가]반기보고서 (2026.06),2026-08-14,2026-08-14
041920,3,정기 보고,[첨부추가]반기보고서 (2026.06),2026-08-14,2026-08-14
317330,3,정기 보고,[첨부추가]반기보고서 (2026.06),2026-08-14,2026-10-01
278280,3,정기 보고,[첨부추가]반기보고서 (2026.06),2026-08-14,2026-08-14
042500,3,정기 보고,[첨부추가]반기보고서 (2026.06),2026-08-14,2026-08-14
0010F0,3,정기 보고,[첨부추가]반기보고서 (2026.06),2026-08-14,2026-08-14
159580,3,정기 보고,[첨부추가]반기보고서 (2026.06),2026-08-14,2026-08-14
079370,3,정기 보고,[첨부추가]반기보고서 (2026.06),2026-08-14,2026-09-14
039010,3,정기 보고,[첨부추가]반기보고서 (2026.06),2026-08-14,2026-08-14
094170,3,정기 보고,[첨부추가]반기보고서 (2026.06),2026-08-14,2026-08-14
217500,3,정기 보고,[첨부추가]반기보고서 (2026.06),2026-08-14,2026-08-14
123860,3,정기 보고,[첨부추가]반기보고서 (2026.06),2026-08-14,2026-09-15
024910,3,정기 보고,[첨부추가]반기보고서 (2026.06),2026-08-14,2026-08-14
177830,3,정기 보고,[첨부추가]반기보고서 (2026.06),2026-08-14,2026-09-01
333430,3,정기 보고,[첨부추가]반기보고서 (2026.06),2026-08-14,2026-08-14
099410,3,정기 보고,[첨부추가]반기보고서 (2026.06),2026-08-14,2026-08-14
203450,3,정기 보고,[첨부추가]반기보고서 (2026.06),2026-08-14,2026-08-14
047560,3,정기 보고,[첨부추가]반기보고서 (2026.06),2026-08-14,2026-09-30
041590,3,정기 보고,반기보고서 (2026.06),2026-08-14,2026-08-14
014470,3,정기 보고,[기재정정]사업보고서 (2024.12),2026-08-14,2026-09-02
154030,3,정기 보고,반기보고서 (2026.06),2026-08-14,2026-08-14
040610,3,정기 보고,[첨부추가]반기보고서 (2026.06),2026-08-14,2026-08-14
037760,3,정기 보고,[첨부추가]반기보고서 (2026.06),2026-08-14,2026-08-14
065500,3,정기 보고,반기보고서 (2026.06),2026-08-14,2026-09-29
069510,3,정기 보고,[기재정정]반기보고서 (2026.06),2026-08-14,2026-08-14
054210,3,정기 보고,[기재정정]반기보고서 (2026.06),2026-08-14,2026-08-21
024120,3,정기 보고,반기보고서 (2026.06),2026-08-14,2026-09-01
221980,3,정기 보고,반기보고서 (2026.06),2026-08-14,2026-08-14
094940,3,정기 보고,반기보고서 (2026.06),2026-08-14,2026-08-14
064550,3,정기 보고,반기보고서 (2026.06),2026-08-14,2026-08-14
036220,3,정기 보고,반기보고서 (2026.06),2026-08-14,2026-08-14
256840,3,정기 보고,반기보고서 (2026.06),2026-08-14,2026-08-14
014100,3,정기 보고,반기보고서 (2026.06),2026-08-14,2026-08-14
458350,3,정기 보고,반기보고서 (2026.06),2026-08-14,2026-09-28
131090,3,정기 보고,반기보고서 (2026.06),2026-08-14,2026-08-28
140860,3,정기 보고,반기보고서 (2026.06),2026-08-14,2026-09-04
021080,3,정기 보고,[기재정정]반기보고서 (2026.06),2026-08-14,2026-08-14
234030,3,정기 보고,반기보고서 (2026.06),2026-08-14,2026-08-14
041020,3,정기 보고,반기보고서 (2026.06),2026-08-14,2026-09-10
234100,3,정기 보고,반기보고서 (2026.06),2026-08-14,2026-08-14
457370,3,정기 보고,반기보고서 (2026.06),2026-08-14,2026-08-20
025320,3,정기 보고,반기보고서 (2026.06),2026-08-14,2026-10-01
114630,3,정기 보고,반기보고서 (2026.06),2026-08-14,2026-08-14
459550,3,정기 보고,반기보고서 (2026.06),2026-08-14,2026-10-01
408470,3,정기 보고,반기보고서 (2026.06),2026-08-14,2026-08-14
0165X0,3,정기 보고,반기보고서 (2026.06),2026-08-14,2026-08-14
001810,3,정기 보고,반기보고서 (2026.06),2026-08-14,2026-08-31
456070,3,정기 보고,반기보고서 (2026.06),2026-08-14,2026-08-14
456160,3,정기 보고,반기보고서 (2026.06),2026-08-14,2026-09-23
348210,3,정기 보고,반기보고서 (2026.06),2026-08-14,2026-08-14
090150,3,정기 보고,반기보고서 (2026.06),2026-08-14,2026-08-14
331740,3,정기 보고,반기보고서 (2026.06),2026-08-14,2026-08-14
066900,3,정기 보고,반기보고서 (2026.06),2026-08-14,2026-08-31
039980,3,정기 보고,반기보고서 (2026.06),2026-08-14,2026-08-14
452300,3,정기 보고,반기보고서 (2026.06),2026-08-14,2026-08-14
253840,3,정기 보고,반기보고서 (2026.06),2026-08-14,2026-08-14
016100,3,정기 보고,반기보고서 (2026.06),2026-08-14,2026-08-14
041910,3,정기 보고,반기보고서 (2026.06),2026-08-14,2026-08-14
0164H0,3,정기 보고,반기보고서 (2026.06),2026-08-14,2026-08-14
088130,3,정기 보고,반기보고서 (2026.06),2026-08-14,2026-08-14
037230,3,정기 보고,[기재정정]반기보고서 (2026.06),2026-08-14,2026-08-14
220180,3,정기 보고,반기보고서 (2026.06),2026-08-14,2026-08-14
036090,3,정기 보고,반기보고서 (2026.06),2026-08-14,2026-08-14
0088D0,3,정기 보고,[기재정정]반기보고서 (2026.06),2026-08-14,2026-08-14
369370,3,정기 보고,반기보고서 (2026.06),2026-08-14,2026-09-29
053980,3,정기 보고,반기보고서 (2026.06),2026-08-14,2026-08-14
117730,3,정기 보고,반기보고서 (2026.06),2026-08-14,2026-09-23
094480,3,정기 보고,반기보고서 (2026.06),2026-08-14,2026-08-28
338840,3,정기 보고,반기보고서 (2026.06),2026-08-14,2026-10-01
067570,3,정기 보고,반기보고서 (2026.06),2026-08-14,2026-08-14
033230,3,정기 보고,반기보고서 (2026.06),2026-08-14,2026-10-02
122350,3,정기 보고,반기보고서 (2026.06),2026-08-14,2026-09-22
067310,3,정기 보고,반기보고서 (2026.06),2026-08-14,2026-09-01
039310,3,정기 보고,반기보고서 (2026.06),2026-08-14,2026-08-14
330860,3,정기 보고,반기보고서 (2026.06),2026-08-14,2026-08-14
053350,3,정기 보고,반기보고서 (2026.06),2026-08-14,2026-08-14
039290,3,정기 보고,반기보고서 (2026.06),2026-08-14,2026-09-11
053700,3,정기 보고,반기보고서 (2026.06),2026-08-14,2026-08-14
033640,3,정기 보고,반기보고서 (2026.06),2026-08-14,2026-09-17
080470,3,정기 보고,반기보고서 (2026.06),2026-08-14,2026-09-11
317870,3,정기 보고,반기보고서 (2026.06),2026-08-14,2026-08-31
199820,3,정기 보고,반기보고서 (2026.06),2026-08-14,2026-08-14
012700,3,정기 보고,반기보고서 (2026.06),2026-08-14,2026-09-07
299030,3,정기 보고,[기재정정]사업보고서 (2025.12),2026-08-14,2026-09-23
365330,3,정기 보고,반기보고서 (2026.06),2026-08-14,2026-08-14
198080,3,정기 보고,반기보고서 (2026.06),2026-08-14,2026-08-14
012790,3,정기 보고,반기보고서 (2026.06),2026-08-14,2026-08-14
038460,3,정기 보고,반기보고서 (2026.06),2026-08-14,2026-08-14
086040,3,정기 보고,반기보고서 (2026.06),2026-08-14,2026-08-14
018680,3,정기 보고,반기보고서 (2026.06),2026-08-14,2026-08-28
011040,3,정기 보고,반기보고서 (2026.06),2026-08-14,2026-08-27
007330,3,정기 보고,반기보고서 (2026.06),2026-08-14,2026-10-01
059090,3,정기 보고,반기보고서 (2026.06),2026-08-14,2026-09-30
274090,3,정기 보고,반기보고서 (2026.06),2026-08-14,2026-08-14
000250,3,정기 보고,반기보고서 (2026.06),2026-08-14,2026-10-01
038500,3,정기 보고,반기보고서 (2026.06),2026-08-14,2026-09-21
005160,3,정기 보고,반기보고서 (2026.06),2026-08-14,2026-08-14
950200,3,정기 보고,반기보고서 (2026.06),2026-08-14,2026-08-14
126700,3,정기 보고,반기보고서 (2026.06),2026-08-14,2026-08-14
004650,3,정기 보고,반기보고서 (2026.06),2026-08-14,2026-09-30
068050,3,정기 보고,반기보고서 (2026.06),2026-08-14,2026-09-30
131220,3,정기 보고,반기보고서 (2026.06),2026-08-14,2026-08-14
365590,3,정기 보고,반기보고서 (2026.06),2026-08-14,2026-09-15
323990,3,정기 보고,반기보고서 (2026.06),2026-08-14,2026-08-14
084730,3,정기 보고,반기보고서 (2026.06),2026-08-14,2026-08-14
215090,3,정기 보고,반기보고서 (2026.06),2026-08-14,2026-10-02
037030,3,정기 보고,반기보고서 (2026.06),2026-08-14,2026-08-14
353810,3,정기 보고,반기보고서 (2026.06),2026-08-14,2026-08-14
353590,3,정기 보고,반기보고서 (2026.06),2026-08-14,2026-08-14
036800,3,정기 보고,반기보고서 (2026.06),2026-08-14,2026-09-15
131180,3,정기 보고,반기보고서 (2026.06),2026-08-14,2026-08-14
010470,3,정기 보고,반기보고서 (2026.06),2026-08-14,2026-08-31
408900,3,정기 보고,반기보고서 (2026.06),2026-08-14,2026-08-14
015710,3,정기 보고,반기보고서 (2026.06),2026-08-14,2026-08-14
064240,3,정기 보고,반기보고서 (2026.06),2026-08-14,2026-08-14
032500,3,정기 보고,반기보고서 (2026.06),2026-08-14,2026-08-14
462350,3,정기 보고,반기보고서 (2026.06),2026-08-14,2026-10-01
361670,3,정기 보고,반기보고서 (2026.06),2026-08-14,2026-08-26
109740,3,정기 보고,반기보고서 (2026.06),2026-08-14,2026-09-30
083310,3,정기 보고,반기보고서 (2026.06),2026-08-14,2026-08-14
108380,3,정기 보고,반기보고서 (2026.06),2026-08-14,2026-08-14
048770,3,정기 보고,반기보고서 (2026.06),2026-08-14,2026-08-14
036890,3,정기 보고,반기보고서 (2026.06),2026-08-14,2026-09-10
0007J0,3,정기 보고,반기보고서 (2026.06),2026-08-14,2026-09-21
243840,3,정기 보고,반기보고서 (2026.06),2026-08-14,2026-08-14
148150,3,정기 보고,[첨부추가]반기보고서 (2026.06),2026-08-14,2026-09-23
0011T0,3,정기 보고,반기보고서 (2026.06),2026-08-14,2026-08-14
035810,3,정기 보고,반기보고서 (2026.06),2026-08-14,2026-08-14
475830,3,정기 보고,반기보고서 (2026.06),2026-08-14,2026-09-17
419530,3,정기 보고,반기보고서 (2026.06),2026-08-14,2026-08-14
258830,3,정기 보고,반기보고서 (2026.06),2026-08-14,2026-08-14
047820,3,정기 보고,반기보고서 (2026.06),2026-08-14,2026-09-03
317120,3,정기 보고,반기보고서 (2026.06),2026-08-14,2026-09-17
265560,3,정기 보고,반기보고서 (2026.06),2026-08-14,2026-08-14
025880,3,정기 보고,반기보고서 (2026.06),2026-08-14,2026-08-14
462510,3,정기 보고,[기재정정]사업보고서 (2025.12),2026-08-14,2026-09-18
049480,3,정기 보고,반기보고서 (2026.06),2026-08-14,2026-09-01
052220,3,정기 보고,반기보고서 (2026.06),2026-08-14,2026-08-14
110020,3,정기 보고,반기보고서 (2026.06),2026-08-14,2026-08-14
091580,3,정기 보고,반기보고서 (2026.06),2026-08-14,2026-09-28
413640,3,정기 보고,반기보고서 (2026.06),2026-08-14,2026-08-14
115440,3,정기 보고,반기보고서 (2026.06),2026-08-14,2026-08-14
078140,3,정기 보고,반기보고서 (2026.06),2026-08-14,2026-09-21
418250,3,정기 보고,반기보고서 (2026.06),2026-08-14,2026-08-14
053080,3,정기 보고,반기보고서 (2026.06),2026-08-14,2026-08-14
098120,3,정기 보고,반기보고서 (2026.06),2026-08-14,2026-09-11
311690,3,정기 보고,반기보고서 (2026.06),2026-08-14,2026-08-28
018120,3,정기 보고,반기보고서 (2026.06),2026-08-14,2026-08-14
382840,3,정기 보고,반기보고서 (2026.06),2026-08-14,2026-08-14
215100,3,정기 보고,반기보고서 (2026.06),2026-08-14,2026-08-14
005990,3,정기 보고,반기보고서 (2026.06),2026-08-14,2026-08-14
081580,3,정기 보고,반기보고서 (2026.06),2026-08-14,2026-08-14
303530,3,정기 보고,반기보고서 (2026.06),2026-08-14,2026-08-14
259630,3,정기 보고,반기보고서 (2026.06),2026-08-14,2026-09-10
351330,3,정기 보고,반기보고서 (2026.06),2026-08-14,2026-08-14
115610,3,정기 보고,반기보고서 (2026.06),2026-08-14,2026-08-26
173940,3,정기 보고,반기보고서 (2026.06),2026-08-14,2026-08-14
187220,3,정기 보고,반기보고서 (2026.06),2026-08-14,2026-09-04
315640,3,정기 보고,반기보고서 (2026.06),2026-08-14,2026-08-14
417200,3,정기 보고,반기보고서 (2026.06),2026-08-14,2026-08-27
175140,3,정기 보고,반기보고서 (2026.06),2026-08-14,2026-09-01
484130,3,정기 보고,반기보고서 (2026.06),2026-08-14,2026-08-25
424960,3,정기 보고,반기보고서 (2026.06),2026-08-14,2026-08-18
291650,3,정기 보고,반기보고서 (2026.06),2026-08-14,2026-08-14
171120,3,정기 보고,반기보고서 (2026.06),2026-08-14,2026-08-26
140410,3,정기 보고,반기보고서 (2026.06),2026-08-14,2026-08-14
448710,3,정기 보고,반기보고서 (2026.06),2026-08-14,2026-09-28
038620,3,정기 보고,반기보고서 (2026.06),2026-08-14,2026-09-22
035610,3,정기 보고,반기보고서 (2026.06),2026-08-14,2026-08-14
065440,3,정기 보고,반기보고서 (2026.06),2026-08-14,2026-08-14
217820,3,정기 보고,반기보고서 (2026.06),2026-08-14,2026-08-28
290550,3,정기 보고,반기보고서 (2026.06),2026-08-14,2026-09-08
160550,3,정기 보고,반기보고서 (2026.06),2026-08-14,2026-08-27
267980,3,정기 보고,반기보고서 (2026.06),2026-08-14,2026-08-14
052300,3,정기 보고,반기보고서 (2026.06),2026-08-14,2026-09-23
239890,3,정기 보고,반기보고서 (2026.06),2026-08-14,2026-08-14
103840,3,정기 보고,반기보고서 (2026.06),2026-08-14,2026-08-31
065150,3,정기 보고,반기보고서 (2026.06),2026-08-14,2026-08-14
314130,3,정기 보고,반기보고서 (2026.06),2026-08-14,2026-09-29
038110,3,정기 보고,반기보고서 (2026.06),2026-08-14,2026-09-23
057680,3,정기 보고,반기보고서 (2026.06),2026-08-14,2026-08-14
018620,3,정기 보고,반기보고서 (2026.06),2026-08-14,2026-08-14
455900,3,정기 보고,반기보고서 (2026.06),2026-08-14,2026-09-30
104620,3,정기 보고,반기보고서 (2026.06),2026-08-14,2026-08-31
368600,3,정기 보고,반기보고서 (2026.06),2026-08-14,2026-09-30
084990,3,정기 보고,반기보고서 (2026.06),2026-08-14,2026-08-14
297090,3,정기 보고,반기보고서 (2026.06),2026-08-14,2026-10-02
228760,3,정기 보고,반기보고서 (2026.06),2026-08-14,2026-08-20
032540,3,정기 보고,반기보고서 (2026.06),2026-08-14,2026-09-23
041460,3,정기 보고,반기보고서 (2026.06),2026-08-14,2026-09-18
002290,3,정기 보고,반기보고서 (2026.06),2026-08-14,2026-08-14
239610,3,정기 보고,반기보고서 (2026.06),2026-08-14,2026-08-14
394420,3,정기 보고,반기보고서 (2026.06),2026-08-14,2026-08-14
125210,3,정기 보고,반기보고서 (2026.06),2026-08-14,2026-08-14
063570,3,정기 보고,반기보고서 (2026.06),2026-08-14,2026-08-14
354320,3,정기 보고,반기보고서 (2026.06),2026-08-14,2026-08-14
082800,3,정기 보고,반기보고서 (2026.06),2026-08-14,2026-08-19
389030,3,정기 보고,반기보고서 (2026.06),2026-08-14,2026-08-14
218150,3,정기 보고,반기보고서 (2026.06),2026-08-14,2026-08-14
450950,3,정기 보고,반기보고서 (2026.06),2026-08-14,2026-08-14
033170,3,정기 보고,반기보고서 (2026.06),2026-08-14,2026-08-31
138080,3,정기 보고,반기보고서 (2026.06),2026-08-14,2026-10-01
073560,3,정기 보고,반기보고서 (2026.06),2026-08-14,2026-08-14
177900,3,정기 보고,반기보고서 (2026.06),2026-08-14,2026-08-14
050120,3,정기 보고,반기보고서 (2026.06),2026-08-14,2026-10-02
066700,3,정기 보고,반기보고서 (2026.06),2026-08-14,2026-09-29
365660,3,정기 보고,반기보고서 (2026.06),2026-08-14,2026-09-03
417010,3,정기 보고,반기보고서 (2026.06),2026-08-14,2026-09-18
089850,3,정기 보고,반기보고서 (2026.06),2026-08-14,2026-08-14
166480,3,정기 보고,반기보고서 (2026.06),2026-08-14,2026-09-04
131970,3,정기 보고,반기보고서 (2026.06),2026-08-14,2026-08-31
092070,3,정기 보고,반기보고서 (2026.06),2026-08-14,2026-08-14
348080,3,정기 보고,반기보고서 (2026.06),2026-08-14,2026-08-14
032940,3,정기 보고,반기보고서 (2026.06),2026-08-14,2026-08-28
357580,3,정기 보고,반기보고서 (2026.06),2026-08-14,2026-09-18
347740,3,정기 보고,반기보고서 (2026.06),2026-08-14,2026-08-14
322310,3,정기 보고,반기보고서 (2026.06),2026-08-14,2026-08-14
021650,3,정기 보고,반기보고서 (2026.06),2026-08-14,2026-09-30
123410,3,정기 보고,반기보고서 (2026.06),2026-08-14,2026-08-28
270870,3,정기 보고,반기보고서 (2026.06),2026-08-14,2026-09-10
053280,3,정기 보고,반기보고서 (2026.06),2026-08-14,2026-09-29
094860,3,정기 보고,반기보고서 (2026.06),2026-08-14,2026-08-14
217270,3,정기 보고,반기보고서 (2026.06),2026-08-14,2026-09-09
219750,3,정기 보고,반기보고서 (2026.06),2026-08-14,2026-08-14
048430,3,정기 보고,반기보고서 (2026.06),2026-08-14,2026-08-14
214370,3,정기 보고,반기보고서 (2026.06),2026-08-14,2026-08-14
080160,3,정기 보고,반기보고서 (2026.06),2026-08-14,2026-08-14
339950,3,정기 보고,반기보고서 (2026.06),2026-08-14,2026-08-14
143540,3,정기 보고,반기보고서 (2026.06),2026-08-14,2026-08-14
161580,3,정기 보고,반기보고서 (2026.06),2026-08-14,2026-08-14
263700,3,정기 보고,반기보고서 (2026.06),2026-08-14,2026-08-31
251630,3,정기 보고,반기보고서 (2026.06),2026-08-14,2026-08-31
123570,3,정기 보고,반기보고서 (2026.06),2026-08-14,2026-08-14
318160,3,정기 보고,반기보고서 (2026.06),2026-08-14,2026-09-11
050890,3,정기 보고,반기보고서 (2026.06),2026-08-14,2026-08-14
287840,3,정기 보고,반기보고서 (2026.06),2026-08-14,2026-08-18
204020,3,정기 보고,반기보고서 (2026.06),2026-08-14,2026-08-14
129920,3,정기 보고,반기보고서 (2026.06),2026-08-14,2026-08-14
101930,3,정기 보고,반기보고서 (2026.06),2026-08-14,2026-08-14
050960,3,정기 보고,반기보고서 (2026.06),2026-08-14,2026-08-14
014190,3,정기 보고,반기보고서 (2026.06),2026-08-14,2026-08-28
054300,3,정기 보고,반기보고서 (2026.06),2026-08-14,2026-09-18
342870,3,정기 보고,반기보고서 (2026.06),2026-08-14,2026-08-14
053270,3,정기 보고,반기보고서 (2026.06),2026-08-14,2026-08-26
215600,3,정기 보고,반기보고서 (2026.06),2026-08-14,2026-09-15
335810,3,정기 보고,반기보고서 (2026.06),2026-08-14,2026-08-18
088340,3,정기 보고,반기보고서 (2026.06),2026-08-14,2026-09-18
0096D0,3,정기 보고,반기보고서 (2026.06),2026-08-14,2026-08-14
184230,3,정기 보고,반기보고서 (2026.06),2026-08-14,2026-09-07
424870,3,정기 보고,반기보고서 (2026.06),2026-08-14,2026-09-14
388720,3,정기 보고,반기보고서 (2026.06),2026-08-14,2026-09-22
380550,3,정기 보고,반기보고서 (2026.06),2026-08-14,2026-09-17
131370,3,정기 보고,반기보고서 (2026.06),2026-08-14,2026-08-14
039240,3,정기 보고,반기보고서 (2026.06),2026-08-14,2026-08-14
019770,3,정기 보고,반기보고서 (2026.06),2026-08-14,2026-08-14
139670,3,정기 보고,반기보고서 (2026.06),2026-08-14,2026-08-14
031510,3,정기 보고,반기보고서 (2026.06),2026-08-14,2026-09-28
048530,3,정기 보고,반기보고서 (2026.06),2026-08-14,2026-09-02
067900,3,정기 보고,반기보고서 (2026.06),2026-08-14,2026-08-14
082850,3,정기 보고,반기보고서 (2026.06),2026-08-14,2026-09-04
051490,3,정기 보고,반기보고서 (2026.06),2026-08-14,2026-08-14
458650,3,정기 보고,반기보고서 (2026.06),2026-08-14,2026-09-23
478340,3,정기 보고,반기보고서 (2026.06),2026-08-14,2026-09-21
461030,3,정기 보고,반기보고서 (2026.06),2026-08-14,2026-08-14
424980,3,정기 보고,반기보고서 (2026.06),2026-08-14,2026-08-14
043650,3,정기 보고,반기보고서 (2026.06),2026-08-14,2026-08-14
140070,3,정기 보고,반기보고서 (2026.06),2026-08-14,2026-08-14
051370,3,정기 보고,반기보고서 (2026.06),2026-08-14,2026-08-31
439960,3,정기 보고,반기보고서 (2026.06),2026-08-14,2026-08-14
476040,3,정기 보고,반기보고서 (2026.06),2026-08-14,2026-08-31
352700,3,정기 보고,반기보고서 (2026.06),2026-08-14,2026-09-01
377330,3,정기 보고,반기보고서 (2026.06),2026-08-14,2026-08-14
352910,3,정기 보고,반기보고서 (2026.06),2026-08-14,2026-08-14
289220,3,정기 보고,반기보고서 (2026.06),2026-08-14,2026-09-30
052790,3,정기 보고,반기보고서 (2026.06),2026-08-14,2026-09-28
322180,3,정기 보고,반기보고서 (2026.06),2026-08-14,2026-09-23
134060,3,정기 보고,반기보고서 (2026.06),2026-08-14,2026-09-28
087600,3,정기 보고,반기보고서 (2026.06),2026-08-14,2026-08-14
153490,3,정기 보고,반기보고서 (2026.06),2026-08-14,2026-09-01
065530,3,정기 보고,반기보고서 (2026.06),2026-08-14,2026-08-14
036170,3,정기 보고,반기보고서 (2026.06),2026-08-14,2026-08-14
066620,3,정기 보고,반기보고서 (2026.06),2026-08-14,2026-08-14
013990,3,정기 보고,반기보고서 (2026.06),2026-08-14,2026-09-07
452200,3,정기 보고,반기보고서 (2026.06),2026-08-14,2026-08-14
032080,3,정기 보고,반기보고서 (2026.06),2026-08-14,2026-10-02
115310,3,정기 보고,반기보고서 (2026.06),2026-08-14,2026-09-18
129890,3,정기 보고,반기보고서 (2026.06),2026-08-14,2026-08-14
424760,3,정기 보고,반기보고서 (2026.06),2026-08-14,2026-09-14
025770,3,정기 보고,반기보고서 (2026.06),2026-08-14,2026-10-02
091440,3,정기 보고,반기보고서 (2026.06),2026-08-14,2026-09-04
322510,3,정기 보고,반기보고서 (2026.06),2026-08-14,2026-08-14
491000,3,정기 보고,반기보고서 (2026.06),2026-08-14,2026-10-01
090360,3,정기 보고,반기보고서 (2026.06),2026-08-14,2026-08-28
044480,3,정기 보고,반기보고서 (2026.06),2026-08-14,2026-09-14
260660,3,정기 보고,반기보고서 (2026.06),2026-08-14,2026-09-11
054040,3,정기 보고,반기보고서 (2026.06),2026-08-14,2026-08-14
479880,3,정기 보고,반기보고서 (2026.06),2026-08-14,2026-08-14
205470,3,정기 보고,반기보고서 (2026.06),2026-08-14,2026-08-14
317690,3,정기 보고,반기보고서 (2026.06),2026-08-14,2026-09-15
214260,3,정기 보고,반기보고서 (2026.06),2026-08-14,2026-08-14
357230,3,정기 보고,반기보고서 (2026.06),2026-08-14,2026-08-24
095500,3,정기 보고,반기보고서 (2026.06),2026-08-14,2026-08-14
016600,3,정기 보고,반기보고서 (2026.06),2026-08-14,2026-08-27
019210,3,정기 보고,반기보고서 (2026.06),2026-08-14,2026-09-08
208860,3,정기 보고,반기보고서 (2026.06),2026-08-14,2026-09-23
038950,3,정기 보고,반기보고서 (2026.06),2026-08-14,2026-08-14
263600,3,정기 보고,반기보고서 (2026.06),2026-08-14,2026-08-31
446540,3,정기 보고,반기보고서 (2026.06),2026-08-14,2026-09-08
046210,3,정기 보고,반기보고서 (2026.06),2026-08-14,2026-08-14
153710,3,정기 보고,반기보고서 (2026.06),2026-08-14,2026-08-14
215360,3,정기 보고,반기보고서 (2026.06),2026-08-14,2026-08-14
270660,3,정기 보고,반기보고서 (2026.06),2026-08-14,2026-08-14
405100,3,정기 보고,반기보고서 (2026.06),2026-08-14,2026-08-14
019540,3,정기 보고,반기보고서 (2026.06),2026-08-14,2026-09-10
294140,3,정기 보고,반기보고서 (2026.06),2026-08-14,2026-08-14
069410,3,정기 보고,반기보고서 (2026.06),2026-08-14,2026-08-14
172670,3,정기 보고,반기보고서 (2026.06),2026-08-14,2026-09-14
435570,3,정기 보고,반기보고서 (2026.06),2026-08-14,2026-08-14
069330,3,정기 보고,반기보고서 (2026.06),2026-08-14,2026-09-15
356680,3,정기 보고,반기보고서 (2026.06),2026-08-14,2026-08-14
208140,3,정기 보고,반기보고서 (2026.06),2026-08-14,2026-08-14
072470,3,정기 보고,반기보고서 (2026.06),2026-08-14,2026-08-14
040350,3,정기 보고,반기보고서 (2026.06),2026-08-14,2026-09-17
475430,3,정기 보고,반기보고서 (2026.06),2026-08-14,2026-08-14
034950,3,정기 보고,[기재정정]반기보고서 (2026.06),2026-08-14,2026-09-11
309960,3,정기 보고,반기보고서 (2026.06),2026-08-14,2026-08-14
119500,3,정기 보고,반기보고서 (2026.06),2026-08-14,2026-08-14
299170,3,정기 보고,반기보고서 (2026.06),2026-08-14,2026-10-01
121800,3,정기 보고,반기보고서 (2026.06),2026-08-14,2026-08-14
071280,3,정기 보고,반기보고서 (2026.06),2026-08-14,2026-08-14
293780,3,정기 보고,반기보고서 (2026.06),2026-08-14,2026-09-02
047080,3,정기 보고,반기보고서 (2026.06),2026-08-14,2026-08-14
187270,3,정기 보고,반기보고서 (2026.06),2026-08-14,2026-08-14
037350,3,정기 보고,반기보고서 (2026.06),2026-08-14,2026-08-14
056090,3,정기 보고,반기보고서 (2026.06),2026-08-14,2026-09-07
039610,3,정기 보고,반기보고서 (2026.06),2026-08-14,2026-08-14
044340,3,정기 보고,반기보고서 (2026.06),2026-08-14,2026-08-14
192250,3,정기 보고,반기보고서 (2026.06),2026-08-14,2026-09-11
190650,3,정기 보고,분기보고서 (2026.06),2026-08-14,2026-08-14
010170,3,정기 보고,반기보고서 (2026.06),2026-08-14,2026-08-14
260970,3,정기 보고,반기보고서 (2026.06),2026-08-14,2026-08-14
025440,3,정기 보고,반기보고서 (2026.06),2026-08-14,2026-08-14
0037T0,3,정기 보고,반기보고서 (2026.06),2026-08-14,2026-08-14
006140,3,정기 보고,반기보고서 (2026.06),2026-08-14,2026-08-14
303810,3,정기 보고,반기보고서 (2026.06),2026-08-14,2026-08-14
012620,3,정기 보고,반기보고서 (2026.06),2026-08-14,2026-08-14
330350,3,정기 보고,반기보고서 (2026.06),2026-08-14,2026-08-14
109610,3,정기 보고,반기보고서 (2026.06),2026-08-14,2026-08-14
0101C0,3,정기 보고,반기보고서 (2026.06),2026-08-14,2026-08-14
024740,3,정기 보고,반기보고서 (2026.06),2026-08-14,2026-08-14
044490,3,정기 보고,반기보고서 (2026.06),2026-08-14,2026-08-14
033320,3,정기 보고,반기보고서 (2026.06),2026-08-14,2026-08-14
290120,3,정기 보고,반기보고서 (2026.06),2026-08-14,2026-09-07
314930,3,정기 보고,반기보고서 (2026.06),2026-08-14,2026-08-14
007770,3,정기 보고,반기보고서 (2026.06),2026-08-14,2026-08-14
065350,3,정기 보고,반기보고서 (2026.06),2026-08-14,2026-08-14
411080,3,정기 보고,반기보고서 (2026.06),2026-08-14,2026-08-14
314140,3,정기 보고,반기보고서 (2026.06),2026-08-14,2026-08-14
033830,3,정기 보고,반기보고서 (2026.06),2026-08-14,2026-08-14
144960,3,정기 보고,반기보고서 (2026.06),2026-08-14,2026-08-14
336060,3,정기 보고,반기보고서 (2026.06),2026-08-14,2026-08-14
067920,3,정기 보고,반기보고서 (2026.06),2026-08-14,2026-08-14
488060,3,정기 보고,반기보고서 (2026.06),2026-08-14,2026-08-14
096630,3,정기 보고,반기보고서 (2026.06),2026-08-14,2026-08-14
111710,3,정기 보고,반기보고서 (2026.06),2026-08-14,2026-08-14
207760,3,정기 보고,반기보고서 (2026.06),2026-08-14,2026-09-01
360350,3,정기 보고,반기보고서 (2026.06),2026-08-14,2026-09-15
040160,3,정기 보고,반기보고서 (2026.06),2026-08-14,2026-08-14
186230,3,정기 보고,반기보고서 (2026.06),2026-08-14,2026-09-22
078150,3,정기 보고,반기보고서 (2026.06),2026-08-14,2026-08-14
466690,3,정기 보고,반기보고서 (2026.06),2026-08-14,2026-08-14
078160,3,정기 보고,반기보고서 (2026.06),2026-08-14,2026-09-15
479960,3,정기 보고,반기보고서 (2026.06),2026-08-14,2026-08-14
432430,3,정기 보고,반기보고서 (2026.06),2026-08-14,2026-08-14
065680,3,정기 보고,반기보고서 (2026.06),2026-08-14,2026-08-14
071670,3,정기 보고,반기보고서 (2026.06),2026-08-14,2026-08-14
052600,3,정기 보고,반기보고서 (2026.06),2026-08-14,2026-08-14
075970,3,정기 보고,반기보고서 (2026.06),2026-08-14,2026-08-14
080520,3,정기 보고,반기보고서 (2026.06),2026-08-14,2026-08-14
085810,3,정기 보고,반기보고서 (2026.06),2026-08-14,2026-08-14
477380,3,정기 보고,반기보고서 (2026.06),2026-08-14,2026-08-14
060570,3,정기 보고,반기보고서 (2026.06),2026-08-14,2026-08-25
086060,3,정기 보고,반기보고서 (2026.06),2026-08-14,2026-08-14
042110,3,정기 보고,반기보고서 (2026.06),2026-08-14,2026-08-14
099430,3,정기 보고,반기보고서 (2026.06),2026-08-14,2026-08-14
073110,3,정기 보고,반기보고서 (2026.06),2026-08-14,2026-08-14
318000,3,정기 보고,반기보고서 (2026.06),2026-08-14,2026-08-14
311390,3,정기 보고,반기보고서 (2026.06),2026-08-14,2026-09-28
054800,3,정기 보고,반기보고서 (2026.06),2026-08-14,2026-09-21
298060,3,정기 보고,반기보고서 (2026.06),2026-08-14,2026-09-30
143160,3,정기 보고,반기보고서 (2026.06),2026-08-14,2026-08-14
441270,3,정기 보고,반기보고서 (2026.06),2026-08-14,2026-08-14
043370,3,정기 보고,반기보고서 (2026.06),2026-08-14,2026-08-14
059210,3,정기 보고,반기보고서 (2026.06),2026-08-14,2026-09-14
041190,3,정기 보고,반기보고서 (2026.06),2026-08-14,2026-08-14
023900,3,정기 보고,반기보고서 (2026.06),2026-08-14,2026-08-14
089150,3,정기 보고,반기보고서 (2026.06),2026-08-14,2026-08-25
359090,3,정기 보고,반기보고서 (2026.06),2026-08-14,2026-08-14
023910,3,정기 보고,반기보고서 (2026.06),2026-08-14,2026-08-14
138610,3,정기 보고,반기보고서 (2026.06),2026-08-14,2026-08-24
140430,3,정기 보고,반기보고서 (2026.06),2026-08-14,2026-08-14
440290,3,정기 보고,반기보고서 (2026.06),2026-08-14,2026-08-14
384470,3,정기 보고,반기보고서 (2026.06),2026-08-14,2026-09-23
187790,3,정기 보고,반기보고서 (2026.06),2026-08-14,2026-08-14
023600,3,정기 보고,반기보고서 (2026.06),2026-08-14,2026-08-14
035200,3,정기 보고,[기재정정]사업보고서 (2025.12),2026-08-14,2026-09-28
027360,3,정기 보고,반기보고서 (2026.06),2026-08-14,2026-08-14
358570,3,정기 보고,반기보고서 (2026.06),2026-08-14,2026-10-01
045060,3,정기 보고,반기보고서 (2026.06),2026-08-14,2026-08-14
451760,3,정기 보고,[기재정정]반기보고서 (2026.06),2026-08-14,2026-09-28
304100,3,정기 보고,반기보고서 (2026.06),2026-08-14,2026-08-14
023770,3,정기 보고,반기보고서 (2026.06),2026-08-14,2026-08-14
418550,3,정기 보고,반기보고서 (2026.06),2026-08-14,2026-08-14
080010,3,정기 보고,반기보고서 (2026.06),2026-08-14,2026-08-14
057030,3,정기 보고,반기보고서 (2026.06),2026-08-14,2026-08-14
348030,3,정기 보고,반기보고서 (2026.06),2026-08-14,2026-09-08
256630,3,정기 보고,반기보고서 (2026.06),2026-08-14,2026-08-14
080530,3,정기 보고,반기보고서 (2026.06),2026-08-14,2026-09-04
228340,3,정기 보고,반기보고서 (2026.06),2026-08-14,2026-08-14
080580,3,정기 보고,반기보고서 (2026.06),2026-08-14,2026-08-14
053620,3,정기 보고,반기보고서 (2026.06),2026-08-14,2026-09-21
126640,3,정기 보고,반기보고서 (2026.06),2026-08-14,2026-08-14
032750,3,정기 보고,반기보고서 (2026.06),2026-08-14,2026-08-14
002230,3,정기 보고,반기보고서 (2026.06),2026-08-14,2026-08-14
250000,3,정기 보고,반기보고서 (2026.06),2026-08-14,2026-08-14
088910,3,정기 보고,반기보고서 (2026.06),2026-08-14,2026-08-14
034940,3,정기 보고,반기보고서 (2026.06),2026-08-14,2026-08-26
048910,3,정기 보고,반기보고서 (2026.06),2026-08-14,2026-08-14
487720,3,정기 보고,반기보고서 (2026.06),2026-08-14,2026-08-14
464280,3,정기 보고,반기보고서 (2026.06),2026-08-14,2026-09-30
092300,3,정기 보고,반기보고서 (2026.06),2026-08-14,2026-08-14
475960,3,정기 보고,반기보고서 (2026.06),2026-08-14,2026-08-20
317850,3,정기 보고,반기보고서 (2026.06),2026-08-14,2026-08-14
115570,3,정기 보고,반기보고서 (2026.06),2026-08-14,2026-08-14
010240,3,정기 보고,반기보고서 (2026.06),2026-08-14,2026-08-14
094970,3,정기 보고,반기보고서 (2026.06),2026-08-14,2026-08-14
009780,3,정기 보고,반기보고서 (2026.06),2026-08-14,2026-08-14
238200,3,정기 보고,반기보고서 (2026.06),2026-08-14,2026-08-14
079650,3,정기 보고,반기보고서 (2026.06),2026-08-14,2026-08-14
199550,3,정기 보고,반기보고서 (2026.06),2026-08-14,2026-08-14
290740,3,정기 보고,반기보고서 (2026.06),2026-08-14,2026-10-01
060380,3,정기 보고,반기보고서 (2026.06),2026-08-14,2026-08-14
487580,3,정기 보고,반기보고서 (2026.06),2026-08-14,2026-08-14
060850,3,정기 보고,반기보고서 (2026.06),2026-08-14,2026-08-24
053450,3,정기 보고,반기보고서 (2026.06),2026-08-14,2026-08-14
318410,3,정기 보고,반기보고서 (2026.06),2026-08-14,2026-08-14
0098T0,3,정기 보고,반기보고서 (2026.06),2026-08-14,2026-08-14
483350,3,정기 보고,반기보고서 (2026.06),2026-08-14,2026-09-22
006920,3,정기 보고,반기보고서 (2026.06),2026-08-14,2026-08-14
039030,3,정기 보고,반기보고서 (2026.06),2026-08-14,2026-08-14
478440,3,정기 보고,반기보고서 (2026.06),2026-08-14,2026-08-14
452280,3,정기 보고,반기보고서 (2026.06),2026-08-14,2026-08-14
125490,3,정기 보고,반기보고서 (2026.06),2026-08-14,2026-09-29
079000,3,정기 보고,반기보고서 (2026.06),2026-08-14,2026-08-14
078070,3,정기 보고,반기보고서 (2026.06),2026-08-14,2026-08-14
014950,3,정기 보고,반기보고서 (2026.06),2026-08-14,2026-08-14
133750,3,정기 보고,반기보고서 (2026.06),2026-08-14,2026-08-14
142210,3,정기 보고,반기보고서 (2026.06),2026-08-14,2026-09-29
076610,3,정기 보고,반기보고서 (2026.06),2026-08-14,2026-09-21
064520,3,정기 보고,반기보고서 (2026.06),2026-08-14,2026-08-14
416180,3,정기 보고,반기보고서 (2026.06),2026-08-14,2026-09-30
189860,3,정기 보고,반기보고서 (2026.06),2026-08-14,2026-08-14
228670,3,정기 보고,반기보고서 (2026.06),2026-08-14,2026-09-28
158430,3,정기 보고,반기보고서 (2026.06),2026-08-14,2026-08-28
093920,3,정기 보고,반기보고서 (2026.06),2026-08-14,2026-08-14
002800,3,정기 보고,반기보고서 (2026.06),2026-08-14,2026-08-14
197140,3,정기 보고,반기보고서 (2026.06),2026-08-14,2026-09-11
241520,3,정기 보고,반기보고서 (2026.06),2026-08-14,2026-08-14
298540,3,정기 보고,반기보고서 (2026.06),2026-08-14,2026-08-14
227610,3,정기 보고,반기보고서 (2026.06),2026-08-14,2026-08-28
387690,3,정기 보고,반기보고서 (2026.06),2026-08-14,2026-09-15
264850,3,정기 보고,반기보고서 (2026.06),2026-08-14,2026-08-14
487400,3,정기 보고,반기보고서 (2026.06),2026-08-14,2026-09-22
060540,3,정기 보고,반기보고서 (2026.06),2026-08-14,2026-08-14
089010,3,정기 보고,반기보고서 (2026.06),2026-08-14,2026-08-14
376980,3,정기 보고,반기보고서 (2026.06),2026-08-14,2026-09-29
036200,3,정기 보고,반기보고서 (2026.06),2026-08-14,2026-08-14
110990,3,정기 보고,반기보고서 (2026.06),2026-08-14,2026-08-14
065130,3,정기 보고,반기보고서 (2026.06),2026-08-14,2026-08-14
160980,3,정기 보고,반기보고서 (2026.06),2026-08-14,2026-08-14
0134X0,3,정기 보고,반기보고서 (2026.06),2026-08-14,2026-08-14
049830,3,정기 보고,반기보고서 (2026.06),2026-08-14,2026-09-21
039420,3,정기 보고,반기보고서 (2026.06),2026-08-14,2026-08-14
463020,3,정기 보고,반기보고서 (2026.06),2026-08-14,2026-08-14
024060,3,정기 보고,반기보고서 (2026.06),2026-08-14,2026-08-14
147830,3,정기 보고,반기보고서 (2026.06),2026-08-14,2026-08-14
365270,3,정기 보고,반기보고서 (2026.06),2026-08-14,2026-08-14
051390,3,정기 보고,반기보고서 (2026.06),2026-08-14,2026-08-14
240550,3,정기 보고,[기재정정]분기보고서 (2026.03),2026-08-14,2026-09-08
0097F0,3,정기 보고,반기보고서 (2026.06),2026-08-14,2026-08-14
340450,3,정기 보고,반기보고서 (2026.06),2026-08-14,2026-08-14
036120,3,정기 보고,반기보고서 (2026.06),2026-08-14,2026-09-11
492220,3,정기 보고,반기보고서 (2026.06),2026-08-14,2026-08-14
120240,3,정기 보고,반기보고서 (2026.06),2026-08-14,2026-08-14
101240,3,정기 보고,반기보고서 (2026.06),2026-08-14,2026-08-14
038010,3,정기 보고,반기보고서 (2026.06),2026-08-14,2026-08-14
031980,3,정기 보고,반기보고서 (2026.06),2026-08-14,2026-08-20
131030,3,정기 보고,반기보고서 (2026.06),2026-08-14,2026-08-14
372320,3,정기 보고,반기보고서 (2026.06),2026-08-14,2026-08-14
319660,3,정기 보고,반기보고서 (2026.06),2026-08-14,2026-09-04
211270,3,정기 보고,반기보고서 (2026.06),2026-08-14,2026-09-29
100700,3,정기 보고,반기보고서 (2026.06),2026-08-14,2026-08-14
072870,3,정기 보고,반기보고서 (2026.06),2026-08-14,2026-08-14
003310,3,정기 보고,반기보고서 (2026.06),2026-08-14,2026-08-14
474490,3,정기 보고,반기보고서 (2026.06),2026-08-14,2026-08-14
017480,3,정기 보고,반기보고서 (2026.06),2026-08-14,2026-08-14
372170,3,정기 보고,반기보고서 (2026.06),2026-08-14,2026-08-14
330730,3,정기 보고,반기보고서 (2026.06),2026-08-14,2026-08-14
110790,3,정기 보고,반기보고서 (2026.06),2026-08-14,2026-08-14
053610,3,정기 보고,반기보고서 (2026.06),2026-08-14,2026-08-14
078600,3,정기 보고,반기보고서 (2026.06),2026-08-14,2026-08-14
251120,3,정기 보고,반기보고서 (2026.06),2026-08-14,2026-09-07
489210,3,정기 보고,반기보고서 (2026.06),2026-08-14,2026-08-14
376180,3,정기 보고,반기보고서 (2026.06),2026-08-14,2026-08-14
459100,3,정기 보고,반기보고서 (2026.06),2026-08-14,2026-09-11
086450,3,정기 보고,반기보고서 (2026.06),2026-08-14,2026-08-14
475250,3,정기 보고,반기보고서 (2026.06),2026-08-14,2026-08-14
457550,3,정기 보고,반기보고서 (2026.06),2026-08-14,2026-10-02
365340,3,정기 보고,반기보고서 (2026.06),2026-08-14,2026-08-14
382480,3,정기 보고,반기보고서 (2026.06),2026-08-14,2026-08-14
308080,3,정기 보고,반기보고서 (2026.06),2026-08-14,2026-08-14
489500,3,정기 보고,반기보고서 (2026.06),2026-08-14,2026-08-26
092130,3,정기 보고,[기재정정]반기보고서 (2026.06),2026-08-14,2026-08-14
136410,3,정기 보고,반기보고서 (2026.06),2026-08-14,2026-08-14
088280,3,정기 보고,반기보고서 (2026.06),2026-08-14,2026-10-02
058470,3,정기 보고,반기보고서 (2026.06),2026-08-14,2026-08-21
332370,3,정기 보고,반기보고서 (2026.06),2026-08-14,2026-08-14
134580,3,정기 보고,반기보고서 (2026.06),2026-08-14,2026-09-30
036010,3,정기 보고,반기보고서 (2026.06),2026-08-14,2026-08-25
033310,3,정기 보고,반기보고서 (2026.06),2026-08-14,2026-09-30
170790,3,정기 보고,반기보고서 (2026.06),2026-08-14,2026-08-14
452160,3,정기 보고,반기보고서 (2026.06),2026-08-14,2026-08-14
122690,3,정기 보고,반기보고서 (2026.06),2026-08-14,2026-08-14
039340,3,정기 보고,반기보고서 (2026.06),2026-08-14,2026-08-14
068100,3,정기 보고,반기보고서 (2026.06),2026-08-14,2026-08-14
0096B0,3,정기 보고,반기보고서 (2026.06),2026-08-14,2026-08-14
019550,3,정기 보고,반기보고서 (2026.06),2026-08-14,2026-08-20
191420,3,정기 보고,반기보고서 (2026.06),2026-08-14,2026-08-18
0054V0,3,정기 보고,반기보고서 (2026.06),2026-08-14,2026-08-14
065660,3,정기 보고,반기보고서 (2026.06),2026-08-14,2026-09-17
153890,3,정기 보고,반기보고서 (2026.06),2026-08-14,2026-08-14
048470,3,정기 보고,반기보고서 (2026.06),2026-08-14,2026-09-18
014570,3,정기 보고,반기보고서 (2026.06),2026-08-14,2026-10-01
448280,3,정기 보고,반기보고서 (2026.06),2026-08-14,2026-08-14
047310,3,정기 보고,반기보고서 (2026.06),2026-08-14,2026-08-14
014940,3,정기 보고,반기보고서 (2026.06),2026-08-14,2026-08-14
419120,3,정기 보고,반기보고서 (2026.06),2026-08-14,2026-08-14
173130,3,정기 보고,반기보고서 (2026.06),2026-08-14,2026-08-14
0008Z0,3,정기 보고,반기보고서 (2026.06),2026-08-14,2026-09-17
200470,3,정기 보고,반기보고서 (2026.06),2026-08-14,2026-09-29
452400,3,정기 보고,반기보고서 (2026.06),2026-08-14,2026-08-14
304360,3,정기 보고,반기보고서 (2026.06),2026-08-14,2026-08-14
034830,3,정기 보고,반기보고서 (2026.06),2026-08-13,2026-08-24
011700,3,정기 보고,반기보고서 (2026.06),2026-08-13,2026-09-29
227840,3,정기 보고,반기보고서 (2026.06),2026-08-13,2026-08-13
014580,3,정기 보고,반기보고서 (2026.06),2026-08-13,2026-08-13
008490,3,정기 보고,반기보고서 (2026.06),2026-08-13,2026-08-13
013570,3,정기 보고,반기보고서 (2026.06),2026-08-13,2026-08-13
210540,3,정기 보고,반기보고서 (2026.06),2026-08-13,2026-08-13
136490,3,정기 보고,[기재정정]반기보고서 (2026.06),2026-08-13,2026-09-29
092200,3,정기 보고,반기보고서 (2026.06),2026-08-13,2026-08-13
075580,3,정기 보고,반기보고서 (2026.06),2026-08-13,2026-08-13
009900,3,정기 보고,반기보고서 (2026.06),2026-08-13,2026-08-13
014680,3,정기 보고,반기보고서 (2026.06),2026-08-13,2026-08-26
092440,3,정기 보고,분기보고서 (2026.06),2026-08-13,2026-08-13
025750,3,정기 보고,반기보고서 (2026.06),2026-08-13,2026-08-26
004770,3,정기 보고,반기보고서 (2026.06),2026-08-13,2026-10-01
055490,3,정기 보고,반기보고서 (2026.06),2026-08-13,2026-08-26
123690,3,정기 보고,반기보고서 (2026.06),2026-08-13,2026-08-13
041650,3,정기 보고,반기보고서 (2026.06),2026-08-13,2026-08-20
000080,3,정기 보고,반기보고서 (2026.06),2026-08-13,2026-09-29
241590,3,정기 보고,반기보고서 (2026.06),2026-08-13,2026-08-13
079980,3,정기 보고,반기보고서 (2026.06),2026-08-13,2026-08-13
006060,3,정기 보고,반기보고서 (2026.06),2026-08-13,2026-08-13
003350,3,정기 보고,반기보고서 (2026.06),2026-08-13,2026-10-02
016670,3,정기 보고,[첨부추가]반기보고서 (2026.06),2026-08-13,2026-09-02
089980,3,정기 보고,[첨부추가]반기보고서 (2026.06),2026-08-13,2026-08-13
214680,3,정기 보고,[첨부추가]반기보고서 (2026.06),2026-08-13,2026-09-10
037070,3,정기 보고,[첨부추가]반기보고서 (2026.06),2026-08-13,2026-08-13
452190,3,정기 보고,[첨부추가]반기보고서 (2026.06),2026-08-13,2026-08-13
041930,3,정기 보고,[첨부추가]반기보고서 (2026.06),2026-08-13,2026-08-26
476830,3,정기 보고,반기보고서 (2026.06),2026-08-13,2026-08-19
038070,3,정기 보고,반기보고서 (2026.06),2026-08-13,2026-08-13
080220,3,정기 보고,반기보고서 (2026.06),2026-08-13,2026-09-23
104480,3,정기 보고,반기보고서 (2026.06),2026-08-13,2026-08-26
307930,3,정기 보고,반기보고서 (2026.06),2026-08-13,2026-08-28
017890,3,정기 보고,반기보고서 (2026.06),2026-08-13,2026-09-30
464490,3,정기 보고,반기보고서 (2026.06),2026-08-13,2026-09-14
088800,3,정기 보고,반기보고서 (2026.06),2026-08-13,2026-08-13
235980,3,정기 보고,반기보고서 (2026.06),2026-08-13,2026-10-02
0105P0,3,정기 보고,반기보고서 (2026.06),2026-08-13,2026-08-13
487830,3,정기 보고,반기보고서 (2026.06),2026-08-13,2026-09-21
107600,3,정기 보고,반기보고서 (2026.06),2026-08-13,2026-08-13
0041L0,3,정기 보고,반기보고서 (2026.06),2026-08-13,2026-08-13
089970,3,정기 보고,반기보고서 (2026.06),2026-08-13,2026-09-28
0099W0,3,정기 보고,반기보고서 (2026.06),2026-08-13,2026-08-13
109960,3,정기 보고,반기보고서 (2026.06),2026-08-13,2026-08-13
187420,3,정기 보고,반기보고서 (2026.06),2026-08-13,2026-09-14
450520,3,정기 보고,반기보고서 (2026.06),2026-08-13,2026-08-13
318020,3,정기 보고,반기보고서 (2026.06),2026-08-13,2026-08-13
170920,3,정기 보고,반기보고서 (2026.06),2026-08-13,2026-08-13
452450,3,정기 보고,반기보고서 (2026.06),2026-08-13,2026-08-14
188260,3,정기 보고,반기보고서 (2026.06),2026-08-13,2026-09-03
063170,3,정기 보고,반기보고서 (2026.06),2026-08-13,2026-08-13
033100,3,정기 보고,반기보고서 (2026.06),2026-08-13,2026-08-13
289080,3,정기 보고,분기보고서 (2026.06),2026-08-13,2026-08-13
095700,3,정기 보고,반기보고서 (2026.06),2026-08-13,2026-08-24
0093G0,3,정기 보고,반기보고서 (2026.06),2026-08-13,2026-08-13
007720,3,정기 보고,반기보고서 (2026.06),2026-08-13,2026-10-02
091970,3,정기 보고,반기보고서 (2026.06),2026-08-13,2026-09-15
430690,3,정기 보고,반기보고서 (2026.06),2026-08-13,2026-09-30
263810,3,정기 보고,반기보고서 (2026.06),2026-08-13,2026-08-13
328380,3,정기 보고,반기보고서 (2026.06),2026-08-13,2026-08-31
482690,3,정기 보고,반기보고서 (2026.06),2026-08-13,2026-08-13
217730,3,정기 보고,반기보고서 (2026.06),2026-08-13,2026-09-30
348150,3,정기 보고,반기보고서 (2026.06),2026-08-13,2026-08-13
0129K0,3,정기 보고,반기보고서 (2026.06),2026-08-13,2026-08-13
222110,3,정기 보고,반기보고서 (2026.06),2026-08-13,2026-08-13
474930,3,정기 보고,반기보고서 (2026.06),2026-08-13,2026-08-13
263020,3,정기 보고,반기보고서 (2026.06),2026-08-13,2026-09-30
000440,3,정기 보고,반기보고서 (2026.06),2026-08-13,2026-08-13
443670,3,정기 보고,반기보고서 (2026.06),2026-08-13,2026-08-13
496070,3,정기 보고,반기보고서 (2026.06),2026-08-13,2026-09-21
123330,3,정기 보고,반기보고서 (2026.06),2026-08-13,2026-08-13
005860,3,정기 보고,반기보고서 (2026.06),2026-08-13,2026-08-13
370090,3,정기 보고,반기보고서 (2026.06),2026-08-13,2026-08-13
225570,3,정기 보고,반기보고서 (2026.06),2026-08-13,2026-08-31
047770,3,정기 보고,반기보고서 (2026.06),2026-08-13,2026-08-13
486630,3,정기 보고,반기보고서 (2026.06),2026-08-13,2026-09-18
093520,3,정기 보고,반기보고서 (2026.06),2026-08-13,2026-08-13
054540,3,정기 보고,반기보고서 (2026.06),2026-08-13,2026-08-13
049630,3,정기 보고,반기보고서 (2026.06),2026-08-13,2026-08-13
039840,3,정기 보고,반기보고서 (2026.06),2026-08-13,2026-09-03
124500,3,정기 보고,반기보고서 (2026.06),2026-08-13,2026-09-23
121890,3,정기 보고,반기보고서 (2026.06),2026-08-13,2026-08-13
060280,3,정기 보고,반기보고서 (2026.06),2026-08-13,2026-09-17
200780,3,정기 보고,반기보고서 (2026.06),2026-08-13,2026-08-13
0131D0,3,정기 보고,반기보고서 (2026.06),2026-08-13,2026-08-13
388870,3,정기 보고,반기보고서 (2026.06),2026-08-13,2026-08-13
067370,3,정기 보고,반기보고서 (2026.06),2026-08-13,2026-09-07
078350,3,정기 보고,반기보고서 (2026.06),2026-08-13,2026-08-13
009300,3,정기 보고,반기보고서 (2026.06),2026-08-13,2026-08-13
221840,3,정기 보고,반기보고서 (2026.06),2026-08-13,2026-08-13
266690,3,정기 보고,반기보고서 (2026.06),2026-08-13,2026-09-15
007370,3,정기 보고,반기보고서 (2026.06),2026-08-13,2026-08-13
487360,3,정기 보고,반기보고서 (2026.06),2026-08-13,2026-08-13
357550,3,정기 보고,반기보고서 (2026.06),2026-08-13,2026-10-01
100130,3,정기 보고,반기보고서 (2026.06),2026-08-13,2026-08-13
101330,3,정기 보고,반기보고서 (2026.06),2026-08-13,2026-08-13
254490,3,정기 보고,반기보고서 (2026.06),2026-08-13,2026-08-13
033200,3,정기 보고,분기보고서 (2026.06),2026-08-13,2026-08-13
298830,3,정기 보고,반기보고서 (2026.06),2026-08-13,2026-08-13
056700,3,정기 보고,반기보고서 (2026.06),2026-08-13,2026-08-28
394800,3,정기 보고,반기보고서 (2026.06),2026-08-13,2026-10-01
484590,3,정기 보고,반기보고서 (2026.06),2026-08-13,2026-09-28
417790,3,정기 보고,반기보고서 (2026.06),2026-08-13,2026-09-16
308430,3,정기 보고,반기보고서 (2026.06),2026-08-13,2026-09-29
042520,3,정기 보고,분기보고서 (2026.06),2026-08-13,2026-09-15
010280,3,정기 보고,반기보고서 (2026.06),2026-08-13,2026-09-30
140520,3,정기 보고,반기보고서 (2026.06),2026-08-13,2026-09-10
484120,3,정기 보고,반기보고서 (2026.06),2026-08-13,2026-08-13
220260,3,정기 보고,반기보고서 (2026.06),2026-08-13,2026-08-13
0132G0,3,정기 보고,반기보고서 (2026.06),2026-08-13,2026-08-13
0072Z0,3,정기 보고,반기보고서 (2026.06),2026-08-13,2026-09-23
012860,3,정기 보고,반기보고서 (2026.06),2026-08-13,2026-08-13
085910,3,정기 보고,반기보고서 (2026.06),2026-08-13,2026-09-07
095610,3,정기 보고,반기보고서 (2026.06),2026-08-13,2026-08-14
242040,3,정기 보고,반기보고서 (2026.06),2026-08-13,2026-09-04
102710,3,정기 보고,반기보고서 (2026.06),2026-08-13,2026-09-30
482630,3,정기 보고,반기보고서 (2026.06),2026-08-13,2026-08-31
059120,3,정기 보고,반기보고서 (2026.06),2026-08-13,2026-08-13
464500,3,정기 보고,반기보고서 (2026.06),2026-08-13,2026-08-27
042600,3,정기 보고,반기보고서 (2026.06),2026-08-13,2026-08-13
0130D0,3,정기 보고,반기보고서 (2026.06),2026-08-13,2026-08-13
163280,3,정기 보고,반기보고서 (2026.06),2026-08-13,2026-09-22
493790,3,정기 보고,반기보고서 (2026.06),2026-08-13,2026-08-13
147760,3,정기 보고,[기재정정]반기보고서 (2026.06),2026-08-13,2026-08-13
476080,3,정기 보고,반기보고서 (2026.06),2026-08-13,2026-08-13
458870,3,정기 보고,[기재정정]반기보고서 (2026.06),2026-08-13,2026-09-09
093190,3,정기 보고,반기보고서 (2026.06),2026-08-13,2026-08-13
460930,3,정기 보고,반기보고서 (2026.06),2026-08-13,2026-08-13
025620,3,정기 보고,반기보고서 (2026.06),2026-08-12,2026-08-12
145270,3,정기 보고,반기보고서 (2026.06),2026-08-12,2026-10-02
036580,3,정기 보고,반기보고서 (2026.06),2026-08-12,2026-09-29
006340,3,정기 보고,반기보고서 (2026.06),2026-08-12,2026-08-12
271940,3,정기 보고,반기보고서 (2026.06),2026-08-12,2026-08-12
081000,3,정기 보고,반기보고서 (2026.06),2026-08-12,2026-08-12
083500,3,정기 보고,[첨부추가]반기보고서 (2026.06),2026-08-12,2026-08-12
434480,3,정기 보고,[첨부추가]반기보고서 (2026.06),2026-08-12,2026-08-12
208710,3,정기 보고,반기보고서 (2026.06),2026-08-12,2026-08-12
060150,3,정기 보고,반기보고서 (2026.06),2026-08-12,2026-08-26
0044K0,3,정기 보고,반기보고서 (2026.06),2026-08-12,2026-08-19
170030,3,정기 보고,반기보고서 (2026.06),2026-08-12,2026-08-12
291230,3,정기 보고,반기보고서 (2026.06),2026-08-12,2026-09-30
117670,3,정기 보고,반기보고서 (2026.06),2026-08-12,2026-08-12
100790,3,정기 보고,반기보고서 (2026.06),2026-08-12,2026-08-31
0082N0,3,정기 보고,반기보고서 (2026.06),2026-08-12,2026-09-08
440320,3,정기 보고,반기보고서 (2026.06),2026-08-12,2026-08-12
196450,3,정기 보고,반기보고서 (2026.06),2026-08-12,2026-09-11
493280,3,정기 보고,반기보고서 (2026.06),2026-08-12,2026-09-08
420570,3,정기 보고,반기보고서 (2026.06),2026-08-12,2026-08-12
060590,3,정기 보고,반기보고서 (2026.06),2026-08-12,2026-08-12
0041B0,3,정기 보고,반기보고서 (2026.06),2026-08-12,2026-08-12
036670,3,정기 보고,반기보고서 (2026.06),2026-08-12,2026-08-31
232830,3,정기 보고,반기보고서 (2026.06),2026-08-12,2026-08-12
073010,3,정기 보고,반기보고서 (2026.06),2026-08-12,2026-08-12
039740,3,정기 보고,반기보고서 (2026.06),2026-08-12,2026-08-12
477470,3,정기 보고,반기보고서 (2026.06),2026-08-12,2026-08-12
138070,3,정기 보고,반기보고서 (2026.06),2026-08-12,2026-08-12
476060,3,정기 보고,반기보고서 (2026.06),2026-08-12,2026-09-03
432470,3,정기 보고,반기보고서 (2026.06),2026-08-12,2026-08-12
0071M0,3,정기 보고,반기보고서 (2026.06),2026-08-12,2026-09-28
036540,3,정기 보고,반기보고서 (2026.06),2026-08-12,2026-09-08
0009K0,3,정기 보고,반기보고서 (2026.06),2026-08-12,2026-09-22
418470,3,정기 보고,반기보고서 (2026.06),2026-08-12,2026-08-12
049550,3,정기 보고,반기보고서 (2026.06),2026-08-12,2026-08-12
265740,3,정기 보고,반기보고서 (2026.06),2026-08-12,2026-08-12
477340,3,정기 보고,반기보고서 (2026.06),2026-08-12,2026-08-12
478110,3,정기 보고,반기보고서 (2026.06),2026-08-12,2026-08-12
0041J0,3,정기 보고,반기보고서 (2026.06),2026-08-12,2026-08-12
015360,3,정기 보고,반기보고서 (2026.06),2026-08-11,2026-08-27
003800,3,정기 보고,[첨부추가]반기보고서 (2026.06),2026-08-11,2026-08-11
059100,3,정기 보고,[첨부추가]반기보고서 (2026.06),2026-08-11,2026-08-11
328130,3,정기 보고,반기보고서 (2026.06),2026-08-11,2026-10-02
298380,3,정기 보고,반기보고서 (2026.06),2026-08-11,2026-08-31
0004Y0,3,정기 보고,반기보고서 (2026.06),2026-08-11,2026-08-11
489730,3,정기 보고,반기보고서 (2026.06),2026-08-11,2026-08-11
477760,3,정기 보고,반기보고서 (2026.06),2026-08-11,2026-08-11
473950,3,정기 보고,반기보고서 (2026.06),2026-08-11,2026-08-11
0091W0,3,정기 보고,반기보고서 (2026.06),2026-08-11,2026-08-11
0130H0,3,정기 보고,반기보고서 (2026.06),2026-08-11,2026-08-11
0115H0,3,정기 보고,반기보고서 (2026.06),2026-08-11,2026-08-11
473000,3,정기 보고,반기보고서 (2026.06),2026-08-11,2026-08-11
469610,3,정기 보고,반기보고서 (2026.06),2026-08-11,2026-09-07
073190,3,정기 보고,반기보고서 (2026.06),2026-08-11,2026-10-02
069140,3,정기 보고,반기보고서 (2026.06),2026-08-11,2026-08-11
484810,3,정기 보고,반기보고서 (2026.06),2026-08-11,2026-09-02
311320,3,정기 보고,반기보고서 (2026.06),2026-08-11,2026-08-11
001720,3,정기 보고,분기보고서 (2026.06),2026-08-10,2026-08-10
331520,3,정기 보고,반기보고서 (2026.06),2026-08-10,2026-08-10
058400,3,정기 보고,반기보고서 (2026.06),2026-08-10,2026-08-10
460870,3,정기 보고,반기보고서 (2026.06),2026-08-10,2026-08-18
468760,3,정기 보고,반기보고서 (2026.06),2026-08-10,2026-08-10
032960,3,정기 보고,반기보고서 (2026.06),2026-08-10,2026-08-28
021880,3,정기 보고,분기보고서 (2026.06),2026-08-10,2026-08-10
003220,3,정기 보고,반기보고서 (2026.06),2026-08-07,2026-09-15
0068Y0,3,정기 보고,반기보고서 (2026.06),2026-08-07,2026-08-07
481890,3,정기 보고,반기보고서 (2026.06),2026-08-06,2026-08-06
478390,3,정기 보고,반기보고서 (2026.06),2026-08-05,2026-08-05
494120,3,정기 보고,반기보고서 (2026.06),2026-08-04,2026-08-04
044990,3,정기 보고,반기보고서 (2026.06),2026-08-03,2026-08-03
334890,3,정기 보고,반기보고서 (2026.05),2026-07-15,2026-08-14
004310,3,정기 보고,반기보고서 (2026.05),2026-07-15,2026-07-15
093380,3,정기 보고,분기보고서 (2026.05),2026-07-15,2026-08-27
0218L0,1,일반 공시,타인에대한채무보증결정,2026-09-30,2026-09-30
0220W0,1,일반 공시,독립이사의선임ㆍ해임또는중도퇴임에관한신고,2026-09-23,2026-09-23
468670,1,일반 공시,[발행조건확정]증권신고서(지분증권),2026-09-16,2026-09-16
486510,1,일반 공시,[발행조건확정]증권신고서(지분증권),2026-09-15,2026-09-15
0035S0,1,일반 공시,[발행조건확정]증권신고서(지분증권),2026-09-14,2026-09-14
0010S0,1,일반 공시,[발행조건확정]증권신고서(지분증권),2026-09-11,2026-09-11
0161M0,1,일반 공시,[발행조건확정]증권신고서(지분증권),2026-09-09,2026-09-09
0200G0,1,일반 공시,[발행조건확정]증권신고서(지분증권),2026-09-09,2026-09-09
0209J0,1,일반 공시,[발행조건확정]증권신고서(지분증권),2026-09-08,2026-09-08
0197V0,1,일반 공시,[발행조건확정]증권신고서(지분증권),2026-08-28,2026-08-28
415640,1,일반 공시,주주명부폐쇄기간또는기준일설정,2026-07-31,2026-07-31
