종목코드,종목명,시장구분,종목구분,현재가,등락률,시가총액,상장주식수,거래량,외국인비율,PER,ROE,당기순이익,매출액,부채총계,영업이익,자본총계,자산총계,당기순이익_전기,매출액_전기,부채총계_전기,영업이익_전기,자본총계_전기,자산총계_전기,당기순이익_전전기,매출액_전전기,부채총계_전전기,영업이익_전전기,자본총계_전전기,자산총계_전전기,부채비율,영업이익률,ROE_계산,기준연도,보고서
005930,삼성전자,KOSPI,보통주,255500.0,2.2,1493724200000000.0,5846279.0,14031862.0,46.71,11.46,10.85,45206805000000.0,333605938000000.0,130621773000000.0,43601051000000.0,436320337000000.0,566942110000000.0,34451351000000.0,300870903000000.0,112339878000000.0,32725961000000.0,402192070000000.0,514531948000000.0,15487100000000.0,258935494000000.0,92228115000000.0,6566976000000.0,363677865000000.0,455905980000000.0,29.94,13.07,10.36,2025,사업보고서
000660,SK하이닉스,KOSPI,보통주,1647000.0,3.2,1203120900000000.0,730492.0,2827725.0,50.45,7.34,44.15,42947902000000.0,97146675000000.0,55440908000000.0,47206319000000.0,120666751000000.0,176107659000000.0,19796902000000.0,66192960000000.0,45939505000000.0,23467319000000.0,73915704000000.0,119855209000000.0,-9137547000000.0,32765719000000.0,46826413000000.0,-7730313000000.0,53503752000000.0,100330165000000.0,45.95,48.59,35.59,2025,사업보고서
402340,SK스퀘어,KOSPI,보통주,1041000.0,6.12,137332900000000.0,131924.0,428582.0,46.21,4.19,37.82,8818695000000.0,1411521000000.0,2521383000000.0,8797421000000.0,27983163000000.0,30504546000000.0,3650515000000.0,1649858000000.0,2335636000000.0,3920647000000.0,19585415000000.0,21921051000000.0,-1314834000000.0,2008116000000.0,2153491000000.0,-2333631000000.0,15816517000000.0,17970008000000.0,9.01,623.26,31.51,2025,사업보고서
009150,삼성전기,KOSPI,보통주,1401000.0,3.93,104645900000000.0,74694.0,572762.0,37.6,107.9,7.7,730989517218.0,11314459238100.0,4798551372605.0,913331178557.0,9797343882863.0,14595895255468.0,703215637082.0,10294102976435.0,3776548889114.0,735005856995.0,9015854031770.0,12792402920884.0,450482125173.0,8892411942806.0,3627546626400.0,660544454780.0,8030324975448.0,11657871601848.0,48.98,8.07,7.46,2025,사업보고서
373220,LG에너지솔루션,KOSPI,보통주,358500.0,-1.92,83889000000000.0,234000.0,288467.0,5.56,-49.84,-5.19,80803000000.0,23671759000000.0,37826277000000.0,1346120000000.0,29321676000000.0,67147953000000.0,338602000000.0,25619585000000.0,29340248000000.0,575387000000.0,30966543000000.0,60306791000000.0,1637985000000.0,33745470000000.0,21063635000000.0,2163234000000.0,24373509000000.0,45437144000000.0,129.0,5.69,0.28,2025,사업보고서
005380,현대차,KOSPI,보통주,383500.0,0.0,78524600000000.0,204758.0,358567.0,24.31,12.49,8.41,10364775000000.0,186254472000000.0,241196612000000.0,11467851000000.0,127648237000000.0,368844849000000.0,13229908000000.0,175231153000000.0,219522496000000.0,14239592000000.0,120275933000000.0,339798429000000.0,12272301000000.0,162663579000000.0,180653915000000.0,15126901000000.0,101809440000000.0,282463355000000.0,188.95,6.16,8.12,2025,사업보고서
207940,삼성바이오로직스,KOSPI,보통주,1447000.0,-2.03,66983000000000.0,46291.0,45399.0,13.07,39.97,19.44,1784352060593.0,4556971695180.0,3609631328852.0,2069221266630.0,7451110647985.0,11060741976837.0,1083315885986.0,3497145675782.0,6431620287493.0,1321366380588.0,10904676062018.0,17336296349511.0,857691298384.0,2938755680729.0,6215704796851.0,1205545951005.0,9830492412345.0,16046197209196.0,48.44,45.41,23.95,2025,사업보고서
032830,삼성생명,KOSPI,보통주,297500.0,-1.82,59500000000000.0,200000.0,292663.0,23.19,21.23,4.96,2451515000000.0,,285850383000000.0,2580469000000.0,64835318000000.0,350685701000000.0,2260255000000.0,,274116162000000.0,2499751000000.0,38102682000000.0,312218844000000.0,2033709000000.0,,270317609000000.0,2398377000000.0,44337441000000.0,314655050000000.0,440.89,,3.78,2025,사업보고서
105560,KB금융,KOSPI,보통주,172000.0,-3.32,61006300000000.0,354688.0,1339705.0,79.17,10.27,9.98,5840715000000.0,,737093044000000.0,8517711000000.0,60829989000000.0,797923033000000.0,5028606000000.0,,698030351000000.0,8045261000000.0,59815181000000.0,757845532000000.0,4526334000000.0,,657089226000000.0,6385021000000.0,58636190000000.0,715725416000000.0,1211.73,,9.6,2025,사업보고서
028260,삼성물산,KOSPI,보통주,367000.0,-1.34,59515500000000.0,162168.0,395781.0,30.9,22.22,6.02,3906652564846.0,40742240967149.0,29035796293982.0,3292747495925.0,57496949405446.0,86532745699428.0,2772012091811.0,42103238027336.0,24731886937019.0,2983396694918.0,37258539898529.0,61990426835548.0,2719106116709.0,41895681215734.0,26229919730957.0,2870173816853.0,39897109481722.0,66127029212679.0,50.5,8.08,6.79,2025,사업보고서
012450,한화에어로스페이스,KOSPI,보통주,1055000.0,0.76,54399400000000.0,51563.0,62321.0,45.44,26.31,19.14,2201983086000.0,26702901249000.0,37165484932000.0,3089320181000.0,16788184672000.0,53953669604000.0,2539873461000.0,11240121484000.0,32069927384000.0,1731878825000.0,11492006659000.0,43561934043000.0,976918346000.0,7889686805000.0,14858674608000.0,594306104000.0,4684225318000.0,19542899926000.0,221.38,11.57,13.12,2025,사업보고서
034020,두산에너빌리티,KOSPI,보통주,79200.0,0.0,50732400000000.0,640561.0,1477682.0,23.61,279.86,1.11,205163000000.0,17057876000000.0,15503853000000.0,762712000000.0,12009370000000.0,27513223000000.0,394689000000.0,16233055000000.0,14653743000000.0,1017600000000.0,11661092000000.0,26314835000000.0,517522000000.0,17589888000000.0,13799325000000.0,1467318000000.0,10841509000000.0,24640834000000.0,129.1,4.47,1.71,2025,사업보고서
055550,신한지주,KOSPI,보통주,110300.0,-3.67,51780400000000.0,469450.0,1115969.0,62.02,9.87,8.72,5084519000000.0,,725641161000000.0,7023357000000.0,60372324000000.0,786013485000000.0,4558170000000.0,,680943223000000.0,6458670000000.0,58821033000000.0,739764256000000.0,4478000000000.0,,635473468000000.0,6100850000000.0,56321865000000.0,691795333000000.0,1201.94,,8.42,2025,사업보고서
000270,기아,KOSPI,보통주,126500.0,-0.71,49387200000000.0,390413.0,628187.0,39.26,7.03,12.92,7554174000000.0,114140919000000.0,37788591000000.0,9078148000000.0,61190464000000.0,98979055000000.0,9775005000000.0,107448752000000.0,36915565000000.0,12667139000000.0,55840309000000.0,92755874000000.0,8777817000000.0,99808420000000.0,34069591000000.0,11607873000000.0,46558235000000.0,80627826000000.0,61.76,7.95,12.35,2025,사업보고서
329180,HD현대중공업,KOSPI,보통주,436500.0,0.34,45815600000000.0,104961.0,185290.0,14.04,17.03,18.82,1415484565000.0,17580633257000.0,16821424437000.0,2037510103000.0,9341620098000.0,26163044535000.0,621509420000.0,14486453544000.0,13686498249000.0,705223483000.0,5704448501000.0,19390946750000.0,24689214000.0,11963925991000.0,11926177799000.0,178639965000.0,5207440310000.0,17133618109000.0,180.07,11.59,15.15,2025,사업보고서
006400,삼성SDI,KOSPI,보통주,548000.0,1.67,44160900000000.0,80586.0,259044.0,25.71,1196.51,-3.15,-584875358534.0,13266730679499.0,18685225421089.0,-1722360788760.0,23570113159830.0,42255338580919.0,575512415979.0,16592248884388.0,19030107423830.0,363304463263.0,21567237112527.0,40597344536357.0,2066046562201.0,21436788407451.0,14131610215445.0,1545488713572.0,19907249977522.0,34038860192967.0,79.28,-12.98,-2.48,2025,사업보고서
068270,셀트리온,KOSPI,보통주,188100.0,0.53,43755300000000.0,232617.0,270580.0,25.43,28.64,5.94,1031483789240.0,4162495108881.0,4982370370686.0,1168471345595.0,17352529819114.0,22334900189800.0,418883310404.0,3557303554371.0,3475160069015.0,492015534847.0,17580062368691.0,21055222437706.0,539706505110.0,2176431531380.0,2831019524039.0,651481422157.0,17125794307235.0,19956813831274.0,28.71,28.07,5.94,2025,사업보고서
012330,현대모비스,KOSPI,보통주,422000.0,-0.35,37904300000000.0,89821.0,228188.0,37.77,10.58,7.68,3664736000000.0,61118127000000.0,21187737000000.0,3357456000000.0,49212795000000.0,70400532000000.0,4060161000000.0,57236995000000.0,20478673000000.0,3073456000000.0,46118232000000.0,66596905000000.0,3423309000000.0,59254361000000.0,17930546000000.0,2295284000000.0,40655299000000.0,58585845000000.0,43.05,5.49,7.45,2025,사업보고서
034730,SK,KOSPI,보통주,573000.0,5.14,41544000000000.0,72503.0,88794.0,30.13,5.2,6.35,3555246000000.0,122703338000000.0,127828333000000.0,1818476000000.0,85691335000000.0,213519668000000.0,528810000000.0,123399669000000.0,134690218000000.0,2396002000000.0,80287536000000.0,214977754000000.0,-406387000000.0,127435043000000.0,129091214000000.0,4788536000000.0,77879050000000.0,206970264000000.0,149.17,1.48,4.15,2025,사업보고서
086790,하나금융지주,KOSPI,보통주,134300.0,-3.73,36847600000000.0,274368.0,881360.0,68.07,9.12,9.17,4036638000000.0,,628945122000000.0,5350898000000.0,45645554000000.0,674590676000000.0,3768529000000.0,,594270586000000.0,4855182000000.0,43576927000000.0,637847513000000.0,3468356000000.0,,551744278000000.0,4693407000000.0,40181717000000.0,591925995000000.0,1377.89,,8.84,2025,사업보고서
035420,NAVER,KOSPI,보통주,213500.0,2.89,32468300000000.0,152076.0,648091.0,35.99,16.57,7.37,1818746310015.0,12035007218975.0,12131482961723.0,2208138388720.0,28953013365595.0,41084496327318.0,1931976372953.0,10737719264647.0,11166964187683.0,1979263438827.0,27000911848337.0,38167876036020.0,985017762493.0,9670643576585.0,11499828148842.0,1488820269608.0,24237998815553.0,35737826964395.0,41.9,18.35,6.28,2025,사업보고서
066570,LG전자,KOSPI,보통주,201500.0,0.9,32821300000000.0,162885.0,416253.0,29.51,34.88,4.28,1220412000000.0,89200882000000.0,40068142000000.0,2478392000000.0,28552025000000.0,68620167000000.0,591365000000.0,87728182000000.0,40417925000000.0,3419675000000.0,25211664000000.0,65629589000000.0,1150611000000.0,82262664000000.0,36742257000000.0,3653294000000.0,23498536000000.0,60240793000000.0,140.33,2.78,4.27,2025,사업보고서
010120,LS ELECTRIC,KOSPI,보통주,195300.0,1.67,29295000000000.0,150000.0,425547.0,18.37,75.35,14.67,284256733172.0,4965798552980.0,2815381465996.0,426407143017.0,2141298852376.0,4956680318372.0,242237998768.0,4551837252467.0,2595105380936.0,389717122317.0,1890092083448.0,4485197464384.0,207672688149.0,4230482628448.0,2008849631067.0,324877723039.0,1724042303163.0,3732891934230.0,131.48,8.59,13.27,2025,사업보고서
000810,삼성화재,KOSPI,보통주,663000.0,-5.56,29601300000000.0,44647.0,139506.0,57.82,15.07,10.97,2020287132255.0,,75158009988554.0,2659143002144.0,21292379956314.0,96450389944868.0,2076797712983.0,,71667277794649.0,2649596688033.0,15602214746140.0,87269492540789.0,1821614343047.0,,68874631707984.0,2357283417485.0,16144398281437.0,85019029989421.0,352.98,,9.49,2025,사업보고서
298040,효성중공업,KOSPI,보통주,2732000.0,0.26,25474700000000.0,9325.0,37493.0,26.98,43.54,24.41,502837667965.0,5968511616609.0,4738162049013.0,746968417289.0,2489720957283.0,7227883006296.0,222929444192.0,4894979612220.0,4163194426688.0,362479487133.0,2055618494514.0,6218812921202.0,131922316419.0,4300571503251.0,3537140808779.0,257836947601.0,1224159409651.0,4761300218430.0,190.31,12.52,20.2,2025,사업보고서
267260,HD현대일렉트릭,KOSPI,보통주,714000.0,1.13,25737700000000.0,36047.0,77266.0,34.33,30.25,41.5,731816191305.0,4079497658529.0,2736880469339.0,995313437790.0,2032934924019.0,4769815393358.0,498409535389.0,3322349007529.0,2288027971862.0,668970713547.0,1507517124598.0,3795545096460.0,259455508262.0,2702799337370.0,1853129751520.0,315218290721.0,1057030326170.0,2910160077690.0,134.63,24.4,36.0,2025,사업보고서
010130,고려아연,KOSPI,보통주,1222000.0,-0.16,25506800000000.0,20873.0,13834.0,27.58,25.12,8.66,770249337092.0,16587850779912.0,9211501849078.0,1231926775791.0,10998929848586.0,20210431697664.0,304669203777.0,12052918410249.0,7196894404555.0,723472208523.0,7405607301858.0,14602501706413.0,438487953148.0,9704521343024.0,2402974780129.0,659935424598.0,9365615555695.0,11768590335824.0,83.75,7.43,7.0,2025,사업보고서
042660,한화오션,KOSPI,보통주,86800.0,0.35,26596700000000.0,306413.0,386896.0,10.36,12.82,22.59,1245921538208.0,12783512278323.0,13965907018538.0,1167590137928.0,6175006995811.0,20140914014349.0,528212898147.0,10776004933627.0,12980459270570.0,237876379317.0,4863349890725.0,17843809161295.0,160043854483.0,7408312265643.0,9632615571697.0,-196498300366.0,4312157120697.0,13944772692394.0,226.17,9.13,20.18,2025,사업보고서
005490,POSCO홀딩스,KOSPI,보통주,337000.0,-1.46,26704400000000.0,79242.0,222733.0,32.38,20.14,1.18,504403472266.0,69094886192787.0,42814746926182.0,1827063210829.0,62377691037383.0,105192437963565.0,947580322052.0,72688143160111.0,41953831078121.0,2173573272904.0,61450367919684.0,103404198997805.0,1845849532200.0,77127197108585.0,41281496791611.0,3531422506439.0,59663897393468.0,100945394185079.0,68.64,2.64,0.81,2025,사업보고서
009540,HD한국조선해양,KOSPI,보통주,348500.0,1.31,24664400000000.0,70773.0,106579.0,33.29,7.15,17.78,2928395265000.0,29933215227000.0,22633860456000.0,3904489578000.0,16908352832000.0,39542213288000.0,1454580111000.0,25538577356000.0,22563324218000.0,1434090492000.0,14155813204000.0,36719137422000.0,144930284000.0,21296205574000.0,19872465252000.0,282260719000.0,12370102932000.0,32242568184000.0,133.86,13.04,17.32,2025,사업보고서
316140,우리금융지주,KOSPI,보통주,33200.0,-4.18,24461300000000.0,736787.0,3083152.0,50.06,7.68,8.91,3227508000000.0,,563598038000000.0,3674808000000.0,37859248000000.0,601457286000000.0,3171469000000.0,,489858051000000.0,4255190000000.0,35895269000000.0,525753320000000.0,2626894000000.0,,464607446000000.0,3499029000000.0,33397490000000.0,498004936000000.0,1488.67,,8.53,2025,사업보고서
017670,SK텔레콤,KOSPI,보통주,92500.0,3.93,19868100000000.0,214790.0,911127.0,34.28,26.58,3.33,375084000000.0,17099213000000.0,17152491000000.0,1073215000000.0,12955292000000.0,30107783000000.0,1387095000000.0,17940609000000.0,18687621000000.0,1823409000000.0,11827634000000.0,30515255000000.0,1145937000000.0,17608511000000.0,17890828000000.0,1753204000000.0,12228399000000.0,30119227000000.0,132.4,6.28,2.9,2025,사업보고서
042700,한미반도체,KOSPI,보통주,230000.0,9.26,21921800000000.0,95312.0,963556.0,7.67,98.71,34.76,214007548411.0,576684619527.0,123004106583.0,251390142142.0,690327519537.0,813331626120.0,152614498001.0,558917191547.0,169984503289.0,255391604854.0,540887863389.0,710872366678.0,267167515858.0,159008528366.0,151940478614.0,34571410992.0,571898625127.0,723839103741.0,17.82,43.59,31.0,2025,사업보고서
015760,한국전력,KOSPI,보통주,32150.0,-0.92,20639100000000.0,641964.0,860534.0,21.06,2.63,19.4,8666656000000.0,97429346000000.0,205604513000000.0,13490557000000.0,49322944000000.0,254927457000000.0,3621968000000.0,93398896000000.0,205444962000000.0,8364710000000.0,41362833000000.0,246807795000000.0,-4716144000000.0,88219461000000.0,202450215000000.0,-4541648000000.0,37264750000000.0,239714965000000.0,416.85,13.85,17.57,2025,사업보고서
011200,HMM,KOSPI,보통주,21050.0,-1.41,19855200000000.0,943238.0,876481.0,8.64,14.15,6.9,1878732000000.0,10891443000000.0,6991856000000.0,1461202000000.0,26571277000000.0,33563133000000.0,3782129000000.0,11700224000000.0,5993018000000.0,3512847000000.0,27855544000000.0,33848562000000.0,968692000000.0,8400969000000.0,4272550000000.0,584770000000.0,21440813000000.0,25713363000000.0,26.31,13.42,7.07,2025,사업보고서
138040,메리츠금융지주,KOSPI,보통주,135500.0,-1.02,22675600000000.0,167347.0,213109.0,14.38,9.76,22.53,2350134643625.0,,124196775797045.0,2872733957980.0,11261208003790.0,135457983800835.0,2333433638351.0,,104648211084850.0,3188889251285.0,10930036028008.0,115578247112858.0,2125376583433.0,,92138657614258.0,2933502360678.0,10097185065931.0,102235842680189.0,1102.87,,20.87,2025,사업보고서
000150,두산,KOSPI,보통주,1142000.0,1.51,18493400000000.0,16194.0,30158.0,20.23,65.85,4.99,249511000000.0,19784138000000.0,20693467000000.0,1062715000000.0,12234321000000.0,32927788000000.0,302227000000.0,18132874000000.0,18253581000000.0,1003759000000.0,11889482000000.0,30143063000000.0,272074000000.0,19130130000000.0,17080070000000.0,1436262000000.0,11206739000000.0,28286809000000.0,169.14,5.37,2.04,2025,사업보고서
096770,SK이노베이션,KOSPI,보통주,138300.0,5.73,23380000000000.0,169053.0,1280862.0,15.2,-19.9,-14.42,-5436441431000.0,80296054243000.0,69216985650000.0,448683859000.0,36391495746000.0,105608481396000.0,-2372482956000.0,74269646737000.0,70881188555000.0,355696515000.0,39648908994000.0,110530097549000.0,554894277000.0,76755738640000.0,50815545738000.0,1880613137000.0,30019967513000.0,80835513251000.0,190.2,0.56,-14.94,2025,사업보고서
006800,미래에셋증권,KOSPI,보통주,34450.0,3.77,18707100000000.0,543021.0,1066118.0,11.4,10.81,12.36,1582916000000.0,29283028000000.0,136805727000000.0,1915104000000.0,13478203000000.0,150283930000000.0,925470000000.0,22242327000000.0,124913290000000.0,1188076000000.0,12263708000000.0,137176998000000.0,333238000000.0,20359464000000.0,116938446000000.0,521037000000.0,11268502000000.0,128206948000000.0,1015.01,6.54,11.74,2025,사업보고서
051910,LG화학,KOSPI,보통주,282000.0,-1.74,19907000000000.0,70592.0,181645.0,37.23,-14.6,-5.5,-977063000000.0,45932167000000.0,53956116000000.0,1180900000000.0,47105545000000.0,101061661000000.0,515011000000.0,48699754000000.0,45862299000000.0,874927000000.0,47995463000000.0,93857762000000.0,2053425000000.0,55043713000000.0,36528509000000.0,2497801000000.0,40938185000000.0,77466694000000.0,114.54,2.57,-2.07,2025,사업보고서
018260,삼성에스디에스,KOSPI,보통주,238000.0,5.31,18415900000000.0,77378.0,214444.0,18.72,28.38,7.89,782669219514.0,13929868497711.0,3190804215776.0,957102744609.0,10262899983419.0,13453704199195.0,789501325293.0,13828232033800.0,3532880772221.0,911096907001.0,9705449479475.0,13238330251696.0,701325761022.0,13276844204872.0,3345453419084.0,808230946594.0,8975571141939.0,12321024561023.0,31.09,6.87,7.63,2025,사업보고서
010140,삼성중공업,KOSPI,보통주,21400.0,-1.15,18832000000000.0,880000.0,3410970.0,28.96,33.33,13.74,535753735212.0,10650010702818.0,10853831158873.0,862210880029.0,4095039935055.0,14948871093928.0,53877228765.0,9903077919464.0,13445186022785.0,502698683088.0,3749451105353.0,17194637128138.0,-155556375770.0,8009429912108.0,12184181554327.0,233344768042.0,3409207598067.0,15593389152394.0,265.05,8.1,13.08,2025,사업보고서
033780,KT&G,KOSPI,보통주,172500.0,-1.26,17907300000000.0,103810.0,161014.0,51.02,13.91,11.77,1102316000000.0,6579707000000.0,4852958000000.0,1343666000000.0,9336169000000.0,14189127000000.0,1164999000000.0,5908792000000.0,4566772000000.0,1188814000000.0,9358465000000.0,13925237000000.0,922361000000.0,5862608000000.0,3477517000000.0,1167336000000.0,9294935000000.0,12772452000000.0,51.98,20.42,11.81,2025,사업보고서
003550,LG,KOSPI,보통주,121100.0,2.37,18309400000000.0,151192.0,261059.0,37.1,25.16,2.64,1000121000000.0,7252547000000.0,3648076000000.0,912174000000.0,30334813000000.0,33982889000000.0,790478000000.0,7175505000000.0,3506640000000.0,966842000000.0,28132633000000.0,31639273000000.0,1414258000000.0,7445336000000.0,3236596000000.0,1589013000000.0,27016489000000.0,30253085000000.0,12.03,12.58,3.3,2025,사업보고서
278470,에이피알,KOSPI,보통주,394000.0,-2.96,14750600000000.0,37438.0,223630.0,38.08,34.18,75.3,289654813287.0,1527344973381.0,325937736580.0,365520628934.0,445799810314.0,771737546894.0,107590435967.0,722753862301.0,241619489197.0,122705544449.0,323524073990.0,565143563187.0,81546050952.0,523809364559.0,90360619465.0,104193724865.0,196948868778.0,287309488243.0,73.11,23.93,64.97,2025,사업보고서
267250,HD현대,KOSPI,보통주,240500.0,12.65,18997800000000.0,78993.0,272287.0,26.87,6.95,10.25,3675482625000.0,71259438270000.0,48350799380000.0,6099636253000.0,30335091114000.0,78685890494000.0,1930179481000.0,67765626088000.0,47481568074000.0,2983162778000.0,26385102145000.0,73866670219000.0,785832206000.0,61331302785000.0,44750983788000.0,2031563587000.0,23231837100000.0,67982820888000.0,159.39,8.56,12.12,2025,사업보고서
010950,S-Oil,KOSPI,보통주,157300.0,6.36,17709300000000.0,112583.0,918696.0,79.24,12.04,2.01,176952000000.0,34246957000000.0,17669556000000.0,235631000000.0,8887401000000.0,26556957000000.0,-193042000000.0,36637031000000.0,15755786000000.0,422177000000.0,8695647000000.0,24451433000000.0,948848000000.0,35726694000000.0,12538558000000.0,1354582000000.0,9037565000000.0,21576123000000.0,198.82,0.69,1.99,2025,사업보고서
024110,기업은행,KOSPI,보통주,20700.0,-2.13,16506700000000.0,797426.0,1110330.0,13.78,6.25,7.7,2718868000000.0,,463836597000000.0,3655589000000.0,36856024000000.0,500692621000000.0,2654338000000.0,,437988747000000.0,3594087000000.0,34231091000000.0,472219838000000.0,2675188000000.0,,416610518000000.0,3432281000000.0,31816761000000.0,448427279000000.0,1258.51,,7.38,2025,사업보고서
003670,포스코퓨처엠,KOSPI,보통주,183600.0,-0.11,16330500000000.0,88946.0,248865.0,9.68,362.85,0.92,36521891144.0,2938698184392.0,4631817432921.0,32827283494.0,4512079082909.0,9143896515830.0,-231338259262.0,3699944235821.0,4611953968440.0,721245866.0,3320505865578.0,7932459834018.0,4435219953.0,4759871486264.0,3723127307788.0,35882185999.0,2611465990083.0,6334593297871.0,102.65,1.12,0.81,2025,사업보고서
035720,카카오,KOSPI,보통주,36200.0,2.4,16036600000000.0,443000.0,1168772.0,29.16,46.23,4.59,517959587282.0,8099147815086.0,12558602529761.0,732036535379.0,15224922016050.0,27783524545811.0,-161870567171.0,7864033326475.0,11830134144725.0,495277757353.0,13942894159737.0,25773028304462.0,-1816669011014.0,7554821329554.0,11321369715195.0,482998763483.0,13858599224126.0,25179968939321.0,82.49,9.04,3.4,2025,사업보고서
079550,LIG디펜스앤에어로스페이스,KOSPI,보통주,652000.0,-1.95,14344000000000.0,22000.0,55559.0,27.08,50.07,19.2,237479536396.0,4306936127418.0,6588665379014.0,319442306790.0,1476107505166.0,8064772884180.0,212752680270.0,3276339508425.0,4928006670794.0,223389060873.0,1263877194310.0,6191883865104.0,174962143119.0,2308571092877.0,2763399823997.0,186378438940.0,1052359009288.0,3815758833285.0,446.35,7.42,16.09,2025,사업보고서
086280,현대글로비스,KOSPI,보통주,206000.0,1.98,15450000000000.0,75000.0,127523.0,46.47,10.03,18.13,1734697253045.0,29566409336616.0,8198766369501.0,2073007545910.0,10388453580786.0,18587219950287.0,1099486986046.0,28407374301315.0,8039781176784.0,1752867442226.0,8809364261941.0,16849145438725.0,1070090664293.0,25683197164064.0,6941096283685.0,1554032510087.0,7783923620253.0,14725019903938.0,78.92,7.01,16.7,2025,사업보고서
064350,현대로템,KOSPI,보통주,126800.0,0.32,13839200000000.0,109142.0,162383.0,39.49,17.14,30.05,770492199000.0,5839031553000.0,6276800158000.0,1005640509000.0,3041233616000.0,9318033774000.0,405259414000.0,4376597857000.0,3276309551000.0,456565534000.0,2009085189000.0,5285394740000.0,156778978000.0,3587382453000.0,3594508619000.0,210046594000.0,1646976156000.0,5241484776000.0,206.39,17.22,25.33,2025,사업보고서
011070,LG이노텍,KOSPI,보통주,562000.0,1.08,13300900000000.0,23667.0,179412.0,26.71,20.06,6.14,341262000000.0,21896603000000.0,6167829000000.0,665007000000.0,5763054000000.0,11930883000000.0,449274000000.0,21200755000000.0,6024346000000.0,706043000000.0,5353866000000.0,11378212000000.0,565201000000.0,20605290000000.0,6489731000000.0,830824000000.0,4714575000000.0,11204306000000.0,107.02,3.04,5.92,2025,사업보고서
000720,현대건설,KOSPI,보통주,119700.0,0.17,13329300000000.0,111356.0,433776.0,25.68,29.98,4.58,559068000000.0,31062912000000.0,17678843000000.0,653006000000.0,10112865000000.0,27791708000000.0,-766221000000.0,32670268000000.0,17335972000000.0,-1263420000000.0,9669413000000.0,27005385000000.0,654281000000.0,29651357000000.0,13258980000000.0,785430000000.0,10455515000000.0,23714495000000.0,174.82,2.1,5.53,2025,사업보고서
272210,한화시스템,KOSPI,보통주,68800.0,1.18,12997700000000.0,188919.0,153912.0,10.52,69.92,6.6,209145275418.0,3664150568020.0,5326266452919.0,119898725355.0,5000999101579.0,10327265554498.0,445378843124.0,2803686058274.0,3354557609056.0,219345297682.0,2455796776189.0,5810354385245.0,343083288939.0,2452494865652.0,2329084660742.0,122575141004.0,2154126164004.0,4483210824746.0,106.5,3.27,4.18,2025,사업보고서
030200,KT,KOSPI,보통주,54300.0,0.93,13684800000000.0,252022.0,163951.0,49.0,10.56,10.22,1836770000000.0,28244161000000.0,23490550000000.0,2469133000000.0,19458023000000.0,42948573000000.0,417094000000.0,26431204000000.0,23883408000000.0,809471000000.0,17996549000000.0,41879957000000.0,988718000000.0,26376273000000.0,24148845000000.0,1649774000000.0,18561137000000.0,42709982000000.0,120.72,8.74,9.44,2025,사업보고서
047810,한국항공우주,KOSPI,보통주,126500.0,1.2,12330600000000.0,97475.0,140114.0,23.6,69.54,10.51,187312615904.0,3696379351601.0,8472910028151.0,269190196660.0,1897346862036.0,10370256890187.0,170895410977.0,3633742105840.0,6298361527272.0,240718310400.0,1727176882121.0,8025538409393.0,221401119895.0,3819344382446.0,5519636411444.0,247510483155.0,1619940517277.0,7139576928721.0,446.57,7.28,9.87,2025,사업보고서
005830,DB손해보험,KOSPI,보통주,195700.0,-3.6,12818400000000.0,65500.0,219058.0,43.71,7.42,17.75,1790581000000.0,,63087018000000.0,2383950000000.0,10935289000000.0,74022307000000.0,1853217000000.0,,57114924000000.0,2424926000000.0,9391213000000.0,66506137000000.0,1742379000000.0,,49736685000000.0,2234995000000.0,10303743000000.0,60040428000000.0,576.91,,16.37,2025,사업보고서
078930,GS,KOSPI,보통주,123900.0,4.21,11509800000000.0,92895.0,506916.0,18.83,5.02,5.55,1038137000000.0,25184127000000.0,16513794000000.0,2936061000000.0,19194117000000.0,35707911000000.0,863517000000.0,25249976000000.0,16593042000000.0,3077185000000.0,18470356000000.0,35063398000000.0,1578711000000.0,25924671000000.0,16823230000000.0,3744476000000.0,17625195000000.0,34448425000000.0,86.04,11.66,5.41,2025,사업보고서
003230,삼양식품,KOSPI,보통주,1417000.0,-0.49,10674300000000.0,7533.0,39339.0,18.52,21.89,37.59,388673674725.0,2351785163786.0,924955585739.0,524188406060.0,1271540001153.0,2196495586892.0,271255665463.0,1728015003746.0,766748854360.0,344569150443.0,828033342607.0,1594782196967.0,126591199633.0,1192914607980.0,593512454782.0,147514090779.0,576790316113.0,1170302770895.0,72.74,22.29,30.57,2025,사업보고서
307950,현대오토에버,KOSPI,보통주,395000.0,2.73,10832500000000.0,27424.0,56867.0,2.17,56.78,10.27,186789322000.0,4252067261000.0,1730471981000.0,255302187000.0,1874718905000.0,3605190886000.0,175182500000.0,3713617277000.0,1618990538000.0,224434118000.0,1730526263000.0,3349516801000.0,140312627000.0,3065015134000.0,1250744682000.0,181413573000.0,1592312483000.0,2843057165000.0,92.31,6.0,9.96,2025,사업보고서
071050,한국금융지주,KOSPI,보통주,188800.0,1.18,10521100000000.0,55726.0,189638.0,37.34,3.96,18.66,2024352000000.0,,124062437000000.0,2345329000000.0,12099491000000.0,136161928000000.0,1045869000000.0,,99485650000000.0,1199724000000.0,9734549000000.0,109220199000000.0,708064000000.0,,87456134000000.0,820405000000.0,8445052000000.0,95901186000000.0,1025.35,,16.73,2025,사업보고서
003490,대한항공,KOSPI,보통주,30200.0,3.6,11120300000000.0,368221.0,4801677.0,24.02,-43.58,7.28,647272880287.0,25225542379502.0,38946973671652.0,1113589428051.0,11459098427293.0,50406072098945.0,1381858075058.0,17870718495804.0,36048874072912.0,2110200077994.0,10963191867177.0,47012065940089.0,1129105735756.0,16111796106147.0,20576567788023.0,1790089190805.0,9815208241633.0,30391776029656.0,339.88,4.41,5.65,2025,사업보고서
323410,카카오뱅크,KOSPI,보통주,21950.0,0.69,10472800000000.0,477120.0,552348.0,17.69,19.22,7.23,480280000000.0,3086291000000.0,69659909000000.0,649371000000.0,6749866000000.0,76409775000000.0,440065000000.0,2945621000000.0,56265151000000.0,606880000000.0,6540131000000.0,62805282000000.0,354912000000.0,2494045000000.0,48370463000000.0,478485000000.0,6117694000000.0,54488157000000.0,1032.02,21.04,7.12,2025,사업보고서
259960,크래프톤,KOSPI,보통주,216500.0,-0.69,9904400000000.0,45748.0,73187.0,43.54,12.23,10.6,733703643561.0,3326553694966.0,2249503836253.0,1054380980188.0,7184144206229.0,9433648042482.0,1302592653712.0,2709774106588.0,1090331965788.0,1182487684188.0,6829131602227.0,7919463568015.0,594060314352.0,1910576180288.0,881636358567.0,768045608970.0,5558820261031.0,6440456619598.0,31.31,31.7,10.21,2025,사업보고서
443060,HD현대마린솔루션,KOSPI,보통주,210500.0,2.43,9437400000000.0,44833.0,41674.0,30.45,28.22,33.73,269571288127.0,1982700659426.0,447595203333.0,350141338776.0,824724855468.0,1272320058801.0,227940276635.0,1745458578779.0,378693406923.0,271729951500.0,773534561558.0,1152227968481.0,151116175331.0,1430463166385.0,416651295016.0,201472478355.0,239966851480.0,656618146496.0,54.27,17.66,32.69,2025,사업보고서
005940,NH투자증권,KOSPI,보통주,26650.0,1.33,9839300000000.0,369206.0,278290.0,13.61,7.48,11.76,1031501000000.0,,73947294000000.0,1420580000000.0,9438104000000.0,83385398000000.0,686638000000.0,,54307696000000.0,901069000000.0,8119369000000.0,62427065000000.0,553048000000.0,,49084465000000.0,725757000000.0,7613428000000.0,56697893000000.0,783.5,,10.93,2025,사업보고서
006260,LS,KOSPI,보통주,299500.0,2.57,9344400000000.0,31200.0,110255.0,16.78,22.11,5.65,485145000000.0,31870031000000.0,17315204000000.0,1052554000000.0,7679588000000.0,24994792000000.0,391515000000.0,27544663000000.0,13646786000000.0,1072943000000.0,6881153000000.0,20527939000000.0,570596000000.0,24480743000000.0,11495353000000.0,899674000000.0,6750601000000.0,18245954000000.0,225.47,3.3,6.32,2025,사업보고서
028050,삼성E&A,KOSPI,보통주,45850.0,-0.54,8986600000000.0,196000.0,912131.0,38.32,13.55,13.76,648307939623.0,9028769083650.0,5593370097294.0,792078846892.0,4446187475181.0,10039557572475.0,638672451980.0,9966551344477.0,6117596009939.0,971611686017.0,3895741786193.0,10013337796132.0,695607943011.0,10624917993595.0,4503060317148.0,993128866188.0,3298338295974.0,7801398613122.0,125.8,8.77,14.58,2025,사업보고서
0126Z0,삼성에피스홀딩스,KOSPI,보통주,356000.0,0.14,8858400000000.0,24883.0,28424.0,5.8,16.78,,85313155522.0,251689950548.0,1809815283137.0,-63640615999.0,5905769042165.0,7715584325302.0,,,,,,,,,,,,,30.64,-25.29,1.44,2025,사업보고서
047050,포스코인터내셔널,KOSPI,보통주,54700.0,-1.44,9623000000000.0,175923.0,535419.0,7.42,11.62,9.27,636802406000.0,32373603908000.0,10940355413000.0,1165316105000.0,7812655175000.0,18753010588000.0,503409725000.0,32260990294000.0,9986863050000.0,1157835223000.0,7349462921000.0,17336325971000.0,680419303000.0,33018170751000.0,9992986028000.0,1198507959000.0,6624761980000.0,16617748008000.0,140.03,3.6,8.15,2025,사업보고서
090430,아모레퍼시픽,KOSPI,보통주,143300.0,0.56,8382000000000.0,58493.0,127426.0,26.44,34.6,4.41,247316269750.0,4252820221496.0,1457755533999.0,335826547063.0,5503457775495.0,6961213309494.0,601641373835.0,3885110699186.0,1457499911662.0,220481343913.0,5326007889106.0,6783507800768.0,173878928996.0,3673963593157.0,1013805677645.0,108171257062.0,4872705211057.0,5886510888702.0,26.49,7.9,4.49,2025,사업보고서
180640,한진칼,KOSPI,보통주,146000.0,9.12,9747300000000.0,66762.0,122595.0,18.85,-322.3,4.75,159181702000.0,298362106000.0,716530610000.0,-7523512000.0,3424127992000.0,4140658602000.0,512176366000.0,292157342000.0,893997036000.0,49192742000.0,3313160945000.0,4207157981000.0,388329014000.0,275726818000.0,931046373000.0,42843084000.0,2853875521000.0,3784921894000.0,20.93,-2.52,4.65,2025,사업보고서
007660,이수페타시스,KOSPI,보통주,111100.0,4.81,8155800000000.0,73409.0,374790.0,16.11,40.58,29.64,160482561697.0,1088025119176.0,533312849236.0,204724531402.0,756197181444.0,1289510030680.0,74034111779.0,836866961285.0,462609658014.0,101878836049.0,327526708412.0,790136366426.0,47723051484.0,675332755709.0,359658155215.0,62169058401.0,266778163292.0,626436318507.0,70.53,18.82,21.22,2025,사업보고서
161390,한국타이어앤테크놀로지,KOSPI,보통주,65400.0,-1.65,8101400000000.0,123875.0,126910.0,39.6,6.68,9.39,971594538868.0,21202299462815.0,12445209082121.0,1841075890332.0,14201979362795.0,26647188444916.0,1131097818215.0,9411947926996.0,4654891700069.0,1762260288101.0,11194852809819.0,15849744509888.0,728792952155.0,8939621475507.0,3133752512020.0,1327945320791.0,9629553176340.0,12763305688360.0,87.63,8.68,6.84,2025,사업보고서
047040,대우건설,KOSPI,보통주,16850.0,0.6,6923800000000.0,410908.0,3966048.0,10.36,-12.37,-23.89,-916079534292.0,8054627137857.0,9883897059667.0,-815431279791.0,3474605615293.0,13358502674960.0,242849735359.0,10503609086034.0,8324364439243.0,403125613881.0,4334091827571.0,12658456266814.0,521479149761.0,11647800864690.0,7181221069270.0,662517552616.0,4061915414137.0,11243136483407.0,284.46,-10.12,-26.36,2025,사업보고서
016360,삼성증권,KOSPI,보통주,86800.0,0.23,7751200000000.0,89300.0,156593.0,26.7,6.41,13.09,1007226734146.0,,71615157044752.0,1375673177021.0,8068055959870.0,79683213004622.0,899037889864.0,,54949703002180.0,1205750469446.0,7324213114450.0,62273916116630.0,547405708396.0,,49885200114300.0,741117973834.0,6622709394534.0,56507909508834.0,887.64,,12.48,2025,사업보고서
352820,하이브,KOSPI,보통주,178500.0,1.42,7694600000000.0,43107.0,144345.0,18.7,-20.42,-7.33,-254385318000.0,2649870246000.0,1934017978000.0,49318276000.0,3551456465000.0,5485474443000.0,-3431847000.0,2255648536000.0,1965408202000.0,184045287000.0,3513778658000.0,5479186860000.0,183449559000.0,2178088207000.0,2235766519000.0,295643307000.0,3109914968000.0,5345681487000.0,54.46,1.86,-7.16,2025,사업보고서
009830,한화솔루션,KOSPI,보통주,30050.0,0.5,6758000000000.0,224893.0,1169641.0,12.8,-34.11,-7.01,-615282000000.0,13333055000000.0,21958972000000.0,-364759000000.0,11185039000000.0,33144011000000.0,-1368980000000.0,12394024000000.0,19429975000000.0,-300238000000.0,10606856000000.0,30036831000000.0,-88223000000.0,13078536000000.0,15510187000000.0,579237000000.0,9280237000000.0,24790424000000.0,196.32,-2.74,-5.5,2025,사업보고서
064400,LG씨엔에스,KOSPI,보통주,74100.0,2.21,7179200000000.0,96886.0,478681.0,5.3,14.91,17.35,439157596000.0,6129542718000.0,2343836218000.0,551828295000.0,2941438973000.0,5285275191000.0,364914430000.0,5982627063000.0,2381697364000.0,512864077000.0,2122810399000.0,4504507763000.0,332352235000.0,5605300168000.0,2172423337000.0,464048383000.0,1868256263000.0,4040679600000.0,79.68,9.0,14.93,2025,사업보고서
039490,키움증권,KOSPI,보통주,270500.0,0.74,7094800000000.0,26228.0,44891.0,29.88,5.44,18.12,1114974212697.0,17121703940748.0,74451363015539.0,1488239956012.0,6722405133984.0,81173768149523.0,834883309831.0,11280306577010.0,50056548792460.0,1098240303737.0,5631874937999.0,55688423730459.0,440737008036.0,9544799999478.0,47142321220678.0,564659042175.0,4904099124221.0,52046420344899.0,1107.51,8.69,16.59,2025,사업보고서
000880,한화,KOSPI,보통주,137400.0,2.77,7327400000000.0,53329.0,161182.0,21.12,15.97,3.3,1991600000000.0,74785440000000.0,240894093000000.0,4146883000000.0,48435327000000.0,289329420000000.0,1690434000000.0,55646829000000.0,212454593000000.0,2416109000000.0,39777621000000.0,252232214000000.0,1635515000000.0,53134813000000.0,176539410000000.0,2411920000000.0,33198739000000.0,209738149000000.0,497.35,5.55,4.11,2025,사업보고서
021240,코웨이,KOSPI,보통주,99400.0,1.22,7034300000000.0,70767.0,110383.0,54.39,10.39,18.14,617510076654.0,4963566073111.0,3386394640587.0,878651769382.0,3613727511069.0,7000122151656.0,565452186637.0,4310141694596.0,2565445323713.0,795373861343.0,3196115767366.0,5761561091079.0,471011104871.0,3966519721923.0,2213210951932.0,731255078054.0,2637754784464.0,4850965736396.0,93.71,17.7,17.09,2025,사업보고서
326030,SK바이오팜,KOSPI,보통주,86600.0,0.23,6781900000000.0,78313.0,66264.0,12.3,16.91,39.28,253253847619.0,706740960308.0,372039049706.0,203938471064.0,826269525829.0,1198308575535.0,226973435375.0,547596283214.0,462826530311.0,96339659521.0,573984249312.0,1036810779623.0,-35379488498.0,354891555524.0,402219382621.0,-37522197049.0,320951194568.0,723170577189.0,45.03,28.86,30.65,2025,사업보고서
267270,HD건설기계,KOSPI,보통주,140000.0,3.47,6709100000000.0,47922.0,285024.0,16.51,10.82,5.74,87034895000.0,3776524012000.0,1672399462000.0,170883006000.0,1930295930000.0,3602695392000.0,85966730000.0,3438062302000.0,1530794897000.0,190421614000.0,1793830435000.0,3324625332000.0,127451683000.0,3824966876000.0,1525880042000.0,257228437000.0,1771073331000.0,3296953373000.0,86.64,4.52,4.51,2025,사업보고서
128940,한미약품,KOSPI,보통주,473500.0,2.82,6066000000000.0,12811.0,151326.0,13.69,27.95,14.53,187135533539.0,1547531098763.0,714744458123.0,257799090185.0,1422853222734.0,2137597680857.0,140431062099.0,1495501575568.0,780088902015.0,216186188006.0,1240751591638.0,2020840493653.0,165366177835.0,1490887463726.0,798457731813.0,220691065020.0,1100210644155.0,1898668375968.0,50.23,16.66,13.15,2025,사업보고서
377300,카카오페이,KOSPI,보통주,47300.0,5.58,6398400000000.0,135273.0,492081.0,28.15,72.88,2.41,55690896351.0,958371073361.0,3388674354135.0,50366676830.0,1950906550511.0,5339580904646.0,-21537569693.0,766235159395.0,2503903745690.0,-57486477377.0,1910808471743.0,4414712217433.0,-22906723275.0,615362834408.0,2031711008305.0,-56589696679.0,1934775610065.0,3966486618370.0,173.7,5.26,2.85,2025,사업보고서
032640,LG유플러스,KOSPI,보통주,14760.0,-0.34,6264600000000.0,424428.0,749008.0,41.42,11.85,6.01,509226000000.0,15451745000000.0,10614265000000.0,892131000000.0,9067527000000.0,19681792000000.0,314602000000.0,14625198000000.0,10939351000000.0,863130000000.0,8768379000000.0,19707730000000.0,630241000000.0,14372626000000.0,11343820000000.0,998031000000.0,8756785000000.0,20100605000000.0,117.06,5.77,5.62,2025,사업보고서
000100,유한양행,KOSPI,보통주,81400.0,0.0,5992300000000.0,73616.0,106466.0,21.85,27.81,8.81,185318996567.0,2186637586358.0,858641498243.0,104374493823.0,2362284335746.0,3220925833989.0,55163455235.0,2067791451854.0,791378826075.0,54880319609.0,2150670010559.0,2942048836634.0,134241126444.0,1858983759666.0,711649335160.0,57032368560.0,2100656255593.0,2812305590753.0,36.35,4.77,7.84,2025,사업보고서
062040,산일전기,KOSPI,보통주,191700.0,2.79,5874200000000.0,30643.0,270997.0,16.74,32.44,29.21,148921775330.0,501946220880.0,96488242881.0,178634181593.0,585470613825.0,681958856706.0,83676177904.0,333996550771.0,58432311269.0,109231906505.0,434241887238.0,492674198507.0,39051131678.0,214537829766.0,65396358040.0,46604557786.0,125905906386.0,191302264426.0,16.48,35.59,25.44,2025,사업보고서
000500,가온전선,KOSPI,보통주,212000.0,1.68,6312900000000.0,29778.0,308808.0,1.75,98.19,10.97,51396625000.0,2545698074000.0,894139107000.0,79191591000.0,483788805000.0,1377927912000.0,25355195000.0,1727103680000.0,589179383000.0,45011778000.0,453705043000.0,1042884426000.0,17898342000.0,1498606544000.0,470794089000.0,43720039000.0,331011443000.0,801805532000.0,184.82,3.11,10.62,2025,사업보고서
241560,두산밥캣,KOSPI,보통주,62800.0,0.0,6019800000000.0,95856.0,69483.0,39.26,12.08,5.71,282899000.0,6181806000.0,3546871000.0,482437000.0,5011583000.0,8558454000.0,413029000.0,6269305000.0,3479665000.0,638867000.0,4690139000.0,8169804000.0,705892000.0,7475741000.0,3425579000.0,1064723000.0,4618282000.0,8043861000.0,70.77,7.8,5.64,2025,사업보고서
001440,대한전선,KOSPI,보통주,27400.0,1.67,5370200000000.0,195993.0,694073.0,11.91,-334.15,5.48,89877397889.0,3636018215712.0,1860939394871.0,128613046536.0,1632342790538.0,3493282185409.0,74190401876.0,3291299374607.0,1146613736888.0,115169757365.0,1496112472158.0,2642726209046.0,71872998256.0,2843980012193.0,925279346870.0,79823888170.0,953285754857.0,1878565101727.0,114.0,3.54,5.51,2025,사업보고서
066970,엘앤에프,KOSPI,보통주,121300.0,0.33,4935000000000.0,40685.0,642999.0,17.11,-14.7,-76.95,-534701333152.0,2154938965103.0,2457280374466.0,-156849943423.0,676823890646.0,3134104265112.0,-380729239417.0,1907478512809.0,2076483586372.0,-558685355192.0,723347931361.0,2799831517733.0,-194922089742.0,4644090367589.0,2241456006787.0,-222296651919.0,1109988603801.0,3351444610588.0,363.06,-7.28,-79.0,2025,사업보고서
029780,삼성카드,KOSPI,보통주,46150.0,-0.97,5346900000000.0,115859.0,81970.0,5.31,8.66,7.45,645923000000.0,,23311498000000.0,853695000000.0,8863284000000.0,32174782000000.0,664593000000.0,,21007902000000.0,885421000000.0,8486181000000.0,29494083000000.0,609439000000.0,,20670643000000.0,810007000000.0,8135891000000.0,28806534000000.0,263.01,,7.29,2025,사업보고서
175330,JB금융지주,KOSPI,보통주,31000.0,-1.9,5782200000000.0,186522.0,842330.0,34.33,8.11,12.36,730040000000.0,,66948672000000.0,952314000000.0,6175172000000.0,73123844000000.0,692991000000.0,,60997109000000.0,906079000000.0,5724805000000.0,66721914000000.0,603924000000.0,,58288020000000.0,799978000000.0,5115950000000.0,63403970000000.0,1084.16,,11.82,2025,사업보고서
353200,대덕전자,KOSPI,보통주,99500.0,-2.07,4917000000000.0,49417.0,1109591.0,16.39,33.71,5.37,47605327690.0,1065294559811.0,280701384139.0,49061483387.0,897305160164.0,1178006544303.0,23762727122.0,892135903752.0,213209811638.0,11259489061.0,875513939249.0,1088723750887.0,25377820749.0,909651486895.0,259199449761.0,23732043885.0,868336080497.0,1127535530258.0,31.28,4.61,5.31,2025,사업보고서
088350,한화생명,KOSPI,보통주,5740.0,-6.06,4985400000000.0,868530.0,7984474.0,9.09,4.69,6.51,836319000000.0,,161910993000000.0,1147250000000.0,16623385000000.0,178534378000000.0,866001000000.0,,145845717000000.0,1096965000000.0,14300715000000.0,160146432000000.0,825981000000.0,,132426755000000.0,1057044000000.0,15475088000000.0,147901843000000.0,974.0,,5.03,2025,사업보고서
010060,OCI홀딩스,KOSPI,보통주,227500.0,0.0,4247500000000.0,18670.0,234036.0,15.86,113.98,-2.27,-146247800000.0,3380060390000.0,3139344072000.0,-57627064000.0,4731526377000.0,7870870449000.0,113723638000.0,3577383349000.0,3258113380000.0,101527729000.0,4835541342000.0,8093654722000.0,710344635000.0,2649691893000.0,2141619139000.0,531217297000.0,3814932634000.0,5956551773000.0,66.35,-1.7,-3.09,2025,사업보고서
271560,오리온,KOSPI,보통주,126300.0,-2.32,4992500000000.0,39529.0,84688.0,39.12,11.91,10.51,390597563174.0,3332442536373.0,686456144951.0,558258027192.0,3912207101349.0,4598663246300.0,533229552422.0,3104338576129.0,734403929389.0,543587778241.0,3574045867619.0,4308449797008.0,384981955249.0,2912358051475.0,565908178494.0,492391149504.0,2955476949348.0,3521385127842.0,17.55,16.75,9.98,2025,사업보고서
036570,NC,KOSPI,보통주,222000.0,2.3,4782800000000.0,21544.0,51793.0,38.34,7.74,10.79,347421554268.0,1506925065850.0,962709640428.0,16078426029.0,3370430829195.0,4333140469623.0,94115833907.0,1578123132867.0,890352556840.0,-109215374026.0,3063588634574.0,3953941191414.0,213914315973.0,1779832977766.0,1140771883353.0,137283512800.0,3253028540550.0,4393800423903.0,28.56,1.07,10.31,2025,사업보고서
034220,LG디스플레이,KOSPI,보통주,9130.0,1.0,4565000000000.0,500000.0,2307003.0,28.17,-3.38,3.44,303807000000.0,25810082000000.0,19077462000000.0,516977000000.0,7839238000000.0,26916700000000.0,-2409300000000.0,26615347000000.0,24786759000000.0,-560596000000.0,8072807000000.0,32859566000000.0,-2576729000000.0,21330819000000.0,26988754000000.0,-2510164000000.0,8770544000000.0,35759298000000.0,243.36,2.0,3.88,2025,사업보고서
088980,맥쿼리인프라,KOSPI,보통주,9920.0,0.1,4750900000000.0,478922.0,568881.0,8.63,,,,,,,,,,,,,,,,,,,,,,,,2025,사업보고서
051900,LG생활건강,KOSPI,보통주,294000.0,0.86,4402800000000.0,14976.0,37719.0,31.56,-67.71,-1.82,-85778983809.0,6355489977342.0,1299082229386.0,170688596929.0,5570301328895.0,6869383558281.0,203887730139.0,6811918756741.0,1719864001122.0,459045912180.0,5685920091079.0,7405784092201.0,163524219980.0,6804839370129.0,1671359345925.0,486981224742.0,5548926465800.0,7220285811725.0,23.32,2.69,-1.54,2025,사업보고서
138930,BNK금융지주,KOSPI,보통주,15390.0,-2.72,4722300000000.0,306840.0,966052.0,38.37,6.41,7.58,836157244944.0,,149853571948424.0,902681388425.0,11241835322588.0,161095407271012.0,749976302023.0,,141322916379933.0,875919821432.0,11147574546601.0,152470490926534.0,678904864314.0,,135109931812961.0,801174464908.0,10673702081303.0,145783633894264.0,1333.0,,7.44,2025,사업보고서
052690,한전기술,KOSPI,보통주,107600.0,0.19,4112500000000.0,38220.0,163182.0,13.14,114.35,14.2,85367742275.0,518767621092.0,260579274324.0,35452646024.0,624966182864.0,885545457188.0,58512128400.0,569493930324.0,369373230109.0,70937011354.0,577473652879.0,946846882988.0,32654447903.0,554364306474.0,307700361065.0,37834932192.0,547308411738.0,855008772803.0,41.69,6.83,13.66,2025,사업보고서
454910,두산로보틱스,KOSPI,보통주,68400.0,3.32,4433700000000.0,64820.0,365242.0,5.12,-86.15,-14.78,-55495341539.0,32978338354.0,50775509168.0,-59472307590.0,348594990774.0,399370499942.0,-36560851475.0,46829943837.0,19189791718.0,-41202116246.0,402501180228.0,421690971946.0,-15873538546.0,53038372299.0,17613986323.0,-19167549522.0,438808093399.0,456422079722.0,14.57,-180.34,-15.92,2025,사업보고서
011790,SKC,KOSPI,보통주,84300.0,0.48,4181100000000.0,49598.0,59474.0,11.26,-4.1,-73.28,-719360650768.0,1840036441822.0,4714765214368.0,-305025449873.0,2025734428681.0,6740499643049.0,-455055541599.0,1717923737959.0,4455945828201.0,-275759101678.0,2292732707978.0,6748678536179.0,-326360017026.0,1492149170830.0,4507897882742.0,-213015437248.0,2524424248940.0,7032322131682.0,232.74,-16.58,-35.51,2025,사업보고서
001450,현대해상,KOSPI,보통주,51100.0,-4.49,4356200000000.0,85248.0,474757.0,38.73,3.86,20.6,1019820047983.0,,45272134078160.0,1260994493599.0,5157512762473.0,50429646840633.0,850533055882.0,,43780411936254.0,1244069529604.0,4743378657629.0,48523790593883.0,574444959462.0,,38032630733865.0,743483371764.0,6055355663345.0,44087986397210.0,877.79,,19.77,2025,사업보고서
004020,현대제철,KOSPI,보통주,31500.0,-0.47,4203500000000.0,133446.0,502816.0,15.81,-231.62,-0.04,1389012026.0,22733237259727.0,14602128875438.0,219235156230.0,19840176064055.0,34442304939493.0,8814214272.0,23226141091217.0,15410222889378.0,159492008580.0,19333565136259.0,34743788025637.0,442983461011.0,25914760456167.0,15722841602022.0,798325068073.0,19496000328022.0,35218841930044.0,73.6,0.96,0.01,2025,사업보고서
000990,DB하이텍,KOSPI,보통주,89900.0,2.04,3911100000000.0,43505.0,271916.0,30.12,11.4,12.52,252582440798.0,1397233307039.0,748586290599.0,277294561174.0,2243995457046.0,2992581747645.0,229385888355.0,1131167709804.0,396162364261.0,190838683363.0,2000688804317.0,2396851168578.0,264149250979.0,1154223638940.0,303296256385.0,265437456373.0,1740082437747.0,2043378694132.0,33.36,19.85,11.26,2025,사업보고서
002380,KCC,KOSPI,보통주,482000.0,-0.62,4141800000000.0,8593.0,30228.0,20.53,1.16,23.51,1538496275573.0,6483819486096.0,8979073673040.0,427615116299.0,7824485732406.0,16803559405446.0,326550559850.0,6658762417820.0,8140304571558.0,471118235184.0,5265962627794.0,13406267199352.0,47440345975.0,6288442613717.0,7972534840152.0,312530203929.0,5642581348644.0,13615116188796.0,114.76,6.6,19.66,2025,사업보고서
082740,한화엔진,KOSPI,보통주,45600.0,0.0,3805200000000.0,83447.0,307923.0,15.0,17.38,36.6,173753426631.0,1371057336146.0,1139587358725.0,130066296100.0,556102899924.0,1695690258649.0,79159548487.0,1202204707511.0,1019806164340.0,71531721192.0,393295789886.0,1413101954226.0,-426426612.0,854384414147.0,912709874130.0,8728565174.0,224148291136.0,1136858165266.0,204.92,9.49,31.24,2025,사업보고서
004170,신세계,KOSPI,보통주,382500.0,0.79,3612800000000.0,9445.0,75900.0,28.95,21.71,0.32,64603501354.0,6929498818333.0,9260975386061.0,479961762138.0,6572365891815.0,15833341277876.0,186608863964.0,6570412728809.0,8697075677726.0,477024306786.0,6374698444225.0,15071774121951.0,311968012608.0,6357088542148.0,8411994526638.0,639780613579.0,6339988828490.0,14751983355128.0,140.91,6.93,0.98,2025,사업보고서
161890,한국콜마,KOSPI,보통주,145800.0,-3.19,3441600000000.0,23605.0,345513.0,40.11,18.62,14.69,168220449431.0,2722419169325.0,1790419097924.0,239594740448.0,1667349364857.0,3457768462781.0,125324615188.0,2452063980463.0,1620961053261.0,193850424348.0,1505731966547.0,3126693019808.0,25138828951.0,2155675927422.0,1590839241152.0,136143339992.0,1418590136562.0,3009429377714.0,107.38,8.8,10.09,2025,사업보고서
001040,CJ,KOSPI,보통주,131400.0,2.26,3833900000000.0,29177.0,94879.0,17.8,99.77,2.69,142631457000.0,45018829227000.0,29949340845000.0,2527738458000.0,17017052447000.0,46966393292000.0,136375840000.0,43646656090000.0,29750163868000.0,2532252269000.0,17730414070000.0,47480577938000.0,524667990000.0,41352688159000.0,29310944318000.0,2039057889000.0,17892818574000.0,47203762892000.0,176.0,5.61,0.84,2025,사업보고서
018880,한온시스템,KOSPI,보통주,3525.0,0.86,3617600000000.0,1026263.0,2116614.0,6.77,-587.5,-6.0,-197268294891.0,10883728406019.0,6579267399714.0,270371633168.0,3912981016446.0,10492248416160.0,-358595798106.0,9998723268169.0,7621513909130.0,95537353794.0,2998738468366.0,10620252377496.0,58886775463.0,9521628335626.0,6735917853522.0,283584782861.0,2508486580608.0,9244404434130.0,168.14,2.48,-5.04,2025,사업보고서
103590,일진전기,KOSPI,보통주,68300.0,1.04,3256900000000.0,47685.0,195528.0,10.67,23.16,19.08,103889478000.0,2044552052000.0,937325117000.0,151226606000.0,588671403000.0,1525996520000.0,46193258000.0,1577247371000.0,748728568000.0,79742010000.0,500309704000.0,1249038272000.0,34540067000.0,1246731647000.0,557745968000.0,60756521000.0,371142176000.0,928888144000.0,159.23,7.4,17.65,2025,사업보고서
192820,코스맥스,KOSPI,보통주,275500.0,-2.3,3126800000000.0,11350.0,126187.0,35.61,16.97,23.86,131076173228.0,2398757972848.0,1513074591553.0,195791661624.0,612343808452.0,2125418400005.0,88417411666.0,2166089636742.0,1424903002848.0,175395279105.0,508810486465.0,1933713489313.0,37799983055.0,1777494448320.0,1198515835534.0,115685779856.0,358561439285.0,1557077274819.0,247.1,8.16,21.41,2025,사업보고서
036460,한국가스공사,KOSPI,보통주,35100.0,-6.9,3240200000000.0,92313.0,528643.0,13.05,5.71,1.23,132251000000.0,35727336000000.0,42828922000000.0,2101151000000.0,10798925000000.0,53627847000000.0,1148985000000.0,38388740000000.0,46843281000000.0,3003363000000.0,10826356000000.0,57669637000000.0,-747429000000.0,44555995000000.0,47428628000000.0,1553419000000.0,9826038000000.0,57254666000000.0,396.6,5.88,1.22,2025,사업보고서
009420,한올바이오파마,KOSPI,보통주,54700.0,1.48,2857600000000.0,52241.0,180083.0,3.85,-114.68,-3.37,-5559162634.0,155184524107.0,63542611197.0,-915814382.0,161681400836.0,225224012033.0,-1804843479.0,138943698757.0,44529201856.0,230474890.0,168351403333.0,212880605189.0,3508607559.0,134909837622.0,53528622870.0,2211359603.0,186218369830.0,239746992700.0,39.3,-0.59,-3.44,2025,사업보고서
111770,영원무역,KOSPI,보통주,75000.0,-0.79,3323400000000.0,44311.0,57624.0,29.34,5.63,12.66,426250682029.0,4063584122639.0,1611461917606.0,514438778298.0,4105477128835.0,5716939046441.0,294535556555.0,3517837283293.0,1494069817610.0,315580583310.0,3895653089851.0,5389722907461.0,533070681256.0,3604377025404.0,1709153120150.0,637146368834.0,3587970520506.0,5297123640656.0,39.25,12.66,10.38,2025,사업보고서
022100,포스코DX,KOSPI,보통주,21650.0,1.17,3291600000000.0,152035.0,507788.0,3.64,103.1,9.53,52623905401.0,1075175363044.0,261831772894.0,60388586087.0,572559763845.0,834391536739.0,88599060003.0,1473290670631.0,366555515263.0,108991969223.0,525897500876.0,892453016139.0,92128228460.0,1485875620930.0,428357838257.0,110563784581.0,461449382203.0,889807220460.0,45.73,5.62,9.19,2025,사업보고서
006360,GS건설,KOSPI,보통주,34250.0,1.93,2931200000000.0,85581.0,843767.0,19.78,22.46,2.03,93423000000.0,12450347000000.0,12936285000000.0,437809000000.0,5523557000000.0,18459842000000.0,263924000000.0,12863811000000.0,12716171000000.0,285954000000.0,5087123000000.0,17803294000000.0,-419501000000.0,13436685000000.0,12822139000000.0,-387945000000.0,4885160000000.0,17707299000000.0,234.2,3.52,1.69,2025,사업보고서
012750,에스원,KOSPI,보통주,79200.0,-1.37,3009500000000.0,37999.0,37256.0,55.87,19.7,10.45,178563436607.0,2889412422255.0,675654511326.0,234566491629.0,1756330800795.0,2431985312121.0,176718837100.0,2804739466536.0,662027523939.0,209247073877.0,1660670981711.0,2322698505650.0,189480545869.0,2620810541515.0,581598589518.0,212609320684.0,1597906768659.0,2179505358177.0,38.47,8.12,10.17,2025,사업보고서
011780,금호석유화학,KOSPI,보통주,125900.0,-5.41,3167300000000.0,25157.0,115629.0,28.64,7.21,4.74,290934780649.0,6915145099921.0,2227941769930.0,271828509546.0,6246537410457.0,8474479180387.0,348602013402.0,7155003786012.0,2298015880753.0,272804307588.0,6042223071506.0,8340238952259.0,447043536116.0,6322528187782.0,2145675091381.0,358961881960.0,5834019542304.0,7979694633685.0,35.67,3.93,4.66,2025,사업보고서
035250,강원랜드,KOSPI,보통주,14750.0,0.2,3155600000000.0,213940.0,205546.0,9.25,9.55,8.11,318192728196.0,1476727048701.0,880678349294.0,235311359166.0,3964518835963.0,4845197185257.0,456893167585.0,1426862781802.0,816978340813.0,285790454716.0,3883662813757.0,4700641154570.0,340880761170.0,1388572378274.0,770755021966.0,282263014860.0,3677900816262.0,4448655838228.0,22.21,15.93,8.03,2025,사업보고서
085620,미래에셋생명,KOSPI,보통주,19920.0,-5.14,2692800000000.0,135180.0,369203.0,0.68,28.54,5.22,130776431540.0,,30472730105478.0,194511640633.0,2448095130657.0,32920825236135.0,136114870311.0,,29929969052256.0,122130494168.0,2563654662740.0,32493623714996.0,101404714525.0,,30076512345786.0,148725698701.0,3015511143606.0,33092023489392.0,1244.75,,5.34,2025,사업보고서
251270,넷마블,KOSPI,보통주,36300.0,-1.09,3018600000000.0,83158.0,131279.0,27.4,7.73,4.15,230818642770.0,2835074411896.0,2601169252988.0,352478352483.0,5492482877191.0,8093652130179.0,3216188118.0,2663783169910.0,2703206043701.0,215627215188.0,5473860209795.0,8177066253496.0,-303885236393.0,2502055599771.0,2836820600756.0,-68468184309.0,5079044788538.0,7915865389294.0,47.36,12.43,4.2,2025,사업보고서
031210,서울보증보험,KOSPI,보통주,43650.0,-2.68,3047700000000.0,69822.0,77054.0,7.06,9.92,5.18,268410960714.0,,4213559413377.0,375701743924.0,5195172983650.0,9408732397027.0,213274020304.0,,4158132454250.0,279662786859.0,5175465610826.0,9333598065076.0,417932917044.0,,3929350699874.0,524100300406.0,5200387534485.0,9129738234359.0,81.11,,5.17,2025,사업보고서
028670,팬오션,KOSPI,보통주,5960.0,0.34,3186000000000.0,534570.0,3012350.0,17.56,9.42,5.3,301407000000.0,5432888000000.0,5130186000000.0,491948000000.0,5723482000000.0,10853668000000.0,268143000000.0,5161218000000.0,4618123000000.0,471180000000.0,5653383000000.0,10271506000000.0,245041000000.0,4360982000000.0,3140595000000.0,385854000000.0,4713351000000.0,7853946000000.0,89.63,9.05,5.27,2025,사업보고서
302440,SK바이오사이언스,KOSPI,보통주,37900.0,0.4,2973500000000.0,78457.0,46060.0,6.02,-35.09,-3.2,-56173210192.0,651368342533.0,918289306349.0,-123501682766.0,2037454202719.0,2955743509068.0,-50117070464.0,267545049154.0,821143859318.0,-138431298006.0,2022452177574.0,2843596036892.0,22317719237.0,369505555858.0,148583863708.0,-11987764772.0,1703855316376.0,1852439180084.0,45.07,-18.96,-2.76,2025,사업보고서
008930,한미사이언스,KOSPI,보통주,52800.0,2.52,3611100000000.0,68392.0,320035.0,0.84,23.92,13.13,117709205494.0,1356957532846.0,529854025529.0,138727168534.0,959193127357.0,1489047152886.0,56693106363.0,1283432295647.0,510375220087.0,98867912225.0,838703712282.0,1349078932369.0,115119858471.0,1247906379068.0,438697577009.0,124468680998.0,787472469388.0,1226170046397.0,55.24,10.22,12.27,2025,사업보고서
336260,두산퓨얼셀,KOSPI,보통주,43850.0,12.44,2871900000000.0,65494.0,1429271.0,13.71,-19.0,-30.66,-132804248876.0,454794706613.0,830942979707.0,-105673394536.0,367480446236.0,1198423425943.0,-10474726734.0,411783710408.0,680758798234.0,-1729039707.0,498895839831.0,1179654638065.0,-8500099581.0,260886184003.0,558190645631.0,1641793974.0,512651877530.0,1070842523161.0,226.12,-23.24,-36.14,2025,사업보고서
017800,현대엘리베이터,KOSPI,보통주,74900.0,0.27,2928000000000.0,39092.0,54080.0,22.11,7.97,20.11,269282572016.0,2467378018763.0,2278742310757.0,209221822358.0,1444314941553.0,3723057252310.0,193928194856.0,2885296849309.0,2231470469732.0,225738463277.0,1342280676829.0,3573751146561.0,309851270446.0,2602099211882.0,2163866654178.0,82620342529.0,1371566725006.0,3535433379184.0,157.77,8.48,18.64,2025,사업보고서
023530,롯데쇼핑,KOSPI,보통주,107500.0,2.09,3041000000000.0,28289.0,129111.0,15.02,16.79,0.34,73555557525.0,13738354725833.0,21044102609491.0,547037221095.0,16866196238190.0,37910298847681.0,-994075271502.0,13986578270060.0,21969427278570.0,473113964780.0,17033617306143.0,39003044584713.0,169180436381.0,14555863880290.0,19808248977726.0,508404731640.0,10836449718811.0,30644698696537.0,124.77,3.98,0.44,2025,사업보고서
004800,효성,KOSPI,보통주,159000.0,0.0,2661700000000.0,16740.0,31328.0,21.56,5.76,14.35,422120861647.0,2431708714737.0,2529910891846.0,393021437826.0,2857192993387.0,5387103885233.0,484258153404.0,2272756398560.0,1836425734781.0,221133379310.0,2504438694987.0,4340864429768.0,-438141363.0,1847206700030.0,2312626241262.0,57657827604.0,2776232060583.0,5088858301845.0,88.55,16.16,14.77,2025,사업보고서
139130,iM금융지주,KOSPI,보통주,18120.0,-4.88,2869500000000.0,158363.0,589573.0,45.26,6.8,7.27,457486000000.0,,92423945000000.0,583241000000.0,6436768000000.0,98860713000000.0,201560000000.0,,87942882000000.0,263433000000.0,6205753000000.0,94148635000000.0,412181000000.0,,87076230000000.0,534255000000.0,6283554000000.0,93359784000000.0,1435.88,,7.11,2025,사업보고서
483650,달바글로벌,KOSPI,보통주,190600.0,0.05,2387400000000.0,12526.0,153715.0,41.74,21.66,52.59,79053534113.0,519735447906.0,56779849718.0,101469415203.0,198554792679.0,255334642397.0,15408977423.0,309062616157.0,34039092723.0,59844712688.0,102069072470.0,136108165193.0,13604748485.0,200802470160.0,62489866399.0,32445933395.0,15513742727.0,78003609126.0,28.6,19.52,39.81,2025,사업보고서
097950,CJ제일제당,KOSPI,보통주,183400.0,-1.34,2760900000000.0,15054.0,46433.0,12.34,-4.42,-7.67,-416955408000.0,27342589100000.0,18193587910000.0,1233604641000.0,11551202624000.0,29744790534000.0,345925769000.0,27239748024000.0,17906800341000.0,1452067669000.0,12226875900000.0,30133676241000.0,559462096000.0,26822425792000.0,17826337301000.0,1369933419000.0,11779942250000.0,29606279551000.0,157.5,4.51,-3.61,2025,사업보고서
375500,DL이앤씨,KOSPI,보통주,73400.0,1.24,2840100000000.0,38694.0,324155.0,24.21,5.07,7.34,370189019489.0,7402425126660.0,4425196264818.0,386953267819.0,5244091831162.0,9669288095980.0,229223745163.0,8318442435057.0,4866692108869.0,270944859542.0,4845710111118.0,9712402219987.0,202169475522.0,7991063616680.0,4575277542881.0,330659390232.0,4768781215299.0,9344058758180.0,84.38,5.23,7.06,2025,사업보고서
007340,DN오토모티브,KOSPI,보통주,45100.0,-1.96,2638800000000.0,58511.0,83013.0,6.0,6.8,15.02,324985358000.0,3675704255000.0,2826018308000.0,527907609000.0,2449662359000.0,5275680667000.0,318229010000.0,3434542268000.0,2835259916000.0,522916807000.0,2170771614000.0,5006031530000.0,283445371000.0,3269243065000.0,3172968753000.0,490389696000.0,1394417748000.0,4567386501000.0,115.36,14.36,13.27,2025,사업보고서
004370,농심,KOSPI,보통주,430000.0,-0.12,2615500000000.0,6083.0,23388.0,25.03,13.29,6.18,170054449646.0,3514315500097.0,990936608000.0,183933032197.0,2831185859403.0,3822122467403.0,157630314203.0,3438730857998.0,924886441245.0,163073931930.0,2672575129457.0,3597461570702.0,171469224876.0,3410559367259.0,793949665281.0,212064743455.0,2440801761177.0,3234751426458.0,35.0,5.23,6.01,2025,사업보고서
450080,에코프로머티,KOSPI,보통주,35850.0,1.85,2538700000000.0,70814.0,145606.0,14.11,37.78,2.56,24103738371.0,392506172705.0,584414975865.0,-65369476119.0,1144680193740.0,1729095169605.0,-42686351369.0,299846484651.0,552631250526.0,-64719926202.0,737605448212.0,1290236698738.0,5045159766.0,952523315840.0,305137809602.0,8772772409.0,799097396195.0,1104235205797.0,51.05,-16.65,2.11,2025,사업보고서
026960,동서,KOSPI,보통주,25450.0,-0.97,2537400000000.0,99700.0,48308.0,3.69,17.56,8.48,146463695390.0,532878500925.0,61087988594.0,45337393517.0,1737278347482.0,1798366336076.0,159046264652.0,488860392545.0,69670001190.0,44476967156.0,1709476549885.0,1779146551075.0,146302302445.0,489695541569.0,71145079813.0,43752486840.0,1622874727791.0,1694019807604.0,3.52,8.51,8.43,2025,사업보고서
003690,코리안리,KOSPI,보통주,14500.0,-6.27,2562500000000.0,176721.0,588471.0,26.45,5.9,9.03,322041488493.0,,10576348924573.0,470938604768.0,3683421777221.0,14259770701794.0,316671748113.0,,9707522557270.0,405432507241.0,3452869465595.0,13160392022865.0,283868821363.0,,8813428441680.0,363673397057.0,3252895729256.0,12066324170936.0,287.13,,8.74,2025,사업보고서
383220,F&F,KOSPI,보통주,66900.0,0.9,2562700000000.0,38307.0,73056.0,12.95,4.9,23.16,400686468976.0,1933995926896.0,772767015809.0,468574150329.0,1878678882040.0,2651445897849.0,355959818501.0,1896009590086.0,708606516604.0,450737459737.0,1577298222080.0,2285904738684.0,425017760533.0,1978495535892.0,687356585452.0,551835228989.0,1317741413518.0,2005097998970.0,41.13,24.23,21.33,2025,사업보고서
001720,신영증권,KOSPI,보통주,148000.0,-1.0,2433100000000.0,16440.0,6462.0,6.28,13.45,8.04,112278184228.0,2466380710168.0,8546880622161.0,136145617008.0,1832693975299.0,10379574597460.0,149387962241.0,2764259939189.0,8921462823065.0,170377256793.0,1688472265975.0,10609935089040.0,104434286654.0,2353524310238.0,8663574450115.0,115634691078.0,1535225954422.0,10198800404537.0,466.36,5.52,6.13,2025,사업보고서
011170,롯데케미칼,KOSPI,보통주,60000.0,-1.64,2566500000000.0,42775.0,212068.0,21.58,-2.19,-15.13,-2476176326250.0,18483005314922.0,13488904582400.0,-943115729953.0,17628428467279.0,31117333049679.0,-1825555752135.0,19894809600093.0,14564385612175.0,-914535316186.0,19987944762878.0,34552330375053.0,-39243085252.0,19564417813545.0,13243769644688.0,-391637431583.0,20232540579853.0,33476310224541.0,76.52,-5.1,-14.05,2025,사업보고서
282330,BGF리테일,KOSPI,보통주,147600.0,-1.99,2551100000000.0,17284.0,49243.0,40.03,11.85,15.64,195263084525.0,9061216107616.0,2243109802650.0,253947326677.0,1313057157689.0,3556166960339.0,195217876198.0,8698757469111.0,2218457219442.0,251641247239.0,1184132956540.0,3402590175982.0,195844952003.0,8194753978897.0,2144625475397.0,253187753623.0,1074453047721.0,3219078523118.0,170.83,2.8,14.87,2025,사업보고서
489790,한화비전,KOSPI,보통주,49400.0,1.44,2494100000000.0,50488.0,80096.0,23.83,20.95,5.4,42619753835.0,1790921869125.0,943173724181.0,162267204336.0,866219782825.0,1809393507006.0,3210792631.0,493322362934.0,766419408117.0,5466174056.0,824726773737.0,1591146181854.0,,,,,,,108.88,9.06,4.92,2025,사업보고서
005850,에스엘,KOSPI,보통주,51400.0,1.18,2387500000000.0,46449.0,40016.0,15.91,6.26,12.81,320790309572.0,5239939345004.0,1345415829697.0,407099444958.0,2651661893348.0,3997077723045.0,381963573388.0,4973273970111.0,1301616145058.0,395164287548.0,2397248075458.0,3698864220516.0,349266124228.0,4838846695980.0,1226615063764.0,386185752873.0,2009119403482.0,3235734467246.0,50.74,7.77,12.1,2025,사업보고서
103140,풍산,KOSPI,보통주,78400.0,-0.25,2197100000000.0,28024.0,95308.0,13.12,10.88,6.54,147164434318.0,5048580386639.0,2031057963388.0,297427463130.0,2298131546597.0,4329189509985.0,236045982790.0,4554411454633.0,1897280647817.0,323768893078.0,2199301948907.0,4096582596724.0,156440326543.0,4125263947257.0,1694674158819.0,228636480718.0,1965954520498.0,3660628679317.0,88.38,5.89,6.4,2025,사업보고서
004990,롯데지주,KOSPI,보통주,24750.0,-0.4,2466700000000.0,99664.0,96135.0,10.17,-6.45,-10.51,-595003287583.0,15539626589471.0,13649432363871.0,239439333968.0,9421639933465.0,23071072297336.0,-946077909988.0,15756975627179.0,13460513348442.0,340468760521.0,9199764345455.0,22660277693897.0,163660188554.0,15159775895639.0,13487589138957.0,493689284141.0,9672841607501.0,23160430746458.0,144.87,1.54,-6.32,2025,사업보고서
204320,HL만도,KOSPI,보통주,48500.0,1.78,2277400000000.0,46957.0,334146.0,17.84,13.47,3.82,122802266761.0,9454812581023.0,4260786115044.0,357120974882.0,2875816804068.0,7136602919112.0,158249191839.0,8848181871751.0,4379288260980.0,358760766831.0,2672754766186.0,7052043027166.0,154600073679.0,8393086800929.0,3930545236233.0,279276996280.0,2356155155918.0,6286700392151.0,148.16,3.78,4.27,2025,사업보고서
000240,한국앤컴퍼니,KOSPI,보통주,24550.0,0.61,2330700000000.0,94935.0,43665.0,8.89,5.89,7.52,347229288109.0,1457551700261.0,478545372042.0,411626236474.0,4781079225610.0,5259624597652.0,350713050064.0,1390995724547.0,683552763446.0,418268299588.0,4452873418433.0,5136426181879.0,187234321156.0,1089668057103.0,624304502331.0,256563452628.0,4016691459374.0,4640995961705.0,10.01,28.24,7.26,2025,사업보고서
279570,케이뱅크,KOSPI,보통주,5600.0,0.54,2271900000000.0,405695.0,327476.0,1.79,24.45,5.4,112609000000.0,,29692522000000.0,117085000000.0,2171766000000.0,31864288000000.0,128053000000.0,,29187554000000.0,132967000000.0,1995845000000.0,31183399000000.0,12812000000.0,,19554896000000.0,16464000000.0,1866881000000.0,21421777000000.0,1367.21,,5.19,2025,사업보고서
181710,NHN,KOSPI,보통주,71500.0,8.5,2341800000000.0,32753.0,175429.0,12.64,33.66,2.2,51909280522.0,2516233825224.0,2080598551807.0,132434145572.0,1770817089443.0,3851415641250.0,-192599078282.0,2456107865377.0,1427673401848.0,-32619646834.0,1765363195971.0,3193036597819.0,-23094179176.0,2269614866943.0,1459885157431.0,55598405513.0,1989792118929.0,3449677276360.0,117.49,5.26,2.93,2025,사업보고서
007070,GS리테일,KOSPI,보통주,25400.0,-0.97,2123600000000.0,83607.0,246492.0,13.85,16.38,1.34,50239032621.0,11957421688837.0,4207002646119.0,292119604403.0,3276094767814.0,7483097413933.0,9791708542.0,11579429708038.0,4400125241585.0,256126253194.0,3181518137325.0,7581643378910.0,22147526377.0,11080326094672.0,5608276834883.0,314455845115.0,4433739107731.0,10042015942614.0,128.42,2.44,1.53,2025,사업보고서
030000,제일기획,KOSPI,보통주,18930.0,-0.05,2177700000000.0,115041.0,194114.0,18.77,9.9,13.7,208612517893.0,4546894943227.0,1999766713965.0,336889964137.0,1588049835355.0,3587816549320.0,208342984365.0,4344256680956.0,1832516799814.0,320720587990.0,1474033393149.0,3306550192963.0,190121613120.0,4138274796031.0,1591740851472.0,307522766415.0,1297763755819.0,2889504607291.0,125.93,7.41,13.14,2025,사업보고서
009970,영원무역홀딩스,KOSPI,보통주,170900.0,-0.29,2213800000000.0,12954.0,6888.0,23.33,5.33,12.83,606455450562.0,4895010142962.0,1709589395769.0,735474578287.0,5286114065986.0,6995703461755.0,495633035941.0,4306038171138.0,1589606369987.0,517045450910.0,4987109262473.0,6576715632460.0,718736627040.0,4355478262337.0,1799444219558.0,872582133502.0,4579898926543.0,6379343146101.0,32.34,15.02,11.47,2025,사업보고서
081660,미스토홀딩스,KOSPI,보통주,41400.0,1.22,2198000000000.0,53092.0,80834.0,40.4,8.51,11.39,348617792581.0,4468646269416.0,2924776314052.0,474780974997.0,2594417063998.0,5519193378050.0,207722009422.0,4268743012835.0,2800091219487.0,360803535166.0,2736298905138.0,5536390124625.0,153056827039.0,4006627455519.0,2426230645598.0,303493542620.0,2553918905270.0,4980149550868.0,112.73,10.62,13.44,2025,사업보고서
014680,한솔케미칼,KOSPI,보통주,193100.0,0.31,2084300000000.0,10794.0,39509.0,42.97,14.13,14.34,148134823618.0,883968714104.0,423081692446.0,156233146521.0,1177266387675.0,1600348080121.0,124893890949.0,776356975793.0,393235114115.0,128825376120.0,1071443703044.0,1464678817159.0,108690123238.0,771654641559.0,409492209835.0,124144351473.0,941487453306.0,1350979663141.0,35.94,17.67,12.58,2025,사업보고서
005440,현대지에프홀딩스,KOSPI,보통주,11910.0,-0.75,2184300000000.0,183397.0,142615.0,9.83,5.27,11.18,518661888000.0,8091605017000.0,3183667938000.0,274073694000.0,7306462632000.0,10490130570000.0,791959780000.0,7409277127000.0,3102131742000.0,198099994000.0,7007850033000.0,10109981775000.0,1100908213000.0,2629493454000.0,1530728455000.0,-11033826000.0,3520953816000.0,5051682271000.0,43.57,3.39,7.1,2025,사업보고서
002790,아모레퍼시픽홀딩스,KOSPI,보통주,26400.0,0.19,2018500000000.0,76458.0,80605.0,14.59,17.53,3.64,292155732971.0,4623175217447.0,1533985961077.0,367999917421.0,7235423628719.0,8769409589796.0,652873028811.0,4259886701995.0,1548821316419.0,249277525878.0,6991700107789.0,8540521424208.0,234714547925.0,4021343038942.0,1106298749214.0,152001477210.0,6525132028648.0,7631430777862.0,21.2,7.96,4.04,2025,사업보고서
018670,SK가스,KOSPI,보통주,238500.0,1.92,2210700000000.0,9269.0,16024.0,5.72,7.15,8.25,233818515354.0,7676318981997.0,4887336598401.0,442831411929.0,3144548995496.0,8031885593897.0,192954045611.0,7095902060317.0,4816205827102.0,287176575159.0,2788005254349.0,7604211081451.0,323942846770.0,6992257390856.0,3498260404505.0,303595468730.0,2604134386896.0,6102394791401.0,155.42,5.77,7.44,2025,사업보고서
051600,한전KPS,KOSPI,보통주,45800.0,1.1,2061000000000.0,45000.0,60054.0,8.37,15.88,9.29,124251563177.0,1576516811328.0,357704175926.0,140101841084.0,1345856312213.0,1703560488139.0,172441205945.0,1557085808533.0,361741271133.0,209498645768.0,1328473540425.0,1690214811558.0,162677361139.0,1533850791494.0,324737142894.0,199376381248.0,1272596407940.0,1597333550834.0,26.58,8.89,9.23,2025,사업보고서
073240,금호타이어,KOSPI,보통주,7180.0,0.84,2062500000000.0,287260.0,1133406.0,11.42,4.33,18.53,376772981397.0,4701282075494.0,3300841208893.0,575859298284.0,2238707317451.0,5539548526344.0,351617959521.0,4532177923979.0,3458014762916.0,588591711860.0,1904822013747.0,5362836776663.0,171848469734.0,4041412157685.0,3431924258799.0,411010498490.0,1399056998591.0,4830981257390.0,147.44,12.25,16.83,2025,사업보고서
112610,씨에스윈드,KOSPI,보통주,46950.0,2.29,1979900000000.0,42171.0,184389.0,17.12,455.83,3.02,40133098937.0,2931648581449.0,2014922275678.0,320323178301.0,1201672689517.0,3216594965195.0,143668438531.0,3072529196695.0,2409218018892.0,255481950329.0,1200264992078.0,3609483010970.0,18442241960.0,1520162115494.0,1925438038829.0,104196455252.0,943923238882.0,2869361277711.0,167.68,10.93,3.34,2025,사업보고서
139480,이마트,KOSPI,보통주,73500.0,-0.41,2028300000000.0,27596.0,88259.0,23.84,95.58,1.27,246338918347.0,28970388263858.0,19806707040792.0,322541170250.0,13696908700680.0,33503615741472.0,-573430173306.0,29020896860848.0,20845894370027.0,47098144142.0,13084744895561.0,33930639265588.0,-187466317757.0,29472247894459.0,19609634816186.0,-46935431343.0,13834230770289.0,33443865586475.0,144.61,1.11,1.8,2025,사업보고서
069960,현대백화점,KOSPI,보통주,96200.0,1.69,2074500000000.0,21565.0,126294.0,27.8,9.32,4.64,141528509000.0,4230320613000.0,4939063585000.0,377947571000.0,6310743780000.0,11249807365000.0,-753549000.0,4187614464000.0,4983278191000.0,284042489000.0,6234443483000.0,11217721674000.0,-39776206000.0,4207452895000.0,5433464917000.0,303469763000.0,6279127722000.0,11712592639000.0,78.26,8.93,2.24,2025,사업보고서
457190,이수스페셜티케미컬,KOSPI,보통주,63300.0,0.8,1912900000000.0,30219.0,102014.0,4.82,289.04,0.61,769523000.0,411470361000.0,233553827000.0,1615256000.0,132855533000.0,366409360000.0,10511892000.0,332069863000.0,177892197000.0,14206084000.0,121654548000.0,299546745000.0,-6205556000.0,117528615000.0,122971603000.0,-6119545000.0,94988539000.0,217960142000.0,175.8,0.39,0.58,2025,사업보고서
462870,시프트업,KOSPI,보통주,31850.0,-0.47,1870900000000.0,58742.0,20591.0,36.94,10.27,22.71,191430447697.0,294545937439.0,162144544577.0,181417657557.0,921190987215.0,1083335531792.0,147973272692.0,224084645616.0,39427774284.0,152676273166.0,764404135605.0,803831909889.0,106690578319.0,168594168364.0,22859817720.0,111062581629.0,181058284745.0,203918102465.0,17.6,61.59,20.78,2025,사업보고서
475150,SK이터닉스,KOSPI,보통주,52000.0,4.63,1771500000000.0,34067.0,1026381.0,2.04,236.36,11.93,30721781368.0,385640769900.0,1044031466723.0,52998214327.0,273040531600.0,1317071998323.0,22380995585.0,332151737229.0,489721923418.0,37637399717.0,241972753239.0,731694676657.0,,,,,,,382.37,13.74,11.25,2025,사업보고서
439260,대한조선,KOSPI,보통주,46950.0,0.75,1788300000000.0,38089.0,32233.0,1.97,5.92,32.19,248774797154.0,1228128117609.0,445669305109.0,294102888541.0,1092384070191.0,1538053375300.0,172651288145.0,1075312196238.0,895997087255.0,158060123106.0,453443097219.0,1349440184474.0,38313478064.0,816373041481.0,641382760697.0,35899715045.0,171475941706.0,812858702403.0,40.8,23.95,22.77,2025,사업보고서
020150,롯데에너지머티리얼즈,KOSPI,보통주,36850.0,3.37,1929700000000.0,52365.0,163309.0,7.56,-23.68,-10.54,-167150052089.0,677530806593.0,415215660270.0,-145226366142.0,1793464927050.0,2208680587320.0,28798407933.0,902252020191.0,380066851548.0,-64444649841.0,1901956206905.0,2282023058453.0,-45120189148.0,809006057001.0,426413928090.0,11805382266.0,1965832679844.0,2392246607934.0,23.15,-21.43,-9.32,2025,사업보고서
071970,HD현대마린엔진,KOSPI,보통주,50200.0,1.41,1702900000000.0,33921.0,65818.0,12.82,8.75,41.36,165101642055.0,402396221904.0,325784964511.0,75911594792.0,488912211304.0,814697175815.0,75775091634.0,315793988713.0,185588379579.0,33193655658.0,309374582999.0,494962962578.0,31641504580.0,244368378750.0,228637992918.0,18379208500.0,225375915294.0,454013908212.0,66.63,18.86,33.77,2025,사업보고서
089860,롯데렌탈,KOSPI,보통주,50900.0,0.99,1848100000000.0,36309.0,89491.0,6.3,15.6,8.39,126714957828.0,2918751542343.0,5792485761393.0,312502750438.0,1555840866410.0,7348326627803.0,102710507301.0,2792395464171.0,5538031329236.0,284811996731.0,1468585451804.0,7006616781040.0,115205052028.0,2752292105099.0,5352827789031.0,305192202982.0,1365281271287.0,6718109060318.0,372.31,10.71,8.14,2025,사업보고서
023590,다우기술,KOSPI,보통주,38300.0,-0.13,1657900000000.0,43287.0,17588.0,27.51,2.27,15.95,1156018987903.0,17495003836308.0,75456002681683.0,1559283728269.0,7494224568073.0,82950227249756.0,852762689452.0,11625798455732.0,50855367307244.0,1174681942719.0,6292556736075.0,57147924043319.0,490015745774.0,9855141797134.0,47791926295211.0,639880017159.0,5550533034939.0,53342459330150.0,1006.86,8.91,15.43,2025,사업보고서
006040,동원산업,KOSPI,보통주,38100.0,0.66,1681800000000.0,44141.0,29379.0,4.64,3.88,11.61,387148699085.0,9583673896991.0,4075767019771.0,516134102432.0,3701777133435.0,7777544153206.0,113563839180.0,8944231939726.0,3911798907580.0,501319940394.0,3246412301301.0,7158211208881.0,272187151018.0,8948570757964.0,4589421552831.0,464733626626.0,3135721276463.0,7725142829294.0,110.1,5.39,10.46,2025,사업보고서
000120,CJ대한통운,KOSPI,보통주,73400.0,-0.14,1674400000000.0,22812.0,26371.0,15.59,7.51,5.98,258742959823.0,12284652471280.0,5899567981863.0,508080820628.0,4439637704423.0,10339205686286.0,268320297629.0,12116761147160.0,5518255667581.0,530663067133.0,4225599854802.0,9743855522383.0,242876054885.0,11767893663269.0,5314491023876.0,480234863157.0,4043096242871.0,9357587266747.0,132.88,4.14,5.83,2025,사업보고서
120110,코오롱인더,KOSPI,보통주,55800.0,-4.12,1671000000000.0,29946.0,179954.0,17.71,12.69,1.01,51573520480.0,4873399491952.0,3617516915345.0,108896018558.0,4065013253023.0,7682530168368.0,110628722171.0,4843003131269.0,3475049512534.0,158723468850.0,3773001643532.0,7248051156066.0,50777732316.0,4734907182667.0,3073061698076.0,199654688223.0,2929657066606.0,6002718764682.0,88.99,2.23,1.27,2025,사업보고서
008770,호텔신라,KOSPI,보통주,42200.0,0.96,1656300000000.0,39248.0,125868.0,20.63,-12.2,-14.46,-172848550007.0,4068306491409.0,2435201838277.0,13512516028.0,1106221783430.0,3541423621707.0,-61501483516.0,3947552203343.0,2529540898565.0,-5184329302.0,1284345073338.0,3813885971903.0,85978496138.0,3568466181329.0,2398045990017.0,91230447816.0,608492780185.0,3006538770202.0,220.14,0.33,-15.63,2025,사업보고서
011210,현대위아,KOSPI,보통주,57600.0,0.7,1566400000000.0,27195.0,46391.0,19.63,22.09,2.75,116932000000.0,8481561000000.0,2959678000000.0,204413000000.0,4065428000000.0,7025106000000.0,129472000000.0,8180886000000.0,3049692000000.0,218810000000.0,4026299000000.0,7075991000000.0,52548000000.0,8165581000000.0,3059151000000.0,232802000000.0,3766754000000.0,6825905000000.0,72.8,2.41,2.88,2025,사업보고서
395400,SK리츠,KOSPI,보통주,5380.0,0.56,1619500000000.0,301018.0,119254.0,8.26,84.06,1.04,33550467838.0,70358094799.0,3413129922270.0,64534748213.0,2020783201585.0,5433913123855.0,20302578012.0,56695897419.0,3079158431964.0,50321093490.0,1983194157600.0,5062352589564.0,31293326227.0,71045726524.0,3136125732336.0,63203720514.0,1962330782646.0,5098456514982.0,168.9,91.72,1.66,2025,사업보고서
020560,아시아나항공,KOSPI,보통주,8080.0,3.86,1664400000000.0,205991.0,372552.0,3.7,-1.4,-34.48,-292500549971.0,7266849939986.0,11358633907347.0,-345190261173.0,828979897313.0,12187613804660.0,-413015510082.0,8318567228711.0,12446781316354.0,275690391993.0,1003122157778.0,13449903474132.0,180531807269.0,7623348347364.0,12206400392868.0,619928673329.0,810345388271.0,13016745781139.0,1370.19,-4.75,-35.28,2025,사업보고서
001800,오리온홀딩스,KOSPI,보통주,25550.0,0.99,1537000000000.0,60157.0,36990.0,9.98,11.39,5.01,337777860270.0,3393126199452.0,1027474078419.0,487728621983.0,5155936347634.0,6183410426053.0,479528618409.0,3195245858433.0,1054452244274.0,506240029274.0,4878744091875.0,5933196336149.0,290412989562.0,2953806265859.0,818487035311.0,405463095002.0,4319813022573.0,5138300057884.0,19.93,14.37,6.55,2025,사업보고서
097230,HJ중공업,KOSPI,보통주,16110.0,0.25,1454700000000.0,90295.0,119924.0,5.66,10.14,10.15,51444000000.0,1999705000000.0,1783494000000.0,67074000000.0,669588000000.0,2453082000000.0,5225000000.0,1885962000000.0,1861032000000.0,7252000000.0,343397000000.0,2204429000000.0,-114319000000.0,2162073000000.0,2549673000000.0,-108787000000.0,340912000000.0,2890585000000.0,266.36,3.35,7.68,2025,사업보고서
001430,세아베스틸지주,KOSPI,보통주,42350.0,4.83,1518800000000.0,35862.0,131453.0,7.04,17.13,2.89,56136309970.0,3651585276954.0,1961614625454.0,98411992401.0,1952953862759.0,3914568488213.0,20273054942.0,3636063257694.0,1795239994311.0,52332166350.0,2031406869735.0,3826646864046.0,125991352125.0,4083481175925.0,1626121166492.0,196690160681.0,2039049834129.0,3665171000621.0,100.44,2.7,2.87,2025,사업보고서
294870,IPARK현대산업개발,KOSPI,보통주,23300.0,0.43,1535600000000.0,65907.0,109364.0,17.52,8.33,5.0,158148718419.0,4147006988796.0,4386345092368.0,248613789437.0,3212755613173.0,7599100705541.0,155717171971.0,4256233201783.0,4347278471962.0,184636983859.0,3114585393894.0,7461863865856.0,172890219224.0,4190788148341.0,4008251615125.0,195313165155.0,3008017194695.0,7016268809820.0,136.53,6.0,4.92,2025,사업보고서
006280,녹십자,KOSPI,보통주,127600.0,0.47,1491200000000.0,11687.0,9199.0,23.86,-29.88,-0.38,-29685159445.0,1991279093821.0,1576822440732.0,69149857151.0,1394272744164.0,2971095184896.0,-42637064523.0,1679891941477.0,1262860145974.0,32107347889.0,1481015706005.0,2743875851979.0,-19808730987.0,1626643815820.0,1103450608000.0,34436169536.0,1539863309487.0,2643313917487.0,113.09,3.47,-2.13,2025,사업보고서
322000,HD현대에너지솔루션,KOSPI,보통주,138900.0,7.26,1555700000000.0,11200.0,232619.0,6.83,18.44,10.59,41676678809.0,492659873672.0,112646200697.0,41222890455.0,417784216586.0,530430417283.0,114228449.0,422371216357.0,84090604074.0,3502725251.0,369683769362.0,453774373436.0,-2863877616.0,546119805992.0,130500000767.0,17542859732.0,371556913092.0,502056913859.0,26.96,8.37,9.98,2025,사업보고서
298020,효성티앤씨,KOSPI,보통주,347000.0,-2.12,1501700000000.0,4328.0,10159.0,21.17,13.34,0.72,38195733782.0,7694843720869.0,3782177685416.0,251502878527.0,1956911565949.0,5739089251365.0,183832311123.0,7776065076844.0,2904245104005.0,270728036762.0,1819937560940.0,4724182664945.0,98706200512.0,7526918824216.0,2501728753176.0,213392972311.0,1568742666020.0,4070471419196.0,193.27,3.27,1.95,2025,사업보고서
001120,LX인터내셔널,KOSPI,보통주,40300.0,-0.37,1562000000000.0,38760.0,70842.0,26.3,13.05,5.22,158262048335.0,16706309561513.0,5792595381529.0,292193349331.0,3535707599884.0,9328302981413.0,269491720840.0,16637572685167.0,5611254021107.0,489185373375.0,3319611595109.0,8930865616216.0,193358801940.0,14514349869122.0,4920385836841.0,433109594096.0,3074954894023.0,7995340730864.0,163.83,1.75,4.48,2025,사업보고서
069620,대웅제약,KOSPI,보통주,116100.0,1.13,1345200000000.0,11587.0,25059.0,14.9,6.88,21.75,192908919078.0,1570891005329.0,1228143539378.0,196782415375.0,1134655756699.0,2362799296077.0,23346508507.0,1422683296380.0,1049992505369.0,147942198476.0,926984605142.0,1976977110511.0,120002904220.0,1375328744877.0,858029763618.0,122591949287.0,912281029374.0,1770310792992.0,108.24,12.53,17.0,2025,사업보고서
007810,코리아써키트,KOSPI,보통주,51000.0,-0.78,1223100000000.0,23983.0,305348.0,5.78,16.49,11.54,53794771145.0,1509725133078.0,601954072823.0,53816253084.0,790594031363.0,1392548104186.0,-129014306648.0,1406956573662.0,574186642619.0,-33153617896.0,681195506573.0,1255382149192.0,-28266358679.0,1332234444242.0,526566694739.0,-32101224771.0,709890315967.0,1236457010706.0,76.14,3.56,6.8,2025,사업보고서
229640,LS에코에너지,KOSPI,보통주,45600.0,4.47,1396500000000.0,30625.0,44494.0,6.65,31.51,21.43,48475789714.0,960056115154.0,265569864465.0,66778106845.0,225768642125.0,491338506590.0,35346547804.0,868966083143.0,291703638368.0,44768330622.0,196973509173.0,488677147541.0,4281724182.0,731067866979.0,252818004681.0,29489190951.0,155606605043.0,408424609724.0,117.63,6.96,21.47,2025,사업보고서
012630,HDC,KOSPI,보통주,22650.0,0.22,1353100000000.0,59742.0,45149.0,24.38,3.07,10.82,416483422703.0,6584797969627.0,7256852508855.0,648868134224.0,5428726196750.0,12685578705605.0,260301619623.0,6200260255330.0,7299508679919.0,344698678103.0,5098799362525.0,12398308042444.0,212938887004.0,5908284632279.0,6606454288686.0,312643257338.0,4914761121854.0,11521215410540.0,133.68,9.85,7.67,2025,사업보고서
361610,SK아이이테크놀로지,KOSPI,보통주,16280.0,3.1,1331500000000.0,81787.0,612818.0,4.61,-0.83,-8.58,-211417928000.0,261874278000.0,1790415728000.0,-246364302000.0,2601445266000.0,4391860994000.0,-246615236000.0,217864619000.0,1825581137000.0,-290994179000.0,2324557015000.0,4150138152000.0,82158003000.0,648322214000.0,1672154317000.0,50127345000.0,2411660766000.0,4083815083000.0,68.82,-94.08,-8.13,2025,사업보고서
007310,오뚜기,KOSPI,보통주,334000.0,-0.6,1338600000000.0,4008.0,2885.0,11.24,18.34,3.35,72135661488.0,3674545422005.0,1438289345393.0,177251297728.0,2202787081084.0,3641076426477.0,137599993733.0,3539120882890.0,1415871492212.0,222014509063.0,2181531596082.0,3597403088294.0,161681368673.0,3454548477401.0,1432941729984.0,254893843560.0,2063540799084.0,3496482529068.0,65.29,4.82,3.27,2025,사업보고서
280360,롯데웰푸드,KOSPI,보통주,145500.0,-0.75,1339300000000.0,9205.0,19450.0,13.41,15.79,3.34,71390131647.0,4215952626184.0,2287270726730.0,109519157887.0,2286729525823.0,4574000252553.0,81980260404.0,4044252365474.0,2115346236982.0,157101345659.0,2226381930534.0,4341728167516.0,67771271606.0,4066391863111.0,2056459476713.0,177018020646.0,2142636835874.0,4199096312587.0,100.02,2.6,3.12,2025,사업보고서
093370,후성,KOSPI,보통주,12500.0,2.04,1340700000000.0,107255.0,1073515.0,10.61,36.76,1.61,7028192679.0,471564293544.0,438143772393.0,25349847519.0,389354915544.0,827498687937.0,-83359194090.0,437795018982.0,493529728930.0,-9575604806.0,332747551614.0,826277280544.0,-84392136579.0,523191899192.0,521907370047.0,-46105756733.0,331469581873.0,853376951920.0,112.53,5.38,1.81,2025,사업보고서
001740,SK네트웍스,KOSPI,보통주,6400.0,0.16,1283800000000.0,200594.0,584054.0,17.73,11.64,2.44,49981000000.0,6745127000000.0,3015161000000.0,86293000000.0,2025631000000.0,5040792000000.0,46292000000.0,7657281000000.0,3103820000000.0,113915000000.0,2053309000000.0,5157129000000.0,5459000000.0,7453479000000.0,6954518000000.0,80541000000.0,2155841000000.0,9110359000000.0,148.85,1.28,2.47,2025,사업보고서
005070,코스모신소재,KOSPI,보통주,39000.0,1.17,1295400000000.0,33215.0,45849.0,6.26,-180.56,-0.11,-522850678.0,456295847107.0,224256681492.0,2378317974.0,496843668444.0,721100349936.0,17647535995.0,569728589077.0,289009302755.0,25002358115.0,495532641195.0,784541943950.0,27036287901.0,629578773085.0,193891013679.0,32324547766.0,478782330149.0,672673343828.0,45.14,0.52,-0.11,2025,사업보고서
281820,케이씨텍,KOSPI,보통주,68100.0,9.13,1348300000000.0,19799.0,220443.0,12.39,15.99,10.55,53392149112.0,382856574357.0,70239710112.0,59965538593.0,530239452127.0,600479162239.0,52685900043.0,385433971366.0,67292470772.0,49783492468.0,481848727958.0,549141198730.0,31700589259.0,286909703428.0,47337825408.0,32703769328.0,452613440707.0,499951266115.0,13.25,15.66,10.07,2025,사업보고서
017960,한국카본,KOSPI,보통주,22550.0,0.89,1165300000000.0,51676.0,134978.0,13.05,11.4,19.3,101743537476.0,908810220281.0,463052305328.0,130950531954.0,580170310439.0,1043222615767.0,20321351760.0,741740847191.0,404682305973.0,45446301892.0,474286350797.0,878968656770.0,-13449428136.0,594417384371.0,337774036158.0,16465724514.0,454654105515.0,792428141673.0,79.81,14.41,17.54,2025,사업보고서
082640,(082640),,,,,,,,,,,124494000000.0,,33798362000000.0,198812000000.0,1548875000000.0,35347237000000.0,314293000000.0,,32577372000000.0,368058000000.0,1969113000000.0,34546485000000.0,239826000000.0,,29965470000000.0,294252000000.0,2903967000000.0,32869437000000.0,2182.12,,8.04,2025,사업보고서
003540,대신증권,KOSPI,보통주,26500.0,0.57,1263200000000.0,47666.0,37778.0,9.99,9.41,5.06,186726503000.0,5063889973000.0,35071641416000.0,301402464000.0,4057222957000.0,39128864373000.0,144182139000.0,4093862748000.0,23080719628000.0,83593035000.0,3315389037000.0,26396108665000.0,135831720000.0,3854590575000.0,19622059968000.0,161317426000.0,3021428824000.0,22643488792000.0,864.42,5.95,4.6,2025,사업보고서
415640,KB발해인프라,KOSPI,보통주,10600.0,-0.19,1299000000000.0,122546.0,134106.0,1.63,,,,,,,,,,,,,,,,,,,,,,,,2025,사업보고서
192080,더블유게임즈,KOSPI,보통주,57200.0,-1.38,1211100000000.0,21173.0,34605.0,21.09,6.8,11.33,179810727076.0,719897452508.0,195498405164.0,232134020348.0,1652363475394.0,1847861880558.0,243320737026.0,633474235686.0,89908330956.0,248734053740.0,1556373404033.0,1646281734989.0,192894646449.0,582333575007.0,91899650390.0,213292020378.0,1196725258764.0,1288624909154.0,11.83,32.25,10.88,2025,사업보고서
004000,롯데정밀화학,KOSPI,보통주,45700.0,-0.87,1179100000000.0,25800.0,61652.0,23.72,5.86,4.42,106092942018.0,1752682647758.0,310431307988.0,74361152818.0,2435737106786.0,2746168414774.0,36380501672.0,1670545189888.0,345163994108.0,50372565787.0,2368686673109.0,2713850667217.0,182031600493.0,1768621115725.0,299724770490.0,154778355081.0,2383205649083.0,2682930419573.0,12.74,4.24,4.36,2025,사업보고서
300720,한일시멘트,KOSPI,보통주,16670.0,-0.66,1226000000000.0,73545.0,62465.0,4.51,11.81,4.14,81141916163.0,1423859619115.0,1165675328058.0,132739217663.0,1868385838037.0,3034061166095.0,199016257703.0,1741671258107.0,1149514661177.0,271389512685.0,1838819908315.0,2988334569492.0,177712230984.0,1799500983414.0,1148706828729.0,246515704341.0,1719218535647.0,2867925364376.0,62.39,9.32,4.34,2025,사업보고서
030610,교보증권,KOSPI,보통주,10100.0,0.5,1151000000000.0,113963.0,54289.0,1.06,7.21,6.96,142910816000.0,4506795230000.0,17152534201000.0,190443426000.0,2118939049000.0,19271473250000.0,117678416000.0,3166321957000.0,13912608589000.0,113926120000.0,1985723994000.0,15898332583000.0,67558377000.0,3743018932000.0,13716088524000.0,70278211000.0,1877274492000.0,15593363016000.0,809.49,4.23,6.74,2025,사업보고서
001820,삼화콘덴서,KOSPI,보통주,109800.0,4.57,1141400000000.0,10395.0,515397.0,4.92,59.67,4.62,12608427475.0,294491998379.0,60641126788.0,12866483343.0,279609219791.0,340250346579.0,22039010684.0,295412198601.0,60837129024.0,17842307493.0,267277119143.0,328114248167.0,20925722895.0,280768545013.0,62806572612.0,23693227777.0,245224492405.0,308031065017.0,21.69,4.37,4.51,2025,사업보고서
330590,롯데리츠,KOSPI,보통주,3925.0,1.68,1134200000000.0,288969.0,109406.0,7.38,29.73,1.7,19627460882.0,70879702538.0,1454908461475.0,46254900872.0,1139498580374.0,2594407041849.0,16546765792.0,69954407452.0,1458263558454.0,45224008715.0,1153680478920.0,2611944037374.0,10613567528.0,65629118705.0,1454150863969.0,42006230943.0,1169497783225.0,2623648647194.0,127.68,65.26,1.72,2025,사업보고서
000080,하이트진로,KOSPI,보통주,15540.0,-0.32,1089900000000.0,70134.0,63410.0,7.62,23.51,3.69,41117248572.0,2498566821284.0,2130368916488.0,172338670998.0,1142138785882.0,3272507702370.0,95735005249.0,2599183408023.0,2292042901576.0,208141871425.0,1149495697352.0,3441538598928.0,35511119931.0,2520181551629.0,2242471577188.0,123919983380.0,1115875628342.0,3358347205530.0,186.52,6.9,3.6,2025,사업보고서
003530,한화투자증권,KOSPI,보통주,5100.0,8.97,1094200000000.0,214548.0,7285401.0,6.04,13.32,5.41,102010000000.0,3094578000000.0,15289727000000.0,147701000000.0,2068209000000.0,17357936000000.0,38891000000.0,2495793000000.0,12311894000000.0,3966000000.0,1706230000000.0,14018124000000.0,9298000000.0,1969010000000.0,11677139000000.0,31452000000.0,1573045000000.0,13250184000000.0,739.27,4.77,4.93,2025,사업보고서
006340,대원전선,KOSPI,보통주,12930.0,3.94,1013900000000.0,78414.0,1357119.0,2.62,81.32,7.45,12916455490.0,624542487406.0,194400272027.0,9351244955.0,152048393291.0,346448665318.0,6794390393.0,552777321378.0,113147385668.0,14338544095.0,113845590709.0,226992976377.0,9612692059.0,515401908392.0,134547618320.0,13130113478.0,100324043905.0,234871662225.0,127.85,1.5,8.49,2025,사업보고서
032350,롯데관광개발,KOSPI,보통주,12530.0,-0.24,999000000000.0,79725.0,118947.0,20.19,18.93,8.06,27596636822.0,653447659142.0,1799422076806.0,143328051761.0,368224737001.0,2167646813807.0,-116572534153.0,471467953184.0,1853556860635.0,39006615340.0,313060388033.0,2166617248668.0,-202330590203.0,313548275382.0,1698551480420.0,-60605788472.0,65559575853.0,1764111056273.0,488.67,21.93,7.49,2025,사업보고서
000210,DL,KOSPI,보통주,53600.0,-2.55,1123200000000.0,20956.0,57884.0,21.88,8.6,-2.17,-96298295176.0,5326721292281.0,7261068527491.0,298546039560.0,4921075694028.0,12182144221519.0,94839002886.0,5615368498981.0,7749224680441.0,412518392958.0,4786090727143.0,12535315407584.0,-120978168525.0,5017815821242.0,7586162395568.0,150696391721.0,4533401164317.0,12119563559885.0,147.55,5.6,-1.96,2025,사업보고서
003090,대웅,KOSPI,보통주,16860.0,-1.98,980300000000.0,58142.0,52719.0,5.07,5.46,16.11,227906759004.0,2068370455244.0,1464831571447.0,261793894978.0,1767325630187.0,3232157201634.0,68860695957.0,1936916852599.0,1218198152023.0,281913080239.0,1502495759151.0,2720693911174.0,191438974294.0,1813841462124.0,922478396685.0,195606282852.0,1436798777412.0,2359277174097.0,82.88,12.66,12.9,2025,사업보고서
003240,태광산업,KOSPI,보통주,901000.0,-4.05,1003200000000.0,1113.0,2029.0,3.45,8.45,2.06,83143647817.0,1827439561466.0,534018512304.0,-36015243749.0,3964264620645.0,4498283132949.0,218362415993.0,2027535145711.0,706711261253.0,-394683967.0,4015566539464.0,4722277800717.0,-14694447321.0,2126334323954.0,708793032453.0,-64774664510.0,4029499410934.0,4738292443387.0,13.47,-1.97,2.1,2025,사업보고서
003570,SNT다이내믹스,KOSPI,보통주,28200.0,-0.88,937700000000.0,33253.0,15415.0,13.7,19.08,7.43,61574936460.0,712021619474.0,361814934487.0,85457001419.0,866792976548.0,1228607911035.0,96131825495.0,614453293151.0,243741577262.0,110508614595.0,790344489614.0,1034086066876.0,49529807111.0,485954273334.0,356207738531.0,41595970398.0,700696578963.0,1056904317494.0,41.74,12.0,7.1,2025,사업보고서
077970,STX엔진,KOSPI,보통주,23550.0,0.43,945500000000.0,40148.0,73803.0,4.19,14.0,22.26,68948215486.0,789341914687.0,814563950425.0,69592939476.0,342971092433.0,1157535042858.0,27215787172.0,724609807886.0,692240663831.0,42236835042.0,276569773273.0,968810437104.0,5684680549.0,630377733998.0,639500162263.0,18868403982.0,259634238056.0,899134400319.0,237.5,8.82,20.1,2025,사업보고서
006110,삼아알미늄,KOSPI,보통주,68700.0,-0.72,1039000000000.0,15123.0,116878.0,38.08,-45.35,-10.79,-24888579643.0,271458652401.0,234103849818.0,-17647393573.0,217939022961.0,452042872779.0,-9355451369.0,251733337646.0,192553436844.0,-9590561021.0,243610317884.0,436163754728.0,3406229990.0,268023420437.0,149310132933.0,3770590732.0,254988673514.0,404298806447.0,107.42,-6.5,-11.42,2025,사업보고서
192400,쿠쿠홀딩스,KOSPI,보통주,27850.0,0.72,990400000000.0,35562.0,4243.0,10.85,5.66,11.56,145218616701.0,920929380976.0,271250122851.0,114008891071.0,1321297412199.0,1592547535050.0,137040731991.0,833802336627.0,173459381542.0,103233744707.0,1196406069177.0,1369865450719.0,130122011488.0,772261869749.0,170371736663.0,86632975985.0,1077736980914.0,1248108717577.0,20.53,12.38,10.99,2025,사업보고서
000370,한화손해보험,KOSPI,보통주,8420.0,-5.92,982900000000.0,116739.0,1307964.0,13.62,4.08,10.56,292332865000.0,,17785254247000.0,429592532000.0,2707580443000.0,20492834690000.0,315967449000.0,,16881077313000.0,435735703000.0,2953083271000.0,19834160584000.0,212756868000.0,,14769484442000.0,306524366000.0,3345779304000.0,18115263748000.0,656.87,,10.8,2025,사업보고서
451800,한화리츠,KOSPI,보통주,5310.0,3.51,953700000000.0,179600.0,53966.0,0.83,54.74,2.49,11614623772.0,52416442074.0,859399474936.0,30013936514.0,696458021691.0,1555857496627.0,10791907422.0,50449874190.0,846106818285.0,30925408783.0,709089397919.0,1555196216204.0,2799718358.0,33511903356.0,1257621683129.0,19077960887.0,328779973747.0,1586401656876.0,123.4,57.26,1.67,2025,사업보고서
185750,종근당,KOSPI,보통주,68000.0,-0.29,938600000000.0,13803.0,16783.0,15.83,11.81,8.17,77826740534.0,1692403987134.0,793942540356.0,80567677778.0,1006355957106.0,1800298497462.0,111441725001.0,1586430795630.0,562386857139.0,99461546115.0,896377939244.0,1458764796383.0,213602186975.0,1669404438769.0,586793266763.0,246599279042.0,815635168749.0,1402428435512.0,78.89,4.76,7.73,2025,사업보고서
030190,NICE평가정보,KOSPI,보통주,16250.0,0.81,946900000000.0,58269.0,148268.0,32.59,11.11,17.62,78075295916.0,602147035954.0,176983063347.0,104389438156.0,469548309154.0,646531372501.0,76030945393.0,535031889316.0,168928869777.0,86788428829.0,416738330961.0,585667200738.0,56046652275.0,485713636119.0,124109919550.0,65329237352.0,369599775662.0,493709695212.0,37.69,17.34,16.63,2025,사업보고서
285130,SK케미칼,KOSPI,보통주,55200.0,0.55,954900000000.0,17299.0,110283.0,10.85,145.65,2.0,27297323639.0,2365164441719.0,2947185327552.0,-207363696.0,3140439052968.0,6087624380520.0,-4364733944.0,1736778902011.0,2334082396873.0,-45175568334.0,3032966230466.0,5367048627339.0,47837893778.0,1748777740387.0,1483000847844.0,83302487079.0,2675774055847.0,4158774903691.0,93.85,-0.01,0.87,2025,사업보고서
009240,한샘,KOSPI,보통주,37400.0,1.08,880200000000.0,23534.0,24270.0,12.89,73.77,12.34,46281084361.0,1744538347428.0,593197506608.0,18491334862.0,399759358345.0,992956864953.0,151137006442.0,1908390760197.0,716587845787.0,31229315756.0,350663939878.0,1067251785665.0,-62155231507.0,1966947033819.0,708747064571.0,1946608852.0,342770354219.0,1051517418790.0,148.39,1.06,11.58,2025,사업보고서
034230,파라다이스,KOSPI,보통주,10090.0,2.75,934600000000.0,92629.0,378011.0,7.86,12.49,5.62,144781456677.0,1149867026461.0,1867669336571.0,155816230766.0,2212696135949.0,4080365472520.0,110693395334.0,1072108965111.0,1858565750759.0,136055145217.0,2075202630542.0,3933768381301.0,80184040634.0,994199113643.0,1832814279870.0,145770072264.0,1785465087170.0,3618279367040.0,84.41,13.55,6.54,2025,사업보고서
005300,롯데칠성,KOSPI,보통주,98300.0,0.0,912100000000.0,9279.0,8938.0,16.45,15.12,3.13,51198353335.0,3971143829134.0,2684402658315.0,167159917902.0,1600295935394.0,4284698593709.0,60012909167.0,4024503304484.0,2794129119355.0,184926837143.0,1578400353857.0,4372529473212.0,166513593085.0,3224680481809.0,2720834172686.0,210669752581.0,1536835578135.0,4257669750821.0,167.74,4.21,3.2,2025,사업보고서
009450,경동나비엔,KOSPI,보통주,61000.0,1.16,888700000000.0,14569.0,43634.0,8.23,5.61,12.24,89698872406.0,1502239729157.0,751671610276.0,143376893533.0,770495485591.0,1522167095867.0,124340920975.0,1353879442184.0,663453095174.0,132576050452.0,695417009624.0,1358870104798.0,83148711338.0,1204312871752.0,475962722079.0,105910537855.0,584595249408.0,1060557971487.0,97.56,9.54,11.64,2025,사업보고서
004490,세방전지,KOSPI,보통주,64400.0,-3.16,892600000000.0,13860.0,106947.0,25.11,6.3,9.12,141430242693.0,2142068327877.0,580074350965.0,153763577366.0,1662766161144.0,2242840512109.0,172321249541.0,2059542800914.0,586279421321.0,179667570936.0,1507838365556.0,2094117786877.0,118398646064.0,1684815345750.0,498766534968.0,129915669248.0,1342203627035.0,1840970162003.0,34.89,7.18,8.51,2025,사업보고서
195870,해성디에스,KOSPI,보통주,49900.0,0.6,848300000000.0,17000.0,79711.0,21.18,15.83,4.25,23820804171.0,653396882375.0,316261662930.0,46491092436.0,564369713446.0,880631376376.0,58697149418.0,602993604010.0,237917616723.0,56869813937.0,556276567172.0,794194183895.0,84426426250.0,672245278175.0,173676950604.0,102511938741.0,515050369128.0,688727319732.0,56.04,7.12,4.22,2025,사업보고서
079160,CJ CGV,KOSPI,보통주,5400.0,3.65,894100000000.0,165583.0,332415.0,5.33,-10.8,-22.79,-143369293871.0,2275369359771.0,3472281571266.0,96217499551.0,650340429280.0,4122622000546.0,-175469437302.0,1957884214182.0,3420269607130.0,75933768898.0,576744707602.0,3997014314732.0,-123353396404.0,1545839243146.0,2932973509969.0,49065796701.0,261241200463.0,3194214710432.0,533.92,4.23,-22.05,2025,사업보고서
003470,유안타증권,KOSPI,보통주,4745.0,0.96,914300000000.0,192680.0,286569.0,68.8,6.53,5.4,95631538000.0,3461272611000.0,18124190815000.0,99379167000.0,1905932821000.0,20030123636000.0,73049835000.0,2712726528000.0,15165958980000.0,94753156000.0,1634308431000.0,16800267411000.0,64427517000.0,2855003316000.0,14860352268000.0,129124926000.0,1601494422000.0,16461846690000.0,950.94,2.87,5.02,2025,사업보고서
005090,SGC에너지,KOSPI,보통주,56100.0,5.06,808400000000.0,14409.0,193622.0,4.88,-16.97,-8.42,-94809582864.0,2460687771156.0,2575039664888.0,95820325177.0,759237085895.0,3334276750783.0,35894883016.0,2354993052127.0,2548064349819.0,189611637907.0,888235536959.0,3436299886778.0,17169648910.0,3024051635225.0,2098714440145.0,106822963776.0,868796193814.0,2967510633959.0,339.16,3.89,-12.49,2025,사업보고서
006120,SK디스커버리,KOSPI,보통주,52900.0,-1.86,921200000000.0,17414.0,12310.0,13.81,5.7,4.49,144626599785.0,10164013989611.0,9448413351329.0,361353559282.0,6851245699316.0,16299659050645.0,47105088426.0,9039602889123.0,8639257973247.0,172557836004.0,6503023268485.0,15142281241732.0,255474481915.0,8939216850779.0,6185892808116.0,256702034546.0,6085400867090.0,12271293675206.0,137.91,3.56,2.11,2025,사업보고서
071320,지역난방공사,KOSPI,보통주,75600.0,-1.18,875400000000.0,11579.0,11947.0,3.1,2.47,14.84,338886000000.0,3998187000000.0,5927581000000.0,529624000000.0,2301416000000.0,8228997000000.0,209870000000.0,3570310000000.0,6093989000000.0,327942000000.0,2268249000000.0,8362238000000.0,199386000000.0,3953698000000.0,5875165000000.0,314720000000.0,2093244000000.0,7968409000000.0,257.56,13.25,14.73,2025,사업보고서
100090,SK오션플랜트,KOSPI,보통주,13860.0,7.44,865900000000.0,62478.0,2468279.0,3.97,17.72,4.96,37510843066.0,965388430763.0,333697238779.0,59509493978.0,814544413186.0,1148241651965.0,16871459149.0,662615726791.0,708435867254.0,41797283162.0,713505699944.0,1421941567198.0,57548769236.0,925835675846.0,733064705288.0,75604296314.0,698841961592.0,1431906666880.0,40.97,6.16,4.61,2025,사업보고서
005180,빙그레,KOSPI,보통주,90300.0,-1.85,837000000000.0,9269.0,58732.0,21.67,9.82,7.58,55565434852.0,1489587173794.0,324991726927.0,88357009701.0,743761731819.0,1068753458746.0,103226927609.0,1463041258105.0,281231244140.0,131275792188.0,721843501869.0,1003074746009.0,86218494465.0,1394316382403.0,249119716386.0,112245218200.0,641597543475.0,890717259861.0,43.7,5.93,7.47,2025,사업보고서
499790,GS피앤엘,KOSPI,보통주,42800.0,3.38,848800000000.0,19831.0,46330.0,10.74,26.26,2.29,29943929968.0,481682588524.0,1199894262343.0,78022623652.0,1258600788881.0,2458495051224.0,-1137050920.0,38321549330.0,1032808789681.0,-38200717.0,1236746410784.0,2269555200465.0,,,,,,,95.34,16.2,2.38,2025,사업보고서
298050,HS효성첨단소재,KOSPI,보통주,172800.0,-1.43,774100000000.0,4480.0,7867.0,8.16,20.86,-2.34,15653332610.0,3283044948859.0,3076912544278.0,157433130038.0,826502232236.0,3903414776514.0,78182591757.0,3311227813004.0,2663425624831.0,219722228984.0,1157339482999.0,3820765107830.0,56647051949.0,3202331179495.0,2314974665836.0,174078831457.0,852459250224.0,3167433916060.0,372.28,4.8,1.89,2025,사업보고서
003850,보령,KOSPI,보통주,9040.0,1.57,775500000000.0,85787.0,78942.0,5.74,6.43,7.89,64302934599.0,1017427357548.0,542377563858.0,65066733505.0,845502782078.0,1387880345936.0,69635720165.0,1017106670442.0,379583669062.0,70472227261.0,784503260930.0,1164086929992.0,40213138264.0,859625585767.0,366258950641.0,68267020613.0,549252590413.0,915511541054.0,64.15,6.4,7.61,2025,사업보고서
365550,ESR켄달스퀘어리츠,KOSPI,보통주,3085.0,-1.12,759200000000.0,246089.0,210043.0,39.14,118.65,0.58,-3436388048.0,59557601618.0,1670571944339.0,25859163408.0,1165201595965.0,2835773540304.0,9778739593.0,58696665274.0,1437806131163.0,28703973058.0,1065238293713.0,2503044424876.0,3600540919.0,56876297402.0,1440522320140.0,26551539946.0,1084660805870.0,2525183126010.0,143.37,43.42,-0.29,2025,사업보고서
137310,에스디바이오센서,KOSPI,보통주,6160.0,-0.32,743800000000.0,120749.0,90435.0,5.99,-1.03,-19.5,-513388610274.0,710580825154.0,905853763616.0,-80945179807.0,2336866065607.0,3242719829223.0,-98139678410.0,694573795269.0,956183635797.0,-54057345753.0,2932280852411.0,3888464488208.0,-467904096959.0,655676513230.0,957284648030.0,-248084569658.0,2831546402270.0,3788831050300.0,38.76,-11.39,-21.97,2025,사업보고서
214320,이노션,KOSPI,보통주,18770.0,-0.05,750800000000.0,40000.0,42078.0,20.08,5.87,8.88,108971717082.0,2146040997442.0,1688304121472.0,162799995269.0,1093334133590.0,2781638255062.0,116121811100.0,2120578469848.0,1682701928481.0,155663117200.0,1031880296378.0,2714582224859.0,116716827655.0,2092893299026.0,1622740343199.0,150018225572.0,937468760274.0,2560209103473.0,154.42,7.59,9.97,2025,사업보고서
000670,영풍,KOSPI,보통주,39300.0,-1.75,723500000000.0,18411.0,20521.0,16.26,7.05,-0.23,30876821465.0,2908974321148.0,1983907994996.0,-259688708486.0,4018786224502.0,6002694219498.0,-327809725720.0,2787414358375.0,1716406429617.0,-160701935806.0,3985301285146.0,5701707714763.0,-83369162564.0,3761732632263.0,1285348175271.0,-169812608768.0,4282768794784.0,5568116970055.0,49.37,-8.93,0.77,2025,사업보고서
036530,SNT홀딩스,KOSPI,보통주,45150.0,-1.2,736100000000.0,16304.0,8521.0,12.25,7.4,9.94,219670520931.0,2235693848887.0,869065732057.0,300655857307.0,2393211855066.0,3262277587123.0,246510750990.0,1820513622453.0,699374498185.0,231159021166.0,2133189519610.0,2832564017795.0,164296062870.0,1895715059417.0,748975380687.0,178996899903.0,1952822453624.0,2701797834311.0,36.31,13.45,9.18,2025,사업보고서
456040,OCI,KOSPI,보통주,79300.0,-0.63,709900000000.0,8952.0,25058.0,10.77,82.09,-5.37,-68483852000.0,2009429144000.0,1110990624000.0,440425000.0,1164784174000.0,2275774798000.0,89669461000.0,2215285616000.0,1041423355000.0,110492797000.0,1241622062000.0,2283045417000.0,52204137000.0,1288825675000.0,1006942846000.0,57451316000.0,983528347000.0,1990471193000.0,95.38,0.02,-5.88,2025,사업보고서
005880,대한해운,KOSPI,보통주,2105.0,1.45,679400000000.0,322747.0,1806033.0,12.55,3.83,8.63,173260065058.0,1276968118509.0,1694535639799.0,207164410184.0,2414654404485.0,4109190044284.0,164823503932.0,1747186595917.0,2290699171630.0,328635127660.0,2289682269547.0,4580381441177.0,46354279593.0,1397365391874.0,2880989160205.0,249957270562.0,1846814654142.0,4727803814347.0,70.18,16.22,7.18,2025,사업보고서
003160,디아이,KOSPI,보통주,31250.0,2.63,884400000000.0,28300.0,756546.0,15.46,30.31,3.21,13517288709.0,432293560547.0,187880357649.0,36508298757.0,185897332896.0,373777690545.0,2771028466.0,213957402579.0,151870737375.0,3081395875.0,167739843041.0,319610580416.0,1960664847.0,214541934868.0,119340063760.0,6139629128.0,161249418301.0,280589482061.0,101.07,8.45,7.27,2025,사업보고서
064960,SNT모티브,KOSPI,보통주,26250.0,-2.05,696700000000.0,26540.0,41973.0,12.54,8.41,6.97,69508148662.0,1006373968570.0,259973761177.0,102552954912.0,1019390057900.0,1279363819077.0,104345991126.0,968898049440.0,257030368028.0,98128121434.0,984795341182.0,1241825709210.0,86980060241.0,1136280172201.0,267853621426.0,116628673833.0,943327647914.0,1211181269340.0,25.5,10.19,6.82,2025,사업보고서
093050,LF,KOSPI,보통주,22500.0,2.04,657900000000.0,29240.0,12158.0,13.32,5.8,6.18,117526580469.0,1882430252411.0,1179867229264.0,168111068247.0,1846793949430.0,3026661178694.0,90603001965.0,1956268444555.0,1142187985288.0,126139587434.0,1772778738357.0,2914966723645.0,80053774341.0,1900725823265.0,1042077873710.0,57379138443.0,1713549888020.0,2755627761730.0,63.89,8.93,6.36,2025,사업보고서
317450,명인제약,KOSPI,보통주,44650.0,0.0,651900000000.0,14600.0,6967.0,0.95,6.94,12.28,81435216634.0,287254358952.0,47296540812.0,92498324556.0,794378106390.0,841674647202.0,68670651454.0,269434788789.0,49871470841.0,92754381974.0,531820520796.0,581691991637.0,74511528963.0,242337808007.0,49276132379.0,83618497292.0,472313931277.0,521590063656.0,5.95,32.2,10.25,2025,사업보고서
005690,파미셀,KOSPI,보통주,10500.0,1.16,630000000000.0,60004.0,363147.0,8.04,13.55,38.31,40288986397.0,114061538479.0,33295200831.0,34304034471.0,123877690491.0,157172891322.0,6331277009.0,64851303832.0,12825146702.0,4655636703.0,86439169857.0,99264316559.0,3577983636.0,56227378925.0,12121806513.0,1295996455.0,80396946327.0,92518752840.0,26.88,30.08,32.52,2025,사업보고서
100840,SNT에너지,KOSPI,보통주,32700.0,-2.39,676300000000.0,20681.0,212998.0,1.27,6.16,25.15,84373067879.0,606119987434.0,225095289535.0,111313927765.0,364744033303.0,589839322838.0,34636527846.0,294264258276.0,210326405293.0,22239479490.0,306281786285.0,516608191578.0,22727501737.0,321955650203.0,147149187415.0,20777120986.0,276014273067.0,423163460482.0,61.71,18.36,23.13,2025,사업보고서
017940,E1,KOSPI,보통주,97700.0,-0.71,670200000000.0,6860.0,7823.0,7.14,3.86,5.29,114200487289.0,10392522604756.0,13306387733271.0,324063026338.0,2609252670735.0,15915640404006.0,75658532271.0,11192411812013.0,12454644156663.0,223443150352.0,2533225598910.0,14987869755573.0,211322190990.0,7827737066529.0,2999613874372.0,100571112505.0,2032238352384.0,5031852226756.0,509.97,3.12,4.38,2025,사업보고서
069260,TKG휴켐스,KOSPI,보통주,16320.0,-0.06,667100000000.0,40879.0,51221.0,8.15,10.35,6.77,59207938448.0,1127691137096.0,259893913825.0,65614572005.0,908316322259.0,1168210236084.0,77450978710.0,1188238697698.0,293338426488.0,80802440875.0,874888474177.0,1168226900665.0,134775148834.0,1052689288463.0,259255639095.0,121230241143.0,840458533075.0,1099714172170.0,28.61,5.82,6.52,2025,사업보고서
268280,미원에스씨,KOSPI,보통주,130700.0,-1.28,653500000000.0,5000.0,1465.0,0.58,7.47,14.34,61302751052.0,532122514140.0,100739005312.0,65482438995.0,448498102489.0,549237107801.0,54566854188.0,509267220489.0,105759888855.0,58767118333.0,406341856929.0,512101745784.0,18604640644.0,437672918321.0,88131933996.0,22527162446.0,373055947068.0,461187881064.0,22.46,12.31,13.67,2025,사업보고서
293940,신한알파리츠,KOSPI,보통주,5350.0,-0.74,647000000000.0,120940.0,66128.0,11.29,38.49,1.81,11311947161.0,82852115221.0,2330978618338.0,51085925770.0,813938485823.0,3144917104161.0,12428538238.0,68629689986.0,1834328929444.0,45085207224.0,827840707060.0,2662169636504.0,4652415132.0,58306126000.0,1618713322132.0,33777395713.0,540088453313.0,2158801775445.0,286.38,61.66,1.39,2025,사업보고서
000400,롯데손해보험,KOSPI,보통주,2050.0,-4.43,636200000000.0,310336.0,739529.0,0.82,-43.62,7.29,51331000000.0,,13796795000000.0,64736000000.0,613504000000.0,14410299000000.0,24222000000.0,,14747239000000.0,31061000000.0,794239000000.0,15541478000000.0,285580000000.0,,13610757000000.0,375435000000.0,1301660000000.0,14912417000000.0,2248.85,,8.37,2025,사업보고서
094800,맵스리얼티,KOSPI,보통주,7190.0,0.98,667500000000.0,92834.0,52673.0,2.71,,,,,,,,,,,,,,,,,,,,,,,,2025,사업보고서
002960,한국쉘석유,KOSPI,보통주,499500.0,0.5,649400000000.0,1300.0,597.0,58.47,12.67,36.04,48227962489.0,344959163929.0,59902688775.0,52781327678.0,140361831154.0,200264519929.0,36654972144.0,327169149754.0,64020495113.0,45955067339.0,127275601718.0,191296096831.0,37379114562.0,320486205004.0,62221361302.0,42296587917.0,126150255265.0,188371616567.0,42.68,15.3,34.36,2025,사업보고서
014820,동원시스템즈,KOSPI,보통주,21700.0,-2.25,629100000000.0,28991.0,30852.0,13.91,10.03,6.33,53724930722.0,1372874325188.0,668078508038.0,66155675299.0,862644280784.0,1530722788822.0,72514840371.0,1334257031663.0,716177688598.0,91904557765.0,836434543858.0,1552612232456.0,64350437874.0,1276650646414.0,761806993435.0,80851256459.0,774050786167.0,1535857779602.0,77.45,4.82,6.23,2025,사업보고서
000640,동아쏘시오홀딩스,KOSPI,보통주,92600.0,-1.49,623400000000.0,6733.0,12692.0,17.03,7.31,8.32,91466489869.0,1429766810735.0,927773911607.0,97772974663.0,1151530812147.0,2079304723754.0,57573399359.0,1333229636666.0,966546316740.0,82094664924.0,1063937470276.0,2030483787016.0,55863039721.0,1132002860400.0,929797048609.0,76881723048.0,1027309301757.0,1957106350366.0,80.57,6.84,7.94,2025,사업보고서
001060,JW중외제약,KOSPI,보통주,27500.0,1.29,640400000000.0,23286.0,37639.0,7.34,6.76,17.6,61511192817.0,775298057923.0,235903567710.0,94460987932.0,369369599885.0,605273167595.0,65040120873.0,719375756340.0,275111775158.0,82488136816.0,329486742125.0,604598517283.0,38430259560.0,748526707817.0,379598339300.0,100303770111.0,265440456801.0,645038796101.0,63.87,12.18,16.65,2025,사업보고서
248070,솔루엠,KOSPI,보통주,12910.0,1.02,617300000000.0,47816.0,50983.0,19.04,64.87,2.74,14186712359.0,1700246425329.0,713750108979.0,46500186977.0,562770784623.0,1276520893602.0,37687785051.0,1594442254779.0,548377732430.0,69087394974.0,434353083187.0,982730815617.0,119406604562.0,1951087864184.0,538712266708.0,154515562835.0,399932287676.0,938644554384.0,126.83,2.73,2.52,2025,사업보고서
033240,자화전자,KOSPI,보통주,30600.0,9.48,661100000000.0,21606.0,210325.0,12.69,5.92,11.15,47130948352.0,848919780257.0,333169120868.0,41997195908.0,444654832356.0,777823953224.0,16619185505.0,681144518352.0,317147270863.0,44961233047.0,400535767145.0,717683038008.0,-24425683991.0,503330314586.0,312897493410.0,-16355712201.0,379749977555.0,692647470965.0,74.93,4.95,10.6,2025,사업보고서
002350,넥센타이어,KOSPI,보통주,6080.0,0.0,593800000000.0,97668.0,74093.0,10.88,4.11,7.71,151173987164.0,3189610448781.0,2655057838506.0,170297371324.0,2054456537364.0,4709514375870.0,126718873995.0,2847925036412.0,2702865100532.0,172136969776.0,1871609370421.0,4574474470953.0,103115550054.0,2701720151279.0,2527778745177.0,186991098059.0,1704882809392.0,4232661554569.0,129.23,5.34,7.36,2025,사업보고서
002990,금호건설,KOSPI,보통주,16090.0,-2.54,599500000000.0,37260.0,3198530.0,0.0,7.76,26.79,62380067861.0,2018488470870.0,1261873459343.0,47084246190.0,242559560283.0,1504433019626.0,-228542567313.0,1914191087195.0,1327331892723.0,-181828149572.0,225439415336.0,1552771308059.0,746269594.0,2217626015573.0,1222548339400.0,21804193710.0,469814438482.0,1692362777882.0,520.23,2.33,25.72,2025,사업보고서
001570,금양,KOSPI,보통주,9900.0,0.0,633300000000.0,63967.0,0.0,5.09,-10.07,-13.87,-69041847124.0,102780898535.0,761490705739.0,-44660871685.0,460577235489.0,1222067941228.0,-186089905780.0,153730068660.0,762397544483.0,-56002221720.0,494536343970.0,1256933888453.0,-60356260825.0,152030952048.0,456932096288.0,-14608343494.0,246535275351.0,703467371639.0,165.33,-43.45,-14.99,2025,사업보고서
001680,대상,KOSPI,보통주,19210.0,0.84,665600000000.0,34648.0,176340.0,16.51,-2.31,-24.42,-303088987280.0,4401305371276.0,2382199703977.0,169282317428.0,1096948855862.0,3479148559839.0,96688841815.0,4255134757567.0,2062236472429.0,176941145485.0,1447598637619.0,3509835110048.0,68563901324.0,4107493943805.0,1990623422846.0,123716647215.0,1343746604632.0,3334370027478.0,217.17,3.85,-27.63,2025,사업보고서
0220W0,한화머시너리앤서비스홀딩스,KOSPI,보통주,6710.0,8.4,567100000000.0,84516.0,5140733.0,15.55,,,,,,,,,,,,,,,,,,,,,,,,2025,사업보고서
002840,미원상사,KOSPI,보통주,130000.0,-1.07,585000000000.0,4500.0,2744.0,2.87,11.69,10.66,43521733029.0,441137509663.0,76510174483.0,43607590772.0,416384564328.0,492894738811.0,50549440013.0,435797799410.0,78232426252.0,59945950557.0,400463662799.0,478696089051.0,61015747625.0,421367350652.0,69598936992.0,67238827320.0,377967231783.0,447566168775.0,18.37,9.89,10.45,2025,사업보고서
383800,LX홀딩스,KOSPI,보통주,8190.0,0.86,624700000000.0,76281.0,53264.0,13.02,5.51,7.01,135595000000.0,41293000000.0,357750000000.0,133398000000.0,2000182000000.0,2357932000000.0,160279000000.0,40673000000.0,35690000000.0,156017000000.0,1869328000000.0,1905018000000.0,78842000000.0,37913000000.0,35679000000.0,73176000000.0,1662848000000.0,1698527000000.0,17.89,323.05,6.78,2025,사업보고서
006650,대한유화,KOSPI,보통주,96700.0,0.31,628600000000.0,6500.0,32437.0,12.68,8.53,1.74,55896051028.0,3347821791902.0,618855781516.0,52668902480.0,2081469764215.0,2700325545731.0,-8528518983.0,2800102662159.0,412100919394.0,-59892625042.0,1807642130951.0,2219743050345.0,-29040720790.0,2499972627941.0,371702112202.0,-62321327716.0,1824790602135.0,2196492714337.0,29.73,1.57,2.69,2025,사업보고서
006380,카프로,KOSPI,보통주,3660.0,0.0,618500000000.0,169000.0,0.0,0.08,-28.15,-39.23,-32360115936.0,24637580909.0,164896597652.0,-21120021206.0,76798528456.0,241695126108.0,33187685346.0,5149957128.0,150981955753.0,-8414278988.0,88175526950.0,239157482703.0,-49109417604.0,7126016148.0,240136624028.0,-1749082744.0,-23332040485.0,216804583543.0,214.71,-85.72,-42.14,2025,사업보고서
453340,현대그린푸드,KOSPI,보통주,18790.0,1.73,610100000000.0,32472.0,29887.0,15.91,5.88,12.46,87737987000.0,2329622621000.0,300054314000.0,106794924000.0,729519039000.0,1029573353000.0,74463529000.0,2270420052000.0,285404788000.0,96676372000.0,670221485000.0,955626273000.0,39327155000.0,1826998311000.0,251806216000.0,64841641000.0,628510987000.0,880317203000.0,41.13,4.58,12.03,2025,사업보고서
075580,세진중공업,KOSPI,보통주,10280.0,0.88,584400000000.0,56849.0,46514.0,2.39,9.12,24.35,59844468153.0,402686260726.0,338269567228.0,73388632210.0,299494086856.0,637763654084.0,22021454684.0,352376572888.0,371486102583.0,35979489245.0,249391451944.0,620877554527.0,22730327421.0,384796445852.0,312332840336.0,33554734501.0,231686076362.0,544018916698.0,112.95,18.22,19.98,2025,사업보고서
108320,LX세미콘,KOSPI,보통주,36200.0,1.69,588800000000.0,16264.0,75006.0,29.05,10.14,7.49,82633081344.0,1639070665791.0,274236911903.0,108856055553.0,1125606564582.0,1399843476485.0,130509153930.0,1865621538499.0,420215422354.0,167076803816.0,1079586526506.0,1499801948860.0,101203533006.0,1901444975029.0,228301207505.0,129035656339.0,976763737232.0,1205064944737.0,24.36,6.64,7.34,2025,사업보고서
079900,전진건설로봇,KOSPI,보통주,41500.0,-0.6,605600000000.0,14593.0,149826.0,0.24,17.28,20.58,29246401890.0,190660739993.0,73601752623.0,28718922607.0,156587716209.0,230189468832.0,31404637943.0,169785980240.0,64838435404.0,31345210502.0,154397892502.0,219236327906.0,28947782333.0,158370290546.0,53925351455.0,32904822481.0,104391147207.0,158316498662.0,47.0,15.06,18.68,2025,사업보고서
001510,SK증권,KOSPI,보통주,2430.0,1.25,562000000000.0,231295.0,1999725.0,0.51,11.74,5.0,28702851671.0,,6254917857647.0,7785938575.0,604618254601.0,6859536112248.0,-83270261783.0,,5550018800036.0,-107876388585.0,559276595602.0,6109295395638.0,3187786850.0,,5801855293366.0,13097857611.0,647238478234.0,6449093771600.0,1034.52,,4.75,2025,사업보고서
114090,GKL,KOSPI,보통주,9580.0,2.02,592600000000.0,61856.0,70715.0,11.97,12.57,11.01,47072361742.0,422947217924.0,209818436317.0,52644453601.0,441452020522.0,651270456839.0,33060332413.0,396390016167.0,202686629847.0,38324545939.0,413545764357.0,616232394204.0,43848395239.0,396693647873.0,227557871552.0,51017881015.0,411810411984.0,639368283536.0,47.53,12.45,10.66,2025,사업보고서
003300,한일홀딩스,KOSPI,보통주,18700.0,-1.53,576500000000.0,30831.0,4646.0,3.81,10.56,1.91,61940513546.0,1930489160379.0,1386581594916.0,123224218366.0,2349825497227.0,3736407092143.0,198508013482.0,2248742514757.0,1404784278901.0,279313951093.0,2304234455798.0,3709018734699.0,180328429043.0,2363057189359.0,1361965047637.0,262027026206.0,2197825203650.0,3559790251287.0,59.01,6.38,2.64,2025,사업보고서
001530,DI동일,KOSPI,보통주,27600.0,2.79,571800000000.0,20716.0,26565.0,4.51,89.9,-1.8,-9968597538.0,601351665454.0,504274251329.0,-1544756113.0,520481606131.0,1024755857460.0,2502884010.0,651725598894.0,449411248598.0,7810548526.0,564332201147.0,1013743449745.0,5995805541.0,682872127202.0,370119040311.0,6304538045.0,605534194418.0,975653234729.0,96.89,-0.26,-1.92,2025,사업보고서
090460,비에이치,KOSPI,보통주,21850.0,10.75,736600000000.0,33712.0,2926725.0,8.77,9.01,4.24,40648029171.0,1792660286542.0,579680300070.0,53978420775.0,790820471433.0,1370500771503.0,77590055772.0,1754441744291.0,578970235782.0,87053422982.0,740898515355.0,1319868751137.0,84855132551.0,1591992250709.0,438800022718.0,84792055684.0,650561021927.0,1089361044645.0,73.3,3.01,5.14,2025,사업보고서
001270,부국증권,KOSPI,보통주,52100.0,-0.38,540300000000.0,10370.0,3896.0,1.1,17.34,5.69,45640937410.0,965463610904.0,978659889416.0,56777193314.0,833260950620.0,1811920840036.0,30952554750.0,779174975982.0,881102905317.0,36674404410.0,770265469916.0,1651368375233.0,57306543254.0,815040553001.0,1012607100628.0,69108709126.0,757884918859.0,1770492019487.0,117.45,5.88,5.48,2025,사업보고서
058650,세아홀딩스,KOSPI,보통주,133600.0,-0.45,566800000000.0,4242.0,364.0,1.37,5.3,2.93,85883534732.0,6611085565727.0,3102024036289.0,175467417940.0,3088757914675.0,6190781950964.0,34169891736.0,6016826083760.0,2955434363327.0,99186065812.0,3150105651595.0,6105540014922.0,131836418211.0,6419203603021.0,2681649312707.0,200772104770.0,3107732925975.0,5789382238682.0,100.43,2.65,2.78,2025,사업보고서
178920,PI첨단소재,KOSPI,보통주,19030.0,0.85,558800000000.0,29366.0,19903.0,14.65,13.68,8.8,30385165747.0,263421091422.0,109604647279.0,43038925899.0,355154473586.0,464759120865.0,22271672089.0,251295439548.0,192534966526.0,33826470964.0,335159977783.0,527694944309.0,-3439873919.0,217639383722.0,204849742554.0,-5582091812.0,313274736787.0,518124479341.0,30.86,16.34,8.56,2025,사업보고서
007700,F&F홀딩스,KOSPI,보통주,14190.0,-0.07,555000000000.0,39114.0,10199.0,0.42,3.37,5.56,367905656969.0,1933800848582.0,700781175716.0,434194766171.0,3642862629037.0,4343643804753.0,321989239159.0,1898301562891.0,663353855362.0,416366707580.0,3369899587839.0,4033253443201.0,393602925421.0,1986296503879.0,645468239044.0,514391689043.0,3195056318742.0,3840524557786.0,19.24,22.45,10.1,2025,사업보고서
025540,한국단자,KOSPI,보통주,55800.0,2.01,564400000000.0,10115.0,21907.0,28.25,4.63,9.47,106155718000.0,1442849979000.0,396261360000.0,139253322000.0,1161783464000.0,1558044824000.0,142523446000.0,1509791409000.0,488008902000.0,171313335000.0,1076241953000.0,1564250855000.0,72856237000.0,1296939956000.0,493288440000.0,111745138000.0,931763325000.0,1425051765000.0,34.11,9.65,9.14,2025,사업보고서
016380,KG스틸,KOSPI,보통주,5590.0,0.0,559000000000.0,100009.0,145392.0,6.21,3.01,6.73,135541251751.0,3193444424500.0,1045253739517.0,150747044427.0,2055486553860.0,3100740293377.0,132467061440.0,3300982020646.0,1381154118863.0,206016382810.0,1960217245439.0,3341371364302.0,235222297338.0,3429848200193.0,1304937566020.0,280410835368.0,1890576488340.0,3195514054360.0,50.85,4.72,6.59,2025,사업보고서
005810,풍산홀딩스,KOSPI,보통주,37100.0,-0.54,534900000000.0,14417.0,8424.0,12.14,5.14,6.57,74363461619.0,432529869131.0,181539589876.0,66801089250.0,1172765563682.0,1354305153558.0,99951700285.0,449393916995.0,203669595007.0,104749837969.0,1115463598070.0,1319133193077.0,83387284452.0,406728730515.0,170346888480.0,67837648307.0,1023904316175.0,1194251204655.0,15.48,15.44,6.34,2025,사업보고서
336370,솔루스첨단소재,KOSPI,보통주,7450.0,0.95,523100000000.0,70212.0,39990.0,2.78,16.48,-9.15,-138394465215.0,616083220023.0,1214887968135.0,-73336006541.0,945628850900.0,2160516819035.0,-42689618619.0,570949198601.0,987931457327.0,-54418745322.0,1091463651219.0,2079395108546.0,126771745557.0,429422392943.0,648534252541.0,-73207987858.0,1058188198539.0,1706722451080.0,128.47,-11.9,-14.64,2025,사업보고서
003620,KG모빌리티,KOSPI,보통주,2635.0,-0.75,533300000000.0,202375.0,425768.0,17.87,5.7,3.21,46571489864.0,4303636808271.0,1884654616602.0,36155571131.0,1484549777823.0,3369204394425.0,33844431596.0,3905069387798.0,1683909503308.0,1432909587.0,1420542693233.0,3104452196541.0,8924265072.0,3736368968570.0,1553357901148.0,12547597407.0,1082699001177.0,2636056902325.0,126.95,0.84,3.14,2025,사업보고서
284740,쿠쿠홈시스,KOSPI,보통주,23500.0,1.29,527300000000.0,22437.0,15057.0,9.55,3.83,11.7,134319541308.0,1121342626136.0,313829152805.0,169362970577.0,1266323716076.0,1580152868881.0,139906213287.0,1057208774499.0,334896272718.0,169980712798.0,1060838461634.0,1395734734352.0,131682904872.0,954551724190.0,238828611222.0,158706295880.0,909665839157.0,1148494450379.0,24.78,15.1,10.61,2025,사업보고서
019170,신풍제약,KOSPI,보통주,10010.0,-0.89,524700000000.0,52419.0,326018.0,4.61,-667.33,3.35,8389168304.0,234680653227.0,81738685157.0,14255167972.0,270727639232.0,352466324389.0,-15373463449.0,221094069689.0,84002936786.0,-20455432597.0,258089868288.0,342092805074.0,-57272531694.0,200228582505.0,79301495101.0,-47392405096.0,270782144698.0,350083639799.0,30.19,6.07,3.1,2025,사업보고서
460860,동국제강,KOSPI,보통주,10510.0,-1.5,521400000000.0,49608.0,192835.0,26.49,36.12,0.46,8231853074.0,3203431341223.0,2249953412630.0,59380409698.0,1884321017339.0,4134274429969.0,34835234266.0,3527525783006.0,1492183763192.0,102474077764.0,1701831258254.0,3194015021446.0,142170864518.0,2632104129307.0,1810426229169.0,235489924847.0,1721360857067.0,3531787086236.0,119.4,1.85,0.44,2025,사업보고서
039130,하나투어,KOSPI,보통주,32500.0,0.15,503400000000.0,15490.0,21443.0,11.32,12.81,19.79,48091672930.0,586902971424.0,490408511927.0,57626875763.0,167123092679.0,657531604606.0,99079352536.0,616606993658.0,488252515727.0,50919001973.0,180536987571.0,668789503298.0,59056762065.0,411611609463.0,485292298418.0,34047986427.0,159304079247.0,644596377665.0,293.44,9.82,28.78,2025,사업보고서
009410,태영건설,KOSPI,보통주,1687.0,0.72,502000000000.0,297590.0,270862.0,0.54,3.0,11.28,95829321273.0,2174483568714.0,3484163079501.0,52789167779.0,642890379557.0,4127053459058.0,66803953317.0,2686174110954.0,3796724785337.0,20642182140.0,527198971669.0,4323923757006.0,-1456960619972.0,3352921775830.0,5080708761456.0,-404531815195.0,-440220201594.0,4640488559862.0,541.95,2.43,14.91,2025,사업보고서
008060,대덕,KOSPI,보통주,14520.0,-1.69,454300000000.0,31287.0,112715.0,14.99,13.12,0.59,6226179828.0,1384989854344.0,388480733168.0,11312935746.0,1449629713905.0,1838110447073.0,42964643518.0,1267194760967.0,299989343198.0,8416757822.0,1517772874977.0,1817762218175.0,35936036808.0,1279256573243.0,340057451171.0,31327712975.0,1495255174827.0,1835312625998.0,26.8,0.82,0.43,2025,사업보고서
448730,삼성FN리츠,KOSPI,보통주,5240.0,1.55,477100000000.0,91050.0,27952.0,0.37,145.56,0.8,3068333554.0,12236124626.0,461532884850.0,7403212797.0,406545673447.0,868078558297.0,3086977678.0,12150537521.0,461313360458.0,7548647482.0,409730339893.0,871043700351.0,3457405892.0,11783527374.0,461148418304.0,8191841928.0,412896168133.0,874044586437.0,113.53,60.5,0.75,2025,사업보고서
001500,현대차증권,KOSPI,보통주,7920.0,1.28,489700000000.0,61833.0,76843.0,2.88,7.64,4.21,57735000000.0,,10953063000000.0,72252000000.0,1443326000000.0,12396389000000.0,36150000000.0,,10689901000000.0,54691000000.0,1302095000000.0,11991996000000.0,53511000000.0,,10307455000000.0,65170000000.0,1277802000000.0,11585257000000.0,758.88,,4.0,2025,사업보고서
034310,NICE,KOSPI,보통주,12620.0,1.61,463900000000.0,36757.0,20445.0,8.9,22.62,4.98,76572424408.0,3242560195759.0,2275860432769.0,198097014621.0,1404485211551.0,3680345644320.0,100883643521.0,3038327065807.0,2129112538772.0,174263701108.0,1392768409037.0,3521880947809.0,19000281399.0,2818916782455.0,2166601589788.0,96985264990.0,1317521695764.0,3484123285552.0,162.04,6.11,5.45,2025,사업보고서
161000,애경케미칼,KOSPI,보통주,10540.0,1.15,512800000000.0,48649.0,154401.0,0.03,25.71,-0.41,-4932144000.0,1452334759000.0,677902908000.0,-10193301000.0,716362404000.0,1394265312000.0,8528451000.0,1642244566000.0,615478243000.0,15459353000.0,740953977000.0,1356432220000.0,32973866000.0,1793735843000.0,572037722000.0,45060222000.0,736322931000.0,1308360653000.0,94.63,-0.7,-0.69,2025,사업보고서
010780,아이에스동서,KOSPI,보통주,15740.0,0.45,475100000000.0,30187.0,64448.0,6.87,5.8,-4.13,-71817706724.0,1234356436787.0,2036654090129.0,68122603774.0,1421331007998.0,3457985098127.0,-160188124268.0,1514572538167.0,1996798520994.0,169672413030.0,1557190039328.0,3553988560322.0,160256444657.0,2029440057224.0,2465162333779.0,340521475822.0,1772210982308.0,4237373316087.0,143.29,5.52,-5.05,2025,사업보고서
377740,바이오노트,KOSPI,보통주,4790.0,-0.21,488000000000.0,101886.0,41639.0,0.57,-3.89,-5.56,-87497889504.0,118323544203.0,44645305237.0,16705690020.0,1511246700932.0,1555892006169.0,55261403734.0,102780333919.0,61384157458.0,12215167998.0,1635773099144.0,1697157256602.0,-20496527310.0,90080965589.0,36266411140.0,-47041101526.0,1556575913051.0,1592842324191.0,2.95,14.12,-5.79,2025,사업보고서
004690,삼천리,KOSPI,보통주,136700.0,0.15,495800000000.0,3627.0,9261.0,12.2,4.02,6.84,131326078663.0,5275461012669.0,2576970582316.0,159630890886.0,1882344303995.0,4459314886311.0,121658500696.0,5120527432173.0,2757654283604.0,114302576748.0,1760543940050.0,4518198223654.0,145238917827.0,5664041261167.0,2757736685404.0,174490517245.0,1675029499699.0,4432766185103.0,136.9,3.03,6.98,2025,사업보고서
005250,녹십자홀딩스,KOSPI,보통주,9900.0,0.51,465600000000.0,47028.0,114675.0,7.81,-4.02,-7.34,-41819513911.0,2451476280927.0,2305403194573.0,36227417620.0,1763769240472.0,4069172435045.0,-11089572564.0,2204855223217.0,1818397075103.0,-10716124374.0,1852175173527.0,3670572248630.0,-72793909756.0,2057935704611.0,1856165582345.0,-16437917061.0,1881541819965.0,3737707402310.0,130.71,1.48,-2.37,2025,사업보고서
145990,삼양사,KOSPI,보통주,46600.0,-1.69,480600000000.0,10313.0,3710.0,5.22,-1.59,-18.8,-302363245003.0,2562499706149.0,1840402506721.0,111724649074.0,1785046333932.0,3625448840653.0,136441364604.0,2671821461625.0,1372245218680.0,133523122893.0,1947681281235.0,3319926499915.0,121996688282.0,2651439171359.0,1492906504328.0,113199757649.0,1712094550179.0,3205001054507.0,103.1,4.36,-16.94,2025,사업보고서
002240,고려제강,KOSPI,보통주,17220.0,0.12,464900000000.0,27000.0,10366.0,6.84,9.57,0.53,4602609973.0,1809183329321.0,698402110438.0,40722957585.0,1961649790761.0,2660051901199.0,32914628918.0,1739609163820.0,681869875402.0,26107109844.0,1927107971605.0,2608977847007.0,64526770048.0,1788877688439.0,656069963664.0,56316856694.0,1795210680578.0,2451280644242.0,35.6,2.25,0.23,2025,사업보고서
000070,삼양홀딩스,KOSPI,보통주,60500.0,-0.82,469700000000.0,7763.0,3264.0,8.21,-2.49,-10.17,-298132876106.0,3348286833611.0,2619520717525.0,108765726889.0,2652535097234.0,5272055814759.0,89491916474.0,3415010545333.0,2292419017261.0,108027883729.0,2998088452026.0,5290507469287.0,227014034818.0,3088156229092.0,2357921004575.0,84150375855.0,2796536317013.0,5154457321588.0,98.76,3.25,-11.24,2025,사업보고서
249420,일동제약,KOSPI,보통주,15030.0,-0.46,475500000000.0,31638.0,512606.0,5.58,10.84,13.59,23697717396.0,566933738499.0,333517064238.0,19476874942.0,239513589413.0,573030653651.0,-12401686791.0,614940882569.0,429985294537.0,13118781240.0,159057600668.0,589042895205.0,-80961049475.0,600757839592.0,436995279217.0,-53943619731.0,174265577828.0,611260857045.0,139.25,3.44,9.89,2025,사업보고서
029460,케이씨,KOSPI,보통주,38000.0,3.26,418800000000.0,11021.0,23546.0,13.88,8.87,5.45,50439874020.0,797344487484.0,184334994155.0,46462702378.0,968715489174.0,1153050483329.0,51462269317.0,738488124124.0,189293618423.0,27977590175.0,857551793904.0,1046845412327.0,61447751633.0,727022218779.0,197391479176.0,66380698421.0,864919790892.0,1062311270068.0,19.03,5.83,5.21,2025,사업보고서
014830,유니드,KOSPI,보통주,64800.0,0.15,438500000000.0,6768.0,13648.0,12.34,5.03,6.23,65259133113.0,1338757918765.0,441902160687.0,87908807724.0,1081887669182.0,1523789829869.0,76234953850.0,1111631182007.0,352543859657.0,95444584358.0,1012258117518.0,1364801977175.0,16264874026.0,1133715006136.0,356024268041.0,32068843108.0,903111516380.0,1259135784421.0,40.85,6.57,6.03,2025,사업보고서
002030,아세아,KOSPI,보통주,206500.0,0.0,425200000000.0,2059.0,1063.0,5.36,15.35,2.65,51275842000.0,1884464676000.0,1283391333000.0,111030477000.0,2035747890000.0,3319139223000.0,108442511000.0,2007423276000.0,1304355185000.0,172421989000.0,2029923970000.0,3334279155000.0,175601383000.0,2115887323000.0,1291990928000.0,240394994000.0,1980095079000.0,3272086007000.0,63.04,5.89,2.52,2025,사업보고서
072710,농심홀딩스,KOSPI,보통주,94200.0,-0.32,436900000000.0,4638.0,1781.0,4.28,3.31,9.03,114580782443.0,858816121290.0,515757843121.0,81116780194.0,1320947495730.0,1836705338851.0,74850327802.0,798272530395.0,393969146885.0,86638898915.0,1217526082411.0,1611495229296.0,67264054937.0,769496371794.0,380779227828.0,75309845521.0,1124279984014.0,1505059211842.0,39.04,9.45,8.67,2025,사업보고서
092230,KPX홀딩스,KOSPI,보통주,98600.0,-0.3,416600000000.0,4225.0,2927.0,28.51,1.38,7.5,116716502340.0,1163725582000.0,534897962388.0,42963988071.0,1641915205141.0,2176813167529.0,118779477894.0,1223942110308.0,467827693533.0,51133047274.0,1550326592151.0,2018154285684.0,137402456691.0,1207010159501.0,465634459176.0,65375088832.0,1463012190805.0,1928646649981.0,32.58,3.69,7.11,2025,사업보고서
317400,자이에스앤디,KOSPI,보통주,11230.0,-0.09,435500000000.0,38783.0,797573.0,4.42,12.26,6.42,37119411185.0,1387596056216.0,493913412866.0,12505665943.0,696004064996.0,1189917477862.0,6643969410.0,1578173429989.0,639120136968.0,2376244362.0,666115579509.0,1305235716477.0,94998070797.0,2374632695604.0,775629628554.0,126591961231.0,793535252292.0,1569164880846.0,70.96,0.9,5.33,2025,사업보고서
017900,광전자,KOSPI,보통주,7070.0,2.76,409700000000.0,57944.0,456515.0,17.85,36.82,1.77,4226529140.0,132685277641.0,17171499881.0,1204703470.0,241121478304.0,258292978185.0,10620128567.0,130189190329.0,21589720855.0,1473042384.0,239242200373.0,260831921228.0,-1063414462.0,125705279635.0,19655544304.0,-4405094540.0,231524927819.0,251180472123.0,7.12,0.91,1.75,2025,사업보고서
004700,조광피혁,KOSPI,보통주,64100.0,-1.38,426200000000.0,6649.0,118.0,0.62,42.73,2.06,11541573362.0,97880064978.0,84133319601.0,8789865516.0,577863111460.0,661996431061.0,12604990949.0,90248381146.0,75372431014.0,7225967465.0,543391319155.0,618763750169.0,9045801556.0,126567009199.0,69790234659.0,6344169361.0,434710151011.0,504500385670.0,14.56,8.98,2.0,2025,사업보고서
005420,코스모화학,KOSPI,보통주,10310.0,-1.25,396000000000.0,38408.0,75746.0,4.82,-20.42,-13.52,-30961125757.0,664155164378.0,584052108436.0,-15986153874.0,584313905841.0,1168366014277.0,-52284123649.0,749281395087.0,613616795423.0,-2000900280.0,590712804094.0,1204329599517.0,-7469918831.0,798983652893.0,446543561144.0,3005594005.0,644489609739.0,1091033170883.0,99.96,-2.41,-5.3,2025,사업보고서
003030,세아제강지주,KOSPI,보통주,103000.0,-1.25,426600000000.0,4142.0,14739.0,8.45,-3.64,3.11,97853853614.0,3759574982771.0,3313662457400.0,205826153302.0,2733117514567.0,6046779971967.0,117043515792.0,3675086864147.0,2897364493988.0,211611279793.0,2658209264520.0,5555573758508.0,409652266510.0,3913342472741.0,1951857663889.0,590946429587.0,2388898332220.0,4340755996109.0,121.24,5.47,3.58,2025,사업보고서
403550,쏘카,KOSPI,보통주,11330.0,1.98,429900000000.0,37940.0,7811.0,0.32,-24.58,-10.56,-18389076242.0,470702674379.0,423222764694.0,23248933130.0,164872262389.0,588095027083.0,-31009006010.0,431763084374.0,448049075006.0,-9800724573.0,183467679227.0,631516754233.0,-42333536519.0,398471745542.0,467284133227.0,-9690085854.0,211739104490.0,679023237717.0,256.7,4.94,-11.15,2025,사업보고서
001200,유진투자증권,KOSPI,보통주,4355.0,0.81,421900000000.0,96866.0,377190.0,10.9,3.79,5.91,64538264177.0,1694075188265.0,9916557486041.0,84440893235.0,1132470877280.0,11049028363321.0,49619329316.0,1652599784559.0,8595331993613.0,58338142158.0,1051376155736.0,9646708149349.0,30696475248.0,1647662690835.0,7687427343652.0,27039374857.0,1011904699588.0,8699332043240.0,875.66,4.98,5.7,2025,사업보고서
016590,신대양제지,KOSPI,보통주,10500.0,0.48,423100000000.0,40298.0,4262.0,1.94,12.93,3.83,22272440036.0,639529019559.0,201750168566.0,22240505362.0,721148901759.0,922899070325.0,33264061430.0,658502364521.0,183832235420.0,29284139868.0,692090313315.0,875922548735.0,51251648060.0,645359891647.0,189456582350.0,58513877508.0,686755610418.0,876212192768.0,27.98,3.48,3.09,2025,사업보고서
016610,DB증권,KOSPI,보통주,9950.0,0.51,422300000000.0,42446.0,49830.0,9.49,4.69,7.66,95458788281.0,1921987648624.0,13001159728772.0,116698438500.0,1263573239071.0,14264732967843.0,52937573718.0,1318537932981.0,9496592720797.0,61858580381.0,1174049116712.0,10670641837509.0,12526271139.0,1206986042160.0,9038074593682.0,21296499824.0,1173885264629.0,10211959858311.0,1028.92,6.07,7.55,2025,사업보고서
130660,한전산업,KOSPI,보통주,12000.0,-0.41,391200000000.0,32600.0,287899.0,2.4,80.54,3.71,4060067783.0,394548141840.0,101464870203.0,6574990617.0,103060664504.0,204525534707.0,11626722115.0,367526889292.0,104361127264.0,16143683837.0,115619790519.0,219980917783.0,15541995837.0,363261295971.0,100167696271.0,26038104194.0,103473245094.0,203640941365.0,98.45,1.67,3.94,2025,사업보고서
009900,명신산업,KOSPI,보통주,8630.0,11.07,452800000000.0,52470.0,1467289.0,5.56,5.09,9.4,68334903349.0,1619154581776.0,651835347699.0,102591824890.0,768885710570.0,1420721058269.0,129093643417.0,1573818204184.0,512838006337.0,148119754582.0,697476492867.0,1210314499204.0,152651612715.0,1738905096629.0,509720440831.0,208112383711.0,535155557097.0,1044875997928.0,84.78,6.34,8.89,2025,사업보고서
008730,율촌화학,KOSPI,보통주,16260.0,-1.39,403200000000.0,24800.0,43280.0,5.7,80.5,1.43,4165013001.0,485382903935.0,395344319586.0,8514206208.0,292217763376.0,687562082962.0,-8530216577.0,457078095305.0,364539143448.0,-18354577060.0,290930427545.0,655469570993.0,-19085174206.0,414490610375.0,372689000671.0,-16200386104.0,306262065981.0,678951066652.0,135.29,1.75,1.43,2025,사업보고서
484870,엠앤씨솔루션,KOSPI,보통주,16560.0,-4.17,454800000000.0,27462.0,133086.0,7.51,10.61,25.32,45587701777.0,403348735243.0,208240784443.0,56064984646.0,194707837792.0,402948622235.0,26964425031.0,282796626108.0,191727483272.0,34824919168.0,165385831216.0,357113314488.0,14531236179.0,183449862293.0,246964075802.0,20656059764.0,81792390339.0,328756466141.0,106.95,13.9,23.41,2025,사업보고서
003000,부광약품,KOSPI,보통주,4080.0,0.99,402600000000.0,98665.0,347761.0,6.7,44.35,4.3,12433079755.0,200714183691.0,135362536191.0,14163801286.0,340932074140.0,476294610331.0,-3458761838.0,160086870107.0,129034731764.0,1617661424.0,244145580064.0,373180311828.0,-34406512167.0,125928240771.0,194752377153.0,-37496760003.0,234264672245.0,429017049398.0,39.7,7.06,3.65,2025,사업보고서
003280,흥아해운,KOSPI,보통주,1724.0,1.47,414500000000.0,240425.0,2987973.0,1.74,17.59,12.66,30324384354.0,180812754057.0,192913139530.0,11275759234.0,259908884187.0,452822023717.0,39961399082.0,188000981753.0,209520122001.0,27541001667.0,234039195529.0,443559317530.0,34733504205.0,164811542047.0,154939133840.0,24563227868.0,170714205597.0,325653339437.0,74.22,6.24,11.67,2025,사업보고서
002810,삼영무역,KOSPI,보통주,22050.0,-1.12,407200000000.0,18467.0,17726.0,20.26,6.07,10.06,61352454987.0,446867820266.0,104299998627.0,12762460946.0,666743914687.0,771043913314.0,62583990331.0,480191108812.0,112276372181.0,18360036943.0,616433034895.0,728709407076.0,55062738980.0,476810216001.0,120001032866.0,17182275919.0,555611487697.0,675612520563.0,15.64,2.86,9.2,2025,사업보고서
357120,코람코라이프인프라리츠,KOSPI,보통주,4075.0,-1.57,396600000000.0,97335.0,166912.0,1.6,52.92,,6673467256.0,38554129732.0,807665888748.0,24157963679.0,480457433054.0,1288123321802.0,12267643841.0,34858080435.0,786272673824.0,25505174795.0,489675383727.0,1275948057551.0,23754780543.0,48494556591.0,777593394467.0,35648009165.0,501625191771.0,1279218586238.0,168.1,62.66,1.39,2025,사업보고서
0120G0,삼양바이오팜,KOSPI,보통주,49850.0,3.53,370700000000.0,7436.0,52179.0,2.37,26.79,,2236509935.0,28594373504.0,104548880007.0,2691177859.0,234733712990.0,339282592997.0,,,,,,,,,,,,,44.54,9.41,0.95,2025,사업보고서
192650,드림텍,KOSPI,보통주,6300.0,2.94,415100000000.0,65887.0,411997.0,58.85,-45.32,0.02,13246702211.0,1230621374284.0,378968077918.0,31373220604.0,484177875244.0,863145953162.0,12740382307.0,1172680840825.0,392978009734.0,23554274189.0,515162575458.0,908140585192.0,26953357544.0,1030380773539.0,287299287687.0,34045564038.0,508036064704.0,795335352391.0,78.27,2.55,2.74,2025,사업보고서
344820,KCC글라스,KOSPI,보통주,25050.0,-0.4,400100000000.0,15971.0,6147.0,4.69,-7.15,-5.83,-83642899298.0,1900606191952.0,934408587490.0,-75207086786.0,1379175278139.0,2313583865629.0,36953125966.0,1903321455409.0,1005357692298.0,57180712038.0,1488941202070.0,2494298894368.0,81715932017.0,1680055646591.0,735664746128.0,95020315030.0,1488014851281.0,2223679597409.0,67.75,-3.96,-6.06,2025,사업보고서
271940,일진하이솔루스,KOSPI,보통주,10720.0,1.42,389300000000.0,36313.0,23964.0,3.28,-2680.0,-0.63,-1999171539.0,81586396146.0,32872283224.0,-11204466312.0,315093073673.0,347965356897.0,1816544405.0,79297672959.0,26806085878.0,-9515638086.0,317471681211.0,344277767089.0,1409437797.0,78740158706.0,22448808838.0,-9799275704.0,315903986871.0,338352795709.0,10.43,-13.73,-0.63,2025,사업보고서
001940,KISCO홀딩스,KOSPI,보통주,27200.0,-0.91,385600000000.0,14176.0,4233.0,7.84,-17.62,-1.57,-23193674600.0,825260643220.0,162896067404.0,-70747195052.0,1494288788942.0,1657184856346.0,45314096345.0,1013177626169.0,149540197852.0,-3627526849.0,1560754995518.0,1710295193370.0,130202530569.0,1541894306076.0,203567062700.0,149275075244.0,1598950141872.0,1802517204572.0,10.9,-8.57,-1.55,2025,사업보고서
029530,신도리코,KOSPI,보통주,40000.0,-0.25,388600000000.0,9716.0,1813.0,11.52,10.25,1.88,20068805676.0,317327883419.0,81166306061.0,6247695108.0,1067863151088.0,1149029457149.0,73194606397.0,340994882503.0,79293063063.0,20156744960.0,1064287620242.0,1143580683305.0,54984228871.0,402553029898.0,87555410343.0,30109355962.0,991227588174.0,1078782998517.0,7.6,1.97,1.88,2025,사업보고서
183190,아세아시멘트,KOSPI,보통주,10790.0,0.09,388200000000.0,35978.0,47160.0,4.24,33.82,1.55,16434140000.0,1022789744000.0,1076825917000.0,77134472000.0,1101128388000.0,2177954305000.0,80073382000.0,1110338447000.0,1088981397000.0,140751172000.0,1106421810000.0,2195403207000.0,89435441000.0,1200454909000.0,1071264424000.0,146886631000.0,1049123492000.0,2120387916000.0,97.79,7.54,1.49,2025,사업보고서
194370,제이에스코퍼레이션,KOSPI,보통주,13100.0,0.08,380100000000.0,29017.0,46428.0,3.18,4.66,15.29,85754295315.0,1288232609221.0,1281481146132.0,140512479061.0,527493607564.0,1808974753696.0,102198915853.0,1117499247162.0,1323106741993.0,121255985576.0,507407204600.0,1830513946593.0,109804919142.0,862765475437.0,470072216553.0,84041956668.0,358290505317.0,828362721870.0,242.94,10.91,16.26,2025,사업보고서
306200,세아제강,KOSPI,보통주,144700.0,-1.9,410400000000.0,2836.0,8573.0,4.25,7.33,2.69,29999162195.0,1484796736010.0,706238327191.0,49601484490.0,1122055270502.0,1828293597693.0,137062259161.0,1809432963576.0,711291494979.0,202908673849.0,1112556559045.0,1823848054024.0,188833969221.0,1860904969919.0,538663132693.0,231910194040.0,997250711969.0,1535913844662.0,62.94,3.34,2.67,2025,사업보고서
452260,한화갤러리아,KOSPI,보통주,2300.0,6.73,445900000000.0,193860.0,1958871.0,1.78,17.29,0.41,3312714308.0,575165691122.0,1192463769251.0,9413650685.0,824636627293.0,2017100396544.0,-17523111686.0,538313690512.0,1085970993634.0,3389598288.0,805068748083.0,1891039741717.0,-30102383936.0,434495384619.0,1026729845248.0,9820592817.0,829884231085.0,1856614076333.0,144.6,1.64,0.4,2025,사업보고서
950210,프레스티지바이오파마,KOSPI,보통주,6500.0,0.46,390600000000.0,60096.0,39255.0,63.5,-6.81,5.25,2974299.0,10215103.0,174980222.0,-48025250.0,374750236.0,549730458.0,-41348110.0,517114.0,141245763.0,-47115233.0,371078210.0,512323973.0,-2162259.0,122410.0,148815820.0,-52622071.0,416083787.0,564899607.0,46.69,-470.14,0.79,2025,사업보고서
015360,INVENI,KOSPI,보통주,14080.0,0.14,383700000000.0,27250.0,7440.0,4.99,4.91,15.46,86715394000.0,1327599497000.0,912265659000.0,111715072000.0,645396467000.0,1557662126000.0,28572120000.0,1160352396000.0,737154980000.0,24270272000.0,476675264000.0,1213830244000.0,34053372000.0,1142129455000.0,855030228000.0,13184350000.0,503009253000.0,1358039481000.0,141.35,8.41,13.44,2025,사업보고서
027410,BGF,KOSPI,보통주,3885.0,0.65,371900000000.0,95717.0,37448.0,5.53,5.61,3.35,56415859416.0,469468454559.0,375062866305.0,61173853919.0,2022289384989.0,2397352251294.0,94776625368.0,434085472661.0,319875641992.0,55229112297.0,1981102616458.0,2300978258450.0,69136637008.0,356392506416.0,270623116664.0,60569749600.0,1900643336457.0,2171266453121.0,18.55,13.03,2.79,2025,사업보고서
031430,신세계인터내셔날,KOSPI,보통주,10410.0,0.48,364200000000.0,34986.0,26766.0,6.88,17.73,0.51,4119597354.0,1109969262713.0,592689936186.0,-11496780963.0,840487774150.0,1433177710336.0,32675918483.0,1073588325694.0,486609054388.0,7241101443.0,846514185729.0,1333123240117.0,39649249111.0,1082588532773.0,472354835583.0,26355173862.0,851714749864.0,1324069585447.0,70.52,-1.04,0.49,2025,사업보고서
006220,제주은행,KOSPI,보통주,10070.0,0.0,380600000000.0,37799.0,293922.0,0.81,25.62,2.25,13930000000.0,,7372657000000.0,9934000000.0,647270000000.0,8019927000000.0,10416000000.0,,6854663000000.0,11422000000.0,590108000000.0,7444771000000.0,5101000000.0,,6626863000000.0,2623000000.0,535851000000.0,7162714000000.0,1139.04,,2.15,2025,사업보고서
017810,풀무원,KOSPI,보통주,9530.0,-0.73,363300000000.0,38121.0,14419.0,1.2,8.3,5.9,15159940983.0,3380189222782.0,1730428504095.0,93173090796.0,617724652878.0,2348153156973.0,34386551192.0,3213696853910.0,1747718363739.0,91829407927.0,583439342122.0,2331157705861.0,13357627680.0,2993468191302.0,1650244942362.0,61981274528.0,506544641028.0,2156789583390.0,280.13,2.76,2.45,2025,사업보고서
170900,동아에스티,KOSPI,보통주,36950.0,0.14,359400000000.0,9728.0,3506.0,19.21,41.61,-4.36,-37611298405.0,808780057197.0,740397480634.0,623189224.0,671648550347.0,1412046030981.0,-23234979865.0,697869071451.0,682926806770.0,-25002030853.0,708807698387.0,1391734505157.0,2021387961.0,663980368109.0,584234565965.0,11178462374.0,699526332069.0,1283760898034.0,110.24,0.08,-5.6,2025,사업보고서
104700,한국철강,KOSPI,보통주,9700.0,-2.41,353600000000.0,36450.0,35826.0,5.55,-22.82,-1.13,-8922947072.0,486605490510.0,95937715408.0,-38699180493.0,770845640468.0,866783355876.0,23450927886.0,600003866825.0,88709937336.0,1813549115.0,810359379879.0,899069317215.0,68179597574.0,905095863024.0,120716792280.0,86552278453.0,851747532604.0,972464324884.0,12.45,-7.95,-1.16,2025,사업보고서
060980,HL홀딩스,KOSPI,보통주,40150.0,1.01,364500000000.0,9079.0,6437.0,12.38,6.72,1.95,21499473867.0,1335036122998.0,1255967855391.0,88690069899.0,1075839444413.0,2331807299804.0,19831019390.0,1371086204119.0,1306183795018.0,90442516250.0,1064580084389.0,2370763879407.0,48746130036.0,1285533416647.0,1287916030163.0,92173966184.0,1010313288869.0,2298229319032.0,116.74,6.64,2.0,2025,사업보고서
089590,제주항공,KOSPI,보통주,4715.0,5.72,380200000000.0,80641.0,370993.0,2.65,-3.58,-38.85,-116400560741.0,1579940872409.0,2075837540362.0,-111660044639.0,275152877297.0,2350990417659.0,21739706476.0,1935791972257.0,1674433062788.0,79912336894.0,324073130473.0,1998506193261.0,134328659855.0,1724008542239.0,1669691471708.0,169792117648.0,311202861948.0,1980894333656.0,754.43,-7.07,-42.3,2025,사업보고서
007690,국도화학,KOSPI,보통주,39200.0,-3.8,363000000000.0,9261.0,23773.0,20.17,6.87,2.56,21898775802.0,1395556194366.0,873181013894.0,53170435543.0,876318119254.0,1749499133148.0,8940950262.0,1305775130486.0,739488447502.0,25333558032.0,853824016796.0,1593312464298.0,7489803560.0,1311776360252.0,662535123654.0,19152808086.0,847026119089.0,1509561242743.0,99.64,3.81,2.5,2025,사업보고서
126560,현대퓨처넷,KOSPI,보통주,3380.0,0.0,369100000000.0,109201.0,108588.0,0.81,40.72,1.03,7155372000.0,264515033000.0,58493158000.0,6309224000.0,824301152000.0,882794310000.0,11613715000.0,215815951000.0,79346617000.0,6944572000.0,834474237000.0,913820854000.0,2858595000.0,163643832000.0,72992898000.0,8832651000.0,836731592000.0,909724490000.0,7.1,2.39,0.87,2025,사업보고서
024720,콜마홀딩스,KOSPI,보통주,9960.0,-0.3,341600000000.0,34296.0,33737.0,23.14,7.3,3.85,11144466434.0,630111809477.0,487495806567.0,47742544330.0,806907204020.0,1294403010587.0,33395004283.0,676663181663.0,476323079442.0,38118710023.0,815108708643.0,1291431788085.0,6049009666.0,637274322590.0,473544596344.0,16871130187.0,816191270373.0,1289735866717.0,60.42,7.58,1.38,2025,사업보고서
004710,한솔테크닉스,KOSPI,보통주,8460.0,-0.35,449400000000.0,53120.0,1432719.0,6.46,-25.18,-4.1,554181787.0,1252424760923.0,503341439002.0,20415690200.0,492683967731.0,996025406733.0,23176851498.0,1199483140800.0,367642900986.0,33354584118.0,512372272804.0,880015173790.0,38973271863.0,1302679102712.0,479360236353.0,48937418076.0,474674770896.0,954035007249.0,102.16,1.63,0.11,2025,사업보고서
105630,한세실업,KOSPI,보통주,9110.0,1.11,364400000000.0,40000.0,55834.0,5.79,10.33,7.93,57255205232.0,1941776924955.0,800934212365.0,83416342796.0,734724634343.0,1535658846708.0,58382382679.0,1797795746533.0,714861592217.0,142197707885.0,709665754071.0,1424527346288.0,112035180540.0,1708756427696.0,593553250948.0,168225105469.0,643694359723.0,1237247610671.0,109.01,4.3,7.79,2025,사업보고서
005610,삼립,KOSPI,보통주,40650.0,-0.61,350800000000.0,8629.0,1602.0,2.0,-37.57,2.92,14035102418.0,3370480879745.0,763318353654.0,38738589176.0,481554949129.0,1244873302783.0,86491702785.0,3427920218534.0,760966764852.0,94968717963.0,479829767129.0,1240796531981.0,50228465295.0,3433322296454.0,874719614690.0,91734322533.0,419012689858.0,1293732304548.0,158.51,1.15,2.91,2025,사업보고서
097520,엠씨넥스,KOSPI,보통주,19040.0,0.42,331300000000.0,17402.0,23190.0,12.56,9.93,13.61,51554637396.0,1279236953303.0,170874943093.0,52015262942.0,385519174567.0,556394117660.0,63604930146.0,1057058423929.0,201879404879.0,44384671816.0,372224146153.0,574103551032.0,27923690827.0,932490110758.0,212084767581.0,18224255538.0,323612702499.0,535697470080.0,44.32,4.07,13.37,2025,사업보고서
009160,SIMPAC,KOSPI,보통주,4960.0,-2.94,324200000000.0,65371.0,58316.0,1.32,13.97,3.79,22353244341.0,1179040874617.0,663504758040.0,45956315730.0,670338559572.0,1333843317612.0,18557797069.0,816042318946.0,593968775028.0,19581576578.0,649918058490.0,1243886833518.0,-19267137832.0,640811581273.0,646122973821.0,22650809715.0,635311689343.0,1281434663164.0,98.98,3.9,3.33,2025,사업보고서
020000,한섬,KOSPI,보통주,15500.0,0.45,332900000000.0,21477.0,45794.0,25.0,6.16,3.25,46244859000.0,1491764026000.0,297739393000.0,52178677000.0,1437094095000.0,1734833488000.0,43314643000.0,1485263895000.0,340068257000.0,63471661000.0,1406099401000.0,1746167658000.0,80985209000.0,1528640729000.0,329926346000.0,100482854000.0,1394339128000.0,1724265474000.0,20.72,3.5,3.22,2025,사업보고서
011930,신성이엔지,KOSPI,보통주,16110.0,1.45,327100000000.0,20306.0,82128.0,0.0,-71.28,-2.97,-8194539332.0,567454391304.0,367371934211.0,1281312264.0,233314248039.0,600686182250.0,-13960189121.0,582301298381.0,367722936876.0,4991741264.0,237546701947.0,605269638823.0,15258873765.0,576519652360.0,345149056054.0,7357387392.0,242598485190.0,587747541244.0,157.46,0.23,-3.51,2025,사업보고서
011760,현대코퍼레이션,KOSPI,보통주,26100.0,0.97,345300000000.0,13229.0,11536.0,10.51,3.49,12.91,86784804700.0,7554286077242.0,1629914358887.0,140131311551.0,694796475277.0,2324710834164.0,120975062891.0,6995662947758.0,1406981950208.0,133529291485.0,655327234223.0,2062309184431.0,83387483943.0,6580447881815.0,1479068054337.0,99330569136.0,580644518627.0,2059712572964.0,234.59,1.85,12.49,2025,사업보고서
015860,일진홀딩스,KOSPI,보통주,6510.0,2.2,321300000000.0,49347.0,46386.0,8.67,-13.79,7.12,89603639629.0,2282724142096.0,1191742504387.0,145590773490.0,1152721977889.0,2344464482276.0,50404281992.0,1800024002531.0,923236339253.0,72521206741.0,1044105740198.0,1967342079451.0,47946761946.0,1471896022592.0,726908496148.0,57518695514.0,937870838377.0,1664779334525.0,103.39,6.38,7.77,2025,사업보고서
002310,아세아제지,KOSPI,보통주,8840.0,2.67,348700000000.0,39450.0,112379.0,5.0,13.25,3.52,29610213131.0,855126180115.0,189225151771.0,27216050086.0,845325745299.0,1034550897070.0,23941616018.0,891065284091.0,190547901751.0,26566121417.0,835936616430.0,1026484518181.0,81053175532.0,908334402467.0,198420445505.0,87582502735.0,849757319336.0,1048177764841.0,22.38,3.18,3.5,2025,사업보고서
002020,코오롱,KOSPI,보통주,25400.0,0.59,327900000000.0,12908.0,19371.0,13.98,-4.98,-8.92,-296605779721.0,5886133083763.0,5023677932299.0,60501208348.0,2423307276517.0,7446985208816.0,171996401449.0,5920010660969.0,4634154109648.0,-92007994082.0,2346992488061.0,6981146597709.0,15387285329.0,5878432276811.0,3920885075473.0,99333095751.0,1310533881113.0,5231418956586.0,207.31,1.03,-12.24,2025,사업보고서
092790,넥스틸,KOSPI,보통주,12990.0,0.0,337800000000.0,26002.0,306246.0,1.13,35.59,7.76,36037763214.0,550992457557.0,235306164892.0,39942217349.0,464015833818.0,699321998710.0,34685192319.0,552365337649.0,226851563384.0,63204878400.0,464931760501.0,691783323885.0,129580237655.0,619052056916.0,197535613796.0,157337247358.0,444944994289.0,642480608085.0,50.71,7.25,7.77,2025,사업보고서
078520,에이블씨엔씨,KOSPI,보통주,11260.0,0.0,292900000000.0,26014.0,44885.0,9.76,12.31,15.88,14126439364.0,242001742092.0,77171458869.0,17952804266.0,86589765170.0,163761224039.0,14545940972.0,239243264624.0,67809347370.0,18194383211.0,91276503428.0,159085850798.0,6146524829.0,228544885980.0,86155959163.0,9837813862.0,87685530825.0,173841489988.0,89.12,7.42,16.31,2025,사업보고서
145720,덴티움,KOSPI,보통주,37550.0,0.81,323800000000.0,8624.0,8942.0,13.36,12.78,2.94,16327597542.0,346451532721.0,371584615941.0,64110852662.0,561205669760.0,932790285701.0,72410153919.0,407807117931.0,340923315720.0,98497363463.0,553505557383.0,894428873103.0,96525972107.0,393188581139.0,309896958480.0,138279256798.0,463873382410.0,773770340890.0,66.21,18.5,2.91,2025,사업보고서
200880,서연이화,KOSPI,보통주,11630.0,1.22,314300000000.0,27028.0,14764.0,6.97,2.47,5.28,61100274095.0,4505249722750.0,1972181090488.0,161799822068.0,1232860355517.0,3205041446005.0,154317070456.0,4041529108352.0,1792340376391.0,154404448469.0,1161501151039.0,2953841527430.0,164039657136.0,3574265560035.0,1432265936654.0,193109887890.0,925584964153.0,2357850900807.0,159.97,3.59,4.96,2025,사업보고서
026890,스틱인베스트먼트,KOSPI,보통주,8330.0,0.0,323000000000.0,38771.0,16751.0,48.67,15.87,5.99,14855602741.0,91217510708.0,51519986178.0,17184071250.0,254269889250.0,305789875428.0,9331317902.0,79465712795.0,15910398085.0,13418332276.0,248740897223.0,264651295308.0,27594774707.0,93760178861.0,32075108163.0,33098199451.0,252782010635.0,284857118798.0,20.26,18.84,5.84,2025,사업보고서
005720,넥센,KOSPI,보통주,6020.0,-0.5,316300000000.0,52544.0,10610.0,2.58,2.94,6.86,177869505319.0,3586518022664.0,2981550519030.0,204209668629.0,2630360291878.0,5611910810908.0,158440823943.0,3214304005061.0,2997370200454.0,209664273178.0,2425181660057.0,5422551860511.0,100449037121.0,3036061854464.0,2829351043809.0,221038045467.0,2231606324070.0,5060957367879.0,113.35,5.69,6.76,2025,사업보고서
003350,한국화장품제조,KOSPI,보통주,12750.0,-0.08,288900000000.0,22660.0,583254.0,2.53,9.02,30.6,27372880025.0,184628302893.0,94051470239.0,32883912931.0,104685922324.0,198737392563.0,23136186920.0,167469221700.0,35062289728.0,26545200453.0,74215065804.0,109277355532.0,7281366199.0,109337763369.0,36551560496.0,9024560440.0,52621954301.0,89173514797.0,89.84,17.81,26.15,2025,사업보고서
009290,광동제약,KOSPI,보통주,6340.0,0.0,315700000000.0,49800.0,85525.0,15.92,14.88,3.4,21328798564.0,1659512457700.0,608533108468.0,31045848005.0,711796387148.0,1320329495616.0,41844893500.0,1640718849226.0,552007659862.0,30097355344.0,618267488792.0,1170275148654.0,39371762692.0,1514454148123.0,490018414361.0,42069819369.0,588047077508.0,1078065491869.0,85.49,1.87,3.0,2025,사업보고서
016800,퍼시스,KOSPI,보통주,26900.0,0.19,309400000000.0,11500.0,493.0,20.08,5.13,6.07,35580171231.0,358199545192.0,72480797387.0,5737130312.0,597668247322.0,670149044709.0,47720515516.0,385705375506.0,69918424596.0,21476407888.0,574010179978.0,643928604574.0,66895995467.0,362905625021.0,67011502268.0,35235683418.0,530592357564.0,597603859832.0,12.13,1.6,5.95,2025,사업보고서
091810,트리니티항공,KOSPI,보통주,2800.0,0.9,285900000000.0,102106.0,56265.0,0.58,-0.42,-503.7,-338259764519.0,1798180813715.0,1820281660257.0,-265467968425.0,52028401595.0,1872310061852.0,-65878206674.0,1536779555361.0,1480167986422.0,-12271128596.0,82281964755.0,1562449951177.0,99132288401.0,1348759428136.0,1126731302741.0,139411816543.0,157142050991.0,1283873353732.0,3498.63,-14.76,-650.14,2025,사업보고서
025860,남해화학,KOSPI,보통주,6360.0,-0.93,316000000000.0,49679.0,271363.0,2.11,26.84,5.41,26925742554.0,1604420884203.0,271956953994.0,43128612586.0,552622934660.0,824579888654.0,21521559735.0,1519109111887.0,239076382835.0,36263869903.0,534754014161.0,773830396996.0,10677893332.0,1588078324797.0,314231857276.0,11053225204.0,519316742998.0,833548600274.0,49.21,2.69,4.87,2025,사업보고서
123890,한국자산신탁,KOSPI,보통주,2600.0,-1.52,318200000000.0,122374.0,172357.0,5.39,5.2,4.64,49381582687.0,204288412188.0,654888141006.0,34227305882.0,1083326461953.0,1738214602959.0,37423940096.0,226447627661.0,680125388347.0,51764548804.0,1045754337172.0,1725879725519.0,129642234144.0,259071620425.0,445001934727.0,116706241689.0,1035048089629.0,1480050024356.0,60.45,16.75,4.56,2025,사업보고서
005950,이수화학,KOSPI,보통주,11780.0,5.56,309700000000.0,26294.0,422420.0,5.36,3.64,-30.98,-40522797000.0,1659477477000.0,676055728000.0,6884026000.0,221652054000.0,897707782000.0,-38208992000.0,1916230887000.0,735518289000.0,-51445078000.0,221727943000.0,957246232000.0,-28074913000.0,1995488453000.0,832802123000.0,-56017931000.0,260664591000.0,1093466714000.0,305.01,0.41,-18.28,2025,사업보고서
001230,동국홀딩스,KOSPI,보통주,2030.0,0.25,315700000000.0,155508.0,122187.0,13.46,2.82,0.94,20721382562.0,1985265094613.0,737647329544.0,39456572869.0,1955749132475.0,2693396462019.0,19652546713.0,1999426088314.0,729676090365.0,58003101705.0,1779602185677.0,2509278276042.0,231577736410.0,1841113699327.0,644335386070.0,60062636095.0,1777312951379.0,2421648337449.0,37.72,1.99,1.06,2025,사업보고서
108670,LX하우시스,KOSPI,보통주,35800.0,2.29,321000000000.0,8968.0,45309.0,14.79,9.89,-5.15,-43867000000.0,3178689000000.0,1335782000000.0,13060000000.0,834215000000.0,2169997000000.0,44312000000.0,3572036000000.0,1484422000000.0,97465000000.0,869875000000.0,2354297000000.0,61786000000.0,3525807000000.0,1551810000000.0,109822000000.0,832982000000.0,2384792000000.0,160.12,0.41,-5.26,2025,사업보고서
018250,애경산업,KOSPI,보통주,11690.0,0.69,308700000000.0,26410.0,28420.0,1.72,17.85,3.8,15126502988.0,654527659913.0,98740163427.0,21145734565.0,399068642868.0,497808806295.0,42498547149.0,679076572242.0,98740445649.0,46824923401.0,400611022456.0,499351468105.0,48604611481.0,668866951127.0,94745876572.0,61937813983.0,387626718902.0,482372595474.0,24.74,3.23,3.79,2025,사업보고서
381970,케이카,KOSPI,보통주,6370.0,1.43,311000000000.0,48821.0,116170.0,7.71,41.1,22.63,50886254374.0,2438838573193.0,310631597414.0,75973592094.0,223938501452.0,534570098866.0,43965329854.0,2301530094719.0,299060059596.0,68109299938.0,225787538542.0,524847598138.0,28365697237.0,2047566232203.0,319202420548.0,59013290449.0,234915872409.0,554118292957.0,138.71,3.12,22.72,2025,사업보고서
126720,수산인더스트리,KOSPI,보통주,21200.0,0.24,302900000000.0,14286.0,10432.0,2.73,4.02,9.17,48833630627.0,337655195254.0,118994876430.0,43079177203.0,552769631949.0,671764508379.0,39354053755.0,316791494897.0,105412955331.0,43499599612.0,518394835899.0,623807791230.0,48586664591.0,324740172778.0,104296849542.0,50231142470.0,498947236868.0,603244086410.0,21.53,12.76,8.83,2025,사업보고서
272450,진에어,KOSPI,보통주,6140.0,5.5,320500000000.0,52200.0,188570.0,1.19,-3.74,-4.28,-9755171166.0,1381080693148.0,949738426789.0,-19157673281.0,224435967985.0,1174174394774.0,95712668498.0,1461262722147.0,995885951451.0,163113835297.0,231252257412.0,1227138208863.0,133861703576.0,1277221821965.0,809343859972.0,182163416125.0,142987687702.0,952331547674.0,423.17,-1.39,-4.35,2025,사업보고서
096760,JW홀딩스,KOSPI,보통주,4180.0,0.0,309000000000.0,73925.0,37954.0,3.34,3.66,23.57,115487813990.0,969565285593.0,636558553198.0,167899328921.0,594627233516.0,1231185786714.0,122787792044.0,887710032227.0,729213687628.0,146522860164.0,521394976830.0,1250608664458.0,31025900001.0,928071670924.0,827511707972.0,144899316626.0,348754719955.0,1176266427927.0,107.05,17.32,19.42,2025,사업보고서
244920,에이플러스에셋,KOSPI,보통주,13960.0,5.76,315600000000.0,22608.0,121037.0,11.82,10.29,13.82,24681001455.0,682466555853.0,254141642842.0,29314448307.0,261194028680.0,515335671522.0,10111438833.0,515785555014.0,235502732714.0,31550650101.0,243773453584.0,479276186298.0,11677348868.0,350872988034.0,183319122046.0,12552872193.0,189535578709.0,372854700755.0,97.3,4.3,9.45,2025,사업보고서
001390,KG케미칼,KOSPI,보통주,4520.0,1.46,300100000000.0,66404.0,115360.0,11.95,3.31,7.14,243985224183.0,9101646921664.0,4406276284803.0,305678686344.0,3937401957646.0,8343678242449.0,228495720589.0,8863142439982.0,4386466503710.0,318801578803.0,3774481745939.0,8160948249649.0,350715471304.0,8933057023552.0,4182487252098.0,442583708062.0,3636315422315.0,7818802674413.0,111.91,3.36,6.2,2025,사업보고서
001750,한양증권,KOSPI,보통주,19430.0,-0.31,293600000000.0,15109.0,11832.0,10.3,4.76,10.32,56571163268.0,909022352850.0,1251891496159.0,75310521675.0,581809787522.0,1833701283681.0,38797645588.0,833308862395.0,1217180250407.0,54449191375.0,514157230371.0,1731337480778.0,35104172832.0,999032003491.0,1258029081971.0,46294753862.0,489793772704.0,1747822854675.0,215.17,8.28,9.72,2025,사업보고서
002710,TCC스틸,KOSPI,보통주,11180.0,-4.44,293100000000.0,26214.0,245078.0,4.33,-16.89,-2.98,-7600798426.0,611513908644.0,325214311280.0,-10909334249.0,248889180832.0,574103492112.0,20222969062.0,582074815373.0,314934973362.0,12272472364.0,259015651210.0,573950624572.0,-8293017782.0,624418627125.0,324690124283.0,11250766391.0,235047322207.0,559737446490.0,130.67,-1.78,-3.05,2025,사업보고서
012030,DB,KOSPI,보통주,1507.0,3.79,303200000000.0,201174.0,535927.0,5.55,4.46,11.67,49444247001.0,643464276938.0,539248967328.0,41599355858.0,450243222434.0,989492189762.0,92786487012.0,587435690902.0,475782051448.0,29627168728.0,394276238337.0,870058289785.0,20304876781.0,458583862804.0,484173981399.0,37022768314.0,395210860548.0,879384841947.0,119.77,6.46,10.98,2025,사업보고서
034830,한국토지신탁,KOSPI,보통주,1184.0,2.51,298900000000.0,252489.0,229693.0,4.23,7.31,2.1,19428046138.0,184359776341.0,952913650781.0,-20879502584.0,1037993971052.0,1990907621833.0,-18860386903.0,236337804592.0,873901304679.0,33943466106.0,958230240130.0,1832131544809.0,-7659608662.0,270086082704.0,879258531337.0,31235368989.0,1007337934748.0,1886596466085.0,91.8,-11.33,1.87,2025,사업보고서
084690,대상홀딩스,KOSPI,보통주,7800.0,-0.13,282500000000.0,36213.0,16510.0,3.86,-3.64,-15.42,-293172577001.0,5628798766399.0,3085718962613.0,199828484303.0,1306069042672.0,4391788005285.0,79932666151.0,5357890370159.0,2747590382281.0,184029822016.0,1670963848337.0,4418554230618.0,65516157066.0,5259400430149.0,2576171992995.0,114614891500.0,1583313432652.0,4159485425647.0,236.26,3.55,-22.45,2025,사업보고서
058430,포스코스틸리온,KOSPI,보통주,4660.0,0.54,279600000000.0,60000.0,170963.0,3.31,15.85,4.45,18160078624.0,1125440499863.0,120017658415.0,24458675472.0,387307034547.0,507324692962.0,35280935188.0,1209864896429.0,171503934925.0,51923404660.0,385299788248.0,556803723173.0,25201798677.0,1158539579689.0,192037001542.0,30632298770.0,360149387575.0,552186389117.0,30.99,2.17,4.69,2025,사업보고서
084010,대한제강,KOSPI,보통주,8670.0,0.23,298000000000.0,34372.0,19892.0,3.53,66.69,1.86,13848928089.0,1247058624052.0,319627752959.0,-2872504765.0,930326319901.0,1249954072860.0,40013924720.0,1224534509948.0,253778803967.0,10317146497.0,896018275070.0,1149797079037.0,77048614856.0,1447832026434.0,271812694772.0,109934599541.0,843966379889.0,1115779074661.0,34.36,-0.23,1.49,2025,사업보고서
010820,퍼스텍,KOSPI,보통주,5670.0,2.72,276500000000.0,48772.0,195290.0,11.85,19.03,20.16,14726828528.0,294842426804.0,320595354296.0,10663228873.0,82465023596.0,403060377892.0,10919360117.0,207273257566.0,286784104108.0,4348353305.0,63670296047.0,350454400155.0,4620136432.0,173103350935.0,202739371695.0,2508074315.0,62336376759.0,265075748454.0,388.77,3.62,17.86,2025,사업보고서
037710,광주신세계,KOSPI,보통주,35450.0,1.58,270400000000.0,7627.0,26567.0,3.99,5.69,5.22,44466516133.0,184210548361.0,397590784034.0,52472202633.0,865233394114.0,1262824178148.0,46175693509.0,183575423411.0,390963927368.0,52327661202.0,837120198750.0,1228084126118.0,48259151041.0,179586817869.0,115259720687.0,54901376689.0,819213142885.0,934472863572.0,45.95,28.48,5.14,2025,사업보고서
002900,TYM,KOSPI,보통주,7520.0,4.74,311300000000.0,41400.0,385821.0,19.94,4.35,9.66,40119181949.0,929360802636.0,430964532731.0,64082478673.0,421401684793.0,852366217524.0,18209004495.0,788790147164.0,429733832221.0,16080371733.0,406834003463.0,836567835684.0,60426831559.0,836475030282.0,466443819251.0,76461605327.0,382667086171.0,849110905422.0,102.27,6.9,9.52,2025,사업보고서
033270,유나이티드제약,KOSPI,보통주,18500.0,0.16,294300000000.0,15911.0,10060.0,8.99,3.94,8.9,38308011306.0,288764867640.0,64862394575.0,49584726929.0,454629301042.0,519491695617.0,32452988022.0,288706729642.0,67721520995.0,56283207635.0,406207015461.0,473928536456.0,48261713568.0,278943296812.0,90179373467.0,54949693219.0,378681044247.0,468860417714.0,14.27,17.17,8.43,2025,사업보고서
003960,사조대림,KOSPI,보통주,30800.0,1.65,282300000000.0,9164.0,996.0,1.63,-1.37,-11.62,-73563368883.0,3499812746968.0,1389473134578.0,94682992676.0,795351643461.0,2184824778039.0,95780719849.0,2642956274496.0,1284969216510.0,133016935612.0,838581573734.0,2123550790244.0,107150333560.0,2063074655686.0,552092559042.0,128637166378.0,710879106964.0,1262971666006.0,174.7,2.71,-9.25,2025,사업보고서
105840,우진,KOSPI,보통주,12900.0,1.49,260500000000.0,20198.0,93909.0,9.7,22.71,4.48,11050114578.0,150379282702.0,56175817373.0,14178215124.0,241804504854.0,297980322227.0,16762748288.0,140726674100.0,44187522635.0,16105340148.0,232322909582.0,276510432217.0,13944552349.0,129059322239.0,43017758395.0,15365138090.0,197283317760.0,240301076155.0,23.23,9.43,4.57,2025,사업보고서
286940,롯데이노베이트,KOSPI,보통주,18710.0,3.89,283100000000.0,15129.0,20948.0,1.74,16.37,2.35,4077498549.0,1169825277118.0,470228242718.0,31393431992.0,451798102397.0,922026345115.0,7230555074.0,1180372382864.0,500757140716.0,25724113399.0,449815903322.0,950573044038.0,40721529179.0,1196722467905.0,492995443728.0,56946199405.0,451054726654.0,944050170382.0,104.08,2.68,0.9,2025,사업보고서
003120,일성아이에스,KOSPI,보통주,20550.0,-0.48,273300000000.0,13300.0,576.0,0.37,49.28,0.3,1165834883.0,64291702806.0,16665238587.0,-6160588840.0,386344748050.0,403009986637.0,13094107409.0,69018340865.0,11745156467.0,-9518107492.0,385134595275.0,396879751742.0,-20940893247.0,78053232127.0,36436249470.0,-7992642135.0,382753680026.0,419189929496.0,4.31,-9.58,0.3,2025,사업보고서
122900,아이마켓코리아,KOSPI,보통주,8110.0,-0.73,271100000000.0,33429.0,33417.0,4.0,8.8,5.74,29640768548.0,3054422899510.0,942019444504.0,20319970689.0,422053619687.0,1364073064191.0,34313587525.0,3318335159154.0,865266355370.0,44784623263.0,414701607307.0,1279967962677.0,24300686894.0,3425595997363.0,973345148707.0,51107089826.0,400371903894.0,1373717052601.0,223.2,0.67,7.02,2025,사업보고서
004430,송원산업,KOSPI,보통주,11910.0,-0.25,285800000000.0,24000.0,319192.0,16.57,6.12,0.31,2337000000.0,1039162000000.0,387202000000.0,21845000000.0,760110000000.0,1147312000000.0,45088000000.0,1070200000000.0,424083000000.0,62814000000.0,756110000000.0,1180193000000.0,34847000000.0,1029975000000.0,384152000000.0,58469000000.0,705592000000.0,1089744000000.0,50.94,2.1,0.31,2025,사업보고서
217590,티엠씨,KOSPI,보통주,10360.0,2.88,249600000000.0,24094.0,132375.0,2.49,124.82,-0.47,-585324958.0,340884970260.0,126278805202.0,6428935433.0,110834489648.0,237113294850.0,9220252017.0,362513662525.0,159083563033.0,14272984866.0,76874419669.0,235957982702.0,6767388163.0,372255408197.0,175879809053.0,11985333975.0,72188326438.0,248068135491.0,113.93,1.89,-0.53,2025,사업보고서
010690,화신,KOSPI,보통주,7750.0,2.11,270600000000.0,34920.0,237309.0,1.05,3.72,12.25,66688373511.0,1962483716837.0,987753021236.0,102447956813.0,571346191508.0,1559099212744.0,53561268072.0,1712315816922.0,804237462385.0,65310768287.0,517432407373.0,1321669869758.0,77268483097.0,1802759833241.0,751750658983.0,83728814908.0,445063325386.0,1196813984369.0,172.88,5.22,11.67,2025,사업보고서
000430,대원강업,KOSPI,보통주,4390.0,1.27,272200000000.0,62000.0,58467.0,2.61,3.8,6.72,45988040000.0,1599072177000.0,719091681000.0,47006630000.0,730205422000.0,1449297103000.0,36941715000.0,1367585047000.0,622920939000.0,22564927000.0,690386789000.0,1313307728000.0,37786380000.0,1106756862000.0,408110669000.0,59171860000.0,618192990000.0,1026303659000.0,98.48,2.94,6.3,2025,사업보고서
017390,서울가스,KOSPI,보통주,55500.0,-0.54,274700000000.0,4950.0,5947.0,2.95,12.36,2.8,30985459618.0,1827997485378.0,676454982120.0,17405786429.0,1121233148086.0,1797688130206.0,34321611906.0,1703788525280.0,668245264059.0,-10285296486.0,1097717099043.0,1765962363102.0,20527153332.0,1717423189672.0,709423037097.0,-3200619585.0,1067796743185.0,1777219780282.0,60.33,0.95,2.76,2025,사업보고서
334890,이지스밸류플러스리츠,KOSPI,보통주,3875.0,-2.76,269100000000.0,69449.0,286009.0,2.2,10.2,2.89,12408253638.0,21788441864.0,198255259153.0,16624984118.0,379920077350.0,578175336503.0,-2143095827.0,16528379232.0,198300946121.0,1744995385.0,376402820122.0,574703766243.0,-2328585635.0,12054734018.0,110454488068.0,1561608428.0,410025953539.0,520480441607.0,52.18,76.3,3.27,2025,사업보고서
008490,서흥,KOSPI,보통주,21250.0,-0.47,245800000000.0,11569.0,12795.0,6.09,6.28,9.22,47142445014.0,722308593846.0,520118845731.0,50206468443.0,541016723836.0,1061135569567.0,21552927392.0,653264494420.0,509924601861.0,33843445254.0,507774363636.0,1017698965497.0,8884952964.0,594567151213.0,516668522058.0,42994972090.0,477068533826.0,993737055884.0,96.14,6.95,8.71,2025,사업보고서
005430,한국공항,KOSPI,보통주,79000.0,2.07,250100000000.0,3166.0,6035.0,13.04,5.45,10.46,40545958975.0,663192785932.0,124307050696.0,47014830454.0,405156448642.0,529463499338.0,40605939549.0,626537271117.0,132293838478.0,45009646028.0,370243190857.0,502537029335.0,31422609309.0,544725137436.0,128378638433.0,33969013124.0,348472901998.0,476851540431.0,30.68,7.09,10.01,2025,사업보고서
007160,사조산업,KOSPI,보통주,50300.0,0.8,251500000000.0,5000.0,872.0,1.2,-2.45,-5.37,-42808436080.0,706210125216.0,617053790243.0,33151862048.0,636174883972.0,1253228674215.0,15292243041.0,635200660442.0,553184226975.0,-9378468076.0,663611446144.0,1216795673119.0,9347260430.0,632240275627.0,522283807245.0,-23912003470.0,647475832866.0,1169759640111.0,96.99,4.69,-6.73,2025,사업보고서
004360,세방,KOSPI,보통주,13410.0,0.07,256300000000.0,19116.0,32753.0,12.79,4.93,5.61,65602594475.0,1241786832538.0,287361361968.0,27300616862.0,1208591668021.0,1495953029989.0,85471393368.0,1373388758110.0,345651980660.0,24495686269.0,1134629636929.0,1480281617589.0,69963792685.0,1141950047426.0,287005143410.0,28656237456.0,1058236503181.0,1345241646591.0,23.78,2.2,5.43,2025,사업보고서
044820,코스맥스비티아이,KOSPI,보통주,24600.0,-1.4,236300000000.0,9604.0,14590.0,5.8,3.7,11.08,18669946513.0,645205591735.0,710651361629.0,26984473709.0,295687296439.0,1006338658068.0,8046999846.0,597630263412.0,672673012576.0,16794453838.0,281230193236.0,953903205812.0,2487403702.0,628597019226.0,625876969916.0,20249350496.0,252396259259.0,878273229175.0,240.34,4.18,6.31,2025,사업보고서
298690,에어부산,KOSPI,보통주,1535.0,1.99,250100000000.0,162915.0,39740.0,0.87,-1.14,-14.71,-22082809092.0,832585465461.0,1291211226260.0,-4520948126.0,161199313412.0,1452410539672.0,2418255496.0,1006762846981.0,1278483070166.0,146280451432.0,139102615031.0,1417585685197.0,104145078768.0,890440348608.0,1171269889193.0,159754475912.0,186813445077.0,1358083334270.0,801.0,-0.54,-13.7,2025,사업보고서
003070,코오롱글로벌,KOSPI,보통주,9350.0,-0.95,237700000000.0,25424.0,14227.0,0.87,-2.36,-29.22,-200362805739.0,2684430963154.0,2273914566054.0,3650749780.0,684395536149.0,2958310102203.0,23559668646.0,2911960747188.0,2123999589045.0,-56668787248.0,606614384635.0,2730613973680.0,-117145427.0,2645037776165.0,2017469542758.0,7614457547.0,553830945167.0,2571300487925.0,332.25,0.14,-29.28,2025,사업보고서
053690,한미글로벌,KOSPI,보통주,22800.0,5.07,249800000000.0,10958.0,393890.0,4.08,17.4,8.56,19601449926.0,448833661148.0,200796376437.0,30613575138.0,245837091085.0,446633467522.0,22876486142.0,424771849486.0,243265452886.0,33916675016.0,227618501981.0,470883954867.0,16670160431.0,412914975164.0,196050464261.0,29630959031.0,202820591121.0,398871055382.0,81.68,6.82,7.97,2025,사업보고서
003200,일신방직,KOSPI,보통주,10480.0,0.58,240600000000.0,22960.0,38631.0,10.6,5.12,3.67,33915658428.0,517177907810.0,171065152584.0,12407495279.0,949645970553.0,1120711123137.0,29002122880.0,523651392861.0,208139452398.0,9064191185.0,907619445584.0,1115758897982.0,9719711248.0,539409047753.0,178495604004.0,-1021003237.0,880734785576.0,1059230389580.0,18.01,2.4,3.57,2025,사업보고서
001790,대한제당,KOSPI,보통주,2910.0,1.04,251000000000.0,86242.0,255361.0,0.0,-3.33,-11.61,-60301904000.0,1356276028000.0,771334638000.0,56555932000.0,483946132000.0,1255280770000.0,20522372000.0,1373829105000.0,674391517000.0,36996731000.0,559151508000.0,1233543025000.0,32504635000.0,1332349884000.0,630801051000.0,47216910000.0,554590561000.0,1185391612000.0,159.38,4.17,-12.46,2025,사업보고서
003920,남양유업,KOSPI,보통주,43400.0,0.0,246200000000.0,5673.0,1727.0,6.79,27.02,0.9,7107959269.0,914148968157.0,146417897253.0,5173833371.0,949068512416.0,1095486409669.0,249980282.0,952794199365.0,92408003076.0,-9807235105.0,631785721012.0,724193724088.0,-66249993823.0,996763358982.0,112447509970.0,-71504518261.0,667280098063.0,779727608033.0,15.43,0.57,0.75,2025,사업보고서
226320,잇츠한불,KOSPI,보통주,10610.0,0.76,232700000000.0,21929.0,15431.0,1.31,6.98,4.35,32603463204.0,153387097887.0,29424024453.0,19214878133.0,506293295610.0,535717320063.0,29732576714.0,142430717571.0,28590295791.0,17884231708.0,487448466268.0,516038762059.0,17392145177.0,135449723674.0,31856498670.0,11207117847.0,466711812939.0,498568311609.0,5.81,12.53,6.44,2025,사업보고서
003650,미창석유,KOSPI,보통주,133500.0,1.14,232200000000.0,1740.0,1434.0,30.53,1.89,15.44,68866042367.0,405486654859.0,54549912028.0,34552364423.0,479410729146.0,533960641174.0,52625419138.0,431941622345.0,76419929556.0,45639201298.0,412505084328.0,488925013884.0,47646038269.0,409234735562.0,51380636305.0,47989880016.0,364859820231.0,416240456536.0,11.38,8.52,14.36,2025,사업보고서
005680,삼영전자,KOSPI,보통주,12130.0,0.75,242600000000.0,20000.0,8878.0,40.16,56.68,0.96,5152325181.0,149728576895.0,23710498090.0,9239531197.0,540042906580.0,563753404670.0,11112476268.0,162977940986.0,25897633126.0,7300356335.0,531398425190.0,557296058316.0,13835688831.0,177289642415.0,14416675110.0,6457447965.0,529626204677.0,544042879787.0,4.39,6.17,0.95,2025,사업보고서
005500,삼진제약,KOSPI,보통주,18750.0,-0.37,249800000000.0,13320.0,14843.0,3.63,10.93,8.76,24169889943.0,309133530719.0,180137009017.0,26784499637.0,290394738749.0,470531747766.0,39232983400.0,308349934442.0,163511213621.0,31637502800.0,261655067978.0,425166281599.0,18905784041.0,292128533737.0,154536239147.0,20484355464.0,265364997650.0,419901236797.0,62.03,8.66,8.32,2025,사업보고서
900140,엘브이엠씨홀딩스,KOSPI,보통주,1207.0,0.84,233200000000.0,193240.0,140037.0,11.6,10.87,0.65,10304278.0,276327740.0,136965412.0,27104978.0,364342341.0,501307753.0,3103367.0,209556790.0,182181907.0,13619988.0,320377291.0,502559198.0,-31716353.0,185366083.0,181131218.0,-9774564.0,324405924.0,505537142.0,37.59,9.81,2.83,2025,사업보고서
025000,KPX케미칼,KOSPI,보통주,54400.0,0.0,238200000000.0,4379.0,2567.0,29.71,2.41,7.51,51636895681.0,808350805037.0,210050314690.0,27395676155.0,665318654173.0,875368968863.0,63867705242.0,868571273861.0,179383789175.0,38936642331.0,701262896956.0,880646686131.0,65778114586.0,911119635067.0,175893522725.0,58387011998.0,646572706120.0,822466228845.0,31.57,3.39,7.76,2025,사업보고서
136490,선진,KOSPI,보통주,10990.0,0.37,261300000000.0,23780.0,104637.0,7.76,3.06,23.5,126034540234.0,1895741974966.0,779649526031.0,179191482600.0,582066773301.0,1361716299332.0,6642150612.0,1681370807177.0,820884083784.0,124085515096.0,463345603021.0,1284229686805.0,10457093554.0,1906005301125.0,815022296702.0,97522940188.0,443102256325.0,1258124553027.0,133.95,9.45,21.65,2025,사업보고서
475560,더본코리아,KOSPI,보통주,15430.0,2.25,228800000000.0,14828.0,31376.0,0.47,-34.67,-6.77,-17393878663.0,361238529222.0,57267973538.0,-23678680069.0,245998201132.0,303266174670.0,30992599183.0,464151201512.0,85109581494.0,36023906701.0,267587785372.0,352697366866.0,20914829443.0,410657834107.0,75651469165.0,25593781484.0,132729823014.0,208381292179.0,23.28,-6.55,-7.07,2025,사업보고서
404990,신한서부티엔디리츠,KOSPI,보통주,3930.0,2.08,242200000000.0,61628.0,29718.0,0.75,9.9,9.07,5915810416.0,32077312593.0,737585615698.0,23736239003.0,352658996987.0,1090244612685.0,-593415071.0,26944754268.0,753253907804.0,15780880498.0,346710376127.0,1099964283931.0,10271178851.0,18056047809.0,640606751237.0,11918498897.0,327833252663.0,968440003900.0,209.15,74.0,1.68,2025,사업보고서
001460,BYC,KOSPI,보통주,37700.0,0.4,235500000000.0,6246.0,2056.0,4.93,13.95,3.52,19590575123.0,163166613171.0,213296295370.0,26573558468.0,562493040763.0,775789336133.0,18404839494.0,165207568941.0,146993205799.0,23832906913.0,549407749514.0,696400955313.0,23666593032.0,168401523886.0,150742490158.0,27498394275.0,534920570167.0,685663060325.0,37.92,16.29,3.48,2025,사업보고서
000680,LS네트웍스,KOSPI,보통주,3030.0,-0.33,238800000000.0,78803.0,74803.0,0.88,-32.23,-3.52,-19102992842.0,2615245130367.0,10407400008287.0,22287447432.0,1277959906601.0,11685359914888.0,-17593580482.0,1933813959649.0,8784442907108.0,30187565175.0,1308828135159.0,10093271042267.0,10704983628.0,379631754364.0,854463014808.0,11618277292.0,927706277381.0,1782169292189.0,814.38,0.85,-1.49,2025,사업보고서
092200,디아이씨,KOSPI,보통주,5810.0,3.38,225900000000.0,38889.0,264525.0,0.96,-26.17,-7.24,-4771081140.0,757310499806.0,538957028906.0,18550433161.0,179389447001.0,718346475907.0,16553684627.0,719127919117.0,540435145539.0,21831913269.0,174611421946.0,715046567485.0,21004760938.0,728664902522.0,523567831521.0,36108435116.0,160517010036.0,684084841557.0,300.44,2.45,-2.66,2025,사업보고서
030210,다올투자증권,KOSPI,보통주,3930.0,1.03,239400000000.0,60911.0,35002.0,4.69,6.39,6.64,43856633210.0,1714450686727.0,9649595801751.0,33723214189.0,807078686439.0,10456674488190.0,-45454462330.0,1442566582864.0,8827179129671.0,-74930396986.0,775990640118.0,9603169769789.0,-11367972142.0,1508370888138.0,8381319281247.0,-62004542741.0,830518070916.0,9211837352163.0,1195.62,1.97,5.43,2025,사업보고서
0030R0,대신밸류리츠,KOSPI,보통주,3920.0,2.08,234300000000.0,59780.0,1209.0,0.2,118.79,0.9,2066142158.0,9454944600.0,428515142054.0,6672380970.0,292471995899.0,720987137953.0,1858388618.0,8937384793.0,426948309603.0,7156099827.0,294777266241.0,721725575844.0,-976838894.0,5266124403.0,568624428883.0,3722432356.0,148913835058.0,717538263941.0,146.51,70.57,0.71,2025,사업보고서
000320,노루홀딩스,KOSPI,보통주,17090.0,0.83,227100000000.0,13291.0,4830.0,3.1,6.21,6.66,58541894001.0,1239267844107.0,467432298583.0,64507992759.0,811924393550.0,1279356692133.0,82067736372.0,1247877697168.0,442599207599.0,72554697963.0,772239740646.0,1214838948245.0,51679439985.0,1214475965811.0,495031925010.0,67823625279.0,693791646520.0,1188823571530.0,57.57,5.21,7.21,2025,사업보고서
002320,한진,KOSPI,보통주,14870.0,0.0,230800000000.0,15519.0,15666.0,5.37,-21.0,-0.11,984901814.0,3064925190779.0,2793707876721.0,112195809190.0,1523278806854.0,4316986683575.0,-365000885.0,3015479161930.0,2665596451720.0,100088306580.0,1523909993995.0,4189506445715.0,26107574417.0,2807528782563.0,2661786978230.0,122526979246.0,1539576621744.0,4201363599974.0,183.4,3.66,0.06,2025,사업보고서
348950,제이알글로벌리츠,KOSPI,보통주,1182.0,0.0,233300000000.0,197376.0,0.0,12.99,5.52,1.35,16214401254.0,72166270260.0,1561897449949.0,54542329728.0,1188833577590.0,2750731027539.0,30746176056.0,74792566482.0,1431490656689.0,63906240466.0,1200735488697.0,2632226145386.0,41324591522.0,70406458721.0,1340543833562.0,51639912102.0,1204622495743.0,2545166329305.0,131.38,75.58,1.36,2025,사업보고서
001340,PKC,KOSPI,보통주,5100.0,2.0,229600000000.0,45028.0,70758.0,1.43,30.54,4.63,10099767746.0,272137469082.0,383169849536.0,12150680899.0,223279935761.0,606449785297.0,3600645965.0,245228124294.0,250865510826.0,9748351104.0,213430158021.0,464295668847.0,7728814098.0,233521888171.0,213256378678.0,17738515912.0,213651817625.0,426908196303.0,171.61,4.46,4.52,2025,사업보고서
134380,미원화학,KOSPI,보통주,10290.0,-0.58,226300000000.0,21993.0,6162.0,0.51,5.51,14.72,24726310450.0,284512419024.0,22181951392.0,29153781514.0,173551942637.0,195733894029.0,26930538437.0,256110289517.0,24781683343.0,28634790078.0,162371006938.0,187152690281.0,21814089575.0,232615760275.0,20282131251.0,24913393981.0,144488827195.0,164770958446.0,12.78,10.25,14.25,2025,사업보고서
020120,키다리스튜디오,KOSPI,보통주,7200.0,16.5,266900000000.0,37064.0,468422.0,6.04,21.69,3.29,6521952860.0,217475159813.0,139168081833.0,12382726336.0,203452645631.0,342620727464.0,-7219357053.0,205213284499.0,130298400385.0,2189001069.0,200089815452.0,330388215837.0,-35643071568.0,171042237147.0,136363998803.0,-5744856252.0,208684626600.0,345048625403.0,68.4,5.69,3.21,2025,사업보고서
000540,흥국화재,KOSPI,보통주,3695.0,-6.69,237400000000.0,64243.0,292982.0,1.5,5.29,18.85,151689000000.0,,11665273000000.0,187504000000.0,836868000000.0,12502141000000.0,106722000000.0,,12122030000000.0,148779000000.0,772659000000.0,12894689000000.0,295540000000.0,,10663022000000.0,381025000000.0,1368531000000.0,12031553000000.0,1393.92,,18.13,2025,사업보고서
000490,대동,KOSPI,보통주,8400.0,1.82,242100000000.0,28827.0,304931.0,2.88,-12.88,-3.68,-29871783649.0,1484722098136.0,1628494698079.0,31224606429.0,646506208741.0,2275000906820.0,-45134481978.0,1415582422216.0,1531411970874.0,18456574878.0,601215345248.0,2132627316122.0,11919509695.0,1433390777280.0,1379316412077.0,65403445106.0,577059698865.0,1956376110942.0,251.89,2.1,-4.62,2025,사업보고서
000050,경방,KOSPI,보통주,8160.0,-0.12,223700000000.0,27415.0,12259.0,2.76,4.27,6.03,47379145951.0,412475877463.0,443817462202.0,45993453219.0,811826797534.0,1255644259736.0,23594327570.0,397276756397.0,454721013440.0,33449462550.0,759626462484.0,1214347475924.0,-13452219151.0,393518958996.0,468815407005.0,15968826403.0,738045543935.0,1206860950940.0,54.67,11.15,5.84,2025,사업보고서
034120,SBS,KOSPI,보통주,12150.0,0.33,225400000000.0,18551.0,2422.0,0.0,119.12,0.73,7925077907.0,1008457955402.0,745808265992.0,18151260224.0,1298196823993.0,2044005089985.0,33778430764.0,1046651436608.0,605931982154.0,-19185289826.0,906434619768.0,1512366601922.0,47215006482.0,996763613264.0,465277013396.0,58323294148.0,881121438236.0,1346398451632.0,57.45,1.8,0.61,2025,사업보고서
044450,KSS해운,KOSPI,보통주,10230.0,1.09,231000000000.0,22578.0,56476.0,7.6,2.12,6.81,36561603783.0,561395196426.0,1389814912417.0,110332607762.0,544324342662.0,1934139255079.0,57413693383.0,517929006796.0,1362506415456.0,104082690245.0,529497387975.0,1892003803431.0,17041880092.0,472602859921.0,1235554637243.0,88361347360.0,420480242387.0,1656034879630.0,255.33,19.65,6.72,2025,사업보고서
298000,효성화학,KOSPI,보통주,56000.0,1.08,212300000000.0,3792.0,25544.0,2.59,7.7,260.94,326028405105.0,2340718244068.0,1961019644398.0,-160500285509.0,633071470889.0,2594091115287.0,-325724192131.0,2452219662527.0,3340022426701.0,-174809792890.0,-67992669067.0,3272029757634.0,-346912679351.0,2193606369567.0,3053727221219.0,-217797153436.0,61883631383.0,3115610852602.0,309.76,-6.86,51.5,2025,사업보고서
033920,무학,KOSPI,보통주,7730.0,-0.13,220300000000.0,28500.0,16946.0,2.41,6.57,8.49,50321647540.0,143830395069.0,106516664230.0,10235140357.0,613401250874.0,719917915104.0,48421929363.0,152059251251.0,108799456137.0,16875863184.0,571647855552.0,680447311689.0,65425861817.0,146573700822.0,99689196854.0,16162941974.0,539638320504.0,639327517358.0,17.36,7.12,8.2,2025,사업보고서
001250,GS글로벌,KOSPI,보통주,2660.0,0.95,219500000000.0,82534.0,337638.0,5.04,14.54,3.71,13874085000.0,4109264561000.0,881712031000.0,52300233000.0,570406827000.0,1452118858000.0,56067654000.0,4066493928000.0,872554135000.0,77879797000.0,567087325000.0,1439641460000.0,26078651000.0,3916492567000.0,953110257000.0,76519059000.0,447988123000.0,1401098380000.0,154.58,1.27,2.43,2025,사업보고서
009680,모토닉,KOSPI,보통주,10370.0,-0.29,225400000000.0,21733.0,7810.0,11.24,10.18,5.68,27000481551.0,279697463554.0,47725845830.0,18535381001.0,482822956637.0,530548802467.0,32361865325.0,290604602023.0,31205741041.0,23779484995.0,468171602831.0,499377343872.0,27476027732.0,244258777569.0,33085143261.0,15150182530.0,447117300118.0,480202443379.0,9.88,6.63,5.59,2025,사업보고서
000650,천일고속,KOSPI,보통주,143700.0,0.42,205400000000.0,1429.0,1171.0,0.5,-26.92,-47.52,-5623543217.0,45550266479.0,43950854975.0,-5940519077.0,9583544196.0,53534399171.0,-4197020928.0,44716883420.0,39416038248.0,-5269198646.0,14086493860.0,53502532108.0,-4813001445.0,43998455771.0,35683673324.0,-5148165928.0,19058948856.0,54742622180.0,458.61,-13.04,-58.68,2025,사업보고서
003720,삼영,KOSPI,보통주,6060.0,1.85,206000000000.0,34000.0,106977.0,4.49,10.07,16.59,15048018071.0,153208300579.0,110134005255.0,14921182578.0,88284687667.0,198418692922.0,8349434746.0,126040086242.0,61866350493.0,9101817091.0,74183530314.0,136049880807.0,18914809850.0,122586707813.0,64933627511.0,6029549093.0,67222931028.0,132156558539.0,124.75,9.74,17.04,2025,사업보고서
011500,한농화성,KOSPI,보통주,13290.0,2.39,207800000000.0,15637.0,30290.0,4.04,21.64,2.28,3865665421.0,214492954042.0,63959441005.0,3577198138.0,174382885222.0,238342326227.0,4489860705.0,247473264569.0,68068037232.0,6085620165.0,164878103494.0,232946140726.0,12399220570.0,212395970159.0,74790088790.0,-2427541808.0,162579437615.0,237369526405.0,36.68,1.67,2.22,2025,사업보고서
005010,휴스틸,KOSPI,보통주,3830.0,1.06,215200000000.0,56188.0,204442.0,2.46,-6.2,-1.38,-15032302605.0,612490282785.0,314950172888.0,3489813746.0,1057454587630.0,1372404760518.0,22312045697.0,723068271123.0,311625423766.0,17080221750.0,1119640246593.0,1431265670359.0,72197667977.0,764841700033.0,318962394363.0,123214733009.0,1007030906107.0,1325993300470.0,29.78,0.57,-1.42,2025,사업보고서
432320,KB스타리츠,KOSPI,보통주,1483.0,0.95,223600000000.0,150764.0,203470.0,2.44,-1.36,-7.28,-99412462641.0,30393926136.0,785240585209.0,-72447633526.0,262894426368.0,1048135011577.0,18964573555.0,38188367891.0,684155215336.0,26609651153.0,382547438123.0,1066702653459.0,-31791469834.0,29781181411.0,689459806063.0,-26837382721.0,389131933200.0,1078591739263.0,298.69,-238.36,-37.81,2025,사업보고서
017860,DS단석,KOSPI,보통주,11780.0,2.26,208000000000.0,17654.0,29530.0,2.87,-17.1,-4.37,-12074239649.0,954873741956.0,488767477489.0,7982184722.0,270334444403.0,759101921892.0,-10321573908.0,961722369625.0,452780585481.0,12187575770.0,283038467880.0,735819053361.0,39161852822.0,1070440042557.0,437728925747.0,76240446307.0,281175210888.0,718904136635.0,180.8,0.84,-4.47,2025,사업보고서
000480,CR홀딩스,KOSPI,보통주,4525.0,-0.11,212200000000.0,46890.0,9003.0,1.05,-7.14,-4.69,-18803450000.0,827752427000.0,756993430000.0,27823631000.0,808194985000.0,1565188415000.0,-1278597000.0,810831515000.0,832104339000.0,17438364000.0,858357775000.0,1690462114000.0,26857674000.0,816904445000.0,795117752000.0,39415273000.0,826684107000.0,1621801859000.0,93.66,3.36,-2.33,2025,사업보고서
035150,백산,KOSPI,보통주,10900.0,1.4,215500000000.0,19771.0,8321.0,6.01,6.32,13.22,33192565571.0,504921990788.0,186042101552.0,53601098786.0,260615353030.0,446657454582.0,59877386780.0,496957597172.0,207518597628.0,76531450918.0,250366355972.0,457884953600.0,40522031132.0,417721809967.0,143460405254.0,53146153914.0,208460061713.0,351920466967.0,71.39,10.62,12.74,2025,사업보고서
004980,성신양회,KOSPI,보통주,8400.0,-0.36,205900000000.0,24516.0,94150.0,4.65,6.77,4.49,26014653152.0,1216265960464.0,714352355186.0,43656046848.0,592859839599.0,1307212194785.0,45374360177.0,1162632731807.0,791487099045.0,53239362394.0,575000537228.0,1366487636273.0,66955414380.0,1113282184538.0,772175804487.0,73331934254.0,538023248072.0,1310199052559.0,120.49,3.59,4.39,2025,사업보고서
003520,영진약품,KOSPI,보통주,1116.0,0.36,204100000000.0,182893.0,271047.0,2.98,-32.82,-0.25,-227660610.0,254255894053.0,170925251581.0,3415589622.0,91459449207.0,262384700788.0,1232792247.0,252040228764.0,144454841644.0,8721997142.0,89803131309.0,234257972953.0,-3875543365.0,234902460182.0,136968480036.0,3117394410.0,89632344152.0,226600824188.0,186.89,1.34,-0.25,2025,사업보고서
037270,YG PLUS,KOSPI,보통주,3170.0,3.09,201800000000.0,63663.0,118944.0,5.01,9.97,12.69,23616507038.0,236047405109.0,78855320859.0,32334952815.0,193698898860.0,272554219719.0,1996641109.0,184902894051.0,68555347342.0,-732390107.0,169246537581.0,237801884923.0,22274990552.0,223637117243.0,58633550811.0,21247899838.0,166900530960.0,225534081771.0,40.71,13.7,12.19,2025,사업보고서
100250,진양홀딩스,KOSPI,보통주,3175.0,0.63,202900000000.0,63900.0,40629.0,1.95,1.62,4.88,22058657412.0,279815907810.0,250258216081.0,5784115399.0,449174396645.0,699432612726.0,20894886024.0,286846166692.0,225942986842.0,4914347266.0,441103962844.0,667046949686.0,38195479439.0,271104256117.0,216313549023.0,3515267242.0,426767364095.0,643080913118.0,55.72,2.07,4.91,2025,사업보고서
088260,이리츠코크렙,KOSPI,보통주,3205.0,0.16,203000000000.0,63342.0,53324.0,3.08,14.57,3.17,6951214657.0,23218505054.0,454613615035.0,18180884436.0,214927616944.0,669541231979.0,6558625488.0,22879962369.0,453588270383.0,17831881832.0,218998397586.0,672586667969.0,5028748467.0,22754387430.0,453291465858.0,17606425388.0,223594998759.0,676886464617.0,211.52,78.3,3.23,2025,사업보고서
095570,AJ네트웍스,KOSPI,보통주,4250.0,0.0,192300000000.0,45253.0,57114.0,6.56,3.5,6.31,28327120000.0,1070114469000.0,1321667203000.0,71548375000.0,457119800000.0,1778787002000.0,21600801000.0,964641518000.0,1274047256000.0,76256280000.0,443723178000.0,1717770435000.0,16472355000.0,936525061000.0,1202505533000.0,78472289000.0,419651810000.0,1622157343000.0,289.13,6.69,6.2,2025,사업보고서
039570,HDC랩스,KOSPI,보통주,7560.0,0.0,196200000000.0,25958.0,1682.0,4.27,10.26,4.6,12262930001.0,645728085876.0,174545505648.0,10637118275.0,266867252376.0,441412758024.0,18975535063.0,628807776981.0,170656124460.0,6401720348.0,267505128726.0,438161253186.0,13163298384.0,606281889297.0,124811384857.0,10513214237.0,258521102495.0,383332487352.0,65.41,1.65,4.6,2025,사업보고서
013580,계룡건설,KOSPI,보통주,22000.0,1.38,196500000000.0,8931.0,77935.0,9.14,1.57,11.1,97894344656.0,2887440609690.0,2233993630971.0,166870229835.0,990885784242.0,3224879415213.0,52435702377.0,3127054733663.0,1989523620978.0,87143166001.0,902399482991.0,2891923103969.0,51924199347.0,2977005044488.0,1868729174216.0,100697392316.0,858163461806.0,2726892636022.0,225.45,5.78,9.88,2025,사업보고서
028100,동아지질,KOSPI,보통주,17720.0,2.01,198900000000.0,11222.0,22958.0,7.38,11.12,8.22,18721107187.0,467725500443.0,226559513545.0,18069010111.0,228591349132.0,455150862677.0,11388008342.0,393493162674.0,173152864336.0,9611724890.0,227099447160.0,400252311496.0,10229915443.0,344964131490.0,162018317271.0,7693102948.0,228916549467.0,390934866738.0,99.11,3.86,8.19,2025,사업보고서
004310,현대약품,KOSPI,보통주,7950.0,3.52,254400000000.0,32000.0,11114413.0,1.32,60.69,3.12,2516256242.0,191790079025.0,81112434730.0,4160910933.0,82103210702.0,163215645432.0,-574887516.0,175735499255.0,77322023506.0,180885917.0,79074176370.0,156396199876.0,6121759554.0,180762658997.0,69967631960.0,6926929270.0,84661467623.0,154629099583.0,98.79,2.17,3.06,2025,사업보고서
001630,종근당홀딩스,KOSPI,보통주,38900.0,0.0,194900000000.0,5010.0,1024.0,3.25,3.63,6.6,54317390160.0,959011774439.0,715725386969.0,58281283833.0,913055351744.0,1628780738713.0,40294018711.0,957752613068.0,646028179296.0,35486435048.0,849773425561.0,1495801604857.0,40575422161.0,879780769949.0,632518933646.0,17005266704.0,823484716865.0,1456003650511.0,78.39,6.08,5.95,2025,사업보고서
053210,스카이라이프,KOSPI,보통주,4100.0,-0.24,194800000000.0,47523.0,13504.0,6.25,82.0,1.27,1466653903.0,984216356687.0,413080111532.0,22980467279.0,563248947808.0,976329059340.0,-156078783566.0,1022927312705.0,463595564711.0,-1075800064.0,576645175949.0,1040240740660.0,-113745084092.0,1025595274656.0,478564857967.0,14067496354.0,737132733094.0,1215697591061.0,73.34,2.33,0.26,2025,사업보고서
001130,대한제분,KOSPI,보통주,11700.0,-0.68,197700000000.0,16900.0,7879.0,7.46,-4.89,-2.47,-25137525435.0,1375199649054.0,525617679934.0,62256836691.0,1009198242238.0,1534815922172.0,48829120223.0,1374735359151.0,523130128106.0,72306706525.0,1037332248569.0,1560462376675.0,81242498761.0,1441458547512.0,407391972243.0,54859482247.0,993961881817.0,1401353854060.0,52.08,4.53,-2.49,2025,사업보고서
377190,디앤디플랫폼리츠,KOSPI,보통주,2195.0,0.0,194000000000.0,88400.0,102378.0,3.16,21.31,1.67,2987478401.0,,679202284475.0,15013132094.0,363056337768.0,1042258622243.0,4540139793.0,,664971093976.0,12982446189.0,371207061696.0,1036178155672.0,3113228663.0,,554993113635.0,10361527713.0,297966193373.0,852959307008.0,187.08,,0.82,2025,사업보고서
010580,에스엠벡셀,KOSPI,보통주,1699.0,-2.19,189000000000.0,111252.0,239094.0,0.66,-212.38,2.4,1650688607.0,150271118361.0,30013931659.0,1573953345.0,70162568788.0,100176500447.0,1115369744.0,172548105255.0,38611068175.0,5216545654.0,67316795376.0,105927863551.0,687377262.0,202720700696.0,36748801001.0,9471454353.0,66510217307.0,103259018308.0,42.78,1.05,2.35,2025,사업보고서
128820,대성산업,KOSPI,보통주,4150.0,1.84,187700000000.0,45235.0,46670.0,2.96,-3.91,-9.93,-61745964943.0,1565923441453.0,1092774532808.0,10832731125.0,646433963733.0,1739208496541.0,8412371624.0,1476772033939.0,1066139472621.0,21781127161.0,620225867698.0,1686365340319.0,-4010450468.0,1608088520653.0,1119752088608.0,29449898866.0,613554433374.0,1733306521982.0,169.05,0.69,-9.55,2025,사업보고서
339770,교촌에프앤비,KOSPI,보통주,3800.0,0.0,189900000000.0,49965.0,16712.0,2.05,12.67,9.57,17221254343.0,517353492006.0,188876614347.0,35038002910.0,188630140930.0,377506755277.0,833040786.0,480810378812.0,164320859910.0,15437454339.0,178545057707.0,342865917617.0,12801507642.0,444950940517.0,140790677460.0,24838126050.0,185573863457.0,326364540917.0,100.13,6.77,9.13,2025,사업보고서
117580,대성에너지,KOSPI,보통주,6960.0,0.0,191400000000.0,27500.0,50703.0,1.68,6.55,7.3,24619870264.0,1017938768125.0,445537964210.0,30348573111.0,345719204223.0,791257168433.0,17261222932.0,995129899139.0,468522956948.0,20476271942.0,328882817126.0,797405774074.0,14937263678.0,999533749249.0,483594707410.0,20391954237.0,319603451088.0,803198158498.0,128.87,2.98,7.12,2025,사업보고서
000140,하이트진로홀딩스,KOSPI,보통주,8030.0,0.12,186400000000.0,23207.0,2652.0,7.14,-75.05,-0.46,15886630802.0,2484504029642.0,2768000988787.0,183252663765.0,1140161316659.0,3908162305446.0,90773142637.0,2585068710459.0,2923029298430.0,221794886726.0,1154414666187.0,4077443964617.0,18315800358.0,2506869281995.0,2874614630369.0,138073290650.0,1105136518377.0,3979751148746.0,242.77,7.38,1.39,2025,사업보고서
033530,SJG세종,KOSPI,보통주,7000.0,1.6,189400000000.0,27052.0,30095.0,7.18,2.02,14.05,68686663233.0,1896882583006.0,797623540542.0,85395320763.0,528660044356.0,1326283584898.0,34029883554.0,1816595152264.0,781290611162.0,60611834886.0,459327355559.0,1240617966721.0,4338222081.0,1792324075283.0,739910935731.0,51864002447.0,411894487983.0,1151805423714.0,150.88,4.5,12.99,2025,사업보고서
102260,동성케미컬,KOSPI,보통주,3760.0,0.27,190500000000.0,50670.0,89479.0,3.94,4.51,7.39,75556928643.0,1211599795389.0,497684387945.0,112042532460.0,641340855678.0,1139025243623.0,77980785833.0,1066318113144.0,476110338367.0,91029915815.0,596783918115.0,1072894256482.0,58715253362.0,993003787815.0,445611887526.0,74070573970.0,525000968052.0,970612855578.0,77.6,9.25,11.78,2025,사업보고서
016580,환인제약,KOSPI,보통주,10360.0,-0.29,192700000000.0,18600.0,74597.0,12.7,9.42,3.41,13595213603.0,255214382356.0,57883743425.0,13018531799.0,421006997993.0,478890741418.0,23380719395.0,259596031749.0,48704233167.0,21495286106.0,376001534036.0,424705767203.0,29774322169.0,230393578986.0,43019152692.0,30170287865.0,358207480590.0,401226633282.0,13.75,5.1,3.23,2025,사업보고서
035510,신세계 I&C,KOSPI,보통주,13860.0,6.7,193800000000.0,13981.0,300736.0,6.02,6.39,6.73,28339493283.0,687200163879.0,143174091052.0,49113030897.0,433213266942.0,576387357994.0,33848234391.0,625716262145.0,94332706112.0,36953168486.0,408601289160.0,502933995272.0,30441378559.0,618922936014.0,94320451732.0,39957882041.0,382241045872.0,476561497604.0,33.05,7.15,6.54,2025,사업보고서
007860,서연,KOSPI,보통주,7760.0,-0.13,182200000000.0,23480.0,16202.0,6.58,2.01,6.59,93797410299.0,4916072967528.0,2089725341753.0,199589955218.0,1629879818270.0,3719605160023.0,225729869603.0,4498780011654.0,1896835374301.0,241938199007.0,1527631381240.0,3424466755541.0,211407356490.0,4020724761964.0,1556642713410.0,256859542763.0,1215227939469.0,2771870652879.0,128.21,4.06,5.75,2025,사업보고서
102460,이연제약,KOSPI,보통주,9970.0,0.61,185300000000.0,18587.0,38862.0,1.09,-5.41,-12.6,-29633118376.0,145928626140.0,244826766579.0,-30268572134.0,220272877525.0,465099644104.0,4151240203.0,148299673635.0,250052738249.0,79259194.0,249941078898.0,499993817147.0,3583373124.0,151071143910.0,251150969113.0,4033629819.0,248624544580.0,499775513693.0,111.15,-20.74,-13.45,2025,사업보고서
016450,한세예스24홀딩스,KOSPI,보통주,4465.0,-0.56,178600000000.0,40000.0,26443.0,1.87,-70.87,-6.86,-23184360138.0,3409830339365.0,2093657727714.0,65466584992.0,941078962409.0,3034736690123.0,24982740795.0,2830854661888.0,1831199793408.0,152254632037.0,994460069104.0,2825659862512.0,111443389308.0,2780751628151.0,1188689216686.0,189745000099.0,963656730166.0,2152345946852.0,222.47,1.92,-2.46,2025,사업보고서
002420,우양피앤엘,KOSPI,보통주,5780.0,-1.53,180200000000.0,31168.0,10769.0,0.2,-43.79,-6.53,-1596471433.0,29245475900.0,24749603292.0,-569830419.0,24547378493.0,49296981785.0,-2822596101.0,32031845759.0,25782660593.0,-1975504652.0,24321926462.0,50104587055.0,-1559060836.0,30324718023.0,23943612178.0,-737486511.0,27055502112.0,50999114290.0,100.82,-1.95,-6.5,2025,사업보고서
241590,화승엔터프라이즈,KOSPI,보통주,2880.0,0.17,174500000000.0,60589.0,14869.0,5.66,-5.69,-5.87,-27121361108.0,1564379181881.0,850137281265.0,35691758682.0,471303528899.0,1321440810164.0,34359170263.0,1609616611391.0,973854812468.0,82566443170.0,563749531320.0,1537604343788.0,-25283145952.0,1213831937248.0,801186315154.0,12961781973.0,559383890377.0,1360570205531.0,180.38,2.28,-5.75,2025,사업보고서
014710,사조씨푸드,KOSPI,보통주,10470.0,-0.29,180300000000.0,17219.0,5726.0,4.44,-5.55,-12.7,-28358816841.0,238019779764.0,184768816051.0,12175095763.0,208309823864.0,393078639915.0,11803297365.0,188281808578.0,100104157747.0,9520883434.0,237724628867.0,337828786614.0,-23096469897.0,176023865603.0,102175105518.0,-34849471003.0,217962944164.0,320138049682.0,88.7,5.12,-13.61,2025,사업보고서
000390,SP삼화,KOSPI,보통주,6410.0,-1.08,174400000000.0,27203.0,70310.0,20.76,12.87,2.3,7779643622.0,617067546154.0,280080911091.0,9549499585.0,340444459586.0,620525370677.0,15473334744.0,628348259134.0,289704209848.0,18981518300.0,329610877682.0,619315087530.0,16130730290.0,631381875774.0,281560002691.0,25826733514.0,309053611346.0,590613614037.0,82.27,1.55,2.29,2025,사업보고서
025560,미래산업,KOSPI,보통주,6270.0,1.62,174200000000.0,27779.0,255790.0,10.26,5.72,8.85,10112143837.0,50777866585.0,29747829222.0,9142654995.0,122603583772.0,152351412994.0,6604010536.0,27041833124.0,25602470995.0,12121165328.0,106010231722.0,131612702717.0,-31501730280.0,21739463482.0,27339221298.0,-15975202007.0,76442051252.0,103781272550.0,24.26,18.01,8.25,2025,사업보고서
002100,경농,KOSPI,보통주,9330.0,0.21,182100000000.0,19523.0,29045.0,1.16,12.1,7.24,19590877957.0,339236756604.0,198104326577.0,28697544624.0,288352573768.0,486456900345.0,17736543706.0,325185752782.0,210427634017.0,26720336645.0,278591569698.0,489019203715.0,15126191336.0,347407788945.0,180131701890.0,25209888376.0,268461032083.0,448592733973.0,68.7,8.46,6.79,2025,사업보고서
213500,한솔제지,KOSPI,보통주,7570.0,1.34,180200000000.0,23801.0,20655.0,5.55,8.16,0.56,3889085144.0,2290040442405.0,1296098801088.0,49932105257.0,697642267848.0,1993741068936.0,-30395626661.0,2215792424792.0,1329564252421.0,21991294920.0,687286304949.0,2016850557370.0,1761168152.0,2194102551558.0,1350306996746.0,47243516765.0,724100702295.0,2074407699041.0,185.78,2.18,0.56,2025,사업보고서
002150,도화엔지니어링,KOSPI,보통주,5320.0,-0.56,179400000000.0,33720.0,24856.0,0.98,20.46,2.88,6322351352.0,698474865934.0,473170192872.0,30117245820.0,251987513204.0,725157706076.0,-6348231037.0,582786671724.0,348775867462.0,-13386874639.0,256405506072.0,605181373534.0,20743987999.0,574990699821.0,330735948947.0,21891969353.0,274364101351.0,605100050298.0,187.78,4.31,2.51,2025,사업보고서
234080,JW생명과학,KOSPI,보통주,11260.0,0.54,178300000000.0,15835.0,9473.0,14.5,6.85,13.59,28605864009.0,257829408646.0,97627726990.0,33244199432.0,220578062722.0,318205789712.0,43987530998.0,222478095665.0,124878866041.0,35857988755.0,200444748408.0,325323614449.0,28143966408.0,206860371797.0,96443271382.0,30861915611.0,159393121651.0,255836393033.0,44.26,12.89,12.97,2025,사업보고서
487570,HS효성,KOSPI,보통주,48100.0,-0.31,179200000000.0,3726.0,1611.0,4.99,3.65,3.68,20064731051.0,1409897041305.0,386080167244.0,46434295089.0,522330127730.0,908410294974.0,2379801952.0,721844316379.0,590154122636.0,21384885138.0,553338553702.0,1143492676338.0,,,,,,,73.91,3.29,3.84,2025,사업보고서
004560,현대비앤지스틸,KOSPI,보통주,11650.0,0.52,175700000000.0,15079.0,16898.0,4.82,9.14,2.86,14824431568.0,741250134001.0,192188884608.0,25893420276.0,521014646031.0,713203530639.0,24969800651.0,795376120096.0,237513520737.0,30627008612.0,516108525904.0,753622046641.0,-30200206953.0,1045305563220.0,298689554216.0,-35227804661.0,493860721920.0,792550276136.0,36.89,3.49,2.85,2025,사업보고서
003220,대원제약,KOSPI,보통주,8070.0,1.0,181000000000.0,22428.0,38806.0,12.72,68.97,-0.51,-4012533918.0,605434719615.0,339072737426.0,3483326321.0,274578483253.0,613651220679.0,9044729468.0,598162352613.0,298810595744.0,28220453539.0,284578237939.0,583388833683.0,23463261382.0,526952045065.0,243733869786.0,32232798510.0,264264472571.0,507998342357.0,123.49,0.58,-1.46,2025,사업보고서
003610,방림,KOSPI,보통주,5500.0,-1.43,176600000000.0,32111.0,36062.0,0.0,15.49,3.64,6511313189.0,122527094021.0,48420748654.0,1121307590.0,180570128641.0,228990877295.0,617138946.0,110595886622.0,41948591533.0,-3270147637.0,189678539654.0,231627131187.0,-4198833831.0,131921584650.0,49794631627.0,-4119487210.0,193665940357.0,243460571984.0,26.82,0.92,3.61,2025,사업보고서
005960,동부건설,KOSPI,보통주,7520.0,0.27,172600000000.0,22947.0,20967.0,7.97,2.17,10.28,44513030968.0,1758625710036.0,1137043010158.0,42628317835.0,550820451851.0,1687863462009.0,-107507005059.0,1688369156822.0,1198332468597.0,-96940269971.0,452761664688.0,1651094133285.0,-4854316016.0,1899979526270.0,1226953607157.0,30199216950.0,580558728890.0,1807512336047.0,206.43,2.42,8.08,2025,사업보고서
003460,유화증권,KOSPI,보통주,3065.0,0.66,173800000000.0,56702.0,6565.0,1.76,12.46,2.68,14055892010.0,,272602005714.0,5916978672.0,537902516178.0,810504521892.0,17778797328.0,,260119655443.0,12200935029.0,511233305479.0,771352960922.0,7336575701.0,,296900932139.0,-429524300.0,506052350529.0,802953282668.0,50.68,,2.61,2025,사업보고서
000300,DH오토넥스,KOSPI,보통주,4200.0,0.0,174000000000.0,41437.0,0.0,2.09,1400.0,12.17,5755172432.0,,19126231020.0,3227554944.0,32101054220.0,51227285240.0,113242185596.0,,40960640758.0,-5148055704.0,26920108848.0,67880749606.0,-175132678030.0,,202256217483.0,-29945679316.0,-125889737123.0,76366480360.0,59.58,,17.93,2025,사업보고서
000700,유수홀딩스,KOSPI,보통주,6640.0,0.76,172900000000.0,26042.0,20322.0,22.19,11.22,1.35,16752714426.0,418474161915.0,67528386749.0,21219524179.0,412155706832.0,479684093581.0,31644811581.0,435867054050.0,67044758212.0,18315439948.0,411670667039.0,478715425251.0,23263597963.0,341769101419.0,68107152536.0,21985188591.0,446364985165.0,514472137701.0,16.38,5.07,4.06,2025,사업보고서
015230,대창단조,KOSPI,보통주,6520.0,0.31,177000000000.0,27144.0,93771.0,8.74,4.68,9.25,27477320015.0,346267051157.0,78536207529.0,38033603172.0,323284050270.0,401820257799.0,32945243186.0,322237329620.0,70997328719.0,30073913587.0,301343784779.0,372341113498.0,33910342318.0,372122590244.0,62213191685.0,46442960961.0,272538657429.0,334751849114.0,24.29,10.98,8.5,2025,사업보고서
004380,삼익THK,KOSPI,보통주,8100.0,2.4,167700000000.0,20700.0,11885.0,37.69,-11.01,-25.27,-44996713410.0,222175005872.0,235366960230.0,-35459793585.0,157413151322.0,392780111552.0,1533340639.0,304426059356.0,264770756288.0,564892513.0,198828649589.0,463599405877.0,985055837.0,315640474732.0,270907976513.0,6935482797.0,202697984880.0,473605961393.0,149.52,-15.96,-28.59,2025,사업보고서
002170,SYTS,KOSPI,보통주,54300.0,-1.27,162900000000.0,3000.0,943.0,3.89,6.48,5.4,23951444926.0,174685073701.0,20750350486.0,18442275040.0,453490771947.0,474241122433.0,11008468580.0,191310493294.0,19985723720.0,19991855072.0,434145677117.0,454131400837.0,21640419330.0,179258365881.0,22832801527.0,17683937036.0,431919041908.0,454751843435.0,4.58,10.56,5.28,2025,사업보고서
016880,웅진,KOSPI,보통주,1960.0,0.72,156700000000.0,79927.0,82312.0,5.94,3.09,96.89,114381099710.0,1150691499139.0,5011362623765.0,78114435118.0,336077402738.0,5347440026503.0,-5176664480.0,1008111365589.0,782069798792.0,31084577897.0,188901005477.0,970970804269.0,-24754798288.0,1018577151624.0,835453231162.0,22359940820.0,191624801173.0,1027078032335.0,1491.13,6.79,34.03,2025,사업보고서
013890,지누스,KOSPI,보통주,7740.0,1.57,169700000000.0,21926.0,4671.0,7.6,-1.92,-2.8,-18505683599.0,913180017856.0,423749526842.0,25479423487.0,649370973530.0,1073120500372.0,-6798402948.0,920399251687.0,519464564797.0,-5445946393.0,672764012916.0,1192228577713.0,5297181824.0,952282926124.0,415635288230.0,18342039200.0,625763571220.0,1041398859450.0,65.26,2.79,-2.85,2025,사업보고서
101530,해태제과식품,KOSPI,보통주,5600.0,0.54,163100000000.0,29117.0,6229.0,1.09,7.49,7.77,23396241441.0,641386567732.0,400912329968.0,42328087980.0,309587997123.0,710500327091.0,31839983214.0,629196328510.0,408271226941.0,49071903987.0,291561980203.0,699833207144.0,21703503021.0,624865973087.0,416672704885.0,45723953375.0,268298745670.0,684971450555.0,129.5,6.6,7.56,2025,사업보고서
090350,노루페인트,KOSPI,보통주,8040.0,0.37,160800000000.0,20000.0,17012.0,5.44,5.02,4.0,16461366915.0,771052153523.0,275956804866.0,30180700861.0,415977242652.0,691934047518.0,35165884495.0,793847292349.0,260834969198.0,43664633269.0,406837318795.0,667672287993.0,27866551190.0,780366686993.0,294352124785.0,42270366554.0,374279148488.0,668631273273.0,66.34,3.91,3.96,2025,사업보고서
000860,강남제비스코,KOSPI,보통주,12650.0,0.48,164400000000.0,13000.0,12772.0,5.01,-67.29,-0.43,926008538.0,598552862276.0,265247732135.0,8294746283.0,708767942201.0,974015674336.0,18123152497.0,643137092555.0,264762207818.0,20529999372.0,704976952838.0,969739160656.0,21726050379.0,638789180998.0,293589356337.0,23167970906.0,692097370896.0,985686727233.0,37.42,1.39,0.13,2025,사업보고서
007570,일양약품,KOSPI,보통주,8370.0,0.12,159700000000.0,19086.0,5695.0,5.53,9.46,2.92,7132764228.0,272422211708.0,215922084514.0,4962569742.0,241408583441.0,457330667955.0,9282193024.0,268677532918.0,191493987384.0,9622202657.0,239533466603.0,431027453987.0,-2030394390.0,266669003173.0,163024190155.0,16379100013.0,229582370273.0,392606560428.0,89.44,1.82,2.95,2025,사업보고서
001780,알루코,KOSPI,보통주,1595.0,-0.99,154400000000.0,96830.0,168604.0,4.41,7.97,4.86,15878057966.0,575658057136.0,508113654613.0,34899686142.0,404858804415.0,912972459028.0,17665025864.0,622944292918.0,562283552384.0,38053108468.0,391717017908.0,954000570292.0,20461689088.0,591186560074.0,502306306396.0,37632269602.0,358843354991.0,861149661387.0,125.5,6.06,3.92,2025,사업보고서
003010,혜인,KOSPI,보통주,10650.0,9.01,135400000000.0,12713.0,812385.0,7.23,7.52,11.49,14236946120.0,241713123892.0,123033329899.0,17552440394.0,127629006006.0,250662335905.0,7274399159.0,248825923748.0,142673830031.0,14157545456.0,120265987485.0,262939817516.0,7404407309.0,276080698891.0,139149134648.0,9142102686.0,114811452331.0,253960586979.0,96.4,7.26,11.15,2025,사업보고서
460850,동국씨엠,KOSPI,보통주,5220.0,-0.38,156100000000.0,29899.0,22738.0,21.6,-16.01,-5.3,-69865119820.0,2768703132346.0,1664197573256.0,-38828006711.0,1046243364574.0,2710440937830.0,63782304320.0,2163761368649.0,819840114726.0,77329845672.0,1015299615768.0,1835139730494.0,10113300697.0,1266149070283.0,749101897755.0,26689442862.0,961632609276.0,1710734507031.0,159.06,-1.4,-6.68,2025,사업보고서
400760,NH올원리츠,KOSPI,보통주,2795.0,0.72,153500000000.0,54929.0,66247.0,1.29,349.38,0.72,1401942511.0,27889483783.0,726925087031.0,18768745817.0,201841510292.0,928766597323.0,-728583625.0,21835605195.0,729230733445.0,11823284183.0,175113470324.0,904344203769.0,-1052804087.0,19306598112.0,469986665070.0,10303676888.0,184608404854.0,654595069924.0,360.15,67.3,0.69,2025,사업보고서
462520,조선내화,KOSPI,보통주,12850.0,-0.93,152300000000.0,11855.0,12952.0,0.45,-48.31,1.02,3103297000.0,532032570000.0,269012439000.0,23860164000.0,231340322000.0,500352761000.0,1287245000.0,500640282000.0,330967053000.0,20019112000.0,236071279000.0,567038332000.0,24143456000.0,279366908000.0,217208546000.0,31851794000.0,220825237000.0,438033783000.0,116.28,4.48,1.34,2025,사업보고서
077500,유니퀘스트,KOSPI,보통주,7440.0,2.2,160700000000.0,21600.0,65967.0,58.49,5.31,8.61,19302198536.0,730042828552.0,270192128629.0,36686843260.0,244865780681.0,515057909310.0,4948883049.0,710482069603.0,250947742906.0,34138354685.0,231403672151.0,482351415057.0,16341231290.0,665926330174.0,240747285701.0,33985725771.0,213657095076.0,454404380777.0,110.34,5.03,7.88,2025,사업보고서
009470,삼화전기,KOSPI,보통주,22800.0,3.87,150800000000.0,6614.0,15493.0,25.87,24.46,10.39,11125404924.0,230067797956.0,60217551266.0,12036508083.0,120430104142.0,180647655408.0,20673576344.0,233116164397.0,61084348626.0,24788845997.0,112074123471.0,173158472097.0,5800702495.0,202450938538.0,45172483589.0,7828690534.0,94066005039.0,139238488628.0,50.0,5.23,9.24,2025,사업보고서
003830,대한화섬,KOSPI,보통주,114800.0,1.23,152500000000.0,1328.0,96.0,0.47,9.81,1.37,9606102139.0,108225676813.0,126268778662.0,-7255414926.0,711010793390.0,837279572052.0,-2494580182.0,123785673930.0,129833012247.0,-1542476290.0,690751693091.0,820584705338.0,10427991011.0,134407371795.0,143756014747.0,2392490401.0,717116739206.0,860872753953.0,17.76,-6.7,1.35,2025,사업보고서
000970,한국주철관,KOSPI,보통주,6660.0,0.15,151900000000.0,22800.0,5902.0,2.57,8.9,4.75,17103869485.0,406620008497.0,70338072152.0,13295560073.0,365278585138.0,435616657290.0,14347893535.0,419416899335.0,73720798815.0,15445910306.0,355985182032.0,429705980847.0,17420022071.0,456325697481.0,74562473227.0,20384146359.0,359545628831.0,434108102058.0,19.26,3.27,4.68,2025,사업보고서
025820,이구산업,KOSPI,보통주,4280.0,0.12,143100000000.0,33442.0,128771.0,4.74,5.86,7.74,10919844141.0,507783563654.0,231325227510.0,24406930773.0,145642344047.0,376967571557.0,12607044238.0,472292427806.0,192583407720.0,25163412834.0,136425181348.0,329008589068.0,656314435.0,433373177732.0,187965582995.0,10213327750.0,125926034608.0,313891617603.0,158.83,4.81,7.5,2025,사업보고서
071840,롯데하이마트,KOSPI,보통주,6320.0,0.16,149200000000.0,23608.0,2736.0,2.76,-6.05,-0.26,-2442674088.0,2300095883091.0,847931390669.0,9639450324.0,942935229746.0,1790866620415.0,-305369003097.0,2356656539880.0,960994908355.0,1720857840.0,927594551701.0,1888589460056.0,-35368734888.0,2610137030353.0,1120890821760.0,8223020506.0,1249790124067.0,2370680945827.0,89.92,0.42,-0.26,2025,사업보고서
272550,삼양패키징,KOSPI,보통주,9880.0,0.41,148900000000.0,15068.0,11840.0,2.62,7.31,4.61,17657382516.0,420217993585.0,263197370667.0,24646788762.0,386078179824.0,649275550491.0,20440262011.0,448111536488.0,287690156541.0,33757315714.0,379587063292.0,667277219833.0,25435266117.0,421668811107.0,267466066683.0,32467578424.0,374574487725.0,642040554408.0,68.17,5.87,4.57,2025,사업보고서
293480,하나제약,KOSPI,보통주,8520.0,1.19,151400000000.0,17773.0,16310.0,0.0,8.67,2.82,8778007699.0,239503892657.0,104731944363.0,25815826289.0,313408799150.0,418140743513.0,21250044508.0,225339838199.0,72834560079.0,25154206032.0,309176120601.0,382010680680.0,22332770016.0,224456850812.0,70401293830.0,27031448543.0,277984888630.0,348386182460.0,33.42,10.78,2.8,2025,사업보고서
004970,신라교역,KOSPI,보통주,9160.0,-0.33,146600000000.0,16000.0,38919.0,4.13,3.09,0.77,5305235921.0,454741129091.0,119361127534.0,-1566075725.0,603073107870.0,722434235404.0,40168828006.0,470510573950.0,160627956409.0,16823878669.0,604089322710.0,764717279119.0,17164767577.0,394069170628.0,178568344162.0,13706894602.0,570051838845.0,748620183007.0,19.79,-0.34,0.88,2025,사업보고서
271980,제일약품,KOSPI,보통주,10520.0,-2.41,154700000000.0,14705.0,56049.0,1.47,16.59,11.72,32001412552.0,567244440283.0,259549489621.0,20695142654.0,251025237385.0,510574727006.0,-30142523087.0,704542027302.0,306382840578.0,-18927242331.0,219316846488.0,525699687066.0,5200570313.0,726393758032.0,330294126020.0,8731379542.0,157032171577.0,487326297597.0,103.4,3.65,12.75,2025,사업보고서
000020,동화약품,KOSPI,보통주,5210.0,0.19,145500000000.0,27931.0,55487.0,3.27,8.05,2.31,3842369985.0,496394309778.0,240728435023.0,256752681.0,401439663390.0,642168098413.0,2146096510.0,464874735245.0,217959805338.0,13411192945.0,401675120174.0,619634925512.0,28237045586.0,361108562008.0,155736123893.0,18775880121.0,402783943810.0,558520067703.0,59.97,0.05,0.96,2025,사업보고서
004960,한신공영,KOSPI,보통주,12550.0,4.76,145200000000.0,11571.0,57077.0,4.69,1.74,7.43,57864389832.0,1149191208443.0,1371517585707.0,64521039255.0,841468880850.0,2212986466557.0,14764860230.0,1490447569221.0,1536556216382.0,37254849485.0,781317369985.0,2317873586367.0,23668931441.0,1309008523014.0,1716013928089.0,14755273986.0,752933021934.0,2468946950023.0,162.99,5.61,6.88,2025,사업보고서
004090,한국석유,KOSPI,보통주,11330.0,1.43,143800000000.0,12694.0,120298.0,4.35,9.72,2.59,5072886019.0,696926234873.0,207018645036.0,11844186456.0,206027005851.0,413045650887.0,12890793820.0,726195804425.0,186827178792.0,18774769252.0,197577357210.0,384404536002.0,14756719369.0,682274380401.0,176607401972.0,18003041913.0,177374809664.0,353982211636.0,100.48,1.7,2.46,2025,사업보고서
107590,미원홀딩스,KOSPI,보통주,62800.0,-1.87,145700000000.0,2320.0,104.0,0.45,2.79,9.52,17527276595.0,492717916275.0,201179637983.0,20345735531.0,326720763281.0,527900401264.0,16079260235.0,476575958592.0,196740505869.0,23033364411.0,297586436531.0,494326942400.0,3430407159.0,443162257779.0,197574631444.0,15564411112.0,269928526385.0,467503157829.0,61.58,4.13,5.36,2025,사업보고서
002210,동성제약,KOSPI,보통주,1425.0,0.49,137700000000.0,96620.0,44161.0,0.86,-5.5,-76.44,-25737002341.0,87168895112.0,145072185596.0,-10118316902.0,23370851643.0,168443037239.0,-14571588545.0,88448234133.0,96700571202.0,-5731935846.0,43967522571.0,140668093773.0,-5966015025.0,88593588700.0,75088117608.0,665079755.0,35910208226.0,110998325834.0,620.74,-11.61,-110.12,2025,사업보고서
006060,화승인더,KOSPI,보통주,2455.0,-0.81,135800000000.0,55320.0,43639.0,5.29,4.57,5.63,9696359403.0,1781041307923.0,1034102822962.0,76579804544.0,558938660741.0,1593041483703.0,46909086708.0,1867733844525.0,1208778053988.0,118225154489.0,624256318598.0,1833034372586.0,-32499380085.0,1466551191174.0,1039627990949.0,24745436322.0,613649058624.0,1653277049573.0,185.01,4.3,1.73,2025,사업보고서
001080,만호제강,KOSPI,보통주,4010.0,0.5,140800000000.0,35115.0,86029.0,0.21,54.93,-1.92,-3536289351.0,152953052398.0,22593210389.0,-11976544318.0,188570901745.0,211164112134.0,-44354713749.0,179904428905.0,25735878225.0,-30795040915.0,179075206968.0,204811085193.0,-4139049701.0,219339870656.0,33464202357.0,-12394036561.0,223111137050.0,256575339407.0,11.98,-7.83,-1.88,2025,사업보고서
015890,태경산업,KOSPI,보통주,4800.0,0.42,140300000000.0,29229.0,4993.0,2.67,5.16,5.41,38501507975.0,777095583235.0,399253606970.0,55432087513.0,590248329599.0,989501936569.0,40057922305.0,675692460593.0,206748842959.0,55683630049.0,477982351431.0,684731194390.0,36170789418.0,656027303168.0,185598432442.0,44128087572.0,450039500015.0,635637932457.0,67.64,7.13,6.52,2025,사업보고서
003480,한진중공업홀딩스,KOSPI,보통주,4740.0,0.85,140000000000.0,29530.0,29584.0,2.79,2.09,14.18,62562000000.0,1201730000000.0,1337356000000.0,73254000000.0,479823000000.0,1817179000000.0,60846000000.0,1164853000000.0,1429144000000.0,45875000000.0,420523000000.0,1849667000000.0,7903000000.0,1242608000000.0,1497922000000.0,39375000000.0,367799000000.0,1865721000000.0,278.72,6.1,13.04,2025,사업보고서
004150,한솔홀딩스,KOSPI,보통주,3485.0,0.0,143000000000.0,41027.0,77635.0,5.43,3.26,-0.11,8896778000.0,1098306886000.0,243814015000.0,22608692000.0,645179036000.0,888993051000.0,1583567000.0,791639938000.0,259801490000.0,7479492000.0,673357379000.0,933158869000.0,5033306000.0,443135225000.0,125877734000.0,3998570000.0,594227604000.0,720105338000.0,37.79,2.06,1.38,2025,사업보고서
094280,효성ITX,KOSPI,보통주,12020.0,0.17,138900000000.0,11558.0,1996.0,1.16,10.47,21.21,15452778088.0,519013909878.0,120207040084.0,18958791370.0,75110894256.0,195317934340.0,11767673978.0,506354423294.0,95724948757.0,18749635222.0,70600164777.0,166325113534.0,14579375004.0,503774955158.0,106070813281.0,19190293316.0,70214000455.0,176284813736.0,160.04,3.65,20.57,2025,사업보고서
214420,토니모리,KOSPI,보통주,5290.0,-0.19,127200000000.0,24055.0,48985.0,2.29,11.3,9.76,11404870523.0,220273588910.0,101459497561.0,14364820223.0,125143415794.0,226602913355.0,16588488900.0,176995852869.0,93929367767.0,12102080331.0,116840358853.0,210769726620.0,2987856716.0,151091527920.0,101250685664.0,9616935808.0,101358382614.0,202609068278.0,81.07,6.52,9.11,2025,사업보고서
081000,일진다이아,KOSPI,보통주,9570.0,0.53,135900000000.0,14203.0,5998.0,4.6,9.31,1.66,5794653046.0,162400019578.0,72598792131.0,-6785199972.0,539381448896.0,611980241027.0,13631877784.0,157050555577.0,66147688980.0,-4644208842.0,541199375533.0,607347064513.0,10565000347.0,154457870494.0,62179846965.0,-4369731314.0,531849507648.0,594029354613.0,13.46,-4.18,1.07,2025,사업보고서
008350,남선알미늄,KOSPI,보통주,1052.0,-1.87,135800000000.0,129079.0,495925.0,7.1,-12.38,1.25,3634987284.0,258921909120.0,153089502829.0,-3265896897.0,284188276543.0,437277779372.0,-26725073616.0,289539027472.0,107185227528.0,4824753722.0,297532317360.0,404717544888.0,-263740253.0,310499187506.0,129539387322.0,6445968577.0,303168213251.0,432707600573.0,53.87,-1.26,1.28,2025,사업보고서
012610,경인양행,KOSPI,보통주,3160.0,0.0,131500000000.0,41616.0,99414.0,6.13,6.53,2.35,5580838414.0,379701831841.0,261789914841.0,16266027114.0,265017216575.0,526807131416.0,16247818016.0,374231082201.0,279544870913.0,24226048531.0,265424410500.0,544969281413.0,-9742504993.0,345408240080.0,287262667581.0,-2247161467.0,251693304847.0,538955972428.0,98.78,4.28,2.11,2025,사업보고서
000520,삼일제약,KOSPI,보통주,6230.0,2.47,135100000000.0,21692.0,35340.0,3.85,-3.59,-22.41,-34663701924.0,210253472993.0,238339519546.0,-22211884927.0,133262036276.0,371601555822.0,-5628801989.0,219699586442.0,218947290895.0,113040731.0,176123873044.0,395071163939.0,1663539539.0,196345807846.0,242852725250.0,6471027760.0,127827371786.0,370680097036.0,178.85,-10.56,-26.01,2025,사업보고서
013520,화승코퍼레이션,KOSPI,보통주,2570.0,-0.77,128600000000.0,50051.0,44576.0,7.21,1.74,31.51,103147000577.0,1639776710595.0,813861087586.0,83064262116.0,418733142510.0,1232594230096.0,59944838156.0,1564334416443.0,926508894133.0,85786260610.0,361990247304.0,1288499141437.0,33208351746.0,1476601965838.0,884030134462.0,87850575083.0,270513263949.0,1154543398411.0,194.36,5.07,24.63,2025,사업보고서
001210,금호전기,KOSPI,보통주,12170.0,-5.44,150600000000.0,12376.0,3491044.0,17.5,-3042.5,-14.57,-3935952090.0,44337718233.0,20661211659.0,-1183567764.0,10115013712.0,30776225371.0,-13843864042.0,53171559352.0,24425699025.0,-4957267533.0,8915865803.0,33341564828.0,-18342317139.0,53372993650.0,45756810075.0,-8228668329.0,7148316474.0,52905126549.0,204.26,-2.67,-38.91,2025,사업보고서
004080,신흥,KOSPI,보통주,14020.0,-0.28,130400000000.0,9300.0,263.0,2.16,24.73,2.44,2932992529.0,102606917707.0,33631687299.0,7091121461.0,116000778096.0,149632465395.0,5220337628.0,101755599986.0,25267017171.0,6277866223.0,116160640620.0,141427657791.0,9230504923.0,112442780476.0,26440643644.0,11356003801.0,113890708957.0,140331352601.0,28.99,6.91,2.53,2025,사업보고서
002390,한독,KOSPI,보통주,9530.0,0.11,131200000000.0,13764.0,3972.0,2.2,-13.99,-0.76,-2238116610.0,535137855367.0,512428746660.0,3291476727.0,278321412847.0,790750159507.0,-52665955894.0,507358329302.0,499494735812.0,538506984.0,289060270969.0,788555006781.0,-28940426192.0,522741079531.0,449706525420.0,12578832018.0,340633132757.0,790339658177.0,184.11,0.62,-0.8,2025,사업보고서
009270,신원,KOSPI,보통주,1163.0,0.09,133500000000.0,114770.0,495897.0,2.38,29.82,-1.14,-1631250295.0,1092254154426.0,414516010603.0,18778913228.0,228050634357.0,642566644960.0,5648419882.0,939536833803.0,402124433814.0,25317728223.0,226777655430.0,628902089244.0,5935016102.0,834478141461.0,331223040908.0,23429995620.0,213786722034.0,545009762942.0,181.76,1.72,-0.72,2025,사업보고서
014280,금강공업,KOSPI,보통주,4240.0,-1.05,124400000000.0,29329.0,16409.0,3.02,-7.31,-11.82,-37353541440.0,802156014802.0,689840040135.0,10497395028.0,498151541194.0,1187991581329.0,16844230742.0,801352012454.0,662560902622.0,33048202059.0,499338342916.0,1161899245538.0,44788076295.0,856892700510.0,652973754367.0,66582089210.0,477493955104.0,1130467709471.0,138.48,1.31,-7.5,2025,사업보고서
210540,디와이파워,KOSPI,보통주,11540.0,-0.17,127400000000.0,11042.0,37565.0,13.32,3.98,8.3,25143819961.0,382750873929.0,63322364060.0,30429405841.0,312542006683.0,375864370743.0,21927550477.0,384584916210.0,59964657414.0,25528660515.0,293430635027.0,353395292441.0,27492331891.0,430034675907.0,72837530802.0,36324121241.0,263890902928.0,336728433730.0,20.26,7.95,8.04,2025,사업보고서
024090,디씨엠,KOSPI,보통주,11730.0,-0.26,133700000000.0,11400.0,47505.0,5.36,11.98,4.55,11795552603.0,227052934104.0,33089138613.0,9560895743.0,261196919125.0,294286057738.0,18868207772.0,240913433640.0,36497911953.0,16966759117.0,257072098301.0,293570010254.0,-10302105359.0,218258669539.0,34265289367.0,9056180535.0,243377453637.0,277642743004.0,12.67,4.21,4.52,2025,사업보고서
267290,경동도시가스,KOSPI,보통주,22150.0,0.45,130600000000.0,5895.0,7031.0,8.53,3.52,7.13,32847389103.0,1759465296335.0,453621836006.0,33045868447.0,475211144972.0,928832980978.0,28639111770.0,1791907870026.0,501812608872.0,26974142734.0,445870668227.0,947683277099.0,30614836384.0,1799453797857.0,530531232208.0,28284881618.0,420797886160.0,951329118368.0,95.46,1.88,6.91,2025,사업보고서
214390,경보제약,KOSPI,보통주,5420.0,0.0,129600000000.0,23907.0,12930.0,2.22,25.69,0.13,182293090.0,264104056811.0,173800165700.0,3518577342.0,145737670605.0,319537836305.0,4639325809.0,238556125924.0,137732634119.0,10453728086.0,146154021841.0,283886655960.0,2974400463.0,216357481796.0,121923595684.0,5544771906.0,144381421229.0,266305016913.0,119.26,1.33,0.13,2025,사업보고서
089470,HDC현대EP,KOSPI,보통주,3955.0,-0.13,126200000000.0,31900.0,23662.0,3.22,3.91,9.61,30235610832.0,992661845300.0,307813794869.0,49689342099.0,353413193303.0,661226988172.0,15897923103.0,990565997299.0,298279353699.0,32675739823.0,332710058749.0,630989412448.0,17299101366.0,1008120084643.0,288562520329.0,33040068846.0,316877870594.0,605440390923.0,87.1,5.01,8.56,2025,사업보고서
001360,삼성제약,KOSPI,보통주,1319.0,-0.83,124200000000.0,94162.0,221019.0,3.03,-0.91,10.18,11545101570.0,46074379551.0,46392295495.0,-18068418610.0,121044891635.0,167437187130.0,-14092018358.0,44294231025.0,22596614412.0,-14828940152.0,105855344767.0,128451959179.0,-24812021765.0,51955037960.0,15894485487.0,-18037069707.0,77584546537.0,93479032024.0,38.33,-39.22,9.54,2025,사업보고서
011690,와이투솔루션,KOSPI,보통주,3250.0,3.17,119300000000.0,36704.0,94339.0,5.04,-20.7,-9.24,-9589829102.0,165064566493.0,49423144139.0,-2566261422.0,98967354275.0,148390498414.0,6584017627.0,154513998976.0,16278035323.0,2885968925.0,108715336808.0,124993372131.0,-345354383.0,136937717876.0,22163186277.0,1907827121.0,101958444449.0,124121630726.0,49.94,-1.55,-9.69,2025,사업보고서
037560,LG헬로비전,KOSPI,보통주,1640.0,0.61,127000000000.0,77447.0,33950.0,4.87,-29.82,0.4,1780517603.0,1265651619684.0,813157694883.0,18730193260.0,452657942525.0,1265815637408.0,-106228495334.0,1196435375181.0,799432319472.0,13472973352.0,444085285409.0,1243517604881.0,-45352667210.0,1190257448844.0,754107897938.0,47352193560.0,565338307755.0,1319446205693.0,179.64,1.48,0.39,2025,사업보고서
007540,샘표,KOSPI,보통주,43000.0,0.23,123700000000.0,2876.0,2062.0,4.5,13.36,4.63,18805730606.0,408963972960.0,129316826382.0,24142975241.0,360734564336.0,490051390718.0,10732118074.0,404955848041.0,139037541062.0,5875234279.0,340743378948.0,479780920010.0,10634772183.0,383926496950.0,144770085041.0,8130901397.0,329813517821.0,474583602862.0,35.85,5.9,5.21,2025,사업보고서
350520,이지스레지던스리츠,KOSPI,보통주,3405.0,-0.29,125500000000.0,36866.0,11324.0,1.69,5.08,3.78,11953832363.0,16512932058.0,96781243325.0,14317961314.0,318627257285.0,415408500610.0,3472731645.0,11994516916.0,91787826433.0,6213657525.0,312203355222.0,403991181655.0,9285179114.0,20635384697.0,87112873773.0,12986988878.0,314275627877.0,401388501650.0,30.37,86.71,3.75,2025,사업보고서
078000,텔코웨어,KOSPI,보통주,13360.0,-0.22,123400000000.0,9240.0,1569.0,1.5,7.74,5.56,6169453158.0,38351279931.0,29814380209.0,3285832222.0,112356934345.0,142171314554.0,4975514486.0,44852925328.0,14609886894.0,3375021568.0,109396406008.0,124006292902.0,5336791438.0,40637609678.0,14189706820.0,3042871954.0,112622664084.0,126812370904.0,26.54,8.57,5.49,2025,사업보고서
009070,KCTC,KOSPI,보통주,4140.0,3.11,124200000000.0,30000.0,110109.0,7.06,4.36,6.92,23308739558.0,986704713638.0,457345351296.0,38817769669.0,334350595393.0,791695946689.0,27633970078.0,882147692479.0,457113288707.0,38991030847.0,305504661279.0,762617949986.0,28570746258.0,823125429680.0,380738631338.0,36821207555.0,281358990864.0,662097622202.0,136.79,3.93,6.97,2025,사업보고서
018470,조일알미늄,KOSPI,보통주,973.0,0.0,123200000000.0,126632.0,0.0,2.37,6.8,3.9,7976324022.0,486678693232.0,201534017025.0,13795248899.0,209575969367.0,411109986392.0,10984010951.0,498372378613.0,222047633614.0,20106641323.0,199619106960.0,421666740574.0,-134306200.0,465783855340.0,199513686428.0,8472865264.0,191384682213.0,390898368641.0,96.16,2.83,3.81,2025,사업보고서
079430,현대리바트,KOSPI,보통주,5980.0,0.17,120300000000.0,20114.0,9052.0,3.7,21.82,1.79,7407081236.0,1546206037790.0,355184517196.0,15717351133.0,418071674286.0,773256191482.0,15178962774.0,1870657004478.0,446642673267.0,24036538571.0,411743742429.0,858386415696.0,-34135531271.0,1585704938901.0,497104513997.0,-19852125058.0,402356810429.0,899461324426.0,84.96,1.02,1.77,2025,사업보고서
005800,신영와코루,KOSPI,보통주,13550.0,1.65,122000000000.0,9000.0,11124.0,25.93,74.86,1.66,6273744763.0,185154553424.0,38345690227.0,1289206268.0,388800958411.0,427146648638.0,3902312090.0,196678118757.0,35543585068.0,2755794895.0,368625705505.0,404169290573.0,5008543200.0,202775168754.0,36041587402.0,2157294604.0,365678215759.0,401719803161.0,9.86,0.7,1.61,2025,사업보고서
017550,수산세보틱스,KOSPI,보통주,1893.0,1.39,118100000000.0,62399.0,206112.0,2.23,6.37,8.21,15840229694.0,229388263473.0,68445843946.0,18964316244.0,199633221159.0,268079065105.0,9225939690.0,197892248312.0,50986247092.0,12067922457.0,186252303463.0,237238550555.0,16873038022.0,226540510519.0,87612992058.0,16398431249.0,175504537464.0,263117529522.0,34.29,8.27,7.93,2025,사업보고서
227840,현대코퍼레이션홀딩스,KOSPI,보통주,13280.0,0.08,120900000000.0,9101.0,9335.0,4.87,2.28,11.89,36164330000.0,250225826000.0,79928278000.0,21370156000.0,327912562000.0,407840840000.0,42303206000.0,215603854000.0,71673493000.0,19505313000.0,304435935000.0,376109428000.0,28821673000.0,188346227000.0,72706510000.0,18730704000.0,271307677000.0,344014187000.0,24.37,8.54,11.03,2025,사업보고서
001520,동양,KOSPI,보통주,1072.0,0.56,114800000000.0,107122.0,166041.0,3.11,10.94,2.8,20272796018.0,630627899042.0,697952897394.0,-20743807599.0,756895047618.0,1454847945012.0,-74230237505.0,750408346536.0,610910330680.0,-920616899.0,705178026498.0,1316088357178.0,18191365663.0,866327008521.0,311407795194.0,26548625914.0,788242192402.0,1099649987596.0,92.21,-3.29,2.68,2025,사업보고서
002620,제일파마홀딩스,KOSPI,보통주,7690.0,0.52,122800000000.0,15973.0,3896.0,9.9,14.56,4.68,34647175100.0,657614014071.0,407547292129.0,38686177266.0,469116853696.0,876664145825.0,-66390902625.0,779822241410.0,453036058158.0,-11558923268.0,437396879539.0,890432937697.0,-13240831932.0,804043001736.0,477810922325.0,20820186238.0,402186068382.0,879996990707.0,86.88,5.88,7.39,2025,사업보고서
011280,태림포장,KOSPI,보통주,1620.0,0.0,114700000000.0,70806.0,2826.0,0.99,-15.14,-3.05,-9187452000.0,753896340000.0,362572581000.0,-4981829000.0,323398947000.0,685971528000.0,-20491587000.0,715375066000.0,381159169000.0,-16590677000.0,330834884000.0,711994053000.0,10269631000.0,719597767000.0,350120775000.0,22183904000.0,365835184000.0,715955958000.0,112.11,-0.66,-2.84,2025,사업보고서
083420,그린케미칼,KOSPI,보통주,4810.0,0.52,115400000000.0,24000.0,13473.0,1.97,5.73,7.7,9652144105.0,304057102221.0,77087465382.0,10149397773.0,128267645103.0,205355110485.0,8194899089.0,330339365530.0,82463882715.0,10686734198.0,122326778802.0,204790661517.0,3349835122.0,282345762196.0,81009098842.0,4952176367.0,120368825236.0,201377924078.0,60.1,3.34,7.53,2025,사업보고서
013570,디와이,KOSPI,보통주,4380.0,0.69,115300000000.0,26320.0,35700.0,4.12,5.11,3.62,30018364162.0,1244837492114.0,454238813816.0,48056322293.0,600588859006.0,1054827672822.0,34984637348.0,1168278437513.0,423003601657.0,35621946421.0,580490578302.0,1003494179959.0,35412223741.0,1191171302146.0,399687967327.0,43299144216.0,530556785303.0,930244752630.0,75.63,3.86,5.0,2025,사업보고서
034590,인천도시가스,KOSPI,보통주,26550.0,-0.56,116100000000.0,4375.0,378.0,2.39,5.91,8.3,19167356858.0,962994363377.0,210390885415.0,19148972191.0,238106011940.0,448496897355.0,19271621612.0,943613477823.0,230712986576.0,19421916059.0,223967087876.0,454680074452.0,17521308130.0,781337052475.0,232331240753.0,16517707857.0,211556300156.0,443887540909.0,88.36,1.99,8.05,2025,사업보고서
008970,KBI동양철관,KOSPI,보통주,1138.0,-0.18,118100000000.0,103767.0,1025910.0,1.98,-25.29,-2.49,-3098551358.0,234784294346.0,98083472688.0,-1621771745.0,141373869547.0,239457342235.0,-19644237286.0,250297485190.0,84284314182.0,6676989307.0,108051401811.0,192335715993.0,-1560103188.0,278300201937.0,121668094739.0,2197941485.0,87094838820.0,208762933559.0,69.38,-0.69,-2.19,2025,사업보고서
002780,진흥기업,KOSPI,보통주,782.0,0.0,113800000000.0,145472.0,0.0,1.87,-9.09,-11.14,-28371286048.0,576381970077.0,322191006326.0,-23003569423.0,240935698511.0,563126704837.0,2178956387.0,726191073004.0,275318465980.0,-4746640163.0,268266216957.0,543584682937.0,45310969956.0,759439767128.0,306441209059.0,51726034035.0,267890246354.0,574331455413.0,133.72,-3.99,-11.78,2025,사업보고서
016710,대성홀딩스,KOSPI,보통주,6870.0,-1.72,110500000000.0,16089.0,21945.0,2.69,4.46,3.82,22316962886.0,1222634175867.0,632259129103.0,28063138263.0,613362711519.0,1245621840622.0,44277575016.0,1212354718188.0,660560447178.0,23297613824.0,589102058542.0,1249662505720.0,159418653042.0,1216816669863.0,686948614403.0,9963570964.0,559034234876.0,1245982849279.0,103.08,2.3,3.64,2025,사업보고서
014530,극동유화,KOSPI,보통주,3245.0,0.46,113200000000.0,34869.0,68497.0,4.2,10.11,0.55,1302280189.0,1021727866612.0,270995200193.0,15446578571.0,233239478556.0,504234678749.0,9642293305.0,1062833512172.0,246369399377.0,22878631372.0,232185622191.0,478555021568.0,15093999527.0,1157998807210.0,216137142605.0,27841803020.0,213878094020.0,430015236625.0,116.19,1.51,0.56,2025,사업보고서
012800,대창,KOSPI,보통주,1174.0,-0.42,107000000000.0,91140.0,154163.0,4.68,4.73,0.75,3288573403.0,1470237029200.0,623021043109.0,51527830529.0,302156021438.0,925177064547.0,3596931864.0,1336870975857.0,523189782232.0,31349006736.0,315371796227.0,838561578459.0,-25089630031.0,1323045955936.0,509268660458.0,-9266044241.0,250263991946.0,759532652404.0,206.19,3.5,1.09,2025,사업보고서
012320,경동인베스트,KOSPI,보통주,47400.0,1.17,112100000000.0,2365.0,1549.0,4.1,6.25,3.8,18736617509.0,276162998109.0,115072090309.0,18821483046.0,498273548333.0,613345638642.0,21998102729.0,293711565765.0,133834417001.0,24395160375.0,482485709681.0,616320126682.0,20189917321.0,305344704976.0,141328888628.0,21717931861.0,465586357833.0,606915246461.0,23.09,6.82,3.76,2025,사업보고서
002460,HS화성,KOSPI,보통주,10740.0,-1.38,109000000000.0,10150.0,12606.0,1.92,4.35,6.73,30907001990.0,659478953752.0,304276445287.0,43245443500.0,437876786160.0,742153231447.0,13467749775.0,612780034467.0,450537649623.0,23733768464.0,382940741210.0,833478390833.0,19208134783.0,908068526965.0,622246444215.0,25253673267.0,369441225612.0,991687669827.0,69.49,6.56,7.06,2025,사업보고서
004250,NPC,KOSPI,보통주,3030.0,1.0,111300000000.0,36720.0,5218.0,1.17,8.08,2.92,12938555470.0,450319620231.0,175921827918.0,23573589442.0,449410325266.0,625332153184.0,75812415320.0,458265475806.0,139357329293.0,10494660290.0,438253096661.0,577610425954.0,26735825055.0,508721241750.0,172746133735.0,29561374107.0,364886720478.0,537632854213.0,39.15,5.23,2.88,2025,사업보고서
023450,동남합성,KOSPI,보통주,31600.0,0.16,110600000000.0,3500.0,1761.0,0.21,9.32,12.91,6991313248.0,194264823958.0,40612310808.0,9365331837.0,54536610423.0,95148921231.0,6713199728.0,186398920042.0,43124996016.0,8934586807.0,53741648238.0,96866644254.0,5951154602.0,166721761463.0,45751505694.0,8062686149.0,51817334055.0,97568839749.0,74.47,4.82,12.82,2025,사업보고서
010100,한국무브넥스,KOSPI,보통주,3580.0,-0.56,109000000000.0,30450.0,45675.0,3.07,4.98,5.3,20264910611.0,1699315845004.0,576091676779.0,25317272325.0,433371180888.0,1009462857667.0,47440564199.0,1567411153543.0,601460673428.0,43673714640.0,412077664913.0,1013538338341.0,50489560045.0,1510805866604.0,533544151720.0,59337787778.0,341180624348.0,874724776068.0,132.93,1.49,4.68,2025,사업보고서
011810,STX,KOSPI,보통주,3530.0,0.0,109500000000.0,31018.0,0.0,2.2,-0.45,549.24,-166411000000.0,641312000000.0,510537000000.0,-61945000000.0,-49442000000.0,461095000000.0,-40885000000.0,827800000000.0,457751000000.0,-8709000000.0,118657000000.0,576408000000.0,-50368000000.0,894952000000.0,430038000000.0,-14968000000.0,148642000000.0,578680000000.0,-1032.6,-9.66,336.58,2025,사업보고서
001290,상상인증권,KOSPI,보통주,1010.0,0.0,109400000000.0,108337.0,0.0,1.08,45.91,-3.11,-5856970937.0,181734041730.0,1049277152809.0,-9089480944.0,195395197079.0,1244672349888.0,-47346647857.0,322674868493.0,1049832859211.0,-49707791308.0,181089697651.0,1230922556862.0,487236451.0,182188880534.0,1939613651597.0,961727538.0,234147787851.0,2173761439448.0,537.0,-5.0,-3.0,2025,사업보고서
123690,한국화장품,KOSPI,보통주,6340.0,0.32,101900000000.0,16068.0,50277.0,1.61,115.27,3.53,1146317620.0,85031829899.0,22725992973.0,527535271.0,33636605573.0,56362598546.0,4838885610.0,92787843982.0,27536043039.0,3713273746.0,30366415066.0,57902458105.0,3547260908.0,78712916916.0,23252166199.0,3054862344.0,25372122530.0,48624288729.0,67.56,0.62,3.41,2025,사업보고서
092220,KEC,KOSPI,보통주,2600.0,2.36,104400000000.0,40153.0,152903.0,3.06,-3.67,-7.87,-26570653402.0,229616634285.0,123062030460.0,-21762491386.0,325861205471.0,448923235931.0,-11002616347.0,243169932842.0,101356508426.0,-13271186259.0,349133047090.0,450489555516.0,-37798918010.0,206935260144.0,91040501304.0,-33000542024.0,356705359570.0,447745860874.0,37.77,-9.48,-8.15,2025,사업보고서
248170,샘표식품,KOSPI,보통주,23200.0,0.87,106000000000.0,4568.0,1026.0,7.67,4.15,7.81,19946477839.0,408926546791.0,115223293935.0,24475787476.0,265097846986.0,380321140921.0,10061851983.0,404881504598.0,123944384064.0,6460516653.0,245983538983.0,369927923047.0,10428342986.0,383426040745.0,130234363511.0,9846452060.0,236475375522.0,366709739033.0,43.46,5.99,7.52,2025,사업보고서
014580,태경비케이,KOSPI,보통주,3825.0,0.0,105500000000.0,27583.0,42886.0,4.1,3.81,10.6,32819527163.0,385942613685.0,206135539480.0,40782720982.0,419905495218.0,626041034698.0,34803878213.0,308594841506.0,73702842253.0,42222650666.0,311906332929.0,385609175182.0,34255565024.0,294162114095.0,85138588296.0,40076503357.0,292902443113.0,378041031409.0,49.09,10.57,7.82,2025,사업보고서
027970,한국제지,KOSPI,보통주,2740.0,0.55,104200000000.0,38030.0,3075.0,0.55,-1.21,-7.89,-33452961077.0,753679418454.0,258775064260.0,3122808540.0,406248675278.0,665023739538.0,4097291056.0,792088806468.0,313423911419.0,19319754356.0,441673752990.0,755097664409.0,-66630151891.0,712027094858.0,298373445267.0,13502308684.0,438476377272.0,736849822539.0,63.7,0.41,-8.23,2025,사업보고서
006660,삼성공조,KOSPI,보통주,12310.0,1.4,100000000000.0,8126.0,119650.0,2.76,8.71,2.49,7239547064.0,117736352607.0,39214036160.0,3245098937.0,294870085424.0,334084121584.0,14886364613.0,115772504831.0,40059595049.0,6481452920.0,282544315422.0,322603910471.0,14154227517.0,125890836954.0,44820839209.0,5439330772.0,268603001235.0,313423840444.0,13.3,2.76,2.46,2025,사업보고서
120030,조선선재,KOSPI,보통주,83800.0,0.36,105400000000.0,1258.0,182.0,0.95,7.78,5.84,9376424189.0,51761856558.0,9773906049.0,7786351406.0,163891234834.0,173665140883.0,16275036994.0,50908446396.0,11180660826.0,8683453948.0,157112264514.0,168292925340.0,13005386271.0,66614293267.0,9294843701.0,10580671009.0,146243340609.0,155538184310.0,5.96,15.04,5.72,2025,사업보고서
035000,HS애드,KOSPI,보통주,6580.0,1.39,106600000000.0,16208.0,35885.0,22.95,5.81,8.38,17376986920.0,483850786724.0,295916093539.0,27495115023.0,212035906350.0,507951999889.0,22686451623.0,554730448204.0,350150957414.0,29573201909.0,202921956513.0,553072913927.0,16201244480.0,548333999026.0,364992855173.0,26444087237.0,182779848030.0,547772703203.0,139.56,5.68,8.2,2025,사업보고서
009580,무림P&P,KOSPI,보통주,1623.0,0.12,101200000000.0,62368.0,38349.0,2.42,-1.02,-5.5,-33085743414.0,731620027887.0,1213334706238.0,-24460014863.0,606780444279.0,1820115150517.0,22596860341.0,811651367990.0,1045487789466.0,36472102186.0,645969475501.0,1691457264967.0,-21635976438.0,768920159344.0,992596055413.0,11609909605.0,630374033983.0,1622970089396.0,199.96,-3.34,-5.45,2025,사업보고서
002450,삼익악기,KOSPI,보통주,1159.0,0.61,104900000000.0,90531.0,123170.0,1.84,2.53,6.36,17274756148.0,224438993364.0,234557171738.0,2281982590.0,279903440455.0,514460612193.0,3121071310.0,230380204827.0,252829655722.0,5934200402.0,272153151245.0,524982806967.0,3388984566.0,247929198845.0,271955667078.0,6465355387.0,262202613136.0,534158280214.0,83.8,1.02,6.17,2025,사업보고서
267850,아시아나IDT,KOSPI,보통주,9250.0,0.33,102700000000.0,11100.0,3610.0,0.89,7.33,7.37,12634364125.0,194059284908.0,42010960963.0,12128135452.0,174278779355.0,216289740318.0,11767097137.0,194024077326.0,51204777417.0,9225853941.0,168733144633.0,219937922050.0,10957999006.0,188353920542.0,57936999386.0,9112194550.0,164804819018.0,222741818404.0,24.11,6.25,7.25,2025,사업보고서
008260,NI스틸,KOSPI,보통주,3420.0,-2.7,97800000000.0,28600.0,68606.0,1.05,5.29,7.23,18971462998.0,247943373789.0,245610674943.0,30115120165.0,270328274374.0,515938949317.0,25722065611.0,275274102150.0,219167117318.0,37132983882.0,254522399415.0,473689516733.0,50209592821.0,382911138805.0,213796827395.0,70660872774.0,234190235865.0,447987063260.0,90.86,12.15,7.02,2025,사업보고서
012200,계양전기,KOSPI,보통주,3600.0,3.15,98000000000.0,27223.0,150907.0,0.0,-3.24,-96.62,-36868256421.0,389798757593.0,199621870009.0,-27100264773.0,20805078129.0,220426948138.0,-61223109319.0,369125242685.0,137235940047.0,-15260824259.0,55514885605.0,192750825652.0,-1264724490.0,381634129995.0,111667023320.0,-3894777764.0,120389108928.0,232056132248.0,959.49,-6.95,-177.21,2025,사업보고서
016740,두올,KOSPI,보통주,3775.0,-0.13,108200000000.0,28674.0,19569.0,3.38,5.22,11.34,31307526641.0,796139348935.0,270098951862.0,48595353009.0,279296724039.0,549395675901.0,16676264495.0,773258596565.0,273790726702.0,42917631926.0,240411524798.0,514202251500.0,20831932708.0,729863464197.0,261501985696.0,44974345930.0,215587695865.0,477089681561.0,96.71,6.1,11.21,2025,사업보고서
264900,크라운제과,KOSPI,보통주,8110.0,0.25,101600000000.0,12524.0,4109.0,3.04,10.55,5.57,12326322962.0,444838419779.0,127447455604.0,15265165837.0,227522957559.0,354970413163.0,16776470234.0,438102375193.0,135725043126.0,21046933550.0,215153059751.0,350878102877.0,23453590442.0,434728792634.0,133792953090.0,28440130656.0,204815188861.0,338608141951.0,56.02,3.43,5.42,2025,사업보고서
070960,모나용평,KOSPI,보통주,2030.0,1.81,97700000000.0,48133.0,25221.0,2.07,-2.27,-8.16,-30637248941.0,250149769820.0,665128592847.0,23280078165.0,362653588310.0,1027782181157.0,7947513800.0,267782604820.0,624549090172.0,26975231186.0,393167351992.0,1017716442164.0,10002844176.0,211647596115.0,619154070211.0,21404935088.0,385774122939.0,1004928193150.0,183.41,9.31,-8.45,2025,사업보고서
067830,세이브존I&C,KOSPI,보통주,2400.0,0.63,98500000000.0,41041.0,77097.0,9.45,2.75,1.59,7753826848.0,118101449478.0,96179240957.0,4585913625.0,492105922836.0,588285163793.0,12637684846.0,117239836613.0,92415578513.0,7777044370.0,483958509861.0,576374088374.0,13617966616.0,123786863309.0,110440386598.0,11043745814.0,474358816905.0,584799203503.0,19.54,3.88,1.58,2025,사업보고서
021820,세원정공,KOSPI,보통주,10670.0,0.19,106700000000.0,10000.0,12324.0,3.36,2.58,7.58,48754157191.0,179353786749.0,67597340884.0,17027924616.0,712034833382.0,779632174266.0,55006671008.0,162533026895.0,62735297261.0,19208271775.0,662827548715.0,725562845976.0,-31272001756.0,159199457308.0,92873801552.0,12037913130.0,581208055520.0,674081857072.0,9.49,9.49,6.85,2025,사업보고서
119650,KC코트렐,KOSPI,보통주,918.0,0.0,100800000000.0,109785.0,0.0,0.12,9.37,-19.57,-10390140704.0,192872605567.0,150688977105.0,-8864697161.0,52025648175.0,202714625280.0,-30988257788.0,340939801353.0,195147620321.0,-67819541777.0,54861936138.0,250009556459.0,-17609525972.0,431949345289.0,377664712314.0,6912157109.0,11603992390.0,389268704704.0,289.64,-4.6,-19.97,2025,사업보고서
006840,AK홀딩스,KOSPI,보통주,7710.0,-3.62,102100000000.0,13248.0,7975.0,5.61,6.15,-25.49,-174665824989.0,3235721337340.0,4853480868236.0,-147853720731.0,1122974788322.0,5976455656558.0,-16585694879.0,3810134357114.0,4091846427178.0,51103013034.0,1245028500925.0,5336874928103.0,130395492971.0,4479660141625.0,4020733884275.0,279123890558.0,1294261200121.0,5314995084396.0,432.2,-4.57,-15.55,2025,사업보고서
014790,HL D&I,KOSPI,보통주,2555.0,0.0,96700000000.0,37859.0,11758.0,2.94,5.96,2.9,15192862270.0,1741923655122.0,1370957473653.0,79792369882.0,572278081057.0,1943235554710.0,21400499991.0,1578826536286.0,1228285239092.0,57892143574.0,474711222881.0,1702996461973.0,30678156227.0,1571977582483.0,1268702893325.0,50663745426.0,455597816346.0,1724300709671.0,239.56,4.58,2.65,2025,사업보고서
019180,티에이치엔,KOSPI,보통주,5230.0,0.77,94100000000.0,18000.0,56020.0,7.89,1.24,36.85,68654027715.0,989133894654.0,386896552063.0,70059562137.0,226187294395.0,613083846458.0,33467756461.0,651078994161.0,306374015988.0,30963784763.0,147980318373.0,454354334361.0,27567226965.0,586298306002.0,284771236078.0,43062857026.0,118206064350.0,402977300428.0,171.05,7.08,30.35,2025,사업보고서
032560,황금에스티,KOSPI,보통주,5700.0,0.0,96900000000.0,17000.0,18902.0,5.63,3.66,4.77,21229524874.0,316529005034.0,115327072599.0,17988514289.0,435149266095.0,550476338694.0,19853448098.0,321091393225.0,105023082066.0,19372382177.0,417533188457.0,522556270523.0,29757396830.0,355142901174.0,112667876114.0,29280143234.0,400859399992.0,513527276106.0,26.5,5.68,4.88,2025,사업보고서
008700,아남전자,KOSPI,보통주,1273.0,1.84,98200000000.0,77125.0,300312.0,1.18,-212.17,4.45,4141982.0,151351168.0,50889035.0,3370256.0,93260335.0,144149370.0,6946614.0,189473465.0,59624589.0,7256370.0,89163424.0,148788013.0,5408820.0,255594471.0,81581166.0,7179111.0,82645435.0,164226601.0,54.57,2.23,4.44,2025,사업보고서
004100,태양금속,KOSPI,보통주,2690.0,6.53,98700000000.0,36700.0,504586.0,3.58,6.17,2.53,3051036268.0,620169328505.0,443013254172.0,22418799630.0,166325243257.0,609338497429.0,2382264256.0,620020921700.0,417835346277.0,16053014687.0,110305490991.0,528140837268.0,72801575.0,617171604795.0,390494101128.0,22162989453.0,108625698683.0,499119799811.0,266.35,3.61,1.83,2025,사업보고서
007210,벽산,KOSPI,보통주,1430.0,0.42,93500000000.0,65360.0,64833.0,2.75,6.71,7.84,27359796117.0,610688417236.0,285542968336.0,23273390192.0,374235690338.0,659778658674.0,20560690844.0,643093353897.0,292595811921.0,25722925299.0,347688352726.0,640284164647.0,36431960368.0,620719684691.0,289171146580.0,44748806752.0,331255797285.0,620426943865.0,76.3,3.81,7.31,2025,사업보고서
417310,코람코더원리츠,KOSPI,보통주,2370.0,0.21,95700000000.0,40400.0,122862.0,5.1,25.48,1.91,2945895125.0,7567308893.0,309629870790.0,5096710047.0,197442630778.0,507072501568.0,2313870292.0,7558734505.0,312318157739.0,4240239102.0,197423902681.0,509742060420.0,3224226429.0,7545403594.0,311620995556.0,5109369045.0,198947555554.0,510568551110.0,156.82,67.35,1.49,2025,사업보고서
014440,영보화학,KOSPI,보통주,4795.0,0.0,95900000000.0,20000.0,16847.0,52.55,5.24,9.0,16829860497.0,120111147525.0,19444996324.0,19288709898.0,191292261775.0,210737258099.0,22553727481.0,117566592036.0,19723072777.0,19402482507.0,182857623279.0,202580696056.0,5960794948.0,90279029906.0,15171620649.0,6950540599.0,163864004675.0,179035625324.0,10.17,16.06,8.8,2025,사업보고서
036580,팜스코,KOSPI,보통주,2620.0,-0.19,96200000000.0,36728.0,33884.0,0.92,-5.97,23.16,41799360104.0,1554134933701.0,850057689039.0,80207115334.0,223353369369.0,1073411058408.0,-70193028121.0,1574634584892.0,986775011486.0,53939257120.0,162609198302.0,1149384209788.0,-33998532120.0,1854547688808.0,878222193994.0,31480472700.0,241007317785.0,1119229511779.0,380.59,5.16,18.71,2025,사업보고서
058850,KTcs,KOSPI,보통주,2200.0,1.38,91100000000.0,41404.0,57710.0,6.57,3.89,11.55,25235203215.0,1042716672450.0,245847689990.0,29806186634.0,225295333275.0,471143023265.0,6814393181.0,1121341270752.0,232128612836.0,6971273020.0,202937510449.0,435066123285.0,15803825827.0,1035365640322.0,234849614972.0,18723573550.0,200050480482.0,434900095454.0,109.12,2.86,11.2,2025,사업보고서
013700,까뮤이앤씨,KOSPI,보통주,1680.0,1.33,100400000000.0,59751.0,269917.0,1.53,3.49,19.4,20026957609.0,297453436886.0,185928182653.0,23846813274.0,112372292073.0,298300474726.0,-21924701376.0,260379672451.0,181056190782.0,-18097320062.0,95485083998.0,276541274780.0,2607626820.0,278827953382.0,168253109752.0,6651260920.0,87295246560.0,255548356312.0,165.46,8.02,17.82,2025,사업보고서
008040,사조동아원,KOSPI,보통주,8550.0,9.9,120700000000.0,14114.0,150192.0,0.0,-0.73,-69.03,-137263412989.0,674263587949.0,336778396144.0,42468603763.0,126964407050.0,463742803194.0,24261791036.0,678149244374.0,184581979533.0,50021201372.0,270724470419.0,455306449952.0,10738977757.0,678497886892.0,206173173409.0,38636740353.0,242629195318.0,448802368727.0,265.25,6.3,-108.11,2025,사업보고서
025620,차AI헬스케어,KOSPI,보통주,4800.0,2.02,87400000000.0,18204.0,2772.0,0.23,8.33,2.6,1366855292.0,7305082169.0,34820499242.0,-7455920893.0,75426968355.0,110247467597.0,-9493432484.0,15675289582.0,9279512833.0,-5446113042.0,29636061108.0,38915573941.0,-6797532438.0,16089005897.0,8368375227.0,-9388110332.0,39987078995.0,48355454222.0,46.16,-102.06,1.81,2025,사업보고서
058860,KTis,KOSPI,보통주,2585.0,0.0,90000000000.0,34802.0,47261.0,6.83,2.43,16.29,36366198638.0,588759964114.0,211338230186.0,24740241685.0,238486194973.0,449824425159.0,11861610535.0,544410481821.0,261826403729.0,23638365531.0,208105745130.0,469932148859.0,13921786392.0,592959670727.0,243518966071.0,20525095481.0,204090155976.0,447609122047.0,88.62,4.2,15.25,2025,사업보고서
363280,티와이홀딩스,KOSPI,보통주,2000.0,1.21,91000000000.0,45497.0,8550.0,1.16,-1.22,-10.04,-92787066718.0,79226563940.0,755687234628.0,-34563786772.0,984545129359.0,1740232363987.0,-118062200023.0,79373438538.0,797163469891.0,-80909104822.0,1004255716553.0,1801419186444.0,-591828760879.0,81363983772.0,1343105565076.0,-343756121377.0,973830564536.0,2316936129612.0,76.75,-43.63,-9.42,2025,사업보고서
002200,한국수출포장,KOSPI,보통주,2725.0,0.93,91300000000.0,33500.0,3294.0,2.54,-11.21,-1.35,-3880413695.0,289599658247.0,58174334189.0,-6557378537.0,281337765000.0,339512099189.0,3395100263.0,301761200613.0,58039993133.0,-585859876.0,293163472999.0,351203466132.0,19041696095.0,312304377084.0,61282437741.0,22880520713.0,295721552336.0,357003990077.0,20.68,-2.26,-1.38,2025,사업보고서
004140,동방,KOSPI,보통주,1811.0,0.33,86900000000.0,47972.0,67302.0,4.83,12.32,10.36,17403431561.0,915552774078.0,486085816800.0,31957249609.0,178344899298.0,664430716098.0,20782012909.0,871649680262.0,471155865814.0,39038582380.0,159174522703.0,630330388517.0,15092199973.0,767794640132.0,455221060483.0,35189702668.0,144098260857.0,599319321340.0,272.55,3.49,9.76,2025,사업보고서
139990,아주스틸,KOSPI,보통주,2225.0,-1.98,86200000000.0,38755.0,17487.0,14.79,-2.36,-31.3,-41150968578.0,1085603129063.0,861506701402.0,-25565892498.0,144419171870.0,1005925873272.0,-122034432712.0,999671752739.0,842867833691.0,-42399405216.0,118518413413.0,961386247104.0,-65542964592.0,938544286063.0,819583798706.0,-13322021538.0,175822632494.0,995406431200.0,596.53,-2.35,-28.49,2025,사업보고서
023000,삼원강재,KOSPI,보통주,2215.0,-0.45,88000000000.0,39740.0,14964.0,0.74,6.71,4.2,10701625840.0,359287042852.0,48902100919.0,9879193208.0,258737861408.0,307639962327.0,13242970425.0,343558905658.0,40138066038.0,11756354957.0,250520367725.0,290658433763.0,16609053116.0,359058169925.0,61223758538.0,16504971399.0,242511942264.0,303735700802.0,18.9,2.75,4.14,2025,사업보고서
004890,동일산업,KOSPI,보통주,36600.0,0.55,88800000000.0,2425.0,96.0,3.99,25.05,-3.11,-12905767490.0,347922351797.0,48710587594.0,-2749636572.0,406422005338.0,455132592932.0,14566572474.0,415796640204.0,59240677942.0,-4158725047.0,422764699231.0,482005377173.0,-1075698296.0,441161261164.0,66058894901.0,-4238627709.0,410077126862.0,476136021763.0,11.99,-0.79,-3.18,2025,사업보고서
023800,인지컨트롤스,KOSPI,보통주,5370.0,1.32,84900000000.0,15809.0,8975.0,3.38,3.54,7.15,17734726975.0,717902449045.0,408766792076.0,39636244544.0,241448774338.0,650215566414.0,9127465681.0,649271485609.0,455359778821.0,26396954290.0,230188967743.0,685548746564.0,13037786232.0,634018251095.0,428904725303.0,20925835048.0,220198636876.0,649103362179.0,169.3,5.52,7.35,2025,사업보고서
006090,사조오양,KOSPI,보통주,8970.0,-0.88,84500000000.0,9423.0,1016.0,4.17,8.35,4.44,10582107463.0,417363807366.0,189058678755.0,13516897643.0,247164555860.0,436223234615.0,12647900196.0,400696837980.0,185475288231.0,20898559487.0,229720173118.0,415195461349.0,20298534633.0,391537751320.0,125447760254.0,16282340446.0,220792416309.0,346240176563.0,76.49,3.24,4.28,2025,사업보고서
005740,크라운해태홀딩스,KOSPI,보통주,5660.0,0.35,84000000000.0,14847.0,3077.0,3.12,5.02,5.34,33640292917.0,1069881590060.0,588072580191.0,57250687227.0,607423643473.0,1195496223664.0,43647782339.0,1046896219641.0,605441320859.0,67578721530.0,575373817106.0,1180815137965.0,41312914804.0,1035541074592.0,611838013675.0,71034057046.0,543948918099.0,1155786931774.0,96.81,5.35,5.54,2025,사업보고서
001020,페이퍼코리아,KOSPI,보통주,2460.0,-0.81,87600000000.0,35597.0,4613.0,0.27,-7.48,-7.06,-19327198235.0,266668528958.0,205462214993.0,-5279064383.0,263732752852.0,469194967845.0,-9682981858.0,290184364896.0,206282900332.0,2037606335.0,283763281983.0,490046182315.0,15232336453.0,362071696060.0,196513777401.0,31156677378.0,295154590745.0,491668368146.0,77.91,-1.98,-7.33,2025,사업보고서
007980,TP,KOSPI,보통주,1730.0,-0.12,81100000000.0,46897.0,66462.0,7.76,2.39,14.54,37970490479.0,1028988630596.0,481846617417.0,62006155691.0,284913945862.0,766760563279.0,22354312028.0,1064151435568.0,510409966345.0,48931866971.0,241920412681.0,752330379026.0,6012388270.0,920175022485.0,478794359153.0,40575172330.0,207669601545.0,686463960698.0,169.12,6.03,13.33,2025,사업보고서
111380,동인기연,KOSPI,보통주,13440.0,-0.59,82400000000.0,6128.0,2541.0,1.87,3.23,7.66,11013828578.0,244145426389.0,148972106648.0,22591344051.0,152473733417.0,301445840065.0,16978674472.0,226691392865.0,143110185044.0,21119302102.0,149297790333.0,292407975377.0,20625632427.0,216057247215.0,84551635875.0,28253714819.0,132757372638.0,217309008513.0,97.7,9.25,7.22,2025,사업보고서
011700,한신기계,KOSPI,보통주,2320.0,1.31,75300000000.0,32446.0,92240.0,7.18,-290.0,-0.51,-448708725.0,52718857507.0,32610646749.0,-1477530957.0,87558425208.0,120169071957.0,-1211161252.0,63085257262.0,36963570328.0,-567399357.0,89595559015.0,126559129343.0,3730582941.0,61254832221.0,23291240676.0,-56581282.0,92564299635.0,115855540311.0,37.24,-2.8,-0.51,2025,사업보고서
109070,주성코퍼레이션,KOSPI,보통주,1550.0,0.0,81900000000.0,52810.0,0.0,0.71,33.7,7.31,2039513746.0,85403171510.0,13046298800.0,3166117605.0,28939306499.0,41985605299.0,4602667545.0,68846344884.0,9765482630.0,3763674211.0,26846585480.0,36612068110.0,-1376873314.0,23947360256.0,11872344785.0,-1335469778.0,22262267153.0,34134611938.0,45.08,3.71,7.05,2025,사업보고서
013360,일성건설,KOSPI,보통주,1530.0,2.34,82700000000.0,54025.0,248279.0,65.17,22.84,5.36,3747844150.0,452672899287.0,305561746566.0,10376102597.0,73496709329.0,379058455895.0,-57536646482.0,500384072213.0,303608163981.0,-43590135455.0,66811989264.0,370420153245.0,4080701894.0,607714578447.0,284266784850.0,7265982402.0,125046647659.0,409313432509.0,415.75,2.29,5.1,2025,사업보고서
002600,조흥,KOSPI,보통주,137900.0,0.58,82700000000.0,600.0,19.0,0.04,37.68,5.41,8081939315.0,488246059548.0,283315579004.0,18629765819.0,151468308135.0,434783887139.0,2514305703.0,428162970536.0,251571451127.0,20834881066.0,147550831370.0,399122282497.0,355244125.0,405945609421.0,244362080995.0,15648302437.0,149640119001.0,394002199996.0,187.05,3.82,5.34,2025,사업보고서
004840,DRB동일,KOSPI,보통주,4080.0,0.25,78600000000.0,19272.0,18035.0,1.48,6.77,1.11,8989892422.0,802745958892.0,445906338431.0,24894014874.0,529003522070.0,974909860501.0,13209672164.0,752688127961.0,461777219168.0,21870057763.0,520636965696.0,982414184864.0,21854908375.0,737777767832.0,465541738320.0,35845945523.0,498109853788.0,963651592108.0,84.29,3.1,1.7,2025,사업보고서
019680,대교,KOSPI,보통주,1000.0,0.0,80500000000.0,80468.0,0.0,2.21,-2.69,-12.33,-37197347787.0,650004579114.0,305113071335.0,-3399512029.0,281958993407.0,587072064742.0,4036525923.0,663501743801.0,292016253038.0,-1562689521.0,313248341854.0,605264594892.0,-96293719398.0,656216984016.0,296001589250.0,-27827895913.0,308525116150.0,604526705400.0,108.21,-0.52,-13.19,2025,사업보고서
001470,삼부토건,KOSPI,보통주,5820.0,0.0,227800000000.0,39140.0,0.0,0.0,0.01,73.64,-76708414194.0,110992936772.0,316426365247.0,-26610157339.0,-142051418048.0,174374947199.0,-213039948362.0,444227803088.0,287898386189.0,-142485122012.0,-69788246867.0,218110139322.0,-111007774067.0,574975687073.0,411614796994.0,-78151994195.0,102127653423.0,513742450417.0,-222.75,-23.97,54.0,2025,사업보고서
055490,테이팩스,KOSPI,보통주,17260.0,0.7,82600000000.0,4787.0,19508.0,4.43,9.07,1.3,2016632275.0,141138746609.0,45320097627.0,2508409995.0,155706925948.0,201027023575.0,3581005918.0,135954866237.0,35342683206.0,1428414924.0,154616300756.0,189958983962.0,8104139246.0,145840123985.0,47191194203.0,6620536446.0,152690727628.0,199881921831.0,29.11,1.78,1.3,2025,사업보고서
000850,화천기공,KOSPI,보통주,35650.0,0.71,78400000000.0,2200.0,8803.0,10.31,3.83,3.36,11380353753.0,221755533963.0,80951516738.0,4216907667.0,339459975773.0,420411492511.0,8654343281.0,222200718833.0,91541077262.0,-741138094.0,337268734423.0,428809811685.0,10563122927.0,225720429438.0,118338768262.0,4560057509.0,345546637806.0,463885406068.0,23.85,1.9,3.35,2025,사업보고서
069730,DSR제강,KOSPI,보통주,5550.0,-1.42,79900000000.0,14400.0,24907.0,9.69,2.39,13.97,24673830759.0,226550389881.0,70498495239.0,28035487957.0,187958022423.0,258456517662.0,-28298728533.0,215582385097.0,59420779472.0,19511056524.0,165264567456.0,224685346928.0,12943787871.0,212953620629.0,67790249191.0,23494981828.0,195197857716.0,262988106907.0,37.51,12.37,13.13,2025,사업보고서
163560,동일고무벨트,KOSPI,보통주,5690.0,0.53,79100000000.0,13900.0,22943.0,3.65,3.07,4.6,9786999345.0,364602809366.0,116337392677.0,18564940328.0,239009226949.0,355346619626.0,9926280408.0,336983162562.0,125203862408.0,9586743700.0,228872644738.0,354076507146.0,8382538376.0,357776406425.0,150343280092.0,13689300437.0,223697552954.0,374040833046.0,48.67,5.09,4.09,2025,사업보고서
015590,DKME,KOSPI,보통주,1492.0,11.26,79700000000.0,53396.0,720970.0,0.0,-17.98,-2.28,-2877621783.0,133411972702.0,62448338471.0,10025825849.0,125204015865.0,187652354336.0,2341094260.0,136623566311.0,87188099607.0,9474538202.0,126760950569.0,213949050176.0,12617432696.0,137250775712.0,93839584970.0,12731268893.0,126211456990.0,220051041960.0,49.88,7.51,-2.3,2025,사업보고서
000590,CS홀딩스,KOSPI,보통주,66900.0,0.3,77200000000.0,1154.0,39.0,4.97,3.29,5.36,20996079784.0,134870815287.0,31670115640.0,20215270547.0,393726081741.0,425396197381.0,37853224906.0,141950747269.0,35090175721.0,22314081505.0,377496622222.0,412586797943.0,22145557927.0,171965239524.0,36702819606.0,19128717935.0,347206891081.0,383909710687.0,8.04,14.99,5.33,2025,사업보고서
009180,한솔로지스틱스,KOSPI,보통주,2800.0,0.54,78800000000.0,28156.0,25828.0,4.58,6.71,11.59,15842173912.0,674562421919.0,117952636376.0,20692745041.0,143808658030.0,261761294406.0,8672221160.0,687030962683.0,137874930696.0,16777813390.0,130119794464.0,267994725160.0,18533391661.0,726536824302.0,126703696180.0,26257482894.0,118416690462.0,245120386642.0,82.02,3.07,11.02,2025,사업보고서
002220,한일철강,KOSPI,보통주,3015.0,3.79,80500000000.0,26697.0,149880.0,1.25,-43.07,-0.34,-435711348.0,196404368831.0,171013167271.0,3179080617.0,165106074440.0,336119241711.0,-4610118113.0,205842246124.0,172002310190.0,666960944.0,168449736071.0,340452046261.0,430267265.0,216255460140.0,157459593318.0,4859777657.0,173569402408.0,331028995726.0,103.58,1.62,-0.26,2025,사업보고서
210980,SK디앤디,KOSPI,보통주,4035.0,-2.06,75100000000.0,18617.0,602338.0,0.58,-0.89,1.25,5402840328.0,445824154145.0,1007900716233.0,37794681126.0,578660183114.0,1586560899347.0,44195042809.0,870876606195.0,892193902440.0,53670053560.0,570030647132.0,1462224549572.0,103078372585.0,385081898659.0,1661198358797.0,177594980222.0,761878023461.0,2423076382258.0,174.18,8.48,0.93,2025,사업보고서
063160,종근당바이오,KOSPI,보통주,13640.0,0.29,74800000000.0,5486.0,1394.0,1.52,-6.97,-2.24,-2888351295.0,160070986863.0,172831336831.0,3605135548.0,127035604266.0,299866941097.0,8700827339.0,171756008722.0,153482842653.0,10953544485.0,131009150230.0,284491992883.0,-24192519647.0,160352778354.0,170760623357.0,-20152520381.0,123024437964.0,293785061321.0,136.05,2.25,-2.27,2025,사업보고서
003580,HLB글로벌,KOSPI,보통주,1737.0,2.72,88000000000.0,50664.0,93025.0,1.98,-57.9,-9.09,-8908875406.0,100285620415.0,41851519685.0,-9882955352.0,75504879687.0,117356399372.0,-9007042854.0,92943395794.0,40853639450.0,-2248651251.0,95064945424.0,135918584874.0,-25660245811.0,73718481532.0,58156709031.0,-10144760262.0,51947964180.0,110104673211.0,55.43,-9.85,-11.8,2025,사업보고서
005750,대림바스,KOSPI,보통주,4735.0,0.32,78600000000.0,16592.0,25099.0,2.02,4.86,8.3,13505237853.0,300567542574.0,163073579761.0,18617067031.0,175408988127.0,338482567888.0,5709158066.0,281054583692.0,186457044510.0,10096692649.0,161824773050.0,348281817560.0,-5547637853.0,266280932560.0,187014858007.0,4059070397.0,160641169991.0,347656027998.0,92.97,6.19,7.7,2025,사업보고서
000230,일동홀딩스,KOSPI,보통주,6300.0,0.0,72700000000.0,11540.0,50985.0,2.54,3.36,7.22,21573192487.0,590889546403.0,457281586880.0,14925169646.0,345579807084.0,802861393964.0,55583181698.0,634654542814.0,600703310841.0,-4034556477.0,253998132129.0,854701442970.0,-118787164570.0,621571320119.0,707097204368.0,-78537487350.0,169901850428.0,876999054796.0,132.32,2.53,6.24,2025,사업보고서
001260,남광토건,KOSPI,보통주,8000.0,0.63,78700000000.0,9833.0,25128.0,0.63,14.57,4.33,5293178000.0,357445671000.0,285115413000.0,11440484000.0,124977041000.0,410092454000.0,6198754000.0,504249000000.0,297349707000.0,7304141000.0,119683863000.0,417033570000.0,5988600000.0,547683547000.0,264295801000.0,4346983000.0,113032137000.0,377327938000.0,228.13,3.2,4.24,2025,사업보고서
007590,동방아그로,KOSPI,보통주,5590.0,0.0,76100000000.0,13618.0,1280.0,30.9,8.33,5.75,9766874174.0,178997455771.0,76316838378.0,12652186968.0,174186060919.0,250502899297.0,9785798551.0,170248304592.0,72524598170.0,14610574702.0,166142226081.0,238666824251.0,12160962261.0,164275326108.0,64434056198.0,13588672363.0,159950147364.0,224384203562.0,43.81,7.07,5.61,2025,사업보고서
084680,이월드,KOSPI,보통주,531.0,-3.1,75300000000.0,141806.0,225116.0,2.36,-5.26,-8.3,-18636720380.0,88727496688.0,190430900842.0,-3177099947.0,214845170134.0,405276070976.0,-20603307218.0,108453970504.0,192613813274.0,-419841181.0,234290040039.0,426903853313.0,-9443187616.0,115275724966.0,186383287497.0,7922828646.0,235283236246.0,421666523743.0,88.64,-3.58,-8.67,2025,사업보고서
010960,삼호개발,KOSPI,보통주,3160.0,0.16,76200000000.0,24120.0,89015.0,6.48,5.58,8.08,18742058596.0,409727353425.0,124914243701.0,14486355618.0,241168097119.0,366082340820.0,4869329264.0,401776583229.0,121095952109.0,1172393105.0,222658936141.0,343754888250.0,14434443795.0,361917141434.0,101025496385.0,10532376679.0,225807806198.0,326833302583.0,51.8,3.54,7.77,2025,사업보고서
014160,대영포장,KOSPI,보통주,690.0,0.73,74800000000.0,108395.0,135900.0,1.96,-345.0,0.81,1496990027.0,283702207867.0,69003614962.0,881634489.0,192296367683.0,261299982645.0,-31968504.0,280835222931.0,49682648480.0,923321701.0,175397853041.0,225080501521.0,7925125110.0,283462475670.0,46600849594.0,11078018260.0,174536929197.0,221137778791.0,35.88,0.31,0.78,2025,사업보고서
013870,지엠비코리아,KOSPI,보통주,3845.0,0.13,73300000000.0,19072.0,3822.0,56.47,3.43,5.16,13561865663.0,787271627828.0,381234830616.0,24219735831.0,300667932373.0,681902762989.0,14795280789.0,726708233618.0,345034614956.0,22684759351.0,285508678234.0,630543293190.0,10813294723.0,690905792852.0,309489580051.0,20566629966.0,269566488961.0,579056069012.0,126.8,3.08,4.51,2025,사업보고서
004720,팜젠사이언스,KOSPI,보통주,3070.0,-2.23,69500000000.0,22654.0,23614.0,1.72,-0.47,-58.95,-116641027852.0,173072508298.0,49109603820.0,5986652772.0,146303982147.0,195413585967.0,2789765616.0,171286609685.0,114022310240.0,10643268036.0,249428137040.0,363450447280.0,6087851018.0,166778825652.0,109035925161.0,9126798156.0,232971796452.0,342007721613.0,33.57,3.46,-79.73,2025,사업보고서
031820,아이티센씨티에스,KOSPI,보통주,5800.0,1.4,70200000000.0,12105.0,9284.0,2.15,0.91,25.89,92603413633.0,1095214299936.0,493895579454.0,23550459117.0,339671413617.0,833566993071.0,24641782583.0,995320658847.0,384687536227.0,21009952017.0,233584889623.0,618272425850.0,3315283911.0,892572862927.0,318405022078.0,15528861337.0,206973162820.0,525378184898.0,145.4,2.15,27.26,2025,사업보고서
011150,CJ씨푸드,KOSPI,보통주,1994.0,-0.55,71600000000.0,35931.0,31198.0,2.61,40.69,3.29,2827173450.0,192117633850.0,80914660959.0,-909622524.0,88416055935.0,169330716894.0,5019262467.0,193717170281.0,89450601925.0,4357856052.0,83628617966.0,173079219891.0,4435393624.0,148348807287.0,90158644701.0,4139339998.0,78050323902.0,168208968603.0,91.52,-0.47,3.2,2025,사업보고서
084670,동양고속,KOSPI,보통주,23800.0,2.15,68900000000.0,2896.0,5079.0,4.16,-1190.0,5.63,2951143938.0,125183458405.0,102314340199.0,5098088145.0,54880167063.0,157194507262.0,-16680416646.0,121720579912.0,106593157791.0,-1530752310.0,51141561846.0,157734719637.0,-3093450679.0,119970715686.0,99329870208.0,-287881125.0,69064045409.0,168393915617.0,186.43,4.07,5.38,2025,사업보고서
000180,성창기업지주,KOSPI,보통주,5210.0,0.39,72700000000.0,13950.0,5197.0,0.59,-4.44,-3.29,-20640100656.0,127218274093.0,183803616784.0,-6928127999.0,677384427460.0,861188044244.0,-3623156326.0,143105590875.0,141518712667.0,-7293464621.0,578374605374.0,719893318041.0,-24022292887.0,166253799305.0,195769130917.0,-16701274741.0,573298043999.0,769067174916.0,27.13,-5.45,-3.05,2025,사업보고서
007610,선도전기,KOSPI,보통주,3940.0,1.81,70900000000.0,18000.0,70235.0,1.99,-51.84,16.0,5277316854.0,38170718483.0,37109420066.0,1248969765.0,36578125094.0,73687545160.0,9774539951.0,23984030522.0,55203970007.0,-5748394178.0,31267465740.0,86471435747.0,-16640943009.0,41641878386.0,69366338263.0,-7214331618.0,22956731902.0,92323070165.0,101.45,3.27,14.43,2025,사업보고서
002720,국제약품,KOSPI,보통주,3415.0,0.89,72300000000.0,21160.0,25127.0,3.71,14.47,6.09,5704911934.0,175496223500.0,84574065322.0,6184872347.0,97702264067.0,182276329389.0,5206078928.0,156462822664.0,75999396198.0,6701642414.0,89548177376.0,165547573574.0,-8414888054.0,135372690530.0,78309909600.0,-1989142940.0,84949573607.0,163259483207.0,86.56,3.52,5.84,2025,사업보고서
095720,웅진씽크빅,KOSPI,보통주,1261.0,-0.71,71700000000.0,56827.0,15603.0,2.08,-4.96,-8.34,-22681388179.0,797357375468.0,474435227964.0,-10455696547.0,259769732809.0,734204960773.0,-19867444990.0,867180219415.0,376456726635.0,9246662221.0,302598667969.0,679055394604.0,-32199314502.0,890054559174.0,418313652447.0,5572227230.0,321062631234.0,739376283681.0,182.64,-1.31,-8.73,2025,사업보고서
338100,NH프라임리츠,KOSPI,보통주,3850.0,0.0,71800000000.0,18660.0,21093.0,0.87,6.8,9.59,144337097.0,3979315609.0,295861218.0,-200510886.0,109529815298.0,109825676516.0,10765984216.0,11091662018.0,281453281.0,10590583520.0,111736638201.0,112018091482.0,7050298232.0,14633144964.0,1986638417.0,7020004168.0,110636533985.0,112623172402.0,0.27,-5.04,0.13,2025,사업보고서
085310,엔케이,KOSPI,보통주,9080.0,0.0,67400000000.0,7418.0,2228.0,0.0,14.84,-2.46,-3694204031.0,130102265815.0,64297975973.0,-647803589.0,166249254272.0,230547230245.0,-2244995396.0,110936560917.0,44087116095.0,-4824856791.0,183056578852.0,227143694947.0,59156274919.0,91535244729.0,62956180856.0,-1104109608.0,184709905261.0,247666086117.0,38.68,-0.5,-2.22,2025,사업보고서
155660,DSR,KOSPI,보통주,4470.0,-0.56,71500000000.0,16000.0,25104.0,3.0,2.27,6.29,14868234173.0,302389824368.0,144249291624.0,19291739606.0,247342985794.0,391592277418.0,14512806208.0,299809123352.0,129191951566.0,15340514051.0,234202276765.0,363394228331.0,17549961156.0,291095086618.0,125278828283.0,24261853627.0,218202186975.0,343481015258.0,58.32,6.38,6.01,2025,사업보고서
009770,삼정펄프,KOSPI,보통주,28300.0,1.25,70700000000.0,2500.0,1124.0,17.38,4.66,11.51,31390588901.0,148565929898.0,35210679822.0,-1440493506.0,287044989719.0,322255669541.0,37954518636.0,163884080446.0,40124645490.0,4868322824.0,258334606861.0,298459252351.0,13102387768.0,178308058944.0,22070539902.0,6460065856.0,223263923800.0,245334463702.0,12.27,-0.97,10.94,2025,사업보고서
001560,제일연마,KOSPI,보통주,9280.0,1.2,70500000000.0,7600.0,2266.0,6.37,12.75,13.12,13643926853.0,78898942508.0,12414337606.0,4241793251.0,108819875626.0,121234213232.0,6006943143.0,81974461738.0,16856515562.0,5753862882.0,99235580509.0,116092096071.0,10917005887.0,85239048510.0,10794721777.0,7891764655.0,95820362967.0,106615084744.0,11.41,5.38,12.54,2025,사업보고서
079980,휴비스,KOSPI,보통주,1980.0,-1.0,68300000000.0,34500.0,34927.0,1.52,-5.52,0.96,2326705346.0,889528441553.0,503299314496.0,19761816163.0,247932749749.0,751232064245.0,-132594069578.0,939427591658.0,530394278052.0,-38254879526.0,234983676851.0,765377954903.0,-107986865065.0,927679169915.0,511335643613.0,-71628570854.0,271387142946.0,782722786559.0,203.0,2.22,0.94,2025,사업보고서
058730,다스코,KOSPI,보통주,3625.0,-2.16,73400000000.0,20251.0,1300894.0,1.55,-6.68,-3.41,-6963249379.0,273192825187.0,188792944888.0,2070051014.0,138682177844.0,327475122732.0,-3593236738.0,312011404043.0,176157214827.0,-1754716494.0,148579043638.0,324736258465.0,14380542630.0,378093139375.0,165929193769.0,22478733426.0,154105447193.0,320034640962.0,136.13,0.76,-5.02,2025,사업보고서
002700,신일전자,KOSPI,보통주,997.0,0.5,68300000000.0,68548.0,380602.0,2.48,12.46,5.14,4206905611.0,193989833588.0,55637900203.0,5237045994.0,83159456000.0,138797356203.0,1434794585.0,178314873865.0,45686024818.0,4032944384.0,80640138413.0,126326163231.0,1056841415.0,184299576203.0,43889321524.0,2010103394.0,82244765768.0,126134087292.0,66.91,2.7,5.06,2025,사업보고서
004770,써니전자,KOSPI,보통주,2185.0,4.8,77600000000.0,35507.0,4093878.0,5.67,24.55,4.32,3627600280.0,12360625475.0,1229960555.0,2200952273.0,84787361947.0,86017322502.0,4397579372.0,12809512519.0,1936772265.0,2576381536.0,83206699478.0,85143471743.0,3864294306.0,12759842344.0,1493834307.0,901749708.0,81003678066.0,82497512373.0,1.45,17.81,4.28,2025,사업보고서
214330,금호에이치티,KOSPI,보통주,5910.0,1.03,61800000000.0,10457.0,68039.0,0.0,-3.76,-7.94,-23265095225.0,385404440556.0,119411084437.0,6247101974.0,280743169642.0,400154254079.0,-14939787368.0,444874773913.0,128368433109.0,11887771514.0,305088945177.0,433457378286.0,-20230248500.0,364320450865.0,138647690844.0,10773829072.0,303120572629.0,441768263473.0,42.53,1.62,-8.29,2025,사업보고서
017370,우신시스템,KOSPI,보통주,3650.0,-0.54,66800000000.0,18314.0,45818.0,0.75,4.87,10.18,15007580438.0,388612954434.0,228281019062.0,20857626833.0,166563534212.0,394844553274.0,33895515946.0,563596965854.0,305511677606.0,36066529187.0,128241252445.0,433752930051.0,7430685130.0,242195761152.0,284056762487.0,12410190731.0,96403707602.0,380460470089.0,137.05,5.37,9.01,2025,사업보고서
004440,삼일씨엔에스,KOSPI,보통주,5390.0,1.32,68600000000.0,12732.0,14284.0,1.51,17.06,0.56,1494100183.0,223128675519.0,172652633596.0,4995949054.0,268108489293.0,440761122889.0,-2013922758.0,221295516428.0,127003075315.0,-1674561213.0,267068544523.0,394071619838.0,2087170237.0,216447816121.0,85844015293.0,5170081404.0,269063787528.0,354907802821.0,64.4,2.24,0.56,2025,사업보고서
018500,동원모빌리티,KOSPI,보통주,1438.0,0.56,67200000000.0,46755.0,24987.0,3.82,1.42,24.98,21164182872.0,626236089125.0,382866740611.0,41985529628.0,132961973930.0,515828714541.0,18280642470.0,568241480277.0,372395104421.0,35673626927.0,106509636764.0,478904741185.0,18168066939.0,538640239424.0,398156987777.0,35573266789.0,89710533157.0,487867520934.0,287.95,6.7,15.92,2025,사업보고서
007280,한국특강,KOSPI,보통주,2320.0,-1.9,66500000000.0,28647.0,14959.0,1.13,-17.58,1.37,2990497445.0,767140668215.0,339343027393.0,11739651238.0,214083709295.0,553426736688.0,-2916913267.0,768777778364.0,328610417323.0,10612175190.0,222038176760.0,550648594083.0,28125493377.0,830391818276.0,334499280052.0,47315792559.0,226498155365.0,560997435417.0,158.51,1.53,1.4,2025,사업보고서
010040,한국내화,KOSPI,보통주,1643.0,0.18,67500000000.0,41067.0,42631.0,0.58,8.65,-12.26,-21794108992.0,406341175254.0,101077575174.0,2776126317.0,174083143454.0,275160718628.0,5505120876.0,416008387892.0,125787539987.0,8586286130.0,181574402966.0,307361942953.0,-14730463885.0,411810116407.0,127475850405.0,-7538507015.0,205716398028.0,333192248433.0,58.06,0.68,-12.52,2025,사업보고서
009190,대양금속,KOSPI,보통주,1307.0,0.46,57500000000.0,43986.0,174446.0,2.35,11.57,9.87,9398351823.0,223485344976.0,44356934530.0,5620557046.0,100083148984.0,144440083514.0,-15283580204.0,215563338886.0,49894371959.0,1889596749.0,90384510022.0,140278881981.0,-38643397278.0,200969628514.0,53311055376.0,-2500237161.0,97745705110.0,151056760486.0,44.32,2.51,9.39,2025,사업보고서
016090,대현,KOSPI,보통주,1444.0,0.14,63900000000.0,44282.0,12976.0,6.54,4.88,4.02,11014921419.0,240544349714.0,37463062771.0,7078190153.0,277429993588.0,314893056359.0,15898079623.0,259284732061.0,36066464183.0,14372512461.0,270392739404.0,306459203587.0,23272375340.0,295303511096.0,48980004855.0,21331953277.0,260357529064.0,309337533919.0,13.5,2.94,3.97,2025,사업보고서
005870,휴니드,KOSPI,보통주,4300.0,-1.15,60700000000.0,14116.0,53963.0,27.75,-11.38,-5.97,-9985113192.0,137185901827.0,148946957536.0,-12032815348.0,162813324976.0,311760282512.0,10744253181.0,230800588043.0,69226929333.0,9134041295.0,171784515191.0,241011444524.0,17876181009.0,228843875014.0,137756656975.0,17360970116.0,161578257143.0,299334914118.0,91.48,-8.77,-6.13,2025,사업보고서
100220,비상교육,KOSPI,보통주,4960.0,0.3,64500000000.0,12997.0,6082.0,5.2,1.87,11.28,21290435096.0,268775672567.0,199682486524.0,21618190019.0,199759707446.0,399442193970.0,-2896812793.0,246460145921.0,210528990787.0,10222169336.0,177698972217.0,388227963004.0,-12359024137.0,252371391671.0,181432555065.0,-5810962795.0,181188705233.0,362621260298.0,99.96,8.04,10.66,2025,사업보고서
009200,무림페이퍼,KOSPI,보통주,1515.0,-0.26,63000000000.0,41609.0,9764.0,1.96,-0.99,-3.48,-23243968507.0,1264911879644.0,1880192632565.0,5950945189.0,694860954870.0,2575053587435.0,49346227594.0,1384380090169.0,1757952556032.0,89393682541.0,724749118554.0,2482701674586.0,1401909955.0,1321885020099.0,1711139618903.0,67783686312.0,681485922730.0,2392625541633.0,270.59,0.47,-3.35,2025,사업보고서
068290,삼성출판사,KOSPI,보통주,6300.0,-0.47,63000000000.0,10000.0,6270.0,1.47,8.36,2.38,4049243196.0,40291331074.0,30736401598.0,-795440193.0,164043724555.0,194780126153.0,10853322505.0,40565887090.0,32179528826.0,-181381974.0,176385645244.0,208565174070.0,8753853880.0,41805582644.0,30442277508.0,-1311944874.0,166128262830.0,196570540338.0,18.74,-1.97,2.47,2025,사업보고서
010660,화천기계,KOSPI,보통주,3040.0,5.19,66900000000.0,22000.0,205035.0,4.06,12.26,1.97,2764227397.0,214513614009.0,33153994199.0,227700030.0,141822810498.0,174976804697.0,5917261784.0,232386971461.0,35312548411.0,2033399231.0,139019845718.0,174332394129.0,768091545.0,161884346555.0,29955963833.0,-3037689781.0,137561687422.0,167517651255.0,23.38,0.11,1.95,2025,사업보고서
071090,하이스틸,KOSPI,보통주,3125.0,1.13,63100000000.0,20191.0,1052293.0,1.83,69.44,-3.14,-4577352366.0,256623288696.0,117559955932.0,-3324575453.0,143725283017.0,261285238949.0,-1104636147.0,246263519268.0,119467669590.0,911764312.0,148020028503.0,267487698093.0,1306918155.0,256655946687.0,121222358101.0,3386282628.0,149226506906.0,270448865007.0,81.79,-1.3,-3.18,2025,사업보고서
072130,유엔젤,KOSPI,보통주,4735.0,-1.25,60100000000.0,12695.0,15295.0,3.67,9.39,7.07,4365449120.0,61566608489.0,14354491893.0,3419832610.0,63295748829.0,77650240722.0,3647038763.0,53045913656.0,11193119981.0,788654456.0,60112993653.0,71306113634.0,1436086547.0,36639038647.0,8118758110.0,-1777259096.0,54830211281.0,62948969391.0,22.68,5.55,6.9,2025,사업보고서
002760,보락,KOSPI,보통주,1017.0,0.3,60900000000.0,59900.0,66244.0,4.1,24.21,4.91,2339631891.0,50115779158.0,10510784609.0,2230124830.0,48730562769.0,59241347378.0,-1509722957.0,47600285853.0,12631226025.0,-1791904067.0,46650925460.0,59282151485.0,857813413.0,46773797129.0,9149383003.0,505610730.0,48779052919.0,57928435922.0,21.57,4.45,4.8,2025,사업보고서
396690,미래에셋글로벌리츠,KOSPI,보통주,1550.0,-0.64,61400000000.0,39606.0,254016.0,1.32,-3.61,-1.54,-6088552941.0,12192220640.0,216684270626.0,-2512882750.0,149265041654.0,365949312280.0,1334688753.0,12655261267.0,225839329996.0,4265383515.0,165136014827.0,390975344823.0,-772909981.0,12752315741.0,200850306923.0,4247765372.0,160487254218.0,361337561141.0,145.17,-20.61,-4.08,2025,사업보고서
006890,태경케미컬,KOSPI,보통주,5100.0,0.2,59200000000.0,11600.0,10928.0,1.55,8.29,5.2,8746862173.0,61347896962.0,51873311442.0,2063376471.0,172558115608.0,224431427050.0,12630825085.0,71116461803.0,20524575562.0,13705903914.0,163784617311.0,184309192873.0,17372104698.0,70748221182.0,20900958071.0,17877381574.0,161981348487.0,182882306558.0,30.06,3.36,5.07,2025,사업보고서
000220,유유제약,KOSPI,보통주,3840.0,0.92,60500000000.0,15747.0,2777715.0,2.88,6.01,6.4,9116733726.0,140884666972.0,66679224990.0,11019185739.0,140543964496.0,207223189486.0,10289303485.0,133147218082.0,72624048180.0,11697341742.0,135063350825.0,207687399005.0,-5540581558.0,137209588673.0,77857871884.0,364537115.0,120355654883.0,198213526767.0,47.44,7.82,6.49,2025,사업보고서
007460,에이프로젠,KOSPI,보통주,2160.0,3.85,53600000000.0,24826.0,2885194.0,0.0,-0.57,-44.3,-140570559359.0,117974152260.0,258654760913.0,-95570619373.0,458609869489.0,717264630402.0,-100375665264.0,150113578970.0,169877622962.0,-86806591009.0,440090638442.0,609968261404.0,-97283316172.0,150577975324.0,176739762369.0,-88866493684.0,417688000298.0,594427762667.0,56.4,-81.01,-30.65,2025,사업보고서
092440,기신정기,KOSPI,보통주,2020.0,0.5,59000000000.0,29200.0,11140.0,63.31,-134.67,-0.31,3113404250.0,131315525932.0,14413875933.0,1018157936.0,249969268041.0,264383143974.0,1715138867.0,137860488679.0,14184112309.0,2498092901.0,249284656369.0,263468768678.0,4378917213.0,144440857401.0,13999939722.0,6417822420.0,251146199319.0,265146139041.0,5.77,0.78,1.25,2025,사업보고서
111110,호전실업,KOSPI,보통주,6420.0,0.31,58200000000.0,9066.0,5172.0,2.06,3.03,6.92,11295797806.0,520877825230.0,231807739455.0,25021864468.0,184692905238.0,416500644693.0,23167875468.0,463972606649.0,218550594743.0,29520188293.0,177481265441.0,396031860184.0,17191428993.0,441548776508.0,164296054666.0,35118432806.0,151689581331.0,315985635997.0,125.51,4.8,6.12,2025,사업보고서
129260,인터지스,KOSPI,보통주,1914.0,-0.31,56900000000.0,29748.0,22054.0,5.83,8.01,3.4,10488697660.0,708978717129.0,203070122697.0,19761450740.0,296561801504.0,499631924201.0,14688310550.0,701171841541.0,182061875724.0,23864084101.0,288919848986.0,470981724710.0,13971343963.0,611639433548.0,164660988671.0,23029106091.0,263840460786.0,428501449457.0,68.47,2.79,3.54,2025,사업보고서
001550,조비,KOSPI,보통주,11400.0,0.97,59200000000.0,5192.0,62629.0,1.48,23.12,3.68,1972991291.0,99737235320.0,68562842830.0,3820305556.0,54695146900.0,123257989730.0,640044941.0,102447803292.0,67248089753.0,4826994972.0,52676679417.0,119924769170.0,-9037064085.0,114718158323.0,66303820470.0,-5582069275.0,52284944063.0,118588764533.0,125.35,3.83,3.61,2025,사업보고서
000950,전방,KOSPI,보통주,32700.0,-3.25,54900000000.0,1680.0,472.0,0.99,109.0,13.99,29808576772.0,40776455996.0,9867204035.0,-7314924674.0,227496489479.0,237363693514.0,8913315702.0,57235842614.0,33296379985.0,-8482983755.0,198677621596.0,231974001581.0,-19193789810.0,94772410649.0,47159660314.0,-32548106506.0,189819477322.0,236979137636.0,4.34,-17.94,13.1,2025,사업보고서
004450,삼화왕관,KOSPI,보통주,27650.0,2.41,59600000000.0,2154.0,1986.0,5.28,12.01,3.73,4288538624.0,162897513863.0,95807466695.0,6756629237.0,118468614740.0,214276081435.0,8016894006.0,167142498336.0,92385437720.0,10627822764.0,111564987034.0,203950424754.0,-6651613355.0,157903566081.0,95306705156.0,6945255277.0,105851368212.0,201158073368.0,80.87,4.15,3.62,2025,사업보고서
378850,화승알앤에이,KOSPI,보통주,2990.0,1.53,56800000000.0,18994.0,11352.0,3.17,1.61,11.49,18233697739.0,714559988805.0,313100294689.0,27082334913.0,166895100708.0,479995395397.0,32423078526.0,707130551871.0,319391985439.0,31346348764.0,150475860464.0,469867845903.0,24209219464.0,680651664943.0,318255571535.0,31781405221.0,112518168095.0,430773739630.0,187.6,3.79,10.93,2025,사업보고서
075180,새론오토모티브,KOSPI,보통주,2920.0,-0.85,56100000000.0,19200.0,12973.0,65.97,5.47,-0.21,-515420623.0,138694899840.0,30155766045.0,-739051422.0,244946939780.0,275102705825.0,9688594948.0,142009270182.0,30141029215.0,-5783033372.0,244866840012.0,275007869227.0,3330585962.0,140307231181.0,27269308416.0,-7620523972.0,230301783101.0,257571091517.0,12.31,-0.53,-0.21,2025,사업보고서
020760,일진디스플,KOSPI,보통주,902.0,0.0,55500000000.0,61534.0,0.0,0.88,-13.88,-19.68,-6276779316.0,57847116015.0,38770941418.0,-4879743944.0,28568884837.0,67339826255.0,5654466072.0,66550828113.0,43663123200.0,-1408384177.0,35231680495.0,78894803695.0,-14921777471.0,40958644542.0,86389552370.0,-7579317004.0,25500102568.0,111889654938.0,135.71,-8.44,-21.97,2025,사업보고서
024900,디와이덕양,KOSPI,보통주,1697.0,0.65,55300000000.0,32565.0,17301.0,1.76,21.21,1.1,1234561157.0,1738072339439.0,475975091165.0,3203809485.0,114864001784.0,590839092949.0,16682505818.0,1883286365934.0,456873783724.0,8229987776.0,101692817051.0,558566600775.0,4450283400.0,1875890050635.0,482586900409.0,27728234775.0,91061754835.0,573648655244.0,414.38,0.18,1.07,2025,사업보고서
101140,인바이오젠,KOSPI,보통주,5570.0,1.09,55900000000.0,10044.0,1420.0,0.77,-2.7,-0.89,-1418662962.0,6296747709.0,2349878194.0,-4332844227.0,157643520598.0,159993398792.0,16122333887.0,7041061562.0,2893552444.0,-6093214907.0,159836576011.0,162730128455.0,11344109632.0,6240804636.0,2620539622.0,-6151980412.0,143083249830.0,145703789452.0,1.49,-68.81,-0.9,2025,사업보고서
012690,모나리자,KOSPI,보통주,1504.0,0.27,55000000000.0,36571.0,167163.0,2.53,25.93,1.78,1497412934.0,124021215334.0,13132707803.0,317174554.0,87426443949.0,100559151752.0,1239373876.0,126337593913.0,16472368696.0,983200038.0,80695916224.0,97168284920.0,9144075225.0,129760048314.0,15760804382.0,6485825685.0,81284581098.0,97045385480.0,15.02,0.26,1.71,2025,사업보고서
002140,고려산업,KOSPI,보통주,2060.0,0.0,51400000000.0,24939.0,146791.0,1.96,7.03,8.43,9671522577.0,297322291052.0,143896789984.0,13748324066.0,119699006890.0,263595796874.0,3893036607.0,307656378676.0,179413304608.0,14269657884.0,108440741213.0,287854045821.0,3135896967.0,319058618654.0,170990032083.0,7989269786.0,106925910946.0,277915943029.0,120.22,4.62,8.08,2025,사업보고서
025530,SJM홀딩스,KOSPI,보통주,3655.0,0.97,54600000000.0,14934.0,8728.0,1.96,3.39,4.96,14571238731.0,205798697216.0,62603294799.0,10551121470.0,316839818076.0,379443112875.0,21274136884.0,206195488625.0,67375678505.0,13718784595.0,302200127404.0,369575805909.0,19364289450.0,202841327601.0,64326932876.0,14656304596.0,275482584242.0,339809517118.0,19.76,5.13,4.6,2025,사업보고서
010770,평화홀딩스,KOSPI,보통주,3530.0,0.43,51600000000.0,14625.0,14539.0,16.16,1.13,31.18,45167740118.0,883676528085.0,395878486536.0,34882064365.0,162676808738.0,558555295274.0,2433710312.0,835189547389.0,413487424502.0,28811212893.0,119934182119.0,533421606621.0,10947214569.0,797052502774.0,432409687812.0,16770674615.0,128521794266.0,560931482078.0,243.35,3.95,27.77,2025,사업보고서
123700,SJM,KOSPI,보통주,3435.0,1.78,53600000000.0,15605.0,3055.0,7.61,2.98,5.4,10709658436.0,201415058405.0,45664747387.0,11315146331.0,240181775768.0,285846523155.0,20557488736.0,201912429709.0,57800801022.0,14237606905.0,227310076154.0,285110877176.0,16986831721.0,198880157404.0,52699057452.0,13231441622.0,198935491357.0,251634548809.0,19.01,5.62,4.46,2025,사업보고서
021050,서원,KOSPI,보통주,1122.0,1.36,53300000000.0,47475.0,52282.0,6.28,5.84,-3.78,-34369841.0,1713611354765.0,737691245537.0,53323111520.0,341494772503.0,1079186018040.0,40446653188.0,1229526508990.0,634909571228.0,27647640318.0,346738390254.0,981647961482.0,-10159276981.0,233179269197.0,123001609081.0,452953609.0,123995659472.0,246997268553.0,216.02,3.11,-0.01,2025,사업보고서
090080,평화산업,KOSPI,보통주,979.0,1.14,53700000000.0,54902.0,63818.0,3.77,1.95,29.03,15706368362.0,626062341683.0,193874818875.0,13342639921.0,62126438700.0,256001257575.0,3833191318.0,588377472367.0,186505889950.0,14061353558.0,46074402187.0,232580292137.0,3632456925.0,564038964404.0,209045458106.0,9937617006.0,43366110642.0,252411568748.0,312.06,2.13,25.28,2025,사업보고서
002410,범양건영,KOSPI,보통주,1935.0,0.0,53200000000.0,27480.0,0.0,1.14,-0.95,344.13,-87501791532.0,71843235941.0,172443353346.0,-51309381647.0,-69466211644.0,102977141702.0,-46345997273.0,101357084787.0,168333689461.0,-38232332659.0,18850797039.0,187184486500.0,-9110987152.0,120763371366.0,130776898314.0,-10434014937.0,62133834668.0,192910732982.0,-248.24,-71.42,125.96,2025,사업보고서
006880,신송홀딩스,KOSPI,보통주,4350.0,-0.8,51500000000.0,11829.0,12462.0,2.86,7.19,3.41,3539082936.0,187759398480.0,165622319170.0,10311259918.0,108905764309.0,274528083479.0,5495211137.0,164580506815.0,148133972979.0,8401885993.0,106747551398.0,254881524377.0,8831541142.0,193419654722.0,139384802130.0,8381489448.0,103552470549.0,242937272679.0,152.08,5.49,3.25,2025,사업보고서
004830,덕성,KOSPI,보통주,3320.0,1.68,52100000000.0,15680.0,20456.0,3.91,15.66,5.78,5490204883.0,146476303554.0,55224838547.0,6235964595.0,97435058889.0,152659897436.0,6799978765.0,125453477601.0,43840629211.0,8910501328.0,92406698916.0,136247328127.0,5634121715.0,107932700729.0,41050935730.0,5090066210.0,85768161262.0,126819096992.0,56.68,4.26,5.63,2025,사업보고서
011390,부산산업,KOSPI,보통주,53400.0,3.69,56400000000.0,1056.0,8082.0,1.68,-27.96,-2.69,-6302021966.0,107530892128.0,159618703405.0,-2770874013.0,167001725366.0,326620428771.0,-2445219636.0,124105964709.0,160882133328.0,3356780182.0,174519120669.0,335401253997.0,5450934665.0,140483423894.0,104333813339.0,7151160981.0,173866985615.0,278200798954.0,95.58,-2.58,-3.77,2025,사업보고서
002630,오리엔트바이오,KOSPI,보통주,913.0,0.0,54100000000.0,59292.0,0.0,0.42,23.41,-6.51,-13194865821.0,29397883042.0,12935042105.0,-3076404782.0,71846796584.0,84781838689.0,12871053378.0,28005127326.0,11891807655.0,-645945767.0,85095979685.0,96987787340.0,-12423707818.0,28819028142.0,9657861933.0,1452807025.0,71392358134.0,81050220067.0,18.0,-10.46,-18.37,2025,사업보고서
023810,인팩,KOSPI,보통주,5180.0,-0.77,51800000000.0,10000.0,9674.0,0.0,9.25,9.32,18086321564.0,586443733483.0,493724206232.0,19784475840.0,175535262834.0,669259469066.0,7265498097.0,563872906748.0,393237229990.0,20019051765.0,162978477659.0,556215707649.0,15378657017.0,542893201476.0,330515819641.0,23520579855.0,152353906531.0,482869726172.0,281.27,3.37,10.3,2025,사업보고서
372910,한컴라이프케어,KOSPI,보통주,1869.0,1.3,51700000000.0,27674.0,70116.0,3.96,-124.6,-5.9,-7665648499.0,92088469654.0,75829290543.0,-727292956.0,127798893568.0,203628184111.0,7335829952.0,104776425927.0,63131348085.0,7488962506.0,135376667975.0,198508016060.0,3292310858.0,112779715327.0,53883062751.0,1832106411.0,128326940118.0,182210002869.0,59.33,-0.79,-6.0,2025,사업보고서
011230,삼화전자,KOSPI,보통주,2575.0,0.19,49400000000.0,19166.0,91250.0,2.92,-6.36,-45.33,-8729791019.0,29632415122.0,50844117820.0,-7775962013.0,24576885096.0,75421002916.0,-8224043176.0,33397439064.0,50174759301.0,-7272936114.0,20017950227.0,70192709528.0,-6371619997.0,41906999638.0,44398805782.0,-5003290248.0,28615426119.0,73014231901.0,206.88,-26.24,-35.52,2025,사업보고서
003780,진양산업,KOSPI,보통주,3900.0,1.69,50700000000.0,13000.0,20724.0,3.95,8.76,10.57,6947237606.0,90655194966.0,26552828796.0,8444290771.0,67136198088.0,93689026884.0,10046023809.0,88220353454.0,31597574345.0,8195906921.0,64368177547.0,95965751892.0,8496471715.0,86871531571.0,33019849000.0,7569627807.0,57009854398.0,90029703398.0,39.55,9.31,10.35,2025,사업보고서
004410,서울식품,KOSPI,보통주,1241.0,0.57,49000000000.0,39455.0,303754.0,2.78,-53.96,-6.44,-1603157075.0,68603497542.0,46068983654.0,-459735590.0,26780173037.0,72849156691.0,-2987007773.0,58588657427.0,43334977612.0,-2232262628.0,22972735241.0,66307712853.0,-572589191.0,64784789661.0,44090116624.0,586533680.0,26724774163.0,70814890787.0,172.03,-0.67,-5.99,2025,사업보고서
084870,TBH글로벌,KOSPI,보통주,2200.0,-1.35,45000000000.0,20458.0,11775.0,2.31,-366.67,1.45,1551467446.0,182419159355.0,42221325889.0,3149919999.0,62075149543.0,104296475432.0,-701756146.0,178464510529.0,43578439704.0,3360351544.0,62185844392.0,105764284096.0,6736053468.0,197103368035.0,47020621926.0,7860055406.0,63026081285.0,110046703211.0,68.02,1.73,2.5,2025,사업보고서
011000,진원생명과학,KOSPI,보통주,2670.0,0.0,48500000000.0,18177.0,0.0,0.0,-0.95,-81.98,-51850979601.0,23044791670.0,78309107331.0,-44036249294.0,40898061671.0,119207169002.0,-48536607370.0,35720098849.0,65729165208.0,-43039113456.0,85605242604.0,151334407812.0,-77768041880.0,40202911101.0,39518497761.0,-48368031089.0,111489207551.0,151007705312.0,191.47,-191.09,-126.78,2025,사업보고서
006980,우성,KOSPI,보통주,15950.0,0.76,49300000000.0,3090.0,5253.0,1.06,35.13,6.27,12933762577.0,613023508125.0,249797828098.0,19373123437.0,212508273157.0,462306101255.0,19691475361.0,606198677648.0,230413176180.0,8591748464.0,200178302014.0,430591478194.0,11055745204.0,634838094173.0,242808033710.0,5680812539.0,182519530233.0,425327563943.0,117.55,3.16,6.09,2025,사업보고서
027740,마니커,KOSPI,보통주,1550.0,2.85,49200000000.0,31756.0,135166.0,2.99,-25.0,-0.11,-317490159.0,368890857923.0,113924113897.0,2010730651.0,41565941039.0,155490054936.0,-10708064322.0,332788209759.0,114231741935.0,-9051499918.0,41049366206.0,155281108141.0,-1770258825.0,339611584985.0,114478213382.0,2214546910.0,45895285522.0,160373498904.0,274.08,0.55,-0.76,2025,사업보고서
041650,상신브레이크,KOSPI,보통주,2205.0,0.23,47300000000.0,21471.0,7661.0,2.3,10.11,-5.45,-12021082057.0,542260553063.0,338659199508.0,-1358122964.0,219147952913.0,557807152421.0,17388553000.0,578555061212.0,358440742250.0,20646142654.0,232637650656.0,591078392906.0,14174122306.0,575491184783.0,353038164661.0,27544460360.0,211835213847.0,564873378508.0,154.53,-0.25,-5.49,2025,사업보고서
011300,우성머티리얼스,KOSPI,보통주,2360.0,-1.67,40700000000.0,17239.0,49531.0,0.11,-4.38,-24.61,-7668669827.0,24693017011.0,70089050951.0,-2334614325.0,31237860877.0,101326911828.0,-32356567816.0,25486891894.0,85797260818.0,-10058669422.0,31095762234.0,116893023052.0,-42898920811.0,33789509695.0,101383849935.0,-9330409816.0,27055386550.0,128439236485.0,224.37,-9.45,-24.55,2025,사업보고서
001620,케이비아이동국실업,KOSPI,보통주,2260.0,2.03,50300000000.0,22259.0,8342.0,1.08,1.07,13.01,31560050730.0,808008048191.0,593932076663.0,18558484099.0,268047076483.0,861979153146.0,25660357954.0,668399686056.0,538883051385.0,-6326628228.0,225927965754.0,764811017139.0,8074115473.0,649418493012.0,426184780364.0,4502795734.0,196052738011.0,622237518375.0,221.58,2.3,11.77,2025,사업보고서
004920,씨아이테크,KOSPI,보통주,913.0,0.77,47600000000.0,52180.0,195782.0,0.62,2.72,22.84,14619113907.0,41449800518.0,53719748525.0,2001735146.0,73233904359.0,126953652884.0,-89010303.0,33756128642.0,37027166960.0,-1273710483.0,54776475448.0,91803642408.0,-8133912644.0,56685997504.0,35659255979.0,-6970983633.0,54920681979.0,90579937958.0,73.35,4.83,19.96,2025,사업보고서
009320,아진전자부품,KOSPI,보통주,949.0,0.21,46800000000.0,49300.0,11126.0,0.85,31.63,13.98,4351131807.0,151831619994.0,76196153725.0,6297563802.0,33319206632.0,109515360357.0,919231261.0,143497309408.0,73629953427.0,5939589951.0,28912743879.0,102542697306.0,229716397.0,113444154855.0,66699434604.0,2038286352.0,27893784767.0,94593219371.0,228.69,4.15,13.06,2025,사업보고서
357250,미래에셋맵스리츠,KOSPI,보통주,1910.0,1.11,47700000000.0,24995.0,40060.0,0.55,53.06,0.92,260834285.0,6921621130.0,204904536197.0,4089015610.0,96094016698.0,300998552895.0,1738185146.0,6988061646.0,204901063641.0,4738450881.0,99256932122.0,304157995763.0,1534555756.0,6884641520.0,201674063378.0,4012458888.0,100818100836.0,302492164214.0,213.23,59.08,0.27,2025,사업보고서
000910,유니온,KOSPI,보통주,2945.0,0.34,46000000000.0,15612.0,9793.0,5.4,0.76,24.46,25562588658.0,202400732520.0,203838180194.0,5499074402.0,129554199257.0,333392379451.0,-68904028443.0,218159407914.0,203861422466.0,-11456625866.0,101612342310.0,305473764776.0,-2562126203.0,224649755569.0,206746720586.0,-1992452119.0,176099556371.0,382846276957.0,157.34,2.72,19.73,2025,사업보고서
004910,조광페인트,KOSPI,보통주,3540.0,0.0,45300000000.0,12800.0,2123.0,1.71,-3.38,-5.15,-10338701427.0,202667523052.0,220774803915.0,-19497529333.0,211984409030.0,432759212945.0,15982987690.0,248020130146.0,201767372795.0,2404881602.0,190123242167.0,391890614962.0,4760404223.0,252818412762.0,207511534859.0,3706462386.0,175296462587.0,382807997446.0,104.15,-9.62,-4.88,2025,사업보고서
480370,씨케이솔루션,KOSPI,보통주,1460.0,2.82,47400000000.0,32481.0,47032.0,1.18,-1.39,-49.18,-40143995454.0,291009514864.0,139188841758.0,-36605183434.0,72114790063.0,211303631821.0,19812545616.0,295772527163.0,97291883827.0,16524305283.0,91131194349.0,188423078176.0,15097194930.0,215298444210.0,93744604195.0,17666706565.0,42843628367.0,136588232562.0,193.01,-12.58,-55.67,2025,사업보고서
004060,SG세계물산,KOSPI,보통주,2295.0,0.66,46500000000.0,20242.0,25988.0,0.0,11.83,0.34,884197715.0,132347880383.0,33112627385.0,-1516226748.0,261081867164.0,294194494549.0,5357541497.0,138801745057.0,40793896633.0,-2756643488.0,267459474206.0,308253370839.0,-1027344833.0,143080029866.0,60692455929.0,1837793496.0,242842110833.0,303534566762.0,12.68,-1.15,0.34,2025,사업보고서
069460,대호에이엘,KOSPI,보통주,2660.0,0.0,46300000000.0,17414.0,0.0,1.54,-1.04,-36.09,-32498702771.0,215642472961.0,85168413963.0,3471899198.0,84405111704.0,169573525667.0,1395116723.0,168532831254.0,55481697890.0,5826923476.0,94682511143.0,150164209033.0,3485683671.0,181568717221.0,51150337040.0,8359024150.0,94727342781.0,145877679821.0,100.9,1.61,-38.5,2025,사업보고서
007110,일신석재,KOSPI,보통주,603.0,0.0,46700000000.0,77457.0,0.0,3.37,-67.0,-1.17,-685968434.0,54503324545.0,33228946010.0,680665874.0,58660278740.0,91889224750.0,1419223067.0,78727286743.0,38374441329.0,3802576947.0,59023216856.0,97397658185.0,1662404066.0,101237416801.0,41333553545.0,4606467382.0,56968634418.0,98302187963.0,56.65,1.25,-1.17,2025,사업보고서
014990,인디에프,KOSPI,보통주,4360.0,0.11,65500000000.0,15023.0,736898.0,0.29,42.33,-0.28,-107255720.0,104591440092.0,77934521148.0,1191459864.0,37928403107.0,115862924255.0,-1362691726.0,114737877861.0,83474102455.0,-827177694.0,37860333783.0,121334436238.0,-1654134615.0,126499790341.0,75965445981.0,-2698436493.0,39623137112.0,115588583093.0,205.48,1.14,-0.28,2025,사업보고서
002920,유성기업,KOSPI,보통주,1800.0,0.78,46700000000.0,25948.0,57122.0,8.96,-1.55,-10.33,-23259745943.0,304574766277.0,134340088267.0,-30023008741.0,299630305388.0,433970393655.0,-6807745273.0,324603324420.0,109496384588.0,-473712416.0,328011975289.0,437508359877.0,13754878945.0,311469920690.0,104498591908.0,8019390028.0,335105442210.0,439604034118.0,44.84,-9.86,-7.76,2025,사업보고서
005030,부산주공,KOSPI,보통주,486.0,0.0,45100000000.0,92783.0,0.0,3.68,-81.0,9.75,1719512092.0,195406166736.0,199726780390.0,578079523.0,19306006163.0,219032786553.0,-573106836.0,213030180079.0,210360873859.0,7334415211.0,15976005089.0,226336878948.0,-10453925848.0,241720629111.0,218282472186.0,364369139.0,14574189825.0,232856662011.0,1034.53,0.3,8.91,2025,사업보고서
074610,이엔플러스,KOSPI,보통주,5110.0,0.0,44800000000.0,8770.0,0.0,2.29,-15.16,6.04,391489641.0,29504334488.0,28435884671.0,-2825997911.0,14182243708.0,42618128379.0,-77867672229.0,20199884719.0,92939728710.0,-17282516294.0,10331900924.0,103271629634.0,-60808657454.0,44887669106.0,92817664767.0,-23921334947.0,79342256717.0,172159921484.0,200.5,-9.58,2.76,2025,사업보고서
003080,SB성보,KOSPI,보통주,2240.0,0.67,44800000000.0,20020.0,8400.0,1.14,-3.28,24.66,34118990966.0,64334046194.0,75516225757.0,-8143226709.0,152820667278.0,228336893035.0,-3644166613.0,59837932666.0,91444010113.0,-2930119648.0,125302707399.0,216746717512.0,1163430847.0,62612439874.0,33110290058.0,201041362.0,132517081854.0,165627371912.0,49.41,-12.66,22.33,2025,사업보고서
008420,문배철강,KOSPI,보통주,2235.0,0.22,45800000000.0,20504.0,151217.0,3.42,5.84,3.08,5864546320.0,137874736532.0,43525127875.0,-959363760.0,194854838703.0,238379966578.0,6617306057.0,140206723395.0,38213706389.0,-2130925338.0,185995113545.0,224208819934.0,18559890622.0,163633902034.0,47721898425.0,-3436828194.0,183924066261.0,231645964686.0,22.34,-0.7,3.01,2025,사업보고서
092780,DYP,KOSPI,보통주,3295.0,3.78,43400000000.0,13168.0,35436.0,2.69,3.48,5.54,8068727339.0,459333394568.0,316184097211.0,16659372931.0,147210745252.0,463394842463.0,8691554665.0,431024695614.0,273246474921.0,9697465040.0,140708797281.0,413955272202.0,7814446685.0,421732458047.0,247492713207.0,13298980181.0,125141852327.0,372634565534.0,214.78,3.63,5.48,2025,사업보고서
014910,성문전자,KOSPI,보통주,2135.0,-5.53,46700000000.0,21857.0,652106.0,3.49,15.14,4.73,2018979074.0,53675382629.0,39290151584.0,1673330872.0,44122285757.0,83412437341.0,2704580685.0,48061878139.0,34099639612.0,1103250622.0,41327217082.0,75426856694.0,-1626600141.0,45063801937.0,24201250428.0,513645939.0,36711469969.0,60912720397.0,89.05,3.12,4.58,2025,사업보고서
023350,한국종합기술,KOSPI,보통주,4185.0,0.0,45800000000.0,10950.0,43084.0,3.22,3.42,5.22,8539936199.0,412908754076.0,252356758041.0,6039606720.0,170601041768.0,422957799809.0,6227110545.0,398913378204.0,261422296029.0,902249305.0,156663604671.0,418085900700.0,13341928319.0,376919437380.0,224519456426.0,3992264949.0,156661859109.0,381181315535.0,147.92,1.46,5.01,2025,사업보고서
004540,깨끗한나라,KOSPI,보통주,1225.0,2.42,45600000000.0,37241.0,45980.0,1.06,-1.21,-26.34,-47512776630.0,508201414888.0,466607221772.0,-22638049505.0,170688519360.0,637295741132.0,-22142799877.0,537049885546.0,430942361723.0,-902193220.0,190134948768.0,621077310491.0,-30844136630.0,514854128376.0,429919829263.0,-18914851966.0,211602422739.0,641522252002.0,273.37,-4.45,-27.84,2025,사업보고서
011330,유니켐,KOSPI,보통주,4480.0,-0.67,44900000000.0,10019.0,53564.0,0.0,-2.94,-5.16,-6555433408.0,106243075628.0,95446004292.0,-573400537.0,131292051558.0,226738055850.0,-10229441710.0,68216069343.0,65615230160.0,-6268370624.0,120704782185.0,186320012345.0,-6253840152.0,108288136804.0,73960755493.0,4743669656.0,145588740930.0,219549496423.0,72.7,-0.54,-4.99,2025,사업보고서
481850,신한글로벌액티브리츠,KOSPI,보통주,980.0,0.2,42600000000.0,43478.0,9463.0,0.21,-57.65,-1.46,-7235806326.0,3055377228.0,11425117293.0,1968635050.0,97898562473.0,109323679766.0,-4797457820.0,3330184885.0,66822075315.0,2273075527.0,110655820552.0,177477895867.0,-10797131008.0,3485471429.0,46688672848.0,147395778.0,120931464036.0,167620136884.0,11.67,64.43,-7.39,2025,사업보고서
446070,유니드비티플러스,KOSPI,보통주,3940.0,-0.38,41800000000.0,10611.0,57270.0,1.92,-12.43,-2.05,-3961413329.0,157531389366.0,28451724074.0,-9151579966.0,191921316269.0,220373040343.0,6397032832.0,194894088152.0,40657498508.0,3054336971.0,194794115200.0,235451613708.0,861666713.0,168785613274.0,27993834428.0,-4071770040.0,191891579842.0,219885414270.0,14.82,-5.81,-2.06,2025,사업보고서
026940,부국철강,KOSPI,보통주,2215.0,-3.28,44300000000.0,20000.0,652644.0,3.44,21.3,1.64,2150579102.0,179910680270.0,20653468882.0,262298378.0,131409395234.0,152062864116.0,2334633733.0,181818473591.0,21427469108.0,95602164.0,131679507549.0,153106976657.0,3624750827.0,191434539427.0,23636379242.0,2416388602.0,132459475439.0,156095854681.0,15.72,0.15,1.64,2025,사업보고서
011420,갤럭시아에스엠,KOSPI,보통주,1499.0,4.17,41300000000.0,27550.0,110880.0,5.41,11.02,5.5,3719919877.0,40343683157.0,10564577168.0,3987722438.0,72286895907.0,82851473075.0,2896040458.0,32486740470.0,6863602131.0,3225224444.0,62965288688.0,69828890819.0,2674240331.0,32950221500.0,15296043085.0,4582163761.0,74747202929.0,90043246014.0,14.61,9.88,5.15,2025,사업보고서
006370,대구백화점,KOSPI,보통주,3580.0,-3.63,38700000000.0,10822.0,49197.0,4.5,-1.18,-21.44,-32485571925.0,47247757544.0,283654388067.0,-14972843698.0,137092079770.0,420746467837.0,-31258448492.0,54032084195.0,266183596847.0,-14996437410.0,166004539549.0,432188136396.0,-29666182421.0,61806120887.0,269986052589.0,-15147326554.0,197437292140.0,467423344729.0,206.91,-31.69,-23.7,2025,사업보고서
019490,엑시큐어하이트론,KOSPI,보통주,541.0,0.0,41300000000.0,76432.0,0.0,0.64,-2.55,-144.87,-35493279900.0,5299944408.0,26575097341.0,-5970763102.0,15719752536.0,42294849877.0,-59315409817.0,6580126289.0,45624555207.0,-6329804178.0,34784353110.0,80408908317.0,-7037459860.0,5504482588.0,20490897591.0,-6550533715.0,7069504894.0,27560402485.0,169.06,-112.66,-225.79,2025,사업보고서
012160,영흥,KOSPI,보통주,2350.0,-0.42,36700000000.0,15621.0,18176.0,1.2,-1.55,-32.52,-54455858566.0,433484558559.0,235496425893.0,-13168601986.0,164330857187.0,399827283080.0,-14974053410.0,480348334559.0,296559024494.0,3072645371.0,216837076986.0,513396101480.0,-8496706680.0,497499818426.0,314231665850.0,1168473876.0,229871161283.0,544102827133.0,143.31,-3.04,-33.14,2025,사업보고서
017180,명문제약,KOSPI,보통주,1244.0,-0.48,42200000000.0,33953.0,91896.0,2.36,-25.39,1.94,1417785610.0,195247096550.0,167998749757.0,6834598874.0,104456715373.0,272455465130.0,-3789893020.0,186443052017.0,154865086757.0,1928730102.0,103122599441.0,257987686198.0,-4874243002.0,169567372992.0,147794261201.0,963765332.0,88754532448.0,236548793649.0,160.83,3.5,1.36,2025,사업보고서
012280,영화금속,KOSPI,보통주,4015.0,0.25,39800000000.0,9905.0,11603.0,1.26,3.12,15.74,12160896284.0,351423851427.0,154549256247.0,15225526956.0,81542810935.0,236092067182.0,8654294939.0,301699111405.0,143807580072.0,9880071656.0,72967224045.0,216774804117.0,7535978187.0,292311699831.0,142474702201.0,9395601425.0,67527956250.0,210002658451.0,189.53,4.33,14.91,2025,사업보고서
017040,광명전기,KOSPI,보통주,932.0,0.0,40400000000.0,43338.0,0.0,4.96,-0.69,-173.6,-68154975244.0,95869088214.0,127851833168.0,-9968236835.0,6234636080.0,134086469248.0,-43217121722.0,142406269452.0,70393109887.0,-8771158218.0,72285942906.0,142679052793.0,10890754211.0,161220121788.0,56535497664.0,-2273334035.0,130621136848.0,187156634512.0,2050.67,-10.4,-1093.17,2025,사업보고서
047400,유니온머티리얼,KOSPI,보통주,916.0,0.44,38500000000.0,42000.0,29588.0,3.26,7.63,14.04,2459943818.0,101937090012.0,116768817082.0,5429904795.0,19626757399.0,136395574481.0,-46475655498.0,108366485493.0,122844808859.0,-16501073442.0,15425888242.0,138270697101.0,-18050286189.0,116470234149.0,123358030616.0,-4667933911.0,63730656159.0,187088686775.0,594.95,5.33,12.53,2025,사업보고서
000760,이화산업,KOSPI,보통주,13600.0,-0.44,38100000000.0,2800.0,838.0,0.32,-32.15,-1.33,-2135259806.0,46255096115.0,64696138818.0,-164063862.0,204861497948.0,269557636766.0,-270822831.0,49487533689.0,62687904131.0,772077303.0,207072687850.0,269760591981.0,-2102669509.0,47187842383.0,58674386856.0,-1813616540.0,207278131988.0,265952518844.0,31.58,-0.35,-1.04,2025,사업보고서
134790,시디즈,KOSPI,보통주,19750.0,-0.6,39500000000.0,2000.0,1082.0,1.59,10.1,-3.53,-2261162145.0,195719724417.0,35169212372.0,-6682962310.0,62707226577.0,97876438949.0,908215204.0,208408238360.0,33088263097.0,-3363725188.0,65514993732.0,98603256829.0,2443800601.0,200135778002.0,30293306682.0,-1927437377.0,64785987972.0,95079294654.0,56.08,-3.41,-3.61,2025,사업보고서
008870,금비,KOSPI,보통주,40700.0,0.74,40700000000.0,1000.0,829.0,0.27,-646.03,2.58,3828751627.0,252403803067.0,165393884614.0,3369257142.0,132805995283.0,298199879897.0,5970442071.0,259456804269.0,157863839910.0,12361949538.0,124905780653.0,282769620563.0,-8472664859.0,250958272033.0,173516666522.0,5890125995.0,122824440729.0,296341107251.0,124.54,1.33,2.88,2025,사업보고서
023960,에쓰씨엔지니어링,KOSPI,보통주,1029.0,-2.92,39100000000.0,38036.0,89205.0,1.42,-3.41,-10.21,-4751050659.0,172318415172.0,89133629851.0,-4958849671.0,47221934956.0,136355564807.0,3717782777.0,179878880096.0,65999178206.0,6562997795.0,45856905573.0,111856083779.0,-2364589340.0,135981756853.0,60269563130.0,982905544.0,39034389682.0,99303952812.0,188.75,-2.88,-10.06,2025,사업보고서
145270,케이탑리츠,KOSPI,보통주,789.0,0.64,37900000000.0,48061.0,7369.0,11.8,4.78,6.01,6507348762.0,15083145031.0,109581000167.0,10622570321.0,106199635523.0,215780635690.0,5265475559.0,12087791146.0,101535014697.0,7917272243.0,103513903208.0,205048917905.0,11766157980.0,26893075403.0,110175375674.0,20523790393.0,102918952789.0,213094328463.0,103.18,70.43,6.13,2025,사업보고서
010640,진양폴리,KOSPI,보통주,2120.0,-2.53,35400000000.0,16700.0,92920.0,2.24,10.71,5.04,1622985123.0,46628342500.0,44134444609.0,1826014622.0,31685915701.0,75820360310.0,3163716225.0,54038232041.0,24679368630.0,3970306773.0,32734111402.0,57413480032.0,3663580218.0,54512150091.0,19533006054.0,3960005024.0,32215828613.0,51748834667.0,139.29,3.92,5.12,2025,사업보고서
000890,보해양조,KOSPI,보통주,1406.0,-2.43,38800000000.0,27624.0,964893.0,2.72,10.9,3.94,3489630597.0,89878693356.0,56328552974.0,3812302057.0,90222397527.0,146550950501.0,6685688838.0,87624248943.0,51788332179.0,2300656654.0,87043381312.0,138831713491.0,-3555068227.0,93084785144.0,63286857321.0,-2803701933.0,80013889453.0,143300746774.0,62.43,4.24,3.87,2025,사업보고서
008250,이건산업,KOSPI,보통주,3120.0,2.63,34200000000.0,10953.0,83870.0,4.5,-2.67,-7.25,-14178708027.0,297310475768.0,211262979949.0,-3828505984.0,188760011410.0,400022991359.0,-1926394198.0,326972782768.0,236524438768.0,13791182675.0,202224071114.0,438748509882.0,-5593469801.0,311559747602.0,250827068234.0,9115784917.0,192247663198.0,443074731432.0,111.92,-1.29,-7.51,2025,사업보고서
133820,화인베스틸,KOSPI,보통주,1012.0,0.4,37600000000.0,37115.0,24450.0,1.74,-7.97,-12.26,-6106468890.0,186171163411.0,119852257406.0,-1670508010.0,51765216392.0,171617473798.0,-29497217527.0,119171936760.0,118779789967.0,-19138025747.0,33593048106.0,152372838073.0,-18028351033.0,132197701719.0,125305300906.0,-19776770069.0,64990661471.0,190295962377.0,231.53,-0.9,-11.8,2025,사업보고서
013000,세우글로벌,KOSPI,보통주,1209.0,0.92,34700000000.0,28705.0,8221.0,1.76,6.36,6.99,3726090707.0,32679926710.0,4608285899.0,2433262939.0,54757757212.0,59366043111.0,3459384071.0,35874839491.0,4747680537.0,2453243138.0,51828532046.0,56576212583.0,2554578917.0,36127556606.0,6056708892.0,2368614961.0,48451992714.0,54508701606.0,8.42,7.45,6.8,2025,사업보고서
049800,우진플라임,KOSPI,보통주,1900.0,2.54,38000000000.0,20000.0,15529.0,2.88,15.2,2.11,2289352672.0,211623242809.0,204546196857.0,2929670084.0,109836815958.0,314383012815.0,2407054989.0,209594990056.0,222479751452.0,1389976524.0,106911445736.0,329391197188.0,6051097209.0,212126264262.0,211957808783.0,9058740983.0,106427030469.0,318384839252.0,186.23,1.38,2.08,2025,사업보고서
002880,디와이에이,KOSPI,보통주,753.0,0.0,35200000000.0,46774.0,0.0,3.03,2.68,-1.4,-651589067.0,633397608367.0,346347272554.0,30205846731.0,46511139084.0,392858411638.0,4844819495.0,564915822828.0,290605495297.0,37469149998.0,44105861002.0,334711356299.0,-195250149119.0,566931442867.0,299228350342.0,36096187586.0,36798139893.0,336026490235.0,744.65,4.77,-1.4,2025,사업보고서
005820,원림,KOSPI,보통주,15210.0,0.8,35000000000.0,2298.0,4949.0,1.87,7.61,2.98,5180840080.0,89681887437.0,30763199695.0,4425553264.0,159144854019.0,189908053714.0,4837878605.0,82386592601.0,29940749375.0,1733512084.0,155063393390.0,185004142765.0,10089058402.0,84421858608.0,23052297051.0,5066403417.0,151917181773.0,174969478824.0,19.33,4.93,3.26,2025,사업보고서
009460,한창제지,KOSPI,보통주,2740.0,-0.36,32700000000.0,11933.0,7289.0,1.46,-5.67,-14.77,-13092614471.0,266951905121.0,204534831309.0,-5193445386.0,82926027690.0,287460858999.0,2639511966.0,294257732833.0,193177410262.0,1142467067.0,94381732867.0,287559143129.0,-17494819303.0,276033575626.0,197857870801.0,-11474501616.0,91037618616.0,288895489417.0,246.65,-1.95,-15.79,2025,사업보고서
009140,경인전자,KOSPI,보통주,22100.0,-1.12,34700000000.0,1571.0,3081.0,9.47,5.16,4.88,3827628783.0,36073854759.0,6891983040.0,1024070598.0,80395072346.0,87287055386.0,2560127735.0,22942422096.0,4312447327.0,-1271401075.0,76557379085.0,80869826412.0,5784797087.0,21136261743.0,4543732473.0,215548051.0,70583523307.0,75127255780.0,8.57,2.84,4.76,2025,사업보고서
002870,신풍,KOSPI,보통주,1058.0,1.63,37000000000.0,34959.0,159459.0,2.29,4.27,2.75,2001172609.0,24228056503.0,2838866844.0,-2293337379.0,73650459373.0,76489326217.0,308958199.0,22778451624.0,3600933052.0,-4365691306.0,71716646067.0,75317579119.0,-9206169945.0,26895721826.0,32548430681.0,-3999446133.0,71642478000.0,104190908681.0,3.85,-9.47,2.72,2025,사업보고서
143210,핸즈코퍼레이션,KOSPI,보통주,1199.0,0.0,33600000000.0,28000.0,0.0,1.27,-0.22,-67.41,-88758298313.0,784750861389.0,678337136437.0,-38736724081.0,93409379586.0,771746516023.0,-122127043669.0,764435874065.0,715139179755.0,-46478985686.0,169940573688.0,885079753443.0,-33908003159.0,736993503021.0,695207306418.0,-17340319257.0,281351811027.0,976559117445.0,726.2,-4.94,-95.02,2025,사업보고서
007120,미래아이앤지,KOSPI,보통주,1169.0,1.12,31900000000.0,27323.0,28593.0,2.43,-11.24,-5.22,-2599733229.0,14128766686.0,21891719306.0,3798690087.0,48642635098.0,70534354404.0,-8038192716.0,11702648807.0,23895046475.0,2013077715.0,50972143110.0,74867189585.0,-9297695357.0,13025586982.0,26320541597.0,3232556343.0,58141399070.0,84461940667.0,45.01,26.89,-5.34,2025,사업보고서
010400,우진아이엔에스,KOSPI,보통주,4490.0,-0.88,34200000000.0,7622.0,12933.0,2.69,8.1,9.89,7593754874.0,164457886988.0,25510965809.0,4978351418.0,80754726231.0,106265692040.0,-22168838641.0,137588161973.0,18832315805.0,-17859652097.0,72883270241.0,91715586046.0,1936083379.0,100168756319.0,17871793910.0,-3316488890.0,95625892822.0,113497686732.0,31.59,3.03,9.4,2025,사업보고서
001070,대한방직,KOSPI,보통주,6050.0,1.34,32100000000.0,5300.0,2162.0,1.75,756.25,-0.42,-610608139.0,158285867181.0,79736878059.0,696690065.0,155806835618.0,235543713677.0,1115646565.0,133909117274.0,53060622616.0,2418669755.0,132337892416.0,185398515032.0,-3671292616.0,149403981153.0,49782242505.0,-1812481976.0,130936272087.0,180718514592.0,51.18,0.44,-0.39,2025,사업보고서
069640,한세엠케이,KOSPI,보통주,1408.0,-0.56,30600000000.0,21735.0,20862.0,0.83,-1.59,-117.07,-37916378581.0,248888878166.0,263495205289.0,-12139453187.0,18771326055.0,282266531344.0,-39300187046.0,245074230804.0,222522933049.0,-17629165465.0,46006391754.0,268529324803.0,-6426244385.0,277257045201.0,180692520518.0,3440785164.0,87779516186.0,268472036704.0,1403.71,-4.88,-201.99,2025,사업보고서
308170,씨티알모빌리티,KOSPI,보통주,3550.0,-2.47,30600000000.0,8610.0,2956.0,1.35,-7.17,-4.07,-3232065564.0,461459309070.0,247283326679.0,5813747117.0,87198225886.0,334481552565.0,-16607105965.0,432271164941.0,224708968630.0,3919580993.0,71551051571.0,296260020201.0,-16910739183.0,444173625905.0,212995835832.0,524576905.0,85104081955.0,298099917787.0,283.59,1.26,-3.71,2025,사업보고서
036420,콘텐트리중앙,KOSPI,보통주,1557.0,0.91,30000000000.0,19262.0,17276.0,1.01,-0.33,-71.28,-93139692457.0,1083288419056.0,1894749170889.0,8844995426.0,596161343149.0,2490910514038.0,-91903478981.0,879462982938.0,2189728550386.0,-47378983753.0,568935923135.0,2758664473521.0,-167322893172.0,993035799342.0,1951089916282.0,-67966591205.0,537253320918.0,2488343237200.0,317.82,0.82,-15.62,2025,사업보고서
003680,한성기업,KOSPI,보통주,4820.0,2.88,29900000000.0,6210.0,100684.0,6.69,8.5,0.25,166813272.0,318445028569.0,176399384042.0,5831182465.0,67328358710.0,243727742752.0,2838736942.0,332486628912.0,176744116198.0,11004187308.0,67812016491.0,244556132689.0,1608592477.0,320600471187.0,181377850957.0,8212086865.0,65923246541.0,247301097498.0,262.0,1.83,0.25,2025,사업보고서
025750,한솔홈데코,KOSPI,보통주,1914.0,0.26,30800000000.0,16113.0,15879.0,3.35,-1.4,-20.01,-22349992471.0,279816559220.0,128302813305.0,2332615578.0,99618265935.0,227921079240.0,-16925567020.0,327259060393.0,166525623963.0,11420299469.0,123853523380.0,290379147343.0,-14271677809.0,296554843656.0,172328108326.0,3629791218.0,139767293045.0,312095401371.0,128.79,0.83,-22.44,2025,사업보고서
006570,대림통상,KOSPI,보통주,1924.0,3.44,29300000000.0,15225.0,61115.0,1.9,-2.21,-35.21,-16961334160.0,126171254752.0,116613540706.0,-9566103074.0,38179758102.0,154793298808.0,-10885966867.0,136965965065.0,104211186452.0,-3414516400.0,58616650592.0,162827837044.0,-7955396540.0,145721236338.0,106152378893.0,-4932768955.0,70991418122.0,177143797015.0,305.43,-7.58,-44.42,2025,사업보고서
023150,MH에탄올,KOSPI,보통주,4105.0,-0.36,30300000000.0,7379.0,1045.0,1.8,-6.97,-3.83,-11847369486.0,94719109542.0,198604372833.0,9486236769.0,62561130218.0,261165503051.0,-19633917601.0,100419425361.0,324598918701.0,10667609998.0,77103002082.0,401701920783.0,5214659931.0,105484095313.0,346161545199.0,18917521622.0,99070017318.0,445231562517.0,317.46,10.02,-18.94,2025,사업보고서
024070,WISCOM,KOSPI,보통주,1937.0,-0.26,29700000000.0,15326.0,10785.0,1.85,9.36,1.53,1341660903.0,103275899079.0,13355716719.0,-697542545.0,88191711898.0,101547428617.0,-23917329798.0,98537115290.0,12822245368.0,-8862854781.0,87370532548.0,100192777916.0,-475564721.0,112319254509.0,12077939300.0,-2854535881.0,110912067304.0,122990006604.0,15.14,-0.68,1.52,2025,사업보고서
002690,동일제강,KOSPI,보통주,1484.0,0.34,30100000000.0,20300.0,4093.0,1.67,38.05,0.87,1350334834.0,147345604058.0,18812113382.0,-3510789127.0,157613797772.0,176425911154.0,-483718262.0,151116114567.0,18144701982.0,-5798526499.0,153656469741.0,171801171723.0,-3159795782.0,180812604441.0,25996260704.0,-2912558609.0,153236014334.0,179232275038.0,11.94,-2.38,0.86,2025,사업보고서
090370,메타랩스,KOSPI,보통주,1191.0,-0.67,32500000000.0,27305.0,217999.0,0.0,-5.05,-11.87,-12371397145.0,81322984405.0,108132010823.0,-7242779131.0,141818195128.0,249950205951.0,-748786641.0,38359458272.0,53789377586.0,-3202497656.0,79454060439.0,133243438025.0,-7437666523.0,21598887656.0,38453397614.0,-3860136978.0,73402387315.0,111855784929.0,76.25,-8.91,-8.72,2025,사업보고서
051630,진양화학,KOSPI,보통주,1437.0,0.84,30500000000.0,21200.0,56390.0,0.75,17.31,2.28,896491080.0,18563879502.0,42532156151.0,-743281876.0,39717885666.0,82250041817.0,-4488079287.0,24527435256.0,43289520271.0,-4139532436.0,38779355828.0,82068876099.0,-2170695288.0,28281407525.0,17339845335.0,-2147215622.0,32568375456.0,49908220791.0,107.09,-4.0,2.26,2025,사업보고서
009810,MDS스피어,KOSPI,보통주,1908.0,0.0,30000000000.0,15750.0,6490.0,0.26,-3.67,-3.44,-2979252949.0,250921655440.0,107400216083.0,-4396790646.0,181793986467.0,289194202550.0,-2314274676.0,268344392135.0,131314143054.0,-5099237519.0,205435953766.0,336750096820.0,-43211170123.0,214420293706.0,99973852839.0,-2591617556.0,173674978838.0,273648831677.0,59.08,-1.75,-1.64,2025,사업보고서
003060,에이프로젠바이오로직스,KOSPI,보통주,1810.0,4.81,28900000000.0,15989.0,8030988.0,0.0,-0.31,-58.11,-168296872201.0,73226140158.0,309425651987.0,-60354664385.0,277566948359.0,586992600346.0,-104979607721.0,67378141310.0,212293831663.0,-52823131512.0,378690640165.0,590984471828.0,-115330071228.0,87363627712.0,220705187059.0,-57477960970.0,368691477738.0,589396664797.0,111.48,-82.42,-60.63,2025,사업보고서
001380,SG글로벌,KOSPI,보통주,1308.0,0.46,29400000000.0,22482.0,23114.0,4.22,8.07,1.86,2806712344.0,93481243542.0,46452045338.0,4964130609.0,151978568957.0,198430614295.0,6316098065.0,99434870010.0,50176243098.0,6154463640.0,149705433926.0,199881677024.0,20175100732.0,96577221552.0,57195063606.0,6606303384.0,141051733708.0,198246797314.0,30.56,5.31,1.85,2025,사업보고서
014130,한익스프레스,KOSPI,보통주,2450.0,0.2,29000000000.0,11818.0,14383.0,3.0,-2.54,-15.36,-14676905411.0,629822023537.0,315006144091.0,-3620172011.0,86220728438.0,401226872529.0,17158070633.0,712300386074.0,297454403153.0,3370635475.0,102729277120.0,400183680273.0,-15603643118.0,668410640663.0,342926253267.0,8724985201.0,84604264757.0,427530518024.0,365.35,-0.57,-17.02,2025,사업보고서
033250,체시스,KOSPI,보통주,4825.0,2.55,30900000000.0,6400.0,111983.0,1.99,4.62,15.0,6301318303.0,93839011849.0,40671595024.0,7528255143.0,45373312716.0,86044907740.0,6073917973.0,90263397163.0,44498263414.0,4676276342.0,38647779315.0,83146042729.0,3296767413.0,49004497323.0,57325992061.0,4565520723.0,33242089295.0,90568081356.0,89.64,8.02,13.89,2025,사업보고서
118000,메타케어,KOSPI,보통주,1315.0,0.15,29000000000.0,22056.0,32294.0,0.69,-14.29,0.42,-211948884.0,32822071206.0,76983837434.0,1324766247.0,120980737559.0,197964574993.0,7593409776.0,20208077617.0,41021937363.0,1504932937.0,116798139381.0,157820076744.0,-26019814209.0,17256901978.0,17600313698.0,955908773.0,137704448054.0,155304761752.0,63.63,4.04,-0.18,2025,사업보고서
025890,한국주강,KOSPI,보통주,2570.0,0.19,28600000000.0,11145.0,6078.0,4.89,-58.41,-0.86,-291354242.0,39872284084.0,5025876453.0,-176671310.0,33280936944.0,38306813397.0,762134345.0,47283741622.0,7363072434.0,1074954369.0,34135293917.0,41498366351.0,,,11207425095.0,,32979507778.0,44186932873.0,15.1,-0.44,-0.88,2025,사업보고서
357430,마스턴프리미어리츠,KOSPI,보통주,970.0,1.04,29600000000.0,30505.0,34323.0,0.21,-6.51,,1987729608.0,4128904816.0,53430361897.0,2763887761.0,101444915078.0,154875276975.0,-12348985380.0,3221899500.0,50754820487.0,-10913658220.0,101166779614.0,151921600101.0,1474073916.0,4344097477.0,51791603768.0,1699923445.0,108623240416.0,160414844184.0,52.67,66.94,1.96,2025,사업보고서
005320,온타이드,KOSPI,보통주,1205.0,4.06,41200000000.0,34188.0,485410.0,1.84,-7.98,-9.71,-10711001706.0,231493980175.0,59023978147.0,-1856204617.0,105028825732.0,164052803879.0,-3794212373.0,265915113091.0,58538598939.0,-4346365196.0,115574349112.0,174112948051.0,-8505715135.0,224438686442.0,65127341444.0,-3581191913.0,110792565424.0,175919906868.0,56.2,-0.8,-10.2,2025,사업보고서
006490,프리티,KOSPI,보통주,898.0,0.0,26600000000.0,29577.0,0.0,0.0,-1.15,-132.83,-41682609189.0,105558023911.0,44395288398.0,4078599684.0,16065801836.0,60461090234.0,2863841827.0,100534212723.0,42344195202.0,-3786266549.0,48385591541.0,90729786743.0,-30303127067.0,99811312707.0,38133734139.0,446804037.0,38350409280.0,76484143419.0,276.33,3.86,-259.45,2025,사업보고서
005110,한창,KOSPI,보통주,1254.0,0.0,26500000000.0,21106.0,0.0,14.74,-2.52,1866.08,62327037865.0,8044626288.0,46415166576.0,-7776013960.0,10133214366.0,56548380942.0,-18484222632.0,3089124038.0,85913739014.0,-9443656317.0,-15705535524.0,70208203490.0,-31237651569.0,22518606206.0,89140438095.0,-8401928412.0,1170029782.0,90310467877.0,458.05,-96.66,615.08,2025,사업보고서
088790,진도,KOSPI,보통주,2340.0,-3.11,29100000000.0,12448.0,63294.0,4.65,4.03,3.74,4106678484.0,47608077683.0,28557292049.0,3983320538.0,111548343484.0,140105635533.0,910094404.0,44153009434.0,26852871416.0,1143805417.0,107941079613.0,134793951029.0,4390520650.0,56370619279.0,16788657567.0,3761675112.0,107507976244.0,124296633811.0,25.6,8.37,3.68,2025,사업보고서
005360,모나미,KOSPI,보통주,1353.0,1.96,25600000000.0,18897.0,293651.0,2.95,-2.36,-12.24,-10661078953.0,131024331487.0,95328791642.0,-5853531949.0,80954090295.0,176282881937.0,-5333431137.0,133080484318.0,105785547605.0,-3813353960.0,93508383767.0,199293931372.0,-5722532337.0,141452792883.0,97140752588.0,-2268342309.0,98778063635.0,195918816223.0,117.76,-4.47,-13.17,2025,사업보고서
000040,KR모터스,KOSPI,보통주,1310.0,-6.5,22600000000.0,17275.0,84729.0,29.63,0.76,-4.97,-1895969813.0,13820791334.0,50523620307.0,-2891596054.0,43672331167.0,94195951474.0,-14222283251.0,16024969823.0,52629712095.0,-4937030424.0,32642815777.0,85272527872.0,-21026668952.0,13285788429.0,116165786012.0,-6186427312.0,22404630587.0,138570416599.0,115.69,-20.92,-4.34,2025,사업보고서
004870,티웨이홀딩스,KOSPI,보통주,1141.0,0.26,25800000000.0,22633.0,46522.0,0.68,-0.43,-45.84,-55732748754.0,5034977500.0,24994089500.0,-3606002497.0,94178185920.0,119172275420.0,-20751192697.0,5242842500.0,38677031412.0,-5220000555.0,149000968642.0,187678000054.0,4560758532.0,7774124999.0,48804665067.0,-3006329578.0,166583694677.0,215388359744.0,26.54,-71.62,-59.18,2025,사업보고서
011090,에넥스,KOSPI,보통주,1278.0,3.06,15200000000.0,11857.0,1493797.0,0.49,-1.43,-3.17,-1398247913.0,215243280358.0,86811965350.0,545135255.0,41088933838.0,127900899188.0,3905411933.0,264107661658.0,99767809090.0,5097016978.0,42721432425.0,142489241515.0,-19728244032.0,230617475526.0,105063306084.0,-6993449763.0,38971288086.0,144034594170.0,211.28,0.25,-3.4,2025,사업보고서
006740,블루산업개발,KOSPI,보통주,5220.0,-0.19,31100000000.0,5951.0,5895.0,0.0,-1.22,-26.05,-24487692331.0,93251674239.0,82955079643.0,-15806498653.0,82229395998.0,165184475641.0,-21928781340.0,88112890040.0,73621309369.0,-13863126414.0,105643446102.0,179264755471.0,-5653312056.0,82568024475.0,79693711102.0,-2992480125.0,120222578181.0,199916289283.0,100.88,-16.95,-29.78,2025,사업보고서
030720,동원수산,KOSPI,보통주,5590.0,1.08,26000000000.0,4654.0,32428.0,7.45,2.45,14.73,7745692706.0,172592224421.0,78453905820.0,8826336971.0,56382290584.0,134836196404.0,5208294274.0,183650399305.0,60080578223.0,5324047839.0,48788729407.0,108869307630.0,-17676748226.0,141944902184.0,71959495193.0,-19400162561.0,42652370459.0,114611865652.0,139.15,5.11,13.74,2025,사업보고서
093240,형지엘리트,KOSPI,보통주,373.0,-2.61,22900000000.0,61390.0,352417.0,3.81,1.99,-1.56,-1295107491.0,166650465839.0,95969965637.0,6641339216.0,89312927042.0,185282892679.0,6370064033.0,132748313784.0,67739773657.0,7008537271.0,75444014910.0,143183788567.0,1997534039.0,94485977330.0,55199612789.0,2485737507.0,69926775307.0,125126388096.0,107.45,3.99,-1.45,2025,사업보고서
071950,코아스,KOSPI,보통주,1835.0,-0.11,26500000000.0,14459.0,26389.0,0.75,-0.74,-171.5,-31443234564.0,62229199785.0,46696221103.0,-5680240797.0,34717783264.0,81414004367.0,-8934786618.0,77951547768.0,80084340642.0,-7244717384.0,2426341781.0,82510682423.0,-6690888544.0,73746191894.0,59599078671.0,-3034190053.0,10847539218.0,70446617889.0,134.5,-9.13,-90.57,2025,사업보고서
009310,참엔지니어링,KOSPI,보통주,5330.0,0.0,23300000000.0,4377.0,0.0,1.47,-3.34,-22.85,-13561744196.0,59844031140.0,770530565603.0,-7530528793.0,66746536026.0,837277101629.0,-24934146024.0,64895892513.0,594552709306.0,-35837953403.0,69752313943.0,664305023249.0,-25955114212.0,76255465576.0,605021126641.0,-28089930204.0,73178884519.0,678200011160.0,1154.41,-12.58,-20.32,2025,사업보고서
002070,비비안,KOSPI,보통주,5180.0,11.28,24900000000.0,4802.0,126088.0,0.0,-0.72,-18.08,-12605125664.0,222445054857.0,119683805013.0,-5004075308.0,82563343233.0,202247148246.0,-3809121502.0,221742841204.0,137091719096.0,568801216.0,120308609129.0,257400328225.0,-7900981725.0,217298020725.0,102817066992.0,4859608010.0,88265526779.0,191082593771.0,144.96,-2.25,-15.27,2025,사업보고서
004270,남성,KOSPI,보통주,4940.0,0.1,22500000000.0,4560.0,7376.0,1.48,4.33,-3.5,-3738683358.0,77541223156.0,172927563565.0,187996496.0,105497240258.0,278424803823.0,4417061200.0,74577816567.0,168670191071.0,-1809506052.0,107387182541.0,276057373612.0,-10178565109.0,69674672020.0,149998102271.0,-6078155000.0,108115096106.0,258113198377.0,163.92,0.24,-3.54,2025,사업보고서
0106J0,대신 KOSPI200인덱스 X클래스,KOSPI,보통주,19325.0,1.98,20300000000.0,1050.0,4.0,0.0,,,,,,,,,,,,,,,,,,,,,,,,2025,사업보고서
465770,STX그린로지스,KOSPI,보통주,3750.0,-1.83,27100000000.0,7218.0,4774713.0,2.19,-1.57,-75.41,-37739115116.0,191383881379.0,128693384778.0,-12473063138.0,30082612023.0,158775996801.0,25558944983.0,70543551647.0,163553214247.0,7157565667.0,75473498388.0,239026712635.0,1437256126.0,28310433178.0,43494937062.0,1847006212.0,30439346267.0,73934283329.0,427.8,-6.52,-125.45,2025,사업보고서
015020,이스타코,KOSPI,보통주,928.0,0.0,19900000000.0,21426.0,0.0,2.73,-5.43,-3.68,-1379411770.0,16428295245.0,51350380339.0,-407494038.0,37535588189.0,88885968528.0,-4946233587.0,11491693531.0,40495659040.0,-3286469890.0,37436333189.0,77931992229.0,-2921578783.0,13270580140.0,37121852831.0,-1661140792.0,42382566776.0,79504419607.0,136.8,-2.48,-3.67,2025,사업보고서
002820,SUN&L,KOSPI,보통주,1701.0,0.12,20500000000.0,12063.0,215969.0,1.86,2.65,-1.06,-3635202790.0,272403719123.0,250222446249.0,-17877846785.0,222937964366.0,473160410615.0,-10573710008.0,339342203215.0,277690611795.0,-5864106894.0,225090675243.0,502781287038.0,-159209216493.0,441061876743.0,396711706025.0,-30185394857.0,231388941227.0,628100647252.0,112.24,-6.56,-1.63,2025,사업보고서
006200,한국전자홀딩스,KOSPI,보통주,1788.0,2.29,16700000000.0,9361.0,39148.0,3.79,-4.87,-0.9,-19780495925.0,275886966324.0,139686003303.0,-14050515935.0,377547139382.0,517233142685.0,-3371469939.0,294303954603.0,123311984020.0,-4125572651.0,394567889707.0,517879873727.0,-28809054750.0,266806350932.0,116991494092.0,-24677103505.0,386122138294.0,503113632386.0,37.0,-5.09,-5.24,2025,사업보고서
008600,윌비스,KOSPI,보통주,2620.0,0.0,17600000000.0,6724.0,0.0,2.12,-0.25,-52.44,-36438089926.0,188323233506.0,199656530404.0,-21004317529.0,48423022041.0,248079552445.0,-27416248342.0,217377268077.0,208000513628.0,-12537683908.0,86578650335.0,294579163963.0,-15449994718.0,216118598980.0,195506006150.0,-4182783563.0,107345725123.0,302851731273.0,412.32,-11.15,-75.25,2025,사업보고서
009440,KC그린홀딩스,KOSPI,보통주,756.0,0.0,17600000000.0,23239.0,0.0,0.86,-0.42,-29.91,-40828476557.0,85959945472.0,58196733077.0,-1574279438.0,114083709806.0,172280442883.0,4574675314.0,429543515001.0,109023759001.0,-65347168786.0,177672703151.0,286696462152.0,-55928223819.0,642054100589.0,701431383176.0,-23858394715.0,215147012761.0,916578395937.0,51.01,-1.83,-35.79,2025,사업보고서
001420,태원물산,KOSPI,보통주,2790.0,-3.12,21200000000.0,7600.0,97179.0,2.71,-7.06,-5.38,-2339743319.0,14864855000.0,3743882086.0,-978465756.0,41677196315.0,45421078401.0,17468736717.0,11570639556.0,8263798005.0,-894285012.0,45275972501.0,53539770506.0,-82457842.0,9212314418.0,8426155590.0,-810959814.0,28960558405.0,37386713995.0,8.98,-6.58,-5.61,2025,사업보고서
002360,SH에너지화학,KOSPI,보통주,1604.0,-0.87,17800000000.0,11113.0,11494.0,34.16,-3.35,-14.44,-10784068601.0,98627094841.0,32127479315.0,-12249904855.0,69692952315.0,101820431630.0,-10416230655.0,126047268210.0,30420665142.0,-9694396156.0,79955248236.0,110375913378.0,-2582296699.0,134037726894.0,30661330140.0,-4115868315.0,90131774993.0,120793105133.0,46.1,-12.42,-15.47,2025,사업보고서
012170,아센디오,KOSPI,보통주,2845.0,-4.37,20800000000.0,7297.0,29654.0,0.0,-1.47,-102.16,-13803059662.0,5921928326.0,3664320789.0,-4324824897.0,7244172573.0,10908493362.0,-7849399002.0,13465653938.0,4021425355.0,-4121526339.0,19274942915.0,23296368270.0,-25921087032.0,5398781608.0,22163675992.0,-10500260218.0,26370953662.0,48534629654.0,50.58,-73.03,-190.54,2025,사업보고서
001770,SHD,KOSPI,보통주,15830.0,4.83,19200000000.0,1215.0,16350.0,0.0,28.63,3.61,1968600075.0,100397778375.0,25189976442.0,2737690568.0,55403591030.0,80593567472.0,2927969957.0,106604794578.0,28355010203.0,-4025616576.0,53615737061.0,81970747264.0,110299965.0,106293829767.0,33500820712.0,672776337.0,51265337416.0,84766158128.0,45.47,2.73,3.55,2025,사업보고서
024890,대원화성,KOSPI,보통주,1747.0,1.63,14400000000.0,8250.0,61929.0,1.08,3.71,8.11,3517818494.0,126424447644.0,103806398467.0,870720813.0,44575704790.0,148382103257.0,-12113213586.0,125949848451.0,110607498538.0,-6113989337.0,41913992465.0,152521491003.0,-9744851548.0,121150507007.0,85537345301.0,-5921762010.0,52837629884.0,138374975185.0,232.88,0.69,7.89,2025,사업보고서
015260,에이엔피,KOSPI,보통주,271.0,-2.87,12800000000.0,47117.0,534998.0,0.0,-1.03,-60.93,-14186943068.0,117490390365.0,78707805341.0,-7290597374.0,20474663579.0,99182468920.0,-10344565858.0,113490429822.0,67638519716.0,-5991747978.0,25863672422.0,93502192138.0,-10024836016.0,140906023255.0,62786246737.0,-1824839750.0,32249152578.0,95035399315.0,384.42,-6.21,-69.29,2025,사업보고서
044380,주연테크,KOSPI,보통주,1009.0,-7.0,14000000000.0,13896.0,322383.0,3.05,77.62,-4.59,-1750658198.0,62628503833.0,8117632859.0,-1676717973.0,37479438039.0,45597070898.0,-2633538340.0,53068185647.0,5627782344.0,-2902454919.0,36914277068.0,42542059412.0,-4445088459.0,43504587021.0,8902969737.0,-4656483408.0,37010582594.0,45913552331.0,21.66,-2.68,-4.67,2025,사업보고서
0120X0,유진 챔피언중단기크레딧 X클래스,KOSPI,보통주,10090.0,0.0,10700000000.0,1060.0,0.0,0.0,,,,,,,,,,,,,,,,,,,,,,,,2025,사업보고서
145210,다이나믹디자인,KOSPI,보통주,2240.0,0.0,9500000000.0,4224.0,0.0,0.0,-1.48,-19.12,-8878696598.0,80189664538.0,73322858006.0,-570058827.0,44132939565.0,117455797571.0,-7071610590.0,62573691835.0,57234697701.0,-2548257698.0,46931014819.0,104165712520.0,-27102998211.0,56959416321.0,54233104836.0,-8044669138.0,52288292019.0,106521396855.0,166.14,-0.71,-20.12,2025,사업보고서
196170,알테오젠,KOSDAQ,보통주,288500.0,1.94,20095500000000.0,69655.0,613855.0,14.4,105.52,39.42,145172981930.0,215858918957.0,244299577022.0,106900077097.0,454442940148.0,698742517170.0,60690355931.0,102854620800.0,134920913122.0,25403990856.0,274091061091.0,409011974213.0,-3582208686.0,96522928887.0,108258260247.0,-9736838487.0,147841734336.0,256099994583.0,53.76,49.52,31.95,2025,사업보고서
086520,에코프로,KOSDAQ,보통주,82400.0,0.86,11188000000000.0,135776.0,370938.0,19.08,79.54,-8.39,-105539603168.0,3413021590101.0,5291398401591.0,213763514884.0,4487316128905.0,9778714530496.0,-295367033134.0,3127853158129.0,4299802389265.0,-293038698088.0,3838462173266.0,8138264562531.0,135268663790.0,7260200345722.0,4070843048271.0,298172334242.0,3486135726801.0,7556978775072.0,117.92,6.26,-2.35,2025,사업보고서
247540,에코프로비엠,KOSDAQ,보통주,106000.0,-0.47,10370000000000.0,97830.0,268846.0,14.64,237.14,2.29,91587534892.0,2531576384113.0,2866014511120.0,143309899725.0,2016007934583.0,4882022445703.0,-58508991346.0,2766837750152.0,2346640328950.0,-34109364109.0,1977019769174.0,4323660098124.0,54685871623.0,6900867843535.0,2762382311340.0,156029935394.0,1599392286411.0,4361774597751.0,142.16,5.66,4.54,2025,사업보고서
277810,레인보우로보틱스,KOSDAQ,보통주,459000.0,5.15,8904500000000.0,19400.0,125719.0,5.65,5215.91,1.07,1033635903.0,34123110054.0,9474666430.0,-2480266118.0,133830651193.0,143305317623.0,2822448355.0,19346780087.0,7129702269.0,-2978979764.0,132751303410.0,139881005679.0,109138695.0,15258134872.0,1955287162.0,-44589778382.0,130656200153.0,132611487315.0,7.08,-7.27,0.77,2025,사업보고서
036930,주성엔지니어링,KOSDAQ,보통주,178300.0,6.13,8287600000000.0,46481.0,866453.0,8.15,1157.79,6.17,35693416702.0,310692584812.0,297436347858.0,31257811742.0,590456566398.0,887892914256.0,106814110967.0,409393371588.0,420234495676.0,97196211588.0,566590299600.0,986824795276.0,34000802285.0,284745246660.0,290513573540.0,28937462812.0,514747817845.0,805261391385.0,50.37,10.06,6.05,2025,사업보고서
240810,원익IPS,KOSDAQ,보통주,114800.0,9.33,5634800000000.0,49084.0,901935.0,16.78,32.56,9.05,84028556164.0,909795691103.0,194620663488.0,73814129967.0,970015555952.0,1164636219440.0,20748346848.0,748176487524.0,236686893210.0,10641636214.0,887460172581.0,1124147065791.0,-13507700947.0,690337586778.0,218160246280.0,-18074991250.0,866702595508.0,1084862841788.0,20.06,8.11,8.66,2025,사업보고서
058470,리노공업,KOSDAQ,보통주,66600.0,3.58,5075700000000.0,76212.0,403403.0,31.75,27.02,22.45,151960670406.0,372534084608.0,60709212955.0,176997188289.0,731218952370.0,791928165325.0,113279046428.0,278186189427.0,34814668593.0,124201343872.0,622629112163.0,657443780756.0,110923015440.0,255573034656.0,25795267228.0,114378400291.0,557074198066.0,582869465294.0,8.3,47.51,20.78,2025,사업보고서
039030,이오테크닉스,KOSDAQ,보통주,443000.0,5.98,5457600000000.0,12320.0,172408.0,27.74,50.3,8.9,57564773290.0,380890608578.0,89852215834.0,80753274993.0,687899216493.0,777751432327.0,42670270031.0,320945496298.0,49983890382.0,31201085341.0,603031420844.0,653015311226.0,36393252840.0,316339650431.0,49219483901.0,30942827030.0,562459514548.0,611678998449.0,13.06,21.2,8.37,2025,사업보고서
028300,HLB,KOSDAQ,보통주,33750.0,2.9,4495400000000.0,133198.0,466294.0,18.48,-20.92,-44.32,-235415156253.0,84172574224.0,435763869963.0,-104217336541.0,494413769060.0,930177639023.0,-108026798560.0,68125727347.0,235310995214.0,-118516152929.0,652113818215.0,887424813429.0,-202303259354.0,42900561196.0,131702318459.0,-125024740610.0,615312108078.0,747014426537.0,88.14,-123.81,-47.62,2025,사업보고서
214450,파마리서치,KOSDAQ,보통주,386500.0,1.44,4015600000000.0,10390.0,55756.0,9.99,24.07,26.88,168255434874.0,536289118812.0,320010430799.0,214395758571.0,723877585619.0,1043888016418.0,88943035620.0,350115068641.0,286260118189.0,126050757121.0,569440798163.0,855700916352.0,77264652455.0,261010910564.0,73086592473.0,92257786628.0,462194597084.0,535281189557.0,44.21,39.98,23.24,2025,사업보고서
222800,심텍,KOSDAQ,보통주,117900.0,0.34,4477200000000.0,37974.0,752610.0,11.22,-83.62,-32.1,-164580357473.0,1410559919451.0,1043963591400.0,11868602919.0,576366152429.0,1620329743829.0,-31044704373.0,1231421381070.0,994803895879.0,-46969220820.0,448475401000.0,1443279296879.0,-115143871777.0,1041895724977.0,705622729689.0,-88124119458.0,470437819665.0,1176060549354.0,181.13,0.84,-28.55,2025,사업보고서
087010,펩트론,KOSDAQ,보통주,157300.0,7.3,3667800000000.0,23317.0,129115.0,4.1,-178.55,-9.41,-13823782612.0,5634817675.0,36970942097.0,-21257383888.0,142008658725.0,178979600822.0,-22033671493.0,3152181439.0,17184168838.0,-16527819080.0,151708564960.0,168892733798.0,-15921881877.0,3341893572.0,16368962307.0,-15883908215.0,36127012881.0,52495975188.0,26.03,-377.25,-9.73,2025,사업보고서
298380,에이비엘바이오,KOSDAQ,보통주,71400.0,5.62,3997500000000.0,55987.0,169255.0,13.23,-50.28,-23.48,-37877499346.0,79349848373.0,124236774842.0,-40389935899.0,156697416161.0,280934191003.0,-55529347885.0,33403030159.0,64695919270.0,-59377417080.0,167279783243.0,231975702513.0,-2646663290.0,65547054627.0,86065261491.0,-2617101131.0,74079110485.0,160144371976.0,79.28,-50.9,-24.17,2025,사업보고서
403870,HPSP,KOSDAQ,보통주,50800.0,1.2,4180800000000.0,82300.0,1510046.0,33.26,49.27,24.79,72662225546.0,172964572189.0,61476437245.0,89902342748.0,308230752232.0,369707189477.0,86280231062.0,181401607828.0,41985505352.0,93945693775.0,277910828155.0,319896333507.0,80432402487.0,179086660832.0,43607317988.0,95206074427.0,277080288653.0,320687606641.0,19.94,51.98,23.57,2025,사업보고서
000250,삼천당제약,KOSDAQ,보통주,157000.0,1.03,3682800000000.0,23457.0,66500.0,4.65,207.12,1.94,12029846621.0,231805277738.0,197638158783.0,8466512950.0,363593225648.0,561231384431.0,-5078046827.0,210923804522.0,170368051944.0,2641971274.0,349404158895.0,519772210839.0,-4187753548.0,192668515628.0,109561750075.0,9559814333.0,298460071937.0,408021822012.0,54.36,3.65,3.31,2025,사업보고서
141080,리가켐바이오,KOSDAQ,보통주,92000.0,4.19,3405800000000.0,37019.0,161673.0,12.26,-18.9,-13.22,-91552141111.0,141553069341.0,160694609940.0,-106485862116.0,541120311269.0,701814921209.0,7800099578.0,125898140997.0,122384802337.0,-20913487724.0,615998105853.0,738382908190.0,-73703570475.0,34145640069.0,41280911655.0,-80822342649.0,148221267204.0,189502178859.0,29.7,-75.23,-16.92,2025,사업보고서
319660,피에스케이,KOSDAQ,보통주,126500.0,3.35,3664300000000.0,28967.0,241697.0,23.4,29.33,15.54,78545663379.0,457213151918.0,106961955599.0,88494057075.0,539036262184.0,645998217783.0,79128216285.0,398050977575.0,97639459052.0,83924423263.0,471716805682.0,569356264734.0,52520188202.0,351863805650.0,101823749358.0,54118591422.0,392569607133.0,494393356491.0,19.84,19.36,14.57,2025,사업보고서
095340,ISC,KOSDAQ,보통주,182000.0,6.0,3857900000000.0,21197.0,171634.0,29.95,49.74,10.6,56343270511.0,220194751972.0,85159587468.0,60053887115.0,537260669443.0,622420256911.0,54898977342.0,174480093980.0,59741369182.0,44784268057.0,523141601304.0,582882970486.0,13583247114.0,140221939908.0,68360512034.0,10736706776.0,473452647667.0,541813159701.0,15.85,27.27,10.49,2025,사업보고서
108490,로보티즈,KOSDAQ,보통주,304500.0,22.54,4466100000000.0,14667.0,1433047.0,4.78,-1144.74,2.49,5303138634.0,38942547006.0,5629112400.0,3346038655.0,314078968337.0,319708080737.0,-3038577530.0,30038231053.0,4239672714.0,-2973503944.0,96006772289.0,100246445003.0,-1299719460.0,29127949488.0,19154455762.0,-5298796747.0,95840881737.0,114995337499.0,1.79,8.59,1.69,2025,사업보고서
257720,실리콘투,KOSDAQ,보통주,48000.0,-1.03,3147700000000.0,65576.0,747717.0,12.46,14.25,46.89,168584659656.0,1116287364104.0,252018395129.0,205361951857.0,457429945643.0,709448340772.0,120738196347.0,691522368911.0,196171192588.0,137575012281.0,261587951523.0,457759144111.0,38013204272.0,342860997946.0,80318624896.0,47809343470.0,134951936183.0,215270561079.0,55.09,18.4,36.85,2025,사업보고서
145020,휴젤,KOSDAQ,보통주,244000.0,1.46,3053700000000.0,12515.0,27884.0,58.55,19.0,16.06,146974291500.0,425109983561.0,96676011599.0,200851332915.0,980161908525.0,1076837920124.0,143134582847.0,373046885998.0,98627325098.0,166229170618.0,840812000743.0,939439325841.0,97660299628.0,319699941151.0,149572606527.0,117781785955.0,779678035474.0,929250642001.0,9.86,47.25,14.99,2025,사업보고서
310210,보로노이,KOSDAQ,보통주,153000.0,3.94,2834100000000.0,18524.0,51018.0,5.93,-40.71,-50.18,-42706333585.0,7512306000.0,67439227525.0,-54384535976.0,103795095825.0,171234323350.0,-32613098090.0,0.0,7246106380.0,-36339049690.0,66412537872.0,73658644252.0,-36848289927.0,0.0,13309408301.0,-31335510474.0,81343825337.0,94653233638.0,64.97,-723.94,-41.14,2025,사업보고서
440110,파두,KOSDAQ,보통주,67300.0,9.43,3372500000000.0,50111.0,467727.0,27.38,-33.9,-131.08,-76218175613.0,92419333233.0,102632856004.0,-65469985712.0,19794311089.0,122427167093.0,-91508531301.0,43502744974.0,36480472542.0,-95048300908.0,97946870542.0,134427343084.0,-56832521397.0,22470905715.0,57313618158.0,-58569439226.0,186348175638.0,243661793796.0,518.5,-70.84,-385.05,2025,사업보고서
084370,유진테크,KOSDAQ,보통주,136500.0,4.36,3128000000000.0,22916.0,85552.0,38.2,28.12,9.81,44481997780.0,350324287104.0,89220820383.0,51671713116.0,491392923336.0,580613743719.0,65440277257.0,338067812312.0,103757408575.0,61177012897.0,435742335000.0,539499743575.0,25397015593.0,276533350776.0,68514428187.0,24325728964.0,368475409140.0,436989837327.0,18.16,14.75,9.05,2025,사업보고서
214370,케어젠,KOSDAQ,보통주,44500.0,1.48,2390300000000.0,53715.0,72245.0,4.59,104.46,9.23,20098549915.0,72807992793.0,18798651532.0,20399783833.0,212474770623.0,231273422155.0,32313654383.0,82585947786.0,17719088633.0,34249787129.0,222977779434.0,240696868067.0,39929880781.0,79209511675.0,19978209343.0,40377972813.0,227298894775.0,247277104118.0,8.85,28.02,9.46,2025,사업보고서
095610,테스,KOSDAQ,보통주,146800.0,9.63,2842000000000.0,19360.0,483943.0,10.21,35.49,15.76,56917796576.0,351115732341.0,95715119836.0,57838170556.0,391753766498.0,487468886334.0,42653657309.0,240077826420.0,50648891417.0,38473734786.0,330537992260.0,381186883677.0,1565979353.0,146938072263.0,22931149578.0,-5861866998.0,298898674679.0,321829824257.0,24.43,16.47,14.53,2025,사업보고서
357780,솔브레인,KOSDAQ,보통주,325000.0,1.72,2528000000000.0,7779.0,24244.0,30.47,19.8,7.66,83989215352.0,923381966875.0,335174469307.0,133642405522.0,1111575813364.0,1446750282671.0,119611878137.0,863356156458.0,130878284640.0,167948756594.0,1037335849194.0,1168214133834.0,130955384417.0,844029122465.0,76620708886.0,133488376256.0,918822162392.0,995442871278.0,30.15,14.47,7.56,2025,사업보고서
064760,티씨케이,KOSDAQ,보통주,252000.0,4.78,2817200000000.0,11179.0,63876.0,66.62,34.58,13.5,69902724552.0,301334302844.0,48313763573.0,83887319363.0,519302794390.0,567616557963.0,71994036570.0,275724843444.0,47264861755.0,80747924196.0,516254748314.0,563519610069.0,61244566663.0,226652881531.0,37233039232.0,66702958305.0,458270711744.0,495503750976.0,9.3,27.84,13.46,2025,사업보고서
319400,현대무벡스,KOSDAQ,보통주,22050.0,4.01,2455800000000.0,111376.0,812879.0,1.73,140.45,6.79,11293835158.0,393940640251.0,123133006974.0,18212543309.0,160303427587.0,283436434561.0,26917423749.0,341383043004.0,126722489340.0,24571079650.0,172142776675.0,298865266015.0,4207016427.0,267838061818.0,88200130683.0,4143334694.0,160732665935.0,248932796618.0,76.81,4.62,7.05,2025,사업보고서
080220,제주반도체,KOSDAQ,보통주,71800.0,4.36,2473000000000.0,34443.0,739092.0,0.77,10.72,19.21,39499088944.0,302230571186.0,108883598978.0,35873972312.0,227104505361.0,335988104339.0,19405207353.0,162349945455.0,41193831641.0,9581360274.0,184233770184.0,225427601825.0,16919765330.0,145899793599.0,40104977649.0,17838425308.0,158568405147.0,198673382796.0,47.94,11.87,17.39,2025,사업보고서
131290,티에스이,KOSDAQ,보통주,236500.0,5.58,2616000000000.0,11061.0,80439.0,12.22,25.0,10.42,40043908888.0,428900789083.0,143461680793.0,49172057097.0,464563900422.0,608025581215.0,45031658141.0,348053207965.0,119709051858.0,39898852512.0,399699298627.0,519408350485.0,-2095147625.0,249147689845.0,95297803409.0,-2380122294.0,347823537586.0,443121340995.0,30.88,11.46,8.62,2025,사업보고서
031980,피에스케이홀딩스,KOSDAQ,보통주,144000.0,11.2,3105000000000.0,21562.0,265319.0,6.17,30.11,19.55,91684937183.0,207764042799.0,78501446934.0,73400914769.0,506377712478.0,584879159412.0,95820109996.0,215508095005.0,82100998394.0,88482980891.0,431463424801.0,513564423195.0,42696378649.0,94716683944.0,60129472727.0,26970755131.0,341312404466.0,401441877193.0,15.5,35.33,18.11,2025,사업보고서
347850,디앤디파마텍,KOSDAQ,보통주,49200.0,1.44,2255200000000.0,45838.0,424756.0,9.64,-99.39,-31.49,-23979675414.0,4297604947.0,18560306136.0,-33992611604.0,78979166016.0,97539472152.0,-29483232915.0,11436756608.0,27930776083.0,-25016868135.0,69569189929.0,97499966012.0,3426540666.0,18677045879.0,23985658031.0,-13486251322.0,55217986954.0,79203644985.0,23.5,-790.97,-30.36,2025,사업보고서
178320,서진시스템,KOSDAQ,보통주,33650.0,1.36,2141800000000.0,63651.0,518268.0,14.0,-23.61,-12.63,-102420702080.0,1066330738953.0,1568676139554.0,1145784823.0,737770483785.0,2306446623339.0,83921126833.0,1213752801436.0,1227629988817.0,108700662517.0,875584263726.0,2103214252543.0,-22709745343.0,778694260990.0,1022021038730.0,48998367201.0,498095317755.0,1520116356485.0,212.62,0.11,-13.88,2025,사업보고서
067310,하나마이크론,KOSDAQ,보통주,34850.0,0.43,2317200000000.0,66491.0,637205.0,19.79,13.52,9.89,65578519945.0,1534418874072.0,1365163250751.0,127689329155.0,652675603467.0,2017838854218.0,-11157290055.0,1250692575645.0,1338819768429.0,106792878899.0,605829084189.0,1944648852618.0,963094987.0,967971484717.0,1180702762437.0,57904676214.0,544387369437.0,1725090131874.0,209.16,8.32,10.05,2025,사업보고서
237690,에스티팜,KOSDAQ,보통주,101200.0,2.22,2112700000000.0,20877.0,45260.0,12.49,27.22,10.03,54561944733.0,331681282447.0,189563266216.0,54932543750.0,593003682348.0,782566948564.0,32463839888.0,273751342840.0,218884522840.0,27692533192.0,502991186991.0,721875709831.0,17523410962.0,284991652409.0,288529670073.0,33511661589.0,386906418511.0,675436088584.0,31.97,16.56,9.2,2025,사업보고서
226950,올릭스,KOSDAQ,보통주,95900.0,4.47,2019900000000.0,21063.0,122256.0,10.28,-149.38,-18.83,-15742651455.0,,45287290658.0,-29972430134.0,150078672129.0,195365962787.0,-40658699598.0,,52776577150.0,-30918594163.0,18472649178.0,71249226328.0,-19101696120.0,,52489094571.0,-18185342175.0,50335955136.0,102825049707.0,30.18,,-10.49,2025,사업보고서
010170,대한광통신,KOSDAQ,보통주,13010.0,1.25,2022900000000.0,155486.0,3744107.0,1.91,-78.37,-52.05,-27972927775.0,139446734970.0,152364052262.0,-21410712591.0,66651648061.0,219015700323.0,-56038066436.0,152717431829.0,168835060507.0,-29704722792.0,40826257677.0,209661318184.0,-29456645326.0,180262763737.0,158780546608.0,-23223251446.0,76021262071.0,234801808679.0,228.6,-15.35,-41.97,2025,사업보고서
214150,클래시스,KOSDAQ,보통주,31800.0,0.32,2074500000000.0,65236.0,148648.0,68.45,15.11,26.21,131970250448.0,336819637856.0,152975464048.0,170600874067.0,551674456160.0,704649920208.0,97543753801.0,242938965374.0,155734894073.0,122442594301.0,452643914758.0,608378808831.0,74225203196.0,180122798016.0,91942522091.0,89622382063.0,283500499663.0,375443021754.0,27.73,50.65,23.92,2025,사업보고서
032820,우리기술,KOSDAQ,보통주,10630.0,1.24,1836700000000.0,172785.0,1593039.0,5.4,-265.75,0.67,-4104661336.0,87135395389.0,214061207166.0,-5486712823.0,124394101537.0,338455308703.0,-4401591680.0,71250184948.0,153372917554.0,553922286.0,112086289530.0,265459207084.0,5032187322.0,63166127548.0,86764913284.0,6678853804.0,103420278634.0,190185191918.0,172.08,-6.3,-3.3,2025,사업보고서
005290,동진쎄미켐,KOSDAQ,보통주,40250.0,1.26,2051500000000.0,50970.0,190544.0,12.97,9.88,9.52,94092225845.0,1194144534567.0,904550189105.0,172448889381.0,1101580532373.0,2006130721478.0,143484559745.0,1112812913021.0,996558402618.0,175412739519.0,1020430600571.0,2016989003189.0,123534360586.0,1009711558318.0,771106380233.0,148790819870.0,835481646771.0,1606588027004.0,82.11,14.44,8.54,2025,사업보고서
140410,메지온,KOSDAQ,보통주,65000.0,0.0,1990400000000.0,30622.0,63378.0,24.43,-71.98,-110.44,-34928862370.0,,80829964505.0,-16768533041.0,17194549713.0,98024514218.0,-19476774574.0,,27935166913.0,-14299550646.0,46062511803.0,73997678716.0,-12728376387.0,,30704991008.0,-14488566140.0,61444362867.0,92149353875.0,470.09,,-203.14,2025,사업보고서
058610,에스피지,KOSDAQ,보통주,94200.0,12.41,2089100000000.0,22177.0,1109499.0,4.14,219.58,3.57,9133325305.0,341670161923.0,170487845915.0,17939051891.0,257984198541.0,428472044456.0,13113747075.0,388476767485.0,143378467479.0,12335226942.0,254135688485.0,397514155964.0,10995238460.0,393785730793.0,128084871753.0,15969877847.0,218901833401.0,346986705154.0,66.08,5.25,3.54,2025,사업보고서
263750,펄어비스,KOSDAQ,보통주,34500.0,11.47,2168100000000.0,62844.0,1059533.0,4.84,8.16,-1.05,-8414919237.0,365564943738.0,349996486912.0,-14807541404.0,799102814399.0,1149099301311.0,60343569967.0,342384719856.0,336846483610.0,-12292682628.0,805974577846.0,1142821061456.0,15206477531.0,333484523009.0,487888865094.0,-16350059645.0,724990449523.0,1212879314617.0,43.8,-4.05,-1.05,2025,사업보고서
083650,비에이치아이,KOSDAQ,보통주,60000.0,1.18,1856700000000.0,30944.0,199320.0,10.55,35.67,44.36,65196402061.0,774116878915.0,653110981642.0,75496618005.0,177646394222.0,830757375864.0,19585052430.0,404741038609.0,408329846238.0,21927258374.0,116446559547.0,524776405785.0,7463782053.0,367399208640.0,351746541706.0,15086698166.0,73702999852.0,425449541558.0,367.65,9.75,36.7,2025,사업보고서
098460,고영,KOSDAQ,보통주,27900.0,1.27,1902900000000.0,68204.0,679732.0,26.75,40.14,4.48,14756087568.0,232647218656.0,75169601828.0,17342338477.0,335165611050.0,410335212878.0,20998990602.0,202538127214.0,54763375690.0,3322352718.0,323168894802.0,377932270492.0,21925959777.0,225630691398.0,61894392837.0,20372226090.0,305317864968.0,367212257805.0,22.43,7.45,4.4,2025,사업보고서
140860,파크시스템스,KOSDAQ,보통주,262500.0,3.35,1838100000000.0,7002.0,17199.0,39.56,79.19,16.69,34475725850.0,205613479882.0,124802530811.0,42191026195.0,225119915287.0,349922446098.0,42803661818.0,175059849427.0,86405683184.0,38529871391.0,187909793142.0,274315476326.0,24562474113.0,144806376321.0,58187914053.0,27560237095.0,143484613955.0,201672528008.0,55.44,20.52,15.31,2025,사업보고서
068760,셀트리온제약,KOSDAQ,보통주,40850.0,0.0,1813800000000.0,44402.0,47726.0,4.96,42.42,9.31,38751698960.0,536400308882.0,323477395208.0,56091784420.0,435963146742.0,759440541950.0,21966117520.0,477835307770.0,272540920812.0,37222949682.0,396921557126.0,669462477938.0,21264988852.0,388794335490.0,264977832531.0,36070715954.0,376665735603.0,641643568134.0,74.2,10.46,8.89,2025,사업보고서
096530,씨젠,KOSDAQ,보통주,31900.0,1.11,1666000000000.0,52226.0,131985.0,18.74,18.16,4.81,48445344295.0,474231586051.0,219981715935.0,34549810779.0,1015815702896.0,1235797418831.0,-8692763751.0,414251733221.0,223802444305.0,-16479248127.0,993053891801.0,1216856336106.0,733203514.0,367375048980.0,221052938078.0,-30053478765.0,1030398975557.0,1251451913635.0,21.66,7.29,4.77,2025,사업보고서
089030,테크윙,KOSDAQ,보통주,47100.0,2.06,1745200000000.0,37054.0,356141.0,17.36,-149.05,4.63,8996126448.0,159128398402.0,421579670529.0,15837572847.0,212119683580.0,633699354109.0,-21970453220.0,185507171034.0,317917190961.0,23411077264.0,188303434692.0,506220625653.0,-11097331447.0,133604260260.0,270300485244.0,3160487054.0,215586935429.0,485887420673.0,198.75,9.95,4.24,2025,사업보고서
060370,LS마린솔루션,KOSDAQ,보통주,30900.0,4.04,1614200000000.0,52239.0,46627.0,2.52,87.29,2.0,8356327494.0,244205074557.0,110964137974.0,7009301321.0,628072916399.0,739037054373.0,13203271844.0,130279123723.0,46112417811.0,12392667090.0,208157112796.0,254269530607.0,11617864038.0,70779250390.0,24097545990.0,13086945968.0,122630218294.0,146727764284.0,17.67,2.87,1.33,2025,사업보고서
041510,에스엠,KOSDAQ,보통주,79000.0,4.91,1808700000000.0,22895.0,109767.0,31.93,13.74,41.65,359364113602.0,1174934814159.0,648965438984.0,183033876467.0,1358745854879.0,2007711293863.0,818849820.0,989725343114.0,590028281693.0,87296655446.0,829079862089.0,1419108143782.0,82683480181.0,961069716545.0,631575864424.0,113463014394.0,909398072974.0,1540973937398.0,47.76,15.58,26.45,2025,사업보고서
241710,코스메카코리아,KOSDAQ,보통주,134500.0,0.22,1436500000000.0,10680.0,87987.0,24.64,22.51,19.29,57838465093.0,640929072776.0,295589465107.0,83536907225.0,336235391317.0,631824856424.0,53687894761.0,524328644684.0,210310233758.0,60362466466.0,307639274077.0,517949507835.0,33886925952.0,470719111291.0,190455845488.0,49154075509.0,242169741587.0,432625587075.0,87.91,13.03,17.2,2025,사업보고서
007390,네이처셀,KOSDAQ,보통주,23950.0,0.21,1543200000000.0,64435.0,165655.0,6.95,-570.24,-4.45,-2838308819.0,20734613571.0,11701588109.0,-3646243657.0,63029885339.0,74731473448.0,1226158108.0,32333908156.0,7373108088.0,597518893.0,64624400671.0,71997508759.0,-11680328640.0,19350887029.0,6979490237.0,-10272984987.0,61419188332.0,68398678569.0,18.57,-17.59,-4.5,2025,사업보고서
0009K0,에임드바이오,KOSDAQ,보통주,23450.0,4.69,1516500000000.0,64671.0,74543.0,2.47,37.52,5.13,5018085142.0,47278353425.0,6396747607.0,20768575294.0,192571951136.0,198968698743.0,-3313176866.0,11760181999.0,43773209838.0,-407753481.0,3367771808.0,47140981646.0,-9029700936.0,171213982.0,15722029092.0,-6416319317.0,6709949833.0,22431978925.0,3.32,43.93,2.61,2025,사업보고서
950160,코오롱티슈진,KOSDAQ,보통주,17100.0,1.12,1453000000000.0,84970.0,701523.0,3.5,-7.89,-183.43,-135413281.0,3627220.0,250825311.0,-15695998.0,44658862.0,295484173.0,-24779552.0,3719583.0,51962208.0,-16127329.0,99254203.0,151216411.0,-13194601.0,2839000.0,15469987.0,-15707145.0,89160369.0,104630356.0,561.65,-432.73,-303.22,2025,사업보고서
131970,두산테스나,KOSDAQ,보통주,74300.0,-0.8,1436000000000.0,19327.0,175351.0,11.91,41.95,0.35,1510043000.0,303874072000.0,266698790000.0,-940826000.0,437076674000.0,703775464000.0,36781312000.0,373117930000.0,350030052000.0,37923282000.0,437666508000.0,787696560000.0,49077382000.0,338652255000.0,359477895000.0,60778799000.0,403637415000.0,763115310000.0,61.02,-0.31,0.35,2025,사업보고서
089970,브이엠,KOSDAQ,보통주,52800.0,1.73,1390100000000.0,26327.0,586790.0,15.5,20.75,17.34,26131635359.0,144411787537.0,71529848339.0,24673087730.0,177197893574.0,248727741913.0,-3450671433.0,70277411560.0,41402951688.0,-8599624774.0,124300634423.0,165703586111.0,-6975273692.0,26008551330.0,28751247311.0,-10962872787.0,122174359927.0,150925607238.0,40.37,17.09,14.75,2025,사업보고서
323280,태성,KOSDAQ,보통주,44850.0,3.22,1369600000000.0,30538.0,220104.0,4.32,546.95,-3.0,-2537179508.0,37859245040.0,44451711006.0,-2506348104.0,128084777866.0,172536488872.0,5968175094.0,59212420040.0,38631625665.0,6037657086.0,40982352292.0,79613977957.0,-1416588755.0,33338955327.0,26085358556.0,-685706946.0,30890434691.0,56975793247.0,34.7,-6.62,-1.98,2025,사업보고서
030530,원익홀딩스,KOSDAQ,보통주,22500.0,29.91,1737900000000.0,77238.0,7136648.0,4.98,31.51,2.78,50427053015.0,622991604240.0,668479210572.0,-418124396.0,1301244027671.0,1969723238243.0,-61062837204.0,645472610486.0,641601852997.0,30614449862.0,1248469845742.0,1890071698739.0,-18268464974.0,749527050135.0,513283475548.0,45774773657.0,1338781321900.0,1852064797448.0,51.37,-0.07,3.88,2025,사업보고서
078600,대주전자재료,KOSDAQ,보통주,84600.0,2.42,1328600000000.0,15704.0,73515.0,12.47,130.15,8.6,20899443380.0,254613180231.0,402325043788.0,20686125141.0,258070396398.0,660395440186.0,36394010154.0,219316249770.0,392710922285.0,29353571296.0,230239136477.0,622950058762.0,628120911.0,184988881822.0,256530037596.0,6208941102.0,156880996885.0,413411034481.0,155.9,8.12,8.1,2025,사업보고서
475830,오름테라퓨틱,KOSDAQ,보통주,55900.0,2.57,1214100000000.0,21720.0,83639.0,6.86,66.47,-33.22,-41969171956.0,23564233.0,38436685899.0,-51759177005.0,130888052377.0,169324738276.0,-5740128540.0,20905620577.0,32071321241.0,-8335353372.0,121764729716.0,153836050957.0,68217196544.0,135417607412.0,217962864361.0,95606700347.0,-56179774300.0,161783090061.0,29.37,-219651.44,-32.06,2025,사업보고서
290650,엘앤씨바이오,KOSDAQ,보통주,47900.0,-1.44,1291800000000.0,26970.0,125833.0,21.91,-8.06,-57.68,-138246706187.0,85476414998.0,248103676806.0,4415713583.0,208533437343.0,456637114149.0,141496608088.0,72032432117.0,180875569755.0,3869170258.0,291274034617.0,472149604372.0,44548432324.0,65926844211.0,104474845726.0,2906692049.0,152872455409.0,257347301135.0,118.98,5.17,-66.29,2025,사업보고서
035900,JYP Ent.,KOSDAQ,보통주,39300.0,2.08,1396400000000.0,35532.0,166859.0,14.01,12.86,29.21,160563476080.0,821854634614.0,226142470880.0,155246094076.0,624947719298.0,851090190178.0,97714913917.0,601787883332.0,195900558505.0,128262269240.0,482881501386.0,678782059891.0,105016740741.0,566500542871.0,173490775206.0,169443909949.0,398042670936.0,571533446142.0,36.19,18.89,25.69,2025,사업보고서
420770,기가비스,KOSDAQ,보통주,101200.0,1.3,1282800000000.0,12676.0,62256.0,6.0,61.15,7.42,15452197332.0,52434995936.0,28273719287.0,12100818200.0,211003350241.0,239277069528.0,3412006437.0,26133336219.0,23973068318.0,-1786928658.0,205694783038.0,229667851356.0,32663084523.0,91422516772.0,13241843016.0,35013634833.0,212614532291.0,225856375307.0,13.4,23.08,7.32,2025,사업보고서
039200,오스코텍,KOSDAQ,보통주,36600.0,1.95,1400200000000.0,38258.0,152390.0,12.17,14.88,33.87,54396875656.0,99838669222.0,43005621434.0,52081332705.0,186847579442.0,229853200876.0,-1589923760.0,34007602680.0,38418568371.0,-2733857885.0,132359641489.0,170778209860.0,-28489780658.0,4950929999.0,37860914026.0,-32655289595.0,94717486056.0,132578400082.0,23.02,52.17,29.11,2025,사업보고서
183300,코미코,KOSDAQ,보통주,25100.0,3.29,1289200000000.0,51363.0,334999.0,25.25,40.29,18.52,77237204024.0,604110117086.0,660430838015.0,110992280574.0,369806052244.0,1030236890259.0,87845843289.0,507138644286.0,424624460497.0,112461653836.0,375718062479.0,800342522976.0,45511244117.0,307266896921.0,305922619817.0,33028446745.0,287980197096.0,593902816913.0,178.59,18.37,20.89,2025,사업보고서
082920,비츠로셀,KOSDAQ,보통주,29800.0,5.49,1345200000000.0,45139.0,760097.0,28.92,18.94,18.56,56924763449.0,243082541135.0,40346755319.0,69267801066.0,330489870731.0,370836626050.0,51260348099.0,210779361832.0,34838584936.0,51910636695.0,283013473108.0,317852058044.0,36054568905.0,176220480964.0,24544935080.0,37690323911.0,231746217967.0,256291153047.0,12.21,28.5,17.22,2025,사업보고서
127120,제이에스링크,KOSDAQ,보통주,33600.0,12.37,1231000000000.0,36636.0,468934.0,3.14,-203.64,-35.13,-16445157062.0,19316467820.0,54443559130.0,-12486699717.0,68592952210.0,123036511340.0,-10801688734.0,15907717174.0,29356732430.0,-9111567866.0,25029674158.0,54386406588.0,-5595933744.0,21948990482.0,12479999703.0,-4342056425.0,26277552342.0,38757552045.0,79.37,-64.64,-23.97,2025,사업보고서
218410,RFHIC,KOSDAQ,보통주,48300.0,4.09,1283600000000.0,26575.0,270170.0,21.29,38.61,8.84,35505822915.0,185803786324.0,149724811185.0,30889493523.0,396459689603.0,546184500788.0,19698779772.0,114875963020.0,124988407222.0,1529788265.0,357960809650.0,482949216872.0,17683006519.0,111432998779.0,181123793582.0,303024279.0,328275652396.0,509399445978.0,37.77,16.62,8.96,2025,사업보고서
003380,하림지주,KOSDAQ,보통주,11020.0,1.19,1234300000000.0,112006.0,371409.0,7.9,7.38,7.29,513760000000.0,13214884000000.0,10730695000000.0,887427000000.0,6277593000000.0,17008288000000.0,174817000000.0,12272959000000.0,10137006000000.0,765480000000.0,5941952000000.0,16078958000000.0,178306000000.0,12062363000000.0,8137558000000.0,567545000000.0,5247514000000.0,13385072000000.0,170.94,6.72,8.18,2025,사업보고서
195940,HK이노엔,KOSDAQ,보통주,42050.0,0.72,1191300000000.0,28330.0,78457.0,12.27,13.88,5.87,75699812628.0,1063151055391.0,768532748808.0,110876599063.0,1328398567183.0,2096931315991.0,61580192966.0,897141915178.0,638197975184.0,88224439067.0,1251377196361.0,1889575171545.0,47198998992.0,828908232826.0,644344357799.0,65929937883.0,1203646389259.0,1847990747058.0,57.85,10.43,5.7,2025,사업보고서
204270,제이앤티씨,KOSDAQ,보통주,19130.0,3.97,1106600000000.0,57848.0,562705.0,3.37,-16.52,-31.32,-91580550779.0,185653161156.0,300465487487.0,-77996088398.0,247710098976.0,548175586463.0,-33401167330.0,273239103365.0,302569686748.0,-46091032142.0,337126919326.0,639696606074.0,17747739478.0,323436932669.0,299325143766.0,28538516087.0,355114043886.0,654439187652.0,121.3,-42.01,-36.97,2025,사업보고서
043260,성호전자,KOSDAQ,보통주,15670.0,0.45,1150700000000.0,73434.0,893115.0,2.43,3.08,46.27,91043267859.0,231577035770.0,327079366464.0,7551422708.0,254010360797.0,581089727261.0,8076765671.0,207326568063.0,223858021730.0,6311648229.0,143473786324.0,367331808054.0,17583612418.0,208061479027.0,167819325251.0,25857169613.0,102055289483.0,269874614734.0,128.77,3.26,35.84,2025,사업보고서
347700,스피어,KOSDAQ,보통주,19520.0,5.06,1006300000000.0,51551.0,850016.0,9.81,-100.62,0.43,170261025.0,95638566409.0,31722749144.0,9052274666.0,63634142976.0,95356892120.0,8606552134.0,85428150956.0,21890999078.0,15177749687.0,16190607023.0,38081606101.0,,,14804110226.0,,3027471048.0,17831581274.0,49.85,9.47,0.27,2025,사업보고서
166090,하나머티리얼즈,KOSDAQ,보통주,49900.0,0.71,986900000000.0,19778.0,173022.0,21.89,15.37,9.39,38375641020.0,273481969679.0,221925887100.0,50081056398.0,463680286012.0,685606173112.0,31756594796.0,251646191336.0,220102424816.0,43411736320.0,353781902893.0,573884327709.0,34193789438.0,233576716299.0,272869288131.0,41282810386.0,399694212949.0,672563501080.0,47.86,18.31,8.28,2025,사업보고서
437730,삼현,KOSDAQ,보통주,32550.0,10.34,1032100000000.0,31708.0,289982.0,1.6,-221.43,8.46,9690725039.0,95041722249.0,70350722966.0,805333955.0,131748265868.0,202098988834.0,8314379320.0,100447699055.0,25054988410.0,5516949984.0,115237838264.0,140292826674.0,9449803386.0,99848743018.0,46276198726.0,9796377029.0,48583541972.0,94859740698.0,53.4,0.85,7.36,2025,사업보고서
086450,동국제약,KOSDAQ,보통주,21600.0,-0.92,977000000000.0,45230.0,747610.0,10.98,12.8,10.42,73932783976.0,926883701823.0,299157761879.0,96553506173.0,763738526426.0,1062896288305.0,62336110046.0,812166073057.0,274188701048.0,80419595222.0,678975888258.0,953164589306.0,48871386212.0,730993597323.0,263361423873.0,66873304070.0,576173702471.0,839535126344.0,39.17,10.42,9.68,2025,사업보고서
356860,티엘비,KOSDAQ,보통주,37150.0,-1.33,880500000000.0,23701.0,835980.0,4.64,24.19,15.99,18952806811.0,,120252830536.0,25962618716.0,126043259710.0,246296090246.0,3597437006.0,,76306005890.0,3357967990.0,112098737098.0,188404742988.0,2509494867.0,,62314385129.0,3044962734.0,110236786201.0,172551171330.0,95.41,,15.04,2025,사업보고서
232140,와이씨,KOSDAQ,보통주,11730.0,-0.17,962400000000.0,82045.0,1569088.0,3.45,30.87,5.56,28984367217.0,272629978227.0,130992662031.0,16989848287.0,476196299410.0,607188961441.0,12926037556.0,211241210832.0,158643144911.0,10599506307.0,418212295510.0,576855440421.0,12879225237.0,255182306180.0,114468752526.0,8571578913.0,365804448525.0,480273201051.0,27.51,6.23,6.09,2025,사업보고서
445680,큐리옥스바이오시스템즈,KOSDAQ,보통주,47650.0,-1.55,820100000000.0,17211.0,78077.0,7.12,-63.45,-53.58,-27177567437.0,5151548437.0,25217933534.0,-12314428922.0,52809558817.0,78027492351.0,-8089494005.0,4587636523.0,21923091988.0,-13377807751.0,48637481889.0,70560573877.0,-10041722918.0,6787910936.0,4914538411.0,-10557074113.0,52883455236.0,57797993647.0,47.75,-239.04,-51.46,2025,사업보고서
036540,SFA반도체,KOSDAQ,보통주,5610.0,-0.18,922600000000.0,164460.0,1189293.0,5.46,-89.05,-3.93,-19130997781.0,367389147993.0,76627410257.0,-19626671175.0,472827187628.0,549454597885.0,20458863208.0,400482861805.0,125578068973.0,-31004226.0,497907590933.0,623485659906.0,-14043612067.0,416738581384.0,139749351905.0,-13276392521.0,470160714693.0,609910066598.0,16.21,-5.34,-4.05,2025,사업보고서
124500,아이티센글로벌,KOSDAQ,보통주,35650.0,9.02,827200000000.0,23205.0,716786.0,3.08,11.68,45.89,198284338685.0,8870844790093.0,1087584208583.0,279925759631.0,511807880241.0,1599392088824.0,36063285864.0,4961847499151.0,622948234873.0,58564721273.0,322487711525.0,945435946398.0,-6202603892.0,2815145201364.0,492957813642.0,30518767988.0,284410590885.0,777368404527.0,212.5,3.16,38.74,2025,사업보고서
036830,솔브레인홀딩스,KOSDAQ,보통주,43100.0,3.86,883700000000.0,20504.0,47776.0,6.3,1.54,32.06,495558016939.0,556646781397.0,711208582118.0,8859913929.0,1947608602973.0,2658817185091.0,55294686026.0,433749481738.0,507190299178.0,31810422475.0,1495160062192.0,2002350361370.0,83427195418.0,584765538093.0,520758178125.0,69570816408.0,1264179720417.0,1784937898542.0,36.52,1.59,25.44,2025,사업보고서
950260,인제니아테라퓨틱스(Reg.S),KOSDAQ,보통주,15580.0,-1.52,770300000000.0,49445.0,2801439.0,0.0,-25.05,-78.07,,,,,,,,,,,,,,,,,,,,,,2025,사업보고서
293490,카카오게임즈,KOSDAQ,보통주,9030.0,2.27,963900000000.0,106745.0,241522.0,4.24,-6.15,-7.93,-143084637075.0,465018566528.0,1478800075861.0,-39590701112.0,1197974368242.0,2676774444103.0,-128088854882.0,627227484059.0,1694881787634.0,19148863191.0,1478357269717.0,3173239057351.0,-322405861214.0,725820692646.0,1845488692378.0,75389475013.0,1625527793504.0,3471016485882.0,123.44,-8.51,-11.94,2025,사업보고서
476830,알지노믹스,KOSDAQ,보통주,28200.0,6.82,791200000000.0,28055.0,228914.0,9.05,-25.94,604.61,-103810493445.0,,3956167339.0,-14597361438.0,58877417847.0,62833585186.0,-18850121306.0,,121363988987.0,-12861965312.0,-93217117525.0,28146871462.0,-13599580467.0,,94938146858.0,-15522148625.0,-74731410712.0,20206736146.0,6.72,,-176.32,2025,사업보고서
101490,에스앤에스텍,KOSDAQ,보통주,40050.0,1.91,854500000000.0,21335.0,143540.0,12.01,13.62,21.24,58092807910.0,243733252593.0,88783777330.0,50389752346.0,304257904926.0,393041682256.0,30313647619.0,176013891367.0,50184639632.0,29478688017.0,246847048853.0,297031688485.0,25854851119.0,150320408224.0,35959971560.0,25039402690.0,220798777193.0,256758748753.0,29.18,20.67,19.09,2025,사업보고서
056190,SFA,KOSDAQ,보통주,23700.0,-0.84,851000000000.0,35909.0,61333.0,13.09,13.86,6.11,52102798598.0,1630950490066.0,751674724183.0,85860974188.0,1510269736561.0,2261944460744.0,-32117410210.0,2045361581270.0,957193535343.0,-48399084010.0,1522364024097.0,2479557559440.0,47617527226.0,1860351129906.0,1207555754160.0,88908992805.0,1617782494656.0,2825338248816.0,49.77,5.26,3.45,2025,사업보고서
119850,지엔씨에너지,KOSDAQ,보통주,44900.0,7.29,738600000000.0,16449.0,415177.0,8.02,16.91,21.15,40016826711.0,262633597538.0,149303989174.0,49372497571.0,221486910749.0,370790899923.0,38864565846.0,226316215163.0,103760889448.0,31703602364.0,161470908656.0,265231798104.0,11704975205.0,166417408343.0,64280333511.0,11022900658.0,122812034554.0,187092368065.0,67.41,18.8,18.07,2025,사업보고서
038500,삼표시멘트,KOSDAQ,보통주,7210.0,0.42,778100000000.0,107916.0,245619.0,5.23,21.85,5.29,40803560450.0,676926715424.0,660466231983.0,76583468141.0,786264967445.0,1446731199428.0,66099929851.0,790786523331.0,728853926996.0,103930124574.0,756213299450.0,1485067226446.0,33807860692.0,823729443914.0,814483922837.0,84701114941.0,706001382639.0,1520485305476.0,84.0,11.31,5.19,2025,사업보고서
100790,미래에셋벤처투자,KOSDAQ,보통주,14980.0,8.0,795700000000.0,53121.0,541686.0,3.97,14.73,8.47,30930410145.0,239848243971.0,721805930804.0,35116207413.0,378332006272.0,1100137937076.0,8557020639.0,233872469347.0,708864307845.0,15704108860.0,351921676556.0,1060785984401.0,24538562942.0,217046631995.0,767518446401.0,31925038386.0,342356661462.0,1109875107863.0,190.79,14.64,8.18,2025,사업보고서
458870,씨어스,KOSDAQ,보통주,21350.0,3.14,818700000000.0,38345.0,210526.0,4.83,19.37,52.78,16045578543.0,48170737719.0,14583952522.0,16327166470.0,39620897715.0,54204850237.0,-8871453219.0,8099754810.0,6684868195.0,-8681501062.0,21398870839.0,28083739034.0,-9916946238.0,1885010467.0,9038169063.0,-9803411085.0,8108486575.0,17146655638.0,36.81,33.89,40.5,2025,사업보고서
014620,성광벤드,KOSDAQ,보통주,30850.0,1.48,819300000000.0,26557.0,103199.0,34.9,22.26,6.45,34432123396.0,245669879092.0,40770818528.0,41955658561.0,549501000618.0,590271819146.0,41007522794.0,227683121973.0,44348506483.0,41988089482.0,518749675916.0,563098182399.0,39169123100.0,254692907041.0,45656936841.0,44833439099.0,505416038046.0,551072974887.0,7.42,17.08,6.27,2025,사업보고서
491000,리브스메드,KOSDAQ,보통주,34500.0,3.6,871300000000.0,25255.0,190982.0,3.54,-30.86,-20.75,-22873510223.0,51192098328.0,21063982255.0,-22642203092.0,180869068385.0,201933050640.0,-25584911174.0,27121459522.0,13654387059.0,-26504460225.0,39603600426.0,53257987485.0,-57020510191.0,17266859717.0,177526313719.0,-23911712105.0,-117130801915.0,60395511804.0,11.65,-44.23,-12.65,2025,사업보고서
065350,신성델타테크,KOSDAQ,보통주,30900.0,5.64,849300000000.0,27484.0,116625.0,3.43,28.91,9.51,24207033883.0,945363793218.0,575697986316.0,27689928290.0,356862272945.0,932560259261.0,7449970454.0,881982008853.0,456799590721.0,26466732671.0,317312385835.0,774111976556.0,20060610922.0,833704098779.0,384771077102.0,29867445100.0,307573599697.0,692344676799.0,161.32,2.93,6.78,2025,사업보고서
252990,샘씨엔에스,KOSDAQ,보통주,13660.0,4.75,822600000000.0,60218.0,509652.0,8.11,27.16,9.7,15062962124.0,77985021913.0,87198496115.0,14666259843.0,166531612176.0,253730108291.0,3318152499.0,53315552043.0,78179837873.0,5200613544.0,143987757154.0,222167595027.0,-1310363418.0,30934610500.0,89701559404.0,-2912391718.0,102064297631.0,191765857035.0,52.36,18.81,9.05,2025,사업보고서
083450,GST,KOSDAQ,보통주,43000.0,4.5,792500000000.0,18430.0,111774.0,22.49,14.24,16.15,45584238109.0,347158632861.0,81655482807.0,59172305188.0,304655503580.0,386310986387.0,45862225124.0,333445882315.0,66534901575.0,58572066097.0,268293551495.0,334828453070.0,36937263561.0,269792316792.0,46679663926.0,43013959492.0,233100798715.0,279780462641.0,26.8,17.04,14.96,2025,사업보고서
099320,쎄트렉아이,KOSDAQ,보통주,70700.0,4.9,774300000000.0,10951.0,42762.0,11.43,82.98,6.31,14085784411.0,206916796302.0,173998992301.0,10179660644.0,237002942111.0,411001934412.0,6249303506.0,171279451654.0,222962870782.0,-3072159411.0,224021721955.0,446984592737.0,41465966732.0,125433494958.0,95572165701.0,-4353750903.0,218255795490.0,313827961191.0,73.42,4.92,5.94,2025,사업보고서
031330,에스에이엠티,KOSDAQ,보통주,7970.0,3.24,797000000000.0,99995.0,273974.0,7.33,2.01,16.55,75829307017.0,3756594166603.0,890186836954.0,113901010756.0,486059285845.0,1376246122799.0,54362021237.0,2889473317092.0,402434225260.0,67370165204.0,430580095588.0,833014320848.0,32941534857.0,2145067678998.0,294596263083.0,53542641950.0,377309612714.0,671905875797.0,183.14,3.03,15.6,2025,사업보고서
041830,인바디,KOSDAQ,보통주,61100.0,2.52,823700000000.0,13481.0,48139.0,32.87,17.69,10.37,29987584385.0,233948308378.0,41272803270.0,36752659433.0,319788882815.0,361061686085.0,32707095037.0,204464835870.0,31911836600.0,36738754637.0,273904819027.0,305816655627.0,36560883655.0,170351229733.0,24621262147.0,38348312615.0,249834875848.0,274456137995.0,12.91,15.71,9.38,2025,사업보고서
213420,덕산네오룩스,KOSDAQ,보통주,32250.0,3.86,800800000000.0,24831.0,149818.0,10.4,11.23,12.5,53957306202.0,344309797191.0,243692718793.0,60742428308.0,470459612961.0,714152331754.0,45760807753.0,212252223722.0,53306384178.0,52471548274.0,399005359184.0,452311743362.0,35804054122.0,163702143267.0,51134113424.0,32919649532.0,353193379457.0,404327492881.0,51.8,17.64,11.47,2025,사업보고서
090710,휴림로봇,KOSDAQ,보통주,6270.0,3.47,749600000000.0,119559.0,1499992.0,7.63,-34.64,-13.42,-30079139806.0,168304789069.0,73446845891.0,-17322068508.0,203293937110.0,276740783001.0,-9391668256.0,133097920524.0,122545868366.0,-4938399556.0,212389564046.0,334935432412.0,681571531.0,82665225759.0,24669399372.0,-1862126821.0,92184780809.0,116854180181.0,36.13,-10.29,-14.8,2025,사업보고서
388720,유일로보틱스,KOSDAQ,보통주,65000.0,4.0,765800000000.0,11781.0,29943.0,15.65,-47.65,-26.71,-24670222541.0,,18517025245.0,-12620478623.0,89703743459.0,108220768704.0,-9052537864.0,,22383208789.0,395024451.0,95028248429.0,117411457218.0,-6556244567.0,,50928330318.0,-6437297893.0,34883623843.0,85811954161.0,20.64,,-27.5,2025,사업보고서
281740,레이크머티리얼즈,KOSDAQ,보통주,11060.0,0.55,727000000000.0,65731.0,275299.0,9.73,52.92,5.8,7803024872.0,141233860094.0,219992893743.0,13271105491.0,135845342443.0,355838236186.0,21020540344.0,138725778383.0,219962827446.0,22166082728.0,131371346090.0,351334173536.0,24368928333.0,117789811143.0,189134712477.0,29526390623.0,110734983780.0,299869696257.0,161.94,9.4,5.74,2025,사업보고서
417200,LS머트리얼즈,KOSDAQ,보통주,10960.0,3.89,741500000000.0,67653.0,250086.0,9.61,608.89,0.24,-1007100491.0,153582399002.0,68455959555.0,-141609582.0,206070486502.0,274526446057.0,5690646441.0,142075605799.0,45987464972.0,6197093266.0,207159606912.0,253147071884.0,12224407560.0,136884683735.0,63139076400.0,13568106930.0,203059842560.0,266198918960.0,33.22,-0.09,-0.49,2025,사업보고서
032190,다우데이타,KOSDAQ,보통주,20000.0,-1.72,766000000000.0,38300.0,50408.0,13.97,2.28,14.76,1199682970007.0,18051961355773.0,75926346613997.0,1599880586198.0,7711894424418.0,83638241038415.0,865904046216.0,12136122777332.0,51286171478053.0,1205869585426.0,6470930135849.0,57757101613902.0,442895796585.0,10334025110546.0,48223589793288.0,667942798550.0,5716273414165.0,53939863207453.0,984.54,8.86,15.56,2025,사업보고서
033100,제룡전기,KOSDAQ,보통주,44350.0,1.03,712400000000.0,16062.0,53756.0,5.12,12.96,26.93,58712438931.0,224017012923.0,27567533992.0,67027203234.0,239344479226.0,266912013218.0,79921256427.0,262736051492.0,45073334552.0,97845022385.0,196694449295.0,241767783847.0,56383814934.0,183941144839.0,33868881681.0,70151892797.0,124804397368.0,158673279049.0,11.52,29.92,24.53,2025,사업보고서
251970,펌텍코리아,KOSDAQ,보통주,55300.0,-3.83,685700000000.0,12400.0,159181.0,13.79,15.79,12.3,28888562442.0,371960508790.0,99975466611.0,56514634531.0,355332818092.0,455308284703.0,26244141844.0,337483151664.0,86947660467.0,48396996504.0,320629065568.0,407576726035.0,23748890806.0,284481252453.0,68424925714.0,35288650804.0,287664469566.0,356089395280.0,28.14,15.19,8.13,2025,사업보고서
115180,큐리언트,KOSDAQ,보통주,23050.0,17.3,865200000000.0,37534.0,658970.0,3.87,-22.23,-71.44,-31261963979.0,6982624830.0,22802737581.0,-29764167099.0,39191678309.0,61994415890.0,-24996940757.0,9179834444.0,5386510821.0,-27477790640.0,52684050748.0,58070561569.0,-22248991298.0,9031807070.0,2612112693.0,-23213207544.0,47148846791.0,49760959484.0,58.18,-426.26,-79.77,2025,사업보고서
090360,로보스타,KOSDAQ,보통주,76400.0,8.99,744900000000.0,9750.0,393971.0,3.77,1910.0,-5.82,-5200635442.0,75735139041.0,22332301386.0,-5660781243.0,86810119833.0,109142421219.0,2217180980.0,89140364461.0,20606274061.0,148546186.0,91989903584.0,112596177645.0,693544237.0,102679156147.0,25980999097.0,1135968686.0,89949938518.0,115930937615.0,25.73,-7.47,-5.99,2025,사업보고서
085660,차바이오텍,KOSDAQ,보통주,8090.0,2.15,752200000000.0,92973.0,148352.0,8.04,48.15,-37.19,-146708498314.0,1268253668584.0,1738326703550.0,-48774819348.0,809248618897.0,2547575322447.0,-11259855670.0,1045049021124.0,1475529477270.0,-59684136456.0,709231483450.0,2184760960720.0,-5559913651.0,953951423132.0,1069236413865.0,-9567468724.0,656333969528.0,1725570383393.0,214.81,-3.85,-18.13,2025,사업보고서
122870,와이지엔터테인먼트,KOSDAQ,보통주,41950.0,3.2,784100000000.0,18691.0,90470.0,10.64,23.15,7.41,53744637813.0,545404261988.0,187934244359.0,71341515441.0,650845160180.0,838779404539.0,20029618338.0,364948984163.0,131074491602.0,-20558087283.0,603250105509.0,734324597111.0,76984258248.0,569195078742.0,157044777911.0,86932081062.0,585158756834.0,742203534745.0,28.88,13.08,8.26,2025,사업보고서
093320,케이아이엔엑스,KOSDAQ,보통주,136600.0,0.59,666600000000.0,4880.0,9696.0,43.64,27.61,8.69,19578691417.0,159244052752.0,89889812514.0,23883189589.0,248000374613.0,337890187127.0,18338930422.0,138902594495.0,106825168123.0,23732260884.0,229967390062.0,336792558185.0,26942191935.0,122686237442.0,70088521881.0,26565751313.0,184718838111.0,254807359992.0,36.25,15.0,7.89,2025,사업보고서
225570,넥슨게임즈,KOSDAQ,보통주,11600.0,3.76,764000000000.0,65860.0,106248.0,3.3,-14.85,-21.79,-61819864786.0,179316825078.0,149606462707.0,-60239594834.0,254873786323.0,404480249030.0,31444036124.0,256071097561.0,174498507346.0,38733545039.0,312706441653.0,487204948999.0,11294417814.0,193272169533.0,104042716903.0,12013961586.0,262844332934.0,366887049837.0,58.7,-33.59,-24.26,2025,사업보고서
456160,지투지바이오,KOSDAQ,보통주,37950.0,5.71,631100000000.0,16629.0,74023.0,5.44,-35.7,39.5,-12087414362.0,423070926.0,9409614143.0,-12202308190.0,58339856494.0,67749470637.0,-83254627454.0,768930985.0,144884126198.0,-10763507974.0,-119539090270.0,25345035928.0,-10486315163.0,739823074.0,69842009535.0,-13144249117.0,-38292999743.0,31549009792.0,16.13,-2884.22,-20.72,2025,사업보고서
171090,선익시스템,KOSDAQ,보통주,67200.0,3.86,680600000000.0,10128.0,57747.0,1.59,50.41,101.48,96523950618.0,515761033577.0,221816313949.0,111525548096.0,143805770416.0,365622084365.0,-28070043302.0,112925047956.0,256476494776.0,7906583113.0,46420975111.0,302897469887.0,-9230697152.0,62412802428.0,63904609148.0,-4057386187.0,70872953417.0,134777562565.0,154.25,21.62,67.12,2025,사업보고서
035760,CJ ENM,KOSDAQ,보통주,33050.0,2.64,724800000000.0,21929.0,72353.0,11.29,-159.66,1.06,17013682266.0,5134511101925.0,5220924631396.0,132887741945.0,3445841457803.0,8666766089199.0,-580847429608.0,5231360073502.0,5638566211854.0,104478244497.0,3678070719057.0,9316636930911.0,-396774722680.0,4368360656512.0,5772095217523.0,-14600377588.0,4177764497896.0,9949859715419.0,151.51,2.59,0.49,2025,사업보고서
006730,서부T&D,KOSDAQ,보통주,11210.0,0.9,720500000000.0,64277.0,267576.0,16.18,7.43,7.68,116197439307.0,248329962530.0,1868202291719.0,70337173396.0,1386945844103.0,3255148135822.0,64654284400.0,180946752003.0,1653580260893.0,48050305863.0,1240878774961.0,2894459035854.0,147447527705.0,161925554249.0,1350736615587.0,37180117600.0,997222014300.0,2347958629887.0,134.7,28.32,8.38,2025,사업보고서
137400,피엔티,KOSDAQ,보통주,29450.0,0.86,697700000000.0,23691.0,62147.0,4.3,9.08,11.37,69517315337.0,744889433349.0,1019930494330.0,95648148084.0,698214719151.0,1718145213481.0,142235778910.0,1035042902706.0,995710766322.0,163957005644.0,624560599351.0,1620271365673.0,68474478926.0,545383016810.0,1136627277397.0,77918333697.0,464702755515.0,1601330032912.0,146.08,12.84,9.96,2025,사업보고서
388210,씨엠티엑스,KOSDAQ,보통주,74800.0,9.04,722200000000.0,9654.0,72325.0,7.42,15.9,-35.89,-21503509753.0,160555762764.0,93040375826.0,51781944189.0,182406699247.0,275447075073.0,13503664232.0,108665913336.0,218312543858.0,23639028765.0,-37955676268.0,180356867590.0,-47388993667.0,70196780896.0,218768992028.0,2875060944.0,-54201828092.0,164567163936.0,51.01,32.25,-11.79,2025,사업보고서
023160,태광,KOSDAQ,보통주,26150.0,1.36,676400000000.0,25867.0,127360.0,19.97,5.5,10.73,65514427414.0,296965688227.0,71198893994.0,38734846446.0,669616725985.0,740815619979.0,46120905147.0,266809991545.0,50851645509.0,39872964654.0,609487365059.0,660339010568.0,58128426139.0,312067468098.0,50903812971.0,57724095747.0,575391432513.0,626295245484.0,10.63,13.04,9.78,2025,사업보고서
074600,원익QnC,KOSDAQ,보통주,25750.0,1.98,676900000000.0,26288.0,115420.0,12.24,14.0,4.73,958070208.0,943641492868.0,975288095868.0,59610200277.0,570584353192.0,1545872449060.0,61519379435.0,891539336878.0,965379615586.0,90611957858.0,569309290545.0,1534688906131.0,50998911602.0,805948142955.0,866898414395.0,82983414760.0,509604639380.0,1376503053775.0,170.93,6.32,0.17,2025,사업보고서
328130,루닛,KOSDAQ,보통주,9000.0,5.14,670100000000.0,74458.0,246940.0,10.77,-10.42,-31.58,-47389679756.0,83129295404.0,232478796926.0,-83103910311.0,137432900269.0,369911697195.0,-82695495892.0,54179663335.0,270179666779.0,-67947200428.0,162734811828.0,432914478607.0,-36798251578.0,25080238712.0,32811193379.0,-42216718386.0,235109506784.0,267920700163.0,169.16,-99.97,-34.48,2025,사업보고서
189300,인텔리안테크,KOSDAQ,보통주,63100.0,3.95,677500000000.0,10737.0,48569.0,22.28,15.44,2.81,7463933868.0,319628351040.0,230186154091.0,11953671226.0,266272018404.0,496458172495.0,-3011577414.0,257769448883.0,176050780239.0,-19443692778.0,264642289439.0,440693069678.0,5532426372.0,305042847051.0,178656859354.0,10725550527.0,275032308474.0,453689167828.0,86.45,3.74,2.8,2025,사업보고서
041960,코미팜,KOSDAQ,보통주,9710.0,3.52,717400000000.0,73886.0,416777.0,4.11,-277.43,-10.94,-8027820338.0,52465294279.0,61858301745.0,1960455812.0,72057179197.0,133915480942.0,14690121292.0,58778549707.0,57229040325.0,6192933611.0,65537575536.0,122766615861.0,-5910605452.0,42647034864.0,58582669205.0,-6273087670.0,60015137874.0,118597807079.0,85.85,3.74,-11.14,2025,사업보고서
094170,동운아나텍,KOSDAQ,보통주,29350.0,2.62,613700000000.0,20910.0,74978.0,2.51,24.58,1.45,1021018891.0,127630547202.0,40706390440.0,2418553415.0,69220827676.0,109927218116.0,24737920890.0,138261288524.0,27504354991.0,17468001192.0,71278538029.0,98782893020.0,26235769898.0,111486613090.0,25705405428.0,25107570805.0,60711547241.0,86416952669.0,58.81,1.89,1.48,2025,사업보고서
476060,온코닉테라퓨틱스,KOSDAQ,보통주,16440.0,-3.92,746500000000.0,45408.0,475310.0,0.0,30.33,24.65,15783991467.0,,3667129689.0,12619100519.0,72039390284.0,75706519973.0,-8092612266.0,,4894565496.0,-4797790778.0,56018862985.0,60913428481.0,1682463191.0,,57237236918.0,2230939387.0,-19689660794.0,37547576124.0,5.09,,21.91,2025,사업보고서
053800,안랩,KOSDAQ,보통주,57700.0,1.41,642000000000.0,11127.0,9653.0,26.99,12.9,14.68,51495359406.0,267656916942.0,111306586418.0,33276653034.0,376267704694.0,487574291112.0,32395312129.0,260569413451.0,95894548248.0,27682476881.0,368769582836.0,464664131084.0,34702787067.0,239201057076.0,90668208851.0,26422531585.0,284716086934.0,375384295785.0,29.58,12.43,13.69,2025,사업보고서
253450,스튜디오드래곤,KOSDAQ,보통주,21650.0,2.12,650800000000.0,30058.0,45835.0,9.03,20.82,1.34,10319624051.0,530685384145.0,234222074125.0,30359009641.0,800250817230.0,1034472891355.0,33488155067.0,550080744350.0,185882470870.0,36393818100.0,739624004353.0,925506475223.0,30082921099.0,753145749935.0,384456010525.0,55871055692.0,707770023253.0,1092226033778.0,29.27,5.72,1.29,2025,사업보고서
044490,태웅,KOSDAQ,보통주,32400.0,-6.09,648200000000.0,20007.0,406964.0,4.58,63.91,0.89,5414510645.0,349653597289.0,200515152699.0,5022271541.0,609395715877.0,809910868576.0,24685628682.0,386324125935.0,208145383455.0,22816156423.0,604467136955.0,812612520410.0,34152304712.0,443760096450.0,230795291971.0,39527227608.0,512425919783.0,743221211754.0,32.9,1.44,0.89,2025,사업보고서
122640,예스티,KOSDAQ,보통주,27150.0,1.12,587800000000.0,21651.0,370604.0,4.99,92.98,-0.45,665677534.0,87055847267.0,90385500552.0,3792979984.0,136013819738.0,226399320290.0,11213793414.0,100095115191.0,78586090347.0,11262295552.0,125800496778.0,204386587125.0,-28720010401.0,79808251218.0,132180150057.0,-411044492.0,77420595585.0,209600745642.0,66.45,4.36,0.49,2025,사업보고서
466100,클로봇,KOSDAQ,보통주,24650.0,8.83,627600000000.0,25459.0,506243.0,4.55,-230.37,-3.58,-3456652444.0,41406081428.0,12597402013.0,-3180595266.0,60444194628.0,73041596641.0,-6418801555.0,33395079055.0,9543311601.0,-7490868842.0,59967623220.0,69510934821.0,-22447934383.0,24204059619.0,8475722329.0,-5764984704.0,26118892162.0,34594614491.0,20.84,-7.68,-5.72,2025,사업보고서
059090,미코,KOSDAQ,보통주,18060.0,3.2,603500000000.0,33417.0,89074.0,23.77,37.39,27.24,74949266372.0,977036793661.0,1575474068220.0,101004245476.0,689099900666.0,2264573968886.0,76514280786.0,540504643904.0,859828437142.0,94633945006.0,532847652534.0,1392676089676.0,-2036721583.0,381655137380.0,467811187649.0,29899274316.0,366083933670.0,833895121319.0,228.63,10.34,10.88,2025,사업보고서
161580,필옵틱스,KOSDAQ,보통주,25800.0,2.79,604800000000.0,23442.0,69718.0,1.74,-30.64,-14.67,-26429550668.0,103440867014.0,191827667186.0,-34892060535.0,191655444897.0,383483112083.0,28841292819.0,410893768511.0,183263878461.0,13796035047.0,199484190326.0,382748068787.0,-43359457048.0,300001066109.0,274054933670.0,10265296884.0,176856436271.0,450911369941.0,100.09,-33.73,-13.79,2025,사업보고서
060250,NHN KCP,KOSDAQ,보통주,15770.0,8.38,633300000000.0,40161.0,1155773.0,9.93,11.52,16.35,45777927208.0,1234882750705.0,359075667645.0,54687939493.0,300669127443.0,659744795088.0,45257223891.0,1105325511837.0,305102662686.0,43781831372.0,265170070668.0,570272733354.0,35215581398.0,972016222465.0,298383164800.0,41958924937.0,223624925187.0,522008089987.0,119.43,4.43,15.23,2025,사업보고서
102710,이엔에프테크놀로지,KOSDAQ,보통주,41950.0,2.19,599400000000.0,14288.0,41513.0,22.42,10.47,12.29,50306212220.0,670896289801.0,299203662183.0,78076791477.0,450096868246.0,749300530429.0,29728683765.0,582433714374.0,322156441586.0,59332428655.0,401394179462.0,723550621048.0,-23244757124.0,531103274601.0,292358799664.0,23874423231.0,366241945474.0,658600745138.0,66.48,11.64,11.18,2025,사업보고서
048410,현대바이오,KOSDAQ,보통주,6210.0,2.64,599300000000.0,96506.0,842134.0,7.41,-20.91,-29.47,-22128347687.0,3517369223.0,20012355416.0,-18160910580.0,110726343116.0,130738698532.0,-6929528506.0,15050025356.0,28266362503.0,833791636.0,39438422428.0,67704784931.0,-14499357710.0,9481384632.0,7520748749.0,-9785148630.0,45271012269.0,52791761018.0,18.07,-516.32,-19.98,2025,사업보고서
327260,RF머트리얼즈,KOSDAQ,보통주,34050.0,0.74,612500000000.0,17989.0,286123.0,10.97,49.21,15.05,10377085538.0,64084381231.0,41803605951.0,7370290585.0,86388933147.0,128192539098.0,-7582837040.0,44496976185.0,43684875796.0,-1452952139.0,69846676823.0,113531552619.0,714080665.0,47911985391.0,37100032893.0,-34626044.0,59913600633.0,97013633526.0,48.39,11.5,12.01,2025,사업보고서
222080,SFA넥셀,KOSDAQ,보통주,7550.0,0.13,587200000000.0,77780.0,265821.0,11.13,13.98,5.83,28731605551.0,407181174584.0,152513726612.0,33510401320.0,507689682230.0,660203408842.0,56177600698.0,508540762515.0,255080519088.0,59345580400.0,478739602530.0,733820121618.0,28623638657.0,310163525240.0,331406985177.0,38942742837.0,265622342112.0,597029327289.0,30.04,8.23,5.66,2025,사업보고서
032500,케이엠더블유,KOSDAQ,보통주,14650.0,3.39,618100000000.0,42192.0,106603.0,5.94,-22.33,-19.66,-27033047120.0,97518624961.0,115641615573.0,-23765618321.0,131423933329.0,247065548902.0,-38604140710.0,87357147199.0,125390345718.0,-45481033116.0,143650686108.0,269041031826.0,-65286675524.0,100068287667.0,101149421739.0,-62858228046.0,174865189826.0,276014611565.0,87.99,-24.37,-20.57,2025,사업보고서
121600,나노신소재,KOSDAQ,보통주,47000.0,0.11,576300000000.0,12262.0,23853.0,6.39,37.36,0.67,1634979902.0,111745369751.0,208035014251.0,4681087390.0,247341171951.0,455376186202.0,-1853023018.0,87767284001.0,198041577200.0,2987662289.0,244175095854.0,442216673054.0,16774215500.0,83170197743.0,190539608600.0,11892080207.0,239501924329.0,430041532929.0,84.11,4.19,0.66,2025,사업보고서
079940,가비아,KOSDAQ,보통주,42400.0,-2.3,569000000000.0,13421.0,40583.0,42.78,31.43,9.3,31119340648.0,335681176239.0,254049752146.0,40485754868.0,373609083580.0,627658835726.0,28592627980.0,282417869366.0,287789538999.0,35109842052.0,346711305202.0,634500844201.0,34640454389.0,261590696584.0,170914794592.0,42602627160.0,291751442268.0,462666236860.0,68.0,12.06,8.33,2025,사업보고서
052400,코나아이,KOSDAQ,보통주,37800.0,3.85,550500000000.0,14563.0,31417.0,4.12,5.74,32.62,74542589031.0,309163673263.0,301181795964.0,88899374736.0,257888596774.0,559070392738.0,30163266970.0,236308177383.0,215309421859.0,33414413652.0,197803274733.0,413112696592.0,28878226439.0,280222091498.0,288442575163.0,33683780235.0,173103926979.0,461546502142.0,116.79,28.75,28.9,2025,사업보고서
425420,티에프이,KOSDAQ,보통주,52700.0,3.94,650700000000.0,12347.0,156934.0,3.13,29.39,19.3,18106528316.0,111742413458.0,34443918066.0,19055611474.0,109192118924.0,143636036990.0,1452340936.0,73626688796.0,48324109833.0,4390721235.0,78424711474.0,126748821307.0,11110727809.0,80325243852.0,20207055893.0,9223518541.0,71231720445.0,91438776338.0,31.54,17.05,16.58,2025,사업보고서
295310,에이치브이엠,KOSDAQ,보통주,48450.0,15.22,595900000000.0,12299.0,197199.0,5.33,167.65,16.15,12611331800.0,66531544743.0,83162627343.0,5837442731.0,90113520125.0,173276147468.0,-8388199445.0,45140439641.0,53501818738.0,-6789016613.0,66111681371.0,119613500109.0,-6055727547.0,41457404690.0,54819516888.0,3728071521.0,30381276017.0,85200792905.0,92.29,8.77,13.99,2025,사업보고서
046890,서울반도체,KOSDAQ,보통주,9580.0,0.1,558600000000.0,58305.0,105657.0,14.76,-330.34,-7.95,-60006311172.0,1013523607401.0,476898463204.0,-31515946872.0,626361810865.0,1103260274069.0,-11425224640.0,1090485819261.0,572506615077.0,-10824867940.0,691544640267.0,1264051255344.0,-74472892087.0,1032380637430.0,531203052260.0,-49351836734.0,687873414180.0,1219076466440.0,76.14,-3.11,-9.58,2025,사업보고서
160190,하이젠알앤엠,KOSDAQ,보통주,19180.0,14.37,592400000000.0,30888.0,640107.0,2.07,-83.39,-8.13,-7101548368.0,73543971242.0,59593009434.0,-8908556551.0,106929208584.0,166522218018.0,-1092879556.0,75886180614.0,51811416248.0,-369253550.0,68373885015.0,120185301263.0,2646634321.0,77247394706.0,61488945431.0,4336496285.0,46031656837.0,107520602268.0,55.73,-12.11,-6.64,2025,사업보고서
033790,피노,KOSDAQ,보통주,10200.0,15.52,849900000000.0,83322.0,5901516.0,39.22,156.92,-7.58,-5852327699.0,264760884474.0,65401839213.0,8847177396.0,98275917816.0,163677757029.0,-2466286746.0,30676302081.0,60204326678.0,7608133.0,56072283756.0,116276610434.0,-1942923931.0,6967041262.0,2424233703.0,-2124130241.0,21540992762.0,23965226465.0,66.55,3.34,-5.95,2025,사업보고서
052020,에스티큐브,KOSDAQ,보통주,8050.0,-0.25,547300000000.0,67983.0,92097.0,5.68,-22.74,-26.2,-21799678281.0,6984004773.0,18111976406.0,-23472593414.0,72121558592.0,90233534998.0,-21436613481.0,11297657663.0,17628385814.0,-22615554990.0,94275894291.0,111904280105.0,-24499001254.0,5827090761.0,10649014880.0,-26040976824.0,35308187455.0,45957202335.0,25.11,-336.09,-30.23,2025,사업보고서
033500,동성화인텍,KOSDAQ,보통주,17160.0,0.76,514600000000.0,29989.0,78067.0,16.25,6.47,24.23,55883227093.0,742186008411.0,242665185023.0,72558706089.0,258895742264.0,501560927287.0,39342705119.0,597409682162.0,253014742958.0,53988814630.0,202436234793.0,455450977751.0,29773965672.0,533761699823.0,193295439859.0,39954477175.0,170984172522.0,364279612381.0,93.73,9.78,21.59,2025,사업보고서
053610,프로텍,KOSDAQ,보통주,60000.0,3.27,540000000000.0,9000.0,19679.0,6.79,7.33,14.59,35376620336.0,230542705719.0,88723394171.0,46306851990.0,354099701627.0,442823095798.0,12748104615.0,170289499168.0,53957967475.0,13443340756.0,322807636128.0,376765603603.0,17091144488.0,156071199156.0,47924003839.0,17432961864.0,314401685932.0,362325689771.0,25.06,20.09,9.99,2025,사업보고서
383310,에코프로에이치엔,KOSDAQ,보통주,22950.0,2.91,481400000000.0,20975.0,107838.0,8.14,30.6,4.4,13220969592.0,141057118027.0,154212411382.0,11709586777.0,304707967175.0,458920378557.0,21548434961.0,234500459609.0,170378555920.0,24226100708.0,296274226160.0,466652782080.0,33546467256.0,228946023204.0,115243728912.0,41780811675.0,110568912138.0,225812641050.0,50.61,8.3,4.34,2025,사업보고서
041190,우리기술투자,KOSDAQ,보통주,6220.0,8.93,522500000000.0,84000.0,14716575.0,0.21,4.75,15.33,110544592503.0,162866987251.0,164512097454.0,138075969770.0,776446471366.0,940958568820.0,147737745200.0,192251177787.0,137589761898.0,175683516935.0,666204353780.0,803794115678.0,121984148418.0,170741464684.0,110298372917.0,153930017615.0,521127678370.0,631426051287.0,21.19,84.78,14.24,2025,사업보고서
009520,포스코엠텍,KOSDAQ,보통주,12650.0,1.2,526800000000.0,41643.0,168658.0,6.96,33.47,1.25,1411497670.0,357432185147.0,40949513215.0,1034456160.0,114252106916.0,155201620131.0,567503575.0,346628290419.0,37944730555.0,1422749362.0,111813133703.0,149757864258.0,4868317716.0,341410235234.0,39170373630.0,4487629441.0,115756950789.0,154927324419.0,35.84,0.29,1.24,2025,사업보고서
050890,쏠리드,KOSDAQ,보통주,8520.0,1.91,517600000000.0,60757.0,280521.0,17.66,9.51,10.8,36443177245.0,294830329228.0,183334094895.0,33282673656.0,353338614123.0,536672709018.0,46231742841.0,331067887419.0,173963839514.0,35139812698.0,322835242958.0,496799082472.0,40881471295.0,321364602371.0,184221247469.0,36268131817.0,273027046409.0,457248293878.0,51.89,11.29,10.31,2025,사업보고서
033640,네패스,KOSDAQ,보통주,21550.0,0.0,496900000000.0,23059.0,187610.0,10.98,40.74,14.19,20158821632.0,521439287008.0,450773427582.0,23761125843.0,245425030775.0,696198458357.0,-79400160862.0,464331506206.0,502876077951.0,3401796348.0,207236457987.0,710112535938.0,-109458165882.0,468982672122.0,679952137538.0,10069328909.0,283166320172.0,963118457710.0,183.67,4.56,8.21,2025,사업보고서
019210,와이지-원,KOSDAQ,보통주,14260.0,5.71,530400000000.0,37194.0,577026.0,21.83,7.08,6.14,25329083247.0,639382631795.0,741977423096.0,66528357756.0,434463938542.0,1176441361638.0,16982356919.0,574990223686.0,672592952023.0,55815895657.0,403584111785.0,1076177063808.0,24353077644.0,553181695854.0,606795336232.0,54685648371.0,355727701783.0,962523038015.0,170.78,10.41,5.83,2025,사업보고서
211050,인카금융서비스,KOSDAQ,보통주,10650.0,-4.14,524700000000.0,49264.0,104703.0,2.7,6.45,39.66,70953247000.0,1021768500000.0,786972462000.0,94843958000.0,214409548000.0,1001382010000.0,62026401000.0,832258694000.0,560171071000.0,86266641000.0,147260448000.0,707431519000.0,29509282000.0,556822367000.0,400579930000.0,46576296000.0,96749184000.0,497329114000.0,367.04,9.28,33.09,2025,사업보고서
036810,에프에스티,KOSDAQ,보통주,25550.0,0.0,553200000000.0,21650.0,81922.0,7.43,-122.25,-5.05,-14329719293.0,280262733555.0,297754762082.0,-546526969.0,242315300541.0,540070062623.0,-1637674189.0,237408450542.0,262008001057.0,2287271800.0,244135781322.0,506143782379.0,-18103402115.0,197608619262.0,169060375099.0,-10782402895.0,239774504268.0,408834879367.0,122.88,-0.2,-5.91,2025,사업보고서
278280,천보,KOSDAQ,보통주,39700.0,-0.38,486400000000.0,12253.0,31712.0,4.25,-6.85,-14.64,-60014543541.0,133849589627.0,382156012250.0,3710962944.0,467388735135.0,849544747385.0,-32319407781.0,144912632914.0,592946027624.0,-22751764756.0,414905026173.0,1007851053797.0,-45466112224.0,182697745919.0,583161645145.0,-8044807665.0,350528760483.0,933690405628.0,81.76,2.77,-12.84,2025,사업보고서
399720,가온칩스,KOSDAQ,보통주,42100.0,4.47,499300000000.0,11859.0,36638.0,0.01,-89.77,-23.17,-14369143365.0,68510181008.0,104622741139.0,-16721496228.0,54688158517.0,159310899656.0,7530549168.0,96492001688.0,43353386403.0,3524912928.0,69355020044.0,112708406447.0,6344445918.0,63597349804.0,32590129089.0,4351646460.0,62019549707.0,94609678796.0,191.31,-24.41,-26.27,2025,사업보고서
045100,한양이엔지,KOSDAQ,보통주,29850.0,2.23,522400000000.0,17500.0,51097.0,19.5,8.34,6.81,41679060151.0,1118180793899.0,299469075325.0,53710576617.0,624227340914.0,923696416239.0,76409397699.0,1186292543978.0,306700290181.0,86192413135.0,602035331795.0,908735621976.0,77392350866.0,1026166723740.0,294401205985.0,85109617536.0,533280349987.0,827681555972.0,47.97,4.8,6.68,2025,사업보고서
490470,세미파이브,KOSDAQ,보통주,14490.0,2.4,493000000000.0,34025.0,176175.0,5.64,-11.59,-31.2,-56220209448.0,120952056617.0,88766478846.0,-53394038561.0,220517419031.0,309283897877.0,-290897054615.0,111813068704.0,69313211021.0,-22926802833.0,139896605903.0,209209816924.0,-86179368500.0,71313180374.0,447581456459.0,-31911799241.0,-254278984058.0,193302472401.0,40.25,-44.14,-25.49,2025,사업보고서
358570,지아이이노베이션,KOSDAQ,보통주,8090.0,6.17,521900000000.0,64516.0,335925.0,8.31,-13.2,-48.28,-35134798183.0,,10962455124.0,-40654989301.0,116493928388.0,127456383512.0,-58784457014.0,,16720612761.0,-48259851257.0,29050834656.0,45771447417.0,-55495299098.0,,9636200844.0,-53304560672.0,71704011142.0,81340211986.0,9.41,,-30.16,2025,사업보고서
099190,아이센스,KOSDAQ,보통주,16470.0,0.0,473600000000.0,28757.0,39697.0,25.34,-168.06,-1.61,-6690635026.0,315444741611.0,239341941926.0,7886581393.0,338321041461.0,577662983387.0,-1952791476.0,291137903797.0,247886717849.0,2657678239.0,342981416266.0,590868134115.0,3404496867.0,265120260375.0,195321340414.0,10929438236.0,303494921735.0,498816262149.0,70.74,2.5,-1.98,2025,사업보고서
174900,앱클론,KOSDAQ,보통주,21600.0,5.88,431000000000.0,19952.0,162607.0,7.68,-25.06,-39.86,-17906959742.0,4714084167.0,10307786495.0,-17635733976.0,60438725297.0,70746511792.0,-16301551979.0,2339823669.0,18776896323.0,-15588944512.0,29405991612.0,48182887935.0,-12904282435.0,2877031419.0,18208365620.0,-11644913069.0,27227307543.0,45435673163.0,17.05,-374.11,-29.63,2025,사업보고서
086900,메디톡스,KOSDAQ,보통주,69600.0,0.43,508000000000.0,7298.0,27716.0,14.74,35.17,3.61,15658989552.0,247290289368.0,127471065752.0,17004372389.0,454285916603.0,581756982355.0,16073771679.0,228621968787.0,144377992978.0,20348722593.0,470784825686.0,615162818664.0,9689821433.0,221120682597.0,137140514991.0,17322328805.0,474482206410.0,611622721401.0,28.06,6.88,3.45,2025,사업보고서
025980,아난티,KOSDAQ,보통주,5710.0,5.74,555600000000.0,97301.0,6767341.0,4.39,-18.24,-5.62,-38044863875.0,258070776397.0,883997512403.0,8316490610.0,726361921905.0,1610359434308.0,-32369258163.0,285159195284.0,911040886185.0,800283769.0,711361342600.0,1622402228785.0,210408476713.0,897296641579.0,841067756663.0,267047733935.0,703837793368.0,1544905550031.0,121.7,3.22,-5.24,2025,사업보고서
112040,위메이드,KOSDAQ,보통주,15120.0,4.2,513300000000.0,33948.0,126410.0,7.21,7.97,-4.45,-27040443605.0,614039504365.0,932994067295.0,10678082423.0,812655850470.0,1745649917765.0,181624881770.0,711871164004.0,1043785464054.0,7062218897.0,831897265007.0,1875682729061.0,-206682445625.0,605252428314.0,1016961075732.0,-110440776864.0,400778285482.0,1417739361214.0,114.81,1.74,-3.33,2025,사업보고서
397030,에이프릴바이오,KOSDAQ,보통주,17800.0,6.14,490500000000.0,27559.0,208197.0,10.25,-45.64,-10.39,-9728011089.0,,803765530.0,-7263930208.0,96316078884.0,97119844414.0,20005162287.0,,8610820851.0,16869084717.0,90987762157.0,99598583008.0,-14129556273.0,,21954286774.0,-13387937231.0,57747482129.0,79701768903.0,0.83,,-10.1,2025,사업보고서
082270,젬백스,KOSDAQ,보통주,10560.0,1.83,467500000000.0,44269.0,76974.0,7.21,-37.18,-26.29,-11336638395.0,81530820294.0,101645843703.0,3792531724.0,62356551112.0,158874710036.0,-87218733402.0,62691712030.0,121740371913.0,-38336839563.0,39950336902.0,150746205875.0,-27176637525.0,72208573285.0,27134775003.0,-7868210684.0,115985719360.0,135153431377.0,163.01,4.65,-18.18,2025,사업보고서
340570,티앤엘,KOSDAQ,보통주,29650.0,1.19,476500000000.0,16070.0,44525.0,13.29,9.38,20.44,38074883027.0,164157781834.0,15917238922.0,46350773186.0,201160254767.0,217077493689.0,46407511867.0,174891676241.0,25638971666.0,56957338526.0,171436202690.0,197075174356.0,27438682343.0,115461318940.0,12554887185.0,30839185026.0,129553114080.0,142108001265.0,7.91,28.24,18.93,2025,사업보고서
037460,삼지전자,KOSDAQ,보통주,30000.0,0.0,489600000000.0,16319.0,72724.0,5.65,2.02,16.89,118349095866.0,4291096557599.0,1080905845802.0,162447915281.0,744671855207.0,1825577701009.0,94101246232.0,3359681220937.0,561651096262.0,115613198250.0,640230666587.0,1201881762849.0,51262488157.0,2526207927918.0,468966213537.0,78343445249.0,546576467385.0,1015542680922.0,145.15,3.79,15.89,2025,사업보고서
101160,월덱스,KOSDAQ,보통주,29500.0,1.9,487100000000.0,16511.0,31016.0,20.3,6.42,12.53,40972466221.0,291764969976.0,83071411079.0,58544362713.0,346601351865.0,429672762944.0,65036530638.0,306791365556.0,84308931196.0,70304948252.0,307487406239.0,391796337435.0,53849755426.0,288087193001.0,74191632356.0,64828878115.0,239510376143.0,313702008499.0,23.97,20.07,11.82,2025,사업보고서
376900,로킷헬스케어,KOSDAQ,보통주,25400.0,0.4,442200000000.0,17409.0,107182.0,5.48,-31.83,8.69,-2804744123.0,26247011691.0,43474587024.0,452884781.0,11554105326.0,55028692350.0,-7689957765.0,13111237720.0,88447558808.0,-5572021185.0,-77118754123.0,11328804685.0,16626871873.0,12417565750.0,86936522599.0,-7377752929.0,-78458254859.0,8478267740.0,376.27,1.73,-24.27,2025,사업보고서
460930,현대힘스,KOSDAQ,보통주,13260.0,0.84,470900000000.0,35511.0,101841.0,0.99,18.89,8.8,21398257973.0,248203831277.0,80458590999.0,28763604615.0,252899032674.0,333357623673.0,16558474508.0,223163801400.0,92994274998.0,21548671011.0,233537693533.0,326531968531.0,10117377616.0,189188021565.0,73648230286.0,14463678384.0,176835518445.0,250483748731.0,31.81,11.59,8.46,2025,사업보고서
015750,성우하이텍,KOSDAQ,보통주,5970.0,2.58,477600000000.0,80000.0,172640.0,6.52,2.73,10.52,177848204213.0,4382670411366.0,2793950166991.0,242683147425.0,2073091920916.0,4867042087907.0,135061912598.0,4245092707610.0,2721044802192.0,205882638168.0,1842065789472.0,4563110591664.0,175705270904.0,4321987308635.0,2390828928961.0,256728659148.0,1644843200394.0,4035672129355.0,134.77,5.54,8.58,2025,사업보고서
365340,성일하이텍,KOSDAQ,보통주,37200.0,0.81,480700000000.0,12921.0,22527.0,3.06,-10.9,-46.96,-80546204052.0,194629131476.0,566570976556.0,-54533608529.0,154134331511.0,720705308067.0,-112494302423.0,136215012576.0,454689099260.0,-71393158346.0,224810634527.0,679499733787.0,25234062513.0,247367786854.0,250938123919.0,-8338433228.0,324130293226.0,575068417145.0,367.58,-28.02,-52.26,2025,사업보고서
253590,네오셈,KOSDAQ,보통주,11290.0,1.35,495300000000.0,43869.0,350707.0,0.0,30.43,4.55,5342193959.0,63936752061.0,35852715793.0,4055388266.0,119203555288.0,155056271081.0,19215187089.0,105237088617.0,26009826668.0,16466717035.0,115895048429.0,141904875097.0,8281863319.0,100931226581.0,19633622819.0,8086678336.0,86808779775.0,106442402594.0,30.08,6.34,4.48,2025,사업보고서
035890,서희건설,KOSDAQ,보통주,2325.0,2.65,482600000000.0,207589.0,187920.0,3.93,2.19,11.84,120601252773.0,1100130344137.0,538200951859.0,144388838105.0,1085732219460.0,1623933171319.0,159284478910.0,1473606222319.0,566802380650.0,235743001764.0,973788086702.0,1540590467352.0,126686472990.0,1441907750436.0,695168687177.0,228215359127.0,843672006788.0,1538840693965.0,49.57,13.12,11.11,2025,사업보고서
018290,브이티,KOSDAQ,보통주,12410.0,0.89,433600000000.0,34942.0,161099.0,7.03,11.16,25.66,64205441522.0,437183656431.0,100244638736.0,82869214759.0,253256712469.0,353501351205.0,103998705371.0,431696809961.0,118903508491.0,110898660064.0,240702601527.0,359606110018.0,31690464312.0,295501383553.0,109308015301.0,45546613453.0,147316710889.0,256624726190.0,39.58,18.96,25.35,2025,사업보고서
034950,한국기업평가,KOSDAQ,보통주,103900.0,-0.86,471800000000.0,4541.0,961.0,80.85,18.59,20.08,29379523682.0,109781324514.0,41484398226.0,34339555609.0,146019077956.0,187503476182.0,28595822551.0,104057473143.0,40541832943.0,32680454148.0,134783166184.0,175324999127.0,24171464057.0,95594059688.0,34096377339.0,25839533932.0,121002458789.0,155098836128.0,28.41,31.28,20.12,2025,사업보고서
024850,HLB이노베이션,KOSDAQ,보통주,16660.0,4.91,529000000000.0,31754.0,313669.0,0.0,-15.23,-14.64,-33653431304.0,32263951723.0,47429788100.0,-37551092502.0,221320256952.0,268750045052.0,-12369787694.0,25355832330.0,16028155146.0,-11882543282.0,251982911446.0,268011066592.0,-755407667.0,20581331304.0,35133745815.0,-937587555.0,57062108450.0,92195854265.0,21.43,-116.39,-15.21,2025,사업보고서
348370,엔켐,KOSDAQ,보통주,20700.0,2.73,453600000000.0,21911.0,146702.0,2.76,-3.04,-14.37,-70567058674.0,312794042228.0,626524126732.0,-78386657935.0,481025051729.0,1107549178461.0,-558294328262.0,365708579550.0,675004911778.0,-50403019697.0,484842224968.0,1159847136746.0,-49229039100.0,424691399327.0,596798952591.0,5120718637.0,290080340181.0,886879292772.0,130.25,-25.06,-14.67,2025,사업보고서
056080,유진로봇,KOSDAQ,보통주,11890.0,7.7,454600000000.0,38235.0,646683.0,20.34,-52.38,-21.68,-6983789859.0,28189374133.0,25071879936.0,-5033460702.0,28718220360.0,53790100296.0,-3191416402.0,24207874021.0,19023980404.0,-2666581077.0,35703756043.0,54727736447.0,-5176352500.0,19270797682.0,19954805760.0,-5341233557.0,38895172445.0,58849978205.0,87.3,-17.86,-24.32,2025,사업보고서
126340,비나텍,KOSDAQ,보통주,59400.0,4.76,426500000000.0,7180.0,40140.0,11.84,-10.05,-7.14,-6997340810.0,82228905359.0,124027614614.0,1773717709.0,78228674176.0,202256288790.0,-9667529378.0,59591709951.0,92202600811.0,-8067980363.0,83923633993.0,176126234804.0,1976945237.0,54964094324.0,65748908554.0,3036206471.0,64263635695.0,130012544249.0,158.54,2.16,-8.94,2025,사업보고서
067160,SOOP,KOSDAQ,보통주,38050.0,0.93,437400000000.0,11495.0,21242.0,28.23,4.99,24.08,103744269375.0,466570266082.0,381621684798.0,124840445238.0,503173580919.0,884795265717.0,102423309023.0,413178446964.0,333300172487.0,113506476450.0,382424625846.0,715724798333.0,74623795681.0,344016008889.0,284722352753.0,90309374651.0,293346003262.0,578068356015.0,75.84,26.76,20.62,2025,사업보고서
336570,원텍,KOSDAQ,보통주,4905.0,0.93,437900000000.0,89281.0,203771.0,3.25,11.02,24.79,35220975207.0,156838102870.0,59870633027.0,51685459840.0,157375878761.0,217246511788.0,29113410144.0,115254599426.0,51106916759.0,34789598806.0,126797086244.0,177904003003.0,38833153900.0,115628803094.0,53992834178.0,46037112504.0,99279475767.0,153272309945.0,38.04,32.95,22.38,2025,사업보고서
376300,디어유,KOSDAQ,보통주,18060.0,1.4,428700000000.0,23738.0,44919.0,3.33,11.8,9.18,18630172425.0,83834878201.0,33143996473.0,31391662643.0,209891312346.0,243035308819.0,24388267514.0,74863520691.0,24295640384.0,25413420152.0,196030992294.0,220326632678.0,26189623258.0,75691871495.0,21099366603.0,28625832888.0,169513453417.0,190612820020.0,15.79,37.44,8.88,2025,사업보고서
077360,덕산하이메탈,KOSDAQ,보통주,10060.0,3.71,457100000000.0,45437.0,784764.0,5.32,-5.19,-40.79,-115704594175.0,236404536110.0,320200030370.0,2813023041.0,338764237393.0,658964267763.0,31295304204.0,235891931037.0,363635740337.0,18638671330.0,454851689708.0,818487430045.0,3326072521.0,144452975904.0,329490552159.0,-10965930533.0,421589234571.0,751079786730.0,94.52,1.19,-34.15,2025,사업보고서
348340,뉴로메카,KOSDAQ,보통주,17240.0,7.75,403600000000.0,23408.0,532441.0,4.74,-8.51,-177.53,-21991151206.0,18954203205.0,77480914810.0,-14856577614.0,13894569938.0,91375484748.0,-16754713008.0,25269404825.0,84360388822.0,-19015005988.0,10869158059.0,95229546881.0,-17653500201.0,13742971105.0,71664638731.0,-14825326473.0,24056338423.0,95720977154.0,557.63,-78.38,-158.27,2025,사업보고서
030520,한컴,KOSDAQ,보통주,17410.0,0.99,421000000000.0,24180.0,68225.0,5.36,10.71,9.61,24577732451.0,326744735334.0,232045987045.0,36397225985.0,496500543690.0,728546530735.0,13996109787.0,304773304445.0,196273107269.0,40422695177.0,485666272174.0,681939379443.0,-27497127633.0,271099772341.0,161199361669.0,34150052679.0,470580017996.0,631779379665.0,46.74,11.14,4.95,2025,사업보고서
214430,아이쓰리시스템,KOSDAQ,보통주,59800.0,5.47,437000000000.0,7307.0,17673.0,4.48,25.07,15.31,18783320910.0,124275749815.0,49818954626.0,16458043794.0,139728568887.0,189547523513.0,14967379485.0,120701833274.0,41145093016.0,14759928402.0,105685894097.0,146830987113.0,12561262924.0,121539205459.0,41384291387.0,12204489179.0,89807641749.0,131191933136.0,35.65,13.24,13.44,2025,사업보고서
477850,마키나락스,KOSDAQ,보통주,23300.0,1.53,413700000000.0,17755.0,396720.0,0.0,-24.68,-160.84,,,,,,,,,,,,,,,,,,,,,,2025,사업보고서
078340,컴투스,KOSDAQ,보통주,32400.0,-0.77,391800000000.0,12091.0,148025.0,9.55,32.66,3.72,9363716654.0,696423825349.0,546524438711.0,2633918673.0,1069099711705.0,1615624150416.0,-151979459619.0,693943029291.0,596108993286.0,6128463563.0,1049873729353.0,1645982722639.0,42091849090.0,739638721494.0,479246437694.0,-33190425674.0,1236766084088.0,1716012521782.0,51.12,0.38,0.88,2025,사업보고서
080580,오킨스전자,KOSDAQ,보통주,19340.0,0.36,407900000000.0,21091.0,86528.0,7.46,23.59,19.93,7790482450.0,94373992165.0,45030200073.0,11086424250.0,50726881738.0,95757081811.0,-5407895241.0,66679677491.0,59530210394.0,1904476100.0,27593929728.0,87124140122.0,1003023332.0,56850074934.0,55536544019.0,-262688557.0,35913869039.0,91450413058.0,88.77,11.75,15.36,2025,사업보고서
092190,서울바이오시스,KOSDAQ,보통주,7780.0,2.37,356900000000.0,45868.0,136642.0,2.61,21.2,-26.46,-13622448242.0,763809147116.0,547889526226.0,225831786.0,169883679260.0,717773205486.0,18090606055.0,699232725004.0,661884283938.0,3487592223.0,133929571681.0,795813855619.0,-101695477014.0,503960846284.0,640478073512.0,-72949875244.0,92945671478.0,733423744990.0,322.51,0.03,-8.02,2025,사업보고서
144960,뉴파워프라즈마,KOSDAQ,보통주,8760.0,2.46,382700000000.0,43693.0,533179.0,8.02,10.72,3.1,7603885204.0,577990393724.0,560644149281.0,28669170685.0,430472802193.0,991116951474.0,22288000030.0,519836396500.0,562213510657.0,26128372234.0,379609987265.0,941823497922.0,16264716420.0,350666770950.0,396425001392.0,16088546345.0,277200025906.0,673625027298.0,130.24,4.96,1.77,2025,사업보고서
064290,인텍플러스,KOSDAQ,보통주,40150.0,16.72,520200000000.0,12958.0,685940.0,0.27,-74.91,-7.24,-3318912698.0,89765092570.0,72861563834.0,-3734628764.0,45953303028.0,118814866862.0,-11868660825.0,83873419602.0,78563621105.0,-15587344842.0,45505737211.0,124069358316.0,-10791254820.0,74802246295.0,76010927801.0,-11091735610.0,55872580309.0,131883508110.0,158.56,-4.16,-7.22,2025,사업보고서
064260,다날,KOSDAQ,보통주,5200.0,6.01,393400000000.0,75645.0,3682461.0,3.6,-7.61,-21.22,-68364452157.0,225377154221.0,434377136837.0,2312158591.0,307585989379.0,741963126216.0,2924897911.0,260936633962.0,435582092118.0,1393329346.0,310010645938.0,745592738056.0,-40614620289.0,295468234107.0,474318769770.0,3497746253.0,295492703966.0,769811473736.0,141.22,1.03,-22.23,2025,사업보고서
272290,이녹스첨단소재,KOSDAQ,보통주,20450.0,0.74,407700000000.0,19938.0,69659.0,9.73,6.79,13.55,55945968405.0,439633940622.0,565626274561.0,81921389355.0,522325372644.0,1087951647205.0,70056709988.0,422809289354.0,357438889387.0,86804439404.0,468531612904.0,825970502291.0,32773848117.0,387002612208.0,165813982289.0,42162013389.0,406003672372.0,571817654661.0,108.29,18.63,10.71,2025,사업보고서
204620,글로벌텍스프리,KOSDAQ,보통주,5390.0,0.37,378800000000.0,70283.0,472709.0,19.39,10.31,27.81,35450404143.0,154056520360.0,44203217716.0,28985101394.0,139865918165.0,184069135881.0,6250343641.0,108359046176.0,46165978691.0,21584089077.0,128371067905.0,174537046596.0,-7994237019.0,81675692376.0,58336854863.0,9812485992.0,108595058656.0,166931913519.0,31.6,18.81,25.35,2025,사업보고서
104830,원익머트리얼즈,KOSDAQ,보통주,32000.0,3.06,403500000000.0,12608.0,40426.0,17.06,7.44,9.68,48701056719.0,322467412745.0,112293524936.0,56497808201.0,525483568866.0,637777093802.0,31806973762.0,310715204992.0,102129933194.0,51919490369.0,481165744039.0,583295677233.0,13844926017.0,391674584740.0,49969021497.0,24689972889.0,448262198627.0,498231220124.0,21.37,17.52,9.27,2025,사업보고서
042000,카페24,KOSDAQ,보통주,16120.0,1.96,389800000000.0,24178.0,29105.0,18.7,10.89,16.23,39063119745.0,314764225560.0,149683741869.0,40226994367.0,265915892693.0,415599634562.0,23493528650.0,302477209591.0,126717179463.0,31943719953.0,215572807759.0,342289987222.0,1983311308.0,271082606009.0,147254353122.0,1537131441.0,174580990707.0,321835343829.0,56.29,12.78,14.69,2025,사업보고서
027360,아주IB투자,KOSDAQ,보통주,3185.0,5.29,385800000000.0,121145.0,1494971.0,8.31,27.94,3.15,8318264516.0,,71435587125.0,11886131746.0,266869482953.0,338305070078.0,8318602631.0,,80584740272.0,8385493188.0,261129182967.0,341713923239.0,16601630818.0,,96109647468.0,17729078861.0,258504751513.0,354614398981.0,26.77,,3.12,2025,사업보고서
439960,코스모로보틱스,KOSDAQ,보통주,12650.0,3.27,410500000000.0,32451.0,1443695.0,0.0,-28.11,-659.24,,,,,,,,,,,,,,,,,,,,,,2025,사업보고서
092730,네오팜,KOSDAQ,보통주,22950.0,-0.86,367800000000.0,16028.0,81543.0,27.65,12.0,14.95,27822878316.0,132184096288.0,22454309758.0,28774569366.0,195356456479.0,217810766237.0,23064751602.0,119013743695.0,15555446511.0,24653414365.0,176884836527.0,192440283038.0,23212796117.0,97104890499.0,17432565201.0,25307304739.0,160025953685.0,177458518886.0,11.49,21.77,14.24,2025,사업보고서
475960,토모큐브,KOSDAQ,보통주,28100.0,3.12,378700000000.0,13476.0,33765.0,1.39,-152.72,-11.91,-4810012373.0,11306726320.0,2717675803.0,-5568879088.0,38794436831.0,41512112634.0,-8302382992.0,5938649975.0,1620396778.0,-8779777619.0,41990145475.0,43610542253.0,-23550198484.0,3747265433.0,2066981815.0,-6733121851.0,17707733106.0,19774714921.0,7.01,-49.25,-12.4,2025,사업보고서
486990,노타,KOSDAQ,보통주,18040.0,4.82,385900000000.0,21392.0,155293.0,0.43,-21.2,77.24,-16629628581.0,13100933426.0,14828335681.0,-15279286074.0,27455221253.0,42283556934.0,-24851597302.0,8437471458.0,97936479936.0,-12019173242.0,-70516655080.0,27419824856.0,-13135406886.0,3580758679.0,54470836527.0,-11324345995.0,-48096566919.0,6374269608.0,54.01,-116.63,-60.57,2025,사업보고서
095660,네오위즈,KOSDAQ,보통주,17910.0,2.05,387500000000.0,21636.0,37217.0,21.37,6.15,9.81,45068449570.0,432726157539.0,123529621721.0,59980135346.0,555813321731.0,679342943452.0,-6953946967.0,366812592730.0,101061621627.0,32919979176.0,518936747128.0,619998368755.0,46423501000.0,365593726744.0,143808323008.0,31593317823.0,527620335596.0,671428658604.0,22.23,13.86,8.11,2025,사업보고서
078130,국일제지,KOSDAQ,보통주,3530.0,-0.28,398000000000.0,112741.0,51799.0,0.0,-88.25,-1.53,-1856726767.0,67784821286.0,13974548769.0,-495084519.0,119874676896.0,133849225665.0,-13011937220.0,56365160891.0,19437928479.0,-1288922457.0,122979078839.0,142417007318.0,-21279286741.0,53135778290.0,87075753737.0,-1607027274.0,137741720002.0,224817473739.0,11.66,-0.73,-1.55,2025,사업보고서
013030,하이록코리아,KOSDAQ,보통주,34200.0,0.88,402500000000.0,11768.0,22874.0,29.3,7.07,11.35,50772133463.0,214565849545.0,38944240630.0,58910839555.0,459147959112.0,498092199742.0,48023897853.0,190512316067.0,36716960000.0,50130706673.0,435963251846.0,472680211846.0,47730254865.0,188839137919.0,36295857497.0,51891524969.0,406859458763.0,443155316260.0,8.48,27.46,11.06,2025,사업보고서
468530,프로티나,KOSDAQ,보통주,30750.0,0.0,341500000000.0,11105.0,55912.0,2.22,-27.75,-40.84,-9011931696.0,2950918349.0,3380187893.0,-11367962763.0,28374351669.0,31754539562.0,-5734135054.0,2300721436.0,2212849005.0,-9121213180.0,15758520894.0,17971369899.0,-22786056910.0,578133755.0,76503583392.0,-7255966401.0,-52493716186.0,24009867206.0,11.91,-385.23,-31.76,2025,사업보고서
219130,타이거일렉,KOSDAQ,보통주,60400.0,0.33,381400000000.0,6314.0,34320.0,5.76,35.68,9.48,5271825225.0,80678580109.0,31998999193.0,7219453124.0,58255502349.0,90254501542.0,274948716.0,61822374891.0,24147984217.0,-1917120511.0,52961621182.0,77109605399.0,-2557794000.0,48569682585.0,18348159679.0,-3076374667.0,52802721212.0,71150880891.0,54.93,8.95,9.05,2025,사업보고서
236200,슈프리마,KOSDAQ,보통주,52000.0,-1.89,362700000000.0,6974.0,22895.0,29.31,7.09,12.75,32376990226.0,137302003098.0,28789743919.0,32744704137.0,271121494696.0,299911238615.0,32487210763.0,108231735860.0,23471533042.0,23285437816.0,236656973706.0,260128506748.0,22954571032.0,94630270174.0,14326057392.0,16661341796.0,204104614492.0,218430671884.0,10.62,23.85,11.94,2025,사업보고서
089890,코세스,KOSDAQ,보통주,22200.0,4.72,368200000000.0,16585.0,55268.0,1.59,23.59,19.58,13203597556.0,82379163292.0,18245264339.0,17391515095.0,74018748779.0,92264013118.0,-197223585.0,69184238320.0,25105904552.0,-5608802365.0,60834124454.0,85940029006.0,6964669912.0,95650538591.0,32662803252.0,8017318466.0,66440394847.0,99103198099.0,24.65,21.11,17.84,2025,사업보고서
368770,파이버프로,KOSDAQ,보통주,11750.0,1.47,386000000000.0,32854.0,57591.0,2.87,28.59,22.06,9309096266.0,43472321309.0,14925661634.0,10117199890.0,45791713105.0,60717374739.0,7152320255.0,32943669332.0,11251130105.0,7206689949.0,38610358857.0,49861488962.0,2851494746.0,19386431576.0,8694054973.0,2616602601.0,32009954201.0,40704009174.0,32.59,23.27,20.33,2025,사업보고서
389470,인벤티지랩,KOSDAQ,보통주,26800.0,3.28,356600000000.0,13308.0,45404.0,10.68,-107.63,-17.44,-15910623106.0,2938787928.0,29790704078.0,-28381032099.0,80850671389.0,110641375467.0,-16996522887.0,1782929379.0,39688377354.0,-18963665933.0,32564948597.0,72253325951.0,-26994167763.0,658151686.0,40771715384.0,-15961004543.0,4410627497.0,45182342881.0,36.85,-965.74,-19.68,2025,사업보고서
025900,동화기업,KOSDAQ,보통주,7190.0,0.7,363500000000.0,50557.0,42556.0,50.63,-9.0,-5.43,-55887535877.0,829562476098.0,1389936852170.0,-13794765557.0,880173716773.0,2270110568943.0,-16238121639.0,842823054286.0,1419417502379.0,7536583227.0,977783899371.0,2397201401750.0,-108411591175.0,886806176887.0,1334923566178.0,-31503609235.0,986832993427.0,2321756559605.0,157.92,-1.66,-6.35,2025,사업보고서
241770,메카로,KOSDAQ,보통주,37450.0,-1.06,381700000000.0,10193.0,5854.0,2.75,25.41,6.37,12613877874.0,94613747133.0,20199932307.0,15360214876.0,205450522470.0,225650454777.0,5515402196.0,62858211721.0,15101861547.0,4118204096.0,192481453545.0,207583315092.0,-2356650679.0,38585601757.0,10083864758.0,-7623271519.0,186163877178.0,196247741936.0,9.83,16.23,6.14,2025,사업보고서
089010,켐트로닉스,KOSDAQ,보통주,21550.0,2.13,361400000000.0,16770.0,27104.0,7.86,38.01,4.6,13464967234.0,637485933185.0,519547048437.0,23201053154.0,262838005656.0,782385054093.0,21382477106.0,575221850583.0,406647407240.0,37319592034.0,235017576595.0,641664983835.0,-7160258786.0,542256796298.0,310924469311.0,19115114801.0,182161699911.0,493086169222.0,197.67,3.64,5.12,2025,사업보고서
078020,LS증권,KOSDAQ,보통주,6740.0,2.74,373900000000.0,55481.0,129725.0,2.56,11.09,2.62,22950195767.0,2295339555776.0,9510301483931.0,22221062198.0,878749608097.0,10389051092028.0,16619942808.0,1653673426061.0,7908255208770.0,21808378131.0,871417272578.0,8779672481348.0,28660804236.0,1322207670950.0,6851763331999.0,33193031920.0,935420573720.0,7787183905719.0,1082.25,0.97,2.61,2025,사업보고서
107640,한중엔시에스,KOSDAQ,보통주,39800.0,0.25,360800000000.0,9065.0,118905.0,1.86,110.56,4.52,4885251977.0,175264976657.0,153149273008.0,4026137190.0,100172693231.0,253321966239.0,15352159204.0,177258091164.0,86360720328.0,9574485247.0,80416707892.0,166777428220.0,-18648295992.0,121551317604.0,109107248013.0,-12672781604.0,13495605278.0,122602853291.0,152.89,2.3,4.88,2025,사업보고서
372320,큐로셀,KOSDAQ,보통주,24050.0,0.0,366200000000.0,15227.0,49132.0,1.89,-6.9,55.22,-46305174806.0,0.0,104695188622.0,-36289500534.0,5025125717.0,109720314339.0,-38239224341.0,0.0,42567047315.0,-36624042261.0,29454229700.0,72021277015.0,-29574854320.0,0.0,45869845467.0,-31129752767.0,59099540497.0,104969385964.0,2083.43,-inf,-921.47,2025,사업보고서
125490,한라캐스트,KOSDAQ,보통주,10860.0,8.28,396400000000.0,36502.0,2927269.0,1.23,67.45,6.52,3657713643.0,155882334021.0,87486734799.0,10292961804.0,105550596070.0,193037330869.0,10297878965.0,144441528834.0,142416015447.0,12275101471.0,6713708381.0,149129723828.0,-3767123835.0,121979644190.0,125642591652.0,14909233251.0,-5093107393.0,120549484259.0,82.89,6.6,3.47,2025,사업보고서
215200,메가스터디교육,KOSDAQ,보통주,35300.0,1.29,365900000000.0,10365.0,29276.0,26.7,4.39,18.03,92935243694.0,884944540620.0,375632585824.0,121019655273.0,520580075368.0,896212661192.0,50154643118.0,942249234214.0,411601585240.0,123624491071.0,466740892004.0,878342477244.0,95793196332.0,935225125443.0,464021649940.0,127440527255.0,491472805323.0,955494455263.0,72.16,13.68,17.85,2025,사업보고서
006910,보성파워텍,KOSDAQ,보통주,6780.0,0.89,333100000000.0,49130.0,404154.0,4.65,19.32,20.26,20314421488.0,147486453767.0,23049380354.0,26805989959.0,110231062166.0,133280442520.0,5952224961.0,77062181417.0,6898945741.0,4824105984.0,90264717386.0,97163663127.0,4352089861.0,78494668722.0,11776051210.0,3348741161.0,84819637705.0,96595688915.0,20.91,18.18,18.43,2025,사업보고서
025320,시노펙스,KOSDAQ,보통주,3855.0,1.98,355400000000.0,92202.0,284286.0,0.21,,4.34,7162133901.0,261537523873.0,87773632954.0,6758695228.0,171717777085.0,259491410039.0,28002548882.0,238339306692.0,67776755580.0,21229402758.0,167637040544.0,235413796124.0,14552474098.0,262172878615.0,67188342427.0,24177306064.0,134125280347.0,201313622774.0,51.12,2.58,4.17,2025,사업보고서
060280,큐렉소,KOSDAQ,보통주,8130.0,-0.25,335400000000.0,41260.0,224922.0,5.61,60.67,2.92,2771488547.0,74531816400.0,4888797824.0,2361804478.0,96248964468.0,101137762292.0,-8757927985.0,55531259080.0,9202707135.0,-5821504455.0,93380746180.0,102583453315.0,-4856019331.0,72882216212.0,6941053161.0,1135441826.0,100428580223.0,107369633384.0,5.08,3.17,2.88,2025,사업보고서
003800,에이스침대,KOSDAQ,보통주,32800.0,-0.15,363800000000.0,11090.0,676.0,1.82,5.95,7.69,55973540046.0,317267060878.0,69972303197.0,54091036712.0,748443132399.0,818415435596.0,65909216013.0,325991852047.0,75722970626.0,66235236205.0,706721320746.0,782444291372.0,51420218920.0,306414500496.0,63946798076.0,57030296238.0,652717383673.0,716664181749.0,9.35,17.05,7.48,2025,사업보고서
114810,한솔아이원스,KOSDAQ,보통주,13350.0,2.14,375700000000.0,28143.0,218892.0,4.83,18.21,14.49,28435065679.0,198830230410.0,44087206641.0,33316939791.0,210271082405.0,254358289046.0,31072611398.0,157137657251.0,49735812430.0,23065681206.0,182201098517.0,231936910947.0,2131749985.0,123932727886.0,69020318711.0,8216796871.0,151877715855.0,220898034566.0,20.97,16.76,13.52,2025,사업보고서
215600,신라젠,KOSDAQ,보통주,2365.0,-1.87,327700000000.0,138554.0,768878.0,2.37,-13.59,-20.0,-24189964056.0,9225416503.0,6690408468.0,-25587648216.0,110121958153.0,116812366621.0,-26525745518.0,3926654280.0,17198509580.0,-26768169823.0,131817269896.0,149015779476.0,-20369238698.0,3939558696.0,19400939135.0,-21345852210.0,57313962974.0,76714902109.0,6.08,-277.36,-21.97,2025,사업보고서
084110,휴온스글로벌,KOSDAQ,보통주,23800.0,0.63,301300000000.0,12660.0,36503.0,6.48,13.34,5.41,81817583021.0,847453173652.0,468692379746.0,90552351280.0,1091224572965.0,1559916952711.0,67127313803.0,813460515145.0,441783898790.0,96990827338.0,964165141453.0,1405949040243.0,92628240412.0,758379660587.0,407287216717.0,113949992836.0,910677183193.0,1317964399910.0,42.95,10.69,7.5,2025,사업보고서
101730,위메이드맥스,KOSDAQ,보통주,4095.0,2.25,343200000000.0,83803.0,103849.0,9.16,-7.58,-7.42,-35786907685.0,148839768687.0,103027385223.0,-48745048630.0,462511848656.0,565539233879.0,-15664849836.0,74990780976.0,96201915077.0,-8094291123.0,501381448397.0,597583363474.0,2208079977.0,69763645185.0,47987320524.0,3764265342.0,81908847726.0,129896168250.0,22.28,-32.75,-7.74,2025,사업보고서
121440,골프존홀딩스,KOSDAQ,보통주,7050.0,-10.31,302000000000.0,42837.0,190225.0,6.55,19.32,3.23,24066257913.0,354319476689.0,309530384946.0,28026301927.0,750103806957.0,1059634191903.0,43639779841.0,386190069709.0,303745792856.0,39446585365.0,746516960678.0,1050262753534.0,37647583403.0,424121965576.0,324104225967.0,53670695585.0,712627637950.0,1036731863917.0,41.27,7.91,3.21,2025,사업보고서
078160,메디포스트,KOSDAQ,보통주,8920.0,2.65,349700000000.0,39205.0,39195.0,2.31,-15.04,-34.14,-85991476572.0,73656891468.0,181644178825.0,-67983786233.0,249906753882.0,431550932707.0,-63377500719.0,70657028379.0,161686303403.0,-48544476121.0,252601166948.0,414287470351.0,4950616137.0,68642987374.0,135735223440.0,-25130694461.0,313657362619.0,449392586059.0,72.68,-92.3,-34.41,2025,사업보고서
069080,웹젠,KOSDAQ,보통주,11200.0,-1.5,346800000000.0,30967.0,58580.0,29.61,12.25,3.55,23534479544.0,174436688525.0,84187571011.0,29727638227.0,683894141128.0,768081712139.0,56752390631.0,214747032253.0,78288375720.0,54553002826.0,672635084186.0,750923459906.0,57568756475.0,196290414665.0,79165051927.0,49903098281.0,623898768247.0,703063820174.0,12.31,17.04,3.44,2025,사업보고서
206650,유바이오로직스,KOSDAQ,보통주,8790.0,1.15,323100000000.0,36752.0,63725.0,6.43,11.11,26.85,41264003840.0,149195024704.0,64868557569.0,60663218448.0,175356724098.0,240225281667.0,18991722463.0,96035297831.0,70052296606.0,34321335803.0,132032511461.0,202084808067.0,-15359662286.0,69365660612.0,46988061439.0,7699109509.0,104817641521.0,151805702960.0,36.99,40.66,23.53,2025,사업보고서
170920,엘티씨,KOSDAQ,보통주,35950.0,9.77,379800000000.0,10564.0,216103.0,3.37,17.5,4.05,18189648458.0,310384726014.0,159648759353.0,29629435023.0,223739109169.0,383387868522.0,14429041663.0,276973239785.0,138449074535.0,24184336150.0,187273670433.0,325722744968.0,-28792392927.0,113358801071.0,190406280645.0,-16045371389.0,109274104526.0,299680385171.0,71.35,9.55,8.13,2025,사업보고서
098120,마이크로컨텍솔,KOSDAQ,보통주,42500.0,4.04,353300000000.0,8313.0,55576.0,14.79,13.02,23.08,16969339636.0,100314289873.0,15471250228.0,17744519813.0,81414966475.0,96886216703.0,10680949268.0,69664082922.0,11858903848.0,10204007443.0,65058500062.0,76917403910.0,7387998878.0,64817181265.0,7855863058.0,7428799024.0,55128326340.0,62984189398.0,19.0,17.69,20.84,2025,사업보고서
441270,파인엠텍,KOSDAQ,보통주,9350.0,1.41,394600000000.0,42205.0,1978122.0,2.99,-34.25,-8.89,-15444566019.0,239121107842.0,207687987764.0,1934808208.0,219672672090.0,427360659854.0,-15760559658.0,382168522104.0,169063027725.0,-7910230586.0,164220510532.0,333283538257.0,10794348785.0,380029515142.0,115490895714.0,20333866781.0,174005692623.0,289496588337.0,94.54,0.81,-7.03,2025,사업보고서
200710,에이디테크놀로지,KOSDAQ,보통주,23300.0,3.56,313700000000.0,13462.0,55414.0,1.92,136.26,2.71,3578357069.0,164511629858.0,157557771327.0,2852844756.0,135907375708.0,293465147035.0,-15176761422.0,106545463919.0,113259369739.0,-16953519212.0,131634014077.0,244893383816.0,-16256430677.0,100172177678.0,140674922116.0,-17407233831.0,148749159925.0,289424082041.0,115.93,1.73,2.63,2025,사업보고서
356680,엑스게이트,KOSDAQ,보통주,11430.0,6.23,326300000000.0,28543.0,274903.0,2.71,55.76,8.36,3874151374.0,48135693935.0,20056270906.0,3753096506.0,48279627368.0,68335898274.0,3998882575.0,43216125927.0,22682636259.0,3485043041.0,44405475994.0,67088112253.0,294783793.0,42820685714.0,9610492157.0,4102235426.0,40385096419.0,49995588576.0,41.54,7.8,8.02,2025,사업보고서
036620,감성코퍼레이션,KOSDAQ,보통주,3740.0,-0.66,336100000000.0,89863.0,422647.0,15.26,8.78,28.75,35417260132.0,250195090117.0,50866045100.0,44631054064.0,133957581675.0,184823626775.0,29259595007.0,220396656168.0,41864080477.0,36053423698.0,112447789446.0,154311869923.0,24172542710.0,177948652720.0,36579881076.0,32243349866.0,77933864566.0,114513745642.0,37.97,17.84,26.44,2025,사업보고서
348210,넥스틴,KOSDAQ,보통주,31250.0,4.69,327400000000.0,10477.0,90371.0,14.59,-64.97,-1.6,-2645744570.0,66914327141.0,72740126627.0,-1160803724.0,150139123771.0,222879250398.0,38427640891.0,113719875873.0,32176812442.0,46974727733.0,157640068434.0,189816880876.0,30933600268.0,87930571023.0,15952635677.0,36165536410.0,127009095062.0,142961730739.0,48.45,-1.73,-1.76,2025,사업보고서
092870,엑시콘,KOSDAQ,보통주,32650.0,7.76,426100000000.0,13051.0,467589.0,4.82,20.52,4.81,8963596191.0,66026746277.0,28807510855.0,80123746.0,195698704855.0,224506215710.0,-1358809270.0,31611346967.0,13966536356.0,-15897333370.0,176817320387.0,190783856743.0,4886128432.0,82296331600.0,20027338600.0,1464663636.0,145957832632.0,165985171232.0,14.72,0.12,4.58,2025,사업보고서
332570,PS일렉트로닉스,KOSDAQ,보통주,7620.0,3.67,355900000000.0,46712.0,1499172.0,0.0,10.3,15.91,16391787281.0,125476577087.0,98557893184.0,3908628660.0,133326752449.0,231884645633.0,-7717133288.0,122129660010.0,74524973499.0,10771020985.0,90075397803.0,164600371302.0,19457636930.0,68149317459.0,59805172910.0,6424251685.0,83023014539.0,142828187449.0,73.92,3.12,12.29,2025,사업보고서
033160,엠케이전자,KOSDAQ,보통주,13910.0,3.65,341700000000.0,24564.0,682521.0,11.6,14.74,0.37,13764929869.0,1403822824376.0,1532501407748.0,14186439762.0,1001507418416.0,2534008826164.0,-37697220991.0,1170600325569.0,1400129015305.0,56076089596.0,914068396112.0,2314197411417.0,-39145066304.0,1116974657530.0,1330782091949.0,46451135024.0,977115242539.0,2307897334488.0,153.02,1.01,1.37,2025,사업보고서
069540,빛과전자,KOSDAQ,보통주,2715.0,2.07,306000000000.0,112692.0,1999439.0,0.64,-15.0,-32.62,-19651078587.0,31770167371.0,33738306932.0,-16530898663.0,58876681838.0,92614988770.0,-18580542649.0,18133363002.0,19115300632.0,-10270955220.0,62503170819.0,81618471451.0,-19623249295.0,21694145951.0,20705344881.0,-9353647216.0,49297428600.0,70002773481.0,57.3,-52.03,-33.38,2025,사업보고서
036800,나이스정보통신,KOSDAQ,보통주,7270.0,0.97,330800000000.0,45500.0,138008.0,28.17,6.29,11.45,45225881269.0,1094683988076.0,758374117313.0,55292809712.0,437666418098.0,1196040535411.0,37651588775.0,975137479129.0,736704810545.0,39874639225.0,385856252789.0,1122561063334.0,29750845323.0,891628591940.0,844879609112.0,36733568866.0,366274107236.0,1211153716348.0,173.28,5.05,10.33,2025,사업보고서
234340,헥토파이낸셜,KOSDAQ,보통주,25250.0,13.48,352800000000.0,13971.0,2832942.0,2.12,23.44,5.89,8824797927.0,187435598839.0,352133492356.0,15577801607.0,179149221033.0,531282713389.0,8974108141.0,159308044324.0,300208818426.0,13293369221.0,151361613126.0,451570431552.0,10869731377.0,153076082801.0,231517769793.0,12571136493.0,145143370334.0,376661140127.0,196.56,8.31,4.93,2025,사업보고서
393890,더블유씨피,KOSDAQ,보통주,10070.0,-0.3,340800000000.0,33843.0,299006.0,2.11,-2.3,-17.4,-162065805577.0,110812962474.0,1050958687949.0,-127642966602.0,894477802551.0,1945436490500.0,-72205558117.0,322073352106.0,841548385907.0,-70938111834.0,968642145051.0,1810190530958.0,53621155391.0,304986337193.0,358102062582.0,46391318239.0,1000408000524.0,1358510063106.0,117.49,-115.19,-18.12,2025,사업보고서
900290,GRT,KOSDAQ,보통주,3955.0,0.76,330300000000.0,83511.0,148463.0,65.42,4.21,8.94,495934973.0,4943342767.0,4119481954.0,707629590.0,5381408622.0,9500890576.0,600145981.0,4574221304.0,4005509638.0,798079282.0,4876203839.0,8881713477.0,309374667.0,4041639278.0,3946075088.0,414515313.0,4252454162.0,8198529250.0,76.55,14.31,9.22,2025,사업보고서
067630,HLB생명과학,KOSDAQ,보통주,2685.0,2.09,327300000000.0,121917.0,124772.0,5.31,-9.87,-28.69,-99944345613.0,45752222713.0,180351365141.0,-22026673756.0,297742201575.0,478093566716.0,6206771886.0,32770837921.0,140192113684.0,-23764018654.0,398825310553.0,539017424237.0,-5913047188.0,34578312014.0,192287513269.0,-23760334929.0,231212934288.0,423500447557.0,60.57,-48.14,-33.57,2025,사업보고서
199800,툴젠,KOSDAQ,보통주,35600.0,6.59,320300000000.0,8998.0,14836.0,1.51,-8.07,-64.34,-36764280220.0,1306445108.0,5803423294.0,-23294295129.0,55851491937.0,61654915231.0,6231842138.0,890961033.0,17042659114.0,-21798459510.0,58435847293.0,75478506407.0,-42340173030.0,1103409421.0,63356193375.0,-17087547698.0,30094560634.0,93450754009.0,10.39,-1783.03,-65.83,2025,사업보고서
352480,씨앤씨인터내셔널,KOSDAQ,보통주,21800.0,1.16,297100000000.0,13630.0,12350.0,0.55,34.82,5.1,14286675994.0,288477800460.0,83410729235.0,22170749656.0,354424638722.0,437835367957.0,32443841008.0,282883855707.0,89285477962.0,28962985598.0,205795073562.0,295080551524.0,31413709186.0,220327417089.0,83389082142.0,32089995970.0,172587237085.0,255976319227.0,23.53,7.69,4.03,2025,사업보고서
330860,네패스아크,KOSDAQ,보통주,23650.0,0.0,288200000000.0,12184.0,76216.0,8.33,19.27,2.05,3416216656.0,114089898549.0,122926587761.0,4755777221.0,168645360153.0,291571947914.0,-28685138144.0,119261518573.0,146860122660.0,-2633901614.0,165381268341.0,312241391001.0,-30315851286.0,122932866272.0,169943132412.0,683870579.0,225741470409.0,395684602821.0,72.89,4.17,2.03,2025,사업보고서
472850,폰드그룹,KOSDAQ,보통주,4915.0,-0.71,283000000000.0,57572.0,24948.0,1.09,7.18,15.46,44238143029.0,485569158574.0,213665455104.0,57377364737.0,270065540249.0,483730995353.0,27155630666.0,368653108555.0,185040572445.0,41322955438.0,237702191037.0,422742763482.0,237886985.0,2781338079.0,151508810277.0,667627775.0,187196616329.0,338705426606.0,79.12,11.82,16.38,2025,사업보고서
079370,제우스,KOSDAQ,보통주,10100.0,4.66,313300000000.0,31017.0,130003.0,7.51,-27.75,-1.74,-14135985014.0,383307591232.0,189244564900.0,-4464967016.0,362286794635.0,551531359535.0,43111437491.0,490785653271.0,258614689137.0,49172349335.0,382316626215.0,640931315352.0,10025149672.0,402871359940.0,278560587783.0,7144645762.0,343135608736.0,621696196519.0,52.24,-1.16,-3.9,2025,사업보고서
101930,인화정공,KOSDAQ,보통주,6440.0,0.63,294300000000.0,45695.0,6136.0,0.95,11.99,8.5,25566797700.0,107958290033.0,120716466147.0,15534294993.0,341353786422.0,462070252569.0,40023170310.0,92784009378.0,170331948275.0,10261098402.0,259924757563.0,430256705838.0,2495128905.0,103951073738.0,150505493360.0,4885929293.0,168685117566.0,319190610926.0,35.36,14.39,7.49,2025,사업보고서
018000,유니슨,KOSDAQ,보통주,1240.0,0.4,321800000000.0,259498.0,1022383.0,1.58,-11.38,-24.28,-20877619659.0,40267921584.0,150087958018.0,-9532987389.0,105740638272.0,255828596290.0,-22549724060.0,25733465438.0,182760478433.0,-12512162672.0,66210386048.0,248970864481.0,-26137213270.0,107739239966.0,204074971553.0,-19569724064.0,58970975562.0,263045947115.0,141.94,-23.67,-19.74,2025,사업보고서
455900,엔젤로보틱스,KOSDAQ,보통주,20500.0,4.97,315600000000.0,15393.0,86489.0,1.79,-34.8,-26.63,-9715061268.0,4641312180.0,4407649191.0,-10276486752.0,32626209747.0,37033858938.0,-10005967688.0,4210953924.0,3548270260.0,-10841824608.0,40328538886.0,43876809146.0,-9238951561.0,5146186401.0,12640269223.0,-6496614879.0,8677896459.0,21318165682.0,13.51,-221.41,-29.78,2025,사업보고서
078350,한양디지텍,KOSDAQ,보통주,18760.0,2.07,286000000000.0,15244.0,72793.0,5.04,9.22,9.09,14976315394.0,651051158827.0,127507369269.0,23871001484.0,170006375075.0,297513744344.0,25523293266.0,595167452558.0,117479943862.0,35043091147.0,159374278567.0,276854222429.0,12640873336.0,478837673371.0,117793832373.0,19096846275.0,133188166081.0,250981998454.0,75.0,3.67,8.81,2025,사업보고서
110990,디아이티,KOSDAQ,보통주,15780.0,1.28,298200000000.0,18900.0,40915.0,6.48,6.75,13.5,30376073801.0,107910277371.0,29385866524.0,23061677929.0,237157012940.0,266542879464.0,28929530740.0,116655392937.0,27980193736.0,24089464501.0,212879673844.0,240859867580.0,13163567178.0,107061292801.0,25724443546.0,8644231654.0,186126703465.0,211851147011.0,12.39,21.37,12.81,2025,사업보고서
039440,에스티아이,KOSDAQ,보통주,19430.0,1.73,301300000000.0,15507.0,65293.0,3.1,15.73,5.63,15417982866.0,328058707879.0,79295634591.0,19718973861.0,286972864255.0,366268498846.0,27141396314.0,334022337411.0,107975821028.0,27287364136.0,260790332315.0,368766153343.0,24075406070.0,319462564774.0,78523176264.0,23946351563.0,237680507026.0,316203683290.0,27.63,6.01,5.37,2025,사업보고서
093520,매커스,KOSDAQ,보통주,26200.0,1.16,311800000000.0,11902.0,8149.0,32.63,12.52,19.3,23115557867.0,227242162080.0,108924856520.0,29095487131.0,126121317423.0,235046173943.0,20239993651.0,199579464477.0,295828374411.0,26887736693.0,113386210790.0,409214585201.0,20350760929.0,175414376276.0,191307910572.0,26349934797.0,102384342962.0,293692253534.0,86.37,12.8,18.33,2025,사업보고서
294570,쿠콘,KOSDAQ,보통주,30550.0,14.21,308300000000.0,10092.0,644484.0,2.26,14.07,13.54,21485218882.0,69459535152.0,143017206782.0,18859505780.0,170511989739.0,313529196521.0,15776286387.0,73038223164.0,116118060118.0,16588584400.0,146807135040.0,262925195158.0,7174300310.0,68365726730.0,79387991203.0,16586163829.0,128160028671.0,207548019874.0,83.88,27.15,12.6,2025,사업보고서
290550,디케이티,KOSDAQ,보통주,16800.0,16.67,336000000000.0,20001.0,659126.0,6.67,8.98,12.05,23172035965.0,425776296391.0,116864501833.0,21573699533.0,202811862926.0,319676364759.0,26872478520.0,403349872283.0,104002324800.0,23085704326.0,181756239964.0,285758564764.0,4373432214.0,280218060416.0,107003394329.0,14686766746.0,132431241916.0,239434636245.0,57.62,5.07,11.43,2025,사업보고서
061970,LB세미콘,KOSDAQ,보통주,3865.0,0.91,270900000000.0,70083.0,307272.0,26.88,-2.08,-60.83,-150875528423.0,479781936611.0,414092817635.0,-39800058194.0,270040821128.0,684133638763.0,-23019472887.0,450864779668.0,459813471035.0,-18823421741.0,346236165510.0,806049636545.0,-16597167174.0,416870535040.0,425050149575.0,-12705033605.0,366147511353.0,791197660928.0,153.34,-8.3,-55.87,2025,사업보고서
017890,한국알콜,KOSDAQ,보통주,14410.0,2.34,297900000000.0,20674.0,31349.0,24.03,7.76,5.86,37823972121.0,423883457380.0,108828778711.0,31816924771.0,594752912232.0,703581690943.0,30370671639.0,421013788394.0,92968334166.0,27434700534.0,561955806071.0,654924140237.0,14333901531.0,438274113703.0,127157495072.0,21881585998.0,526012589299.0,653170084371.0,18.3,7.51,6.36,2025,사업보고서
417840,저스템,KOSDAQ,보통주,15110.0,0.94,345600000000.0,22869.0,626631.0,4.67,28.46,6.89,3456212188.0,48288744108.0,34976760832.0,4634798643.0,52491962987.0,87468723819.0,-2161590464.0,38700592846.0,31318683007.0,-4609030122.0,48207618028.0,79526301035.0,-3385499445.0,35933632867.0,33940076271.0,311430074.0,48614683674.0,82554759945.0,66.63,9.6,6.58,2025,사업보고서
092460,한라IMS,KOSDAQ,보통주,17150.0,-0.06,293400000000.0,17110.0,6841.0,0.79,10.36,13.76,25489380431.0,133476935159.0,43044606610.0,22271950993.0,198690920310.0,241735526920.0,13719895024.0,104235725498.0,36564285247.0,15962864658.0,171717862387.0,208282147634.0,71621038171.0,78944495370.0,59319007569.0,5365190297.0,162256347686.0,221575355255.0,21.66,16.69,12.83,2025,사업보고서
025770,한국정보통신,KOSDAQ,보통주,7910.0,0.13,296200000000.0,37444.0,20262.0,63.31,8.24,11.4,36572105000.0,836329617000.0,176675209000.0,45228362000.0,335813050000.0,512488259000.0,43544033000.0,790967629000.0,156409020000.0,39125171000.0,306452843000.0,462861863000.0,30055752000.0,725118196000.0,171546187000.0,35677366000.0,271223701000.0,442769888000.0,52.61,5.41,10.89,2025,사업보고서
091580,상신이디피,KOSDAQ,보통주,20650.0,0.73,275200000000.0,13328.0,117320.0,4.68,15.92,1.28,2011616880.0,250083513076.0,175671189672.0,8654871859.0,160095655445.0,335766845117.0,639439419.0,245143658182.0,163690778320.0,-6513388498.0,154201417526.0,317892195846.0,26222817165.0,290120565566.0,143603282078.0,30087952369.0,147079484933.0,290682767011.0,109.73,3.46,1.26,2025,사업보고서
035810,이지홀딩스,KOSDAQ,보통주,4695.0,0.75,302900000000.0,64516.0,98362.0,6.45,13.65,3.9,69251242722.0,3388904350275.0,1661178782322.0,151350122116.0,1235439344107.0,2896618126429.0,35095679171.0,3284975746816.0,1649339630230.0,123396227384.0,1206545906491.0,2855885536721.0,54489016848.0,3119160305224.0,1499241307051.0,103781080293.0,1028981455311.0,2528222762362.0,134.46,4.47,5.61,2025,사업보고서
168360,펨트론,KOSDAQ,보통주,12740.0,2.99,285300000000.0,22393.0,35588.0,3.15,2123.33,-14.17,-3788182673.0,69861835068.0,81032082501.0,3183933744.0,25628466193.0,106660548694.0,-1911050584.0,57004658240.0,43645846945.0,-3622897641.0,28041378121.0,71687225066.0,7100354288.0,73715799864.0,42228561394.0,8061885812.0,32468464379.0,74697025773.0,316.18,4.56,-14.78,2025,사업보고서
200670,휴메딕스,KOSDAQ,보통주,25850.0,2.58,290300000000.0,11230.0,20460.0,6.65,6.32,19.61,51785617215.0,170052787103.0,24050779850.0,42329364682.0,299588034329.0,323638814179.0,39259414554.0,161872958430.0,21219459767.0,43141324184.0,228532466992.0,249751926759.0,24820704790.0,152273808567.0,21914649621.0,37310070521.0,198063056238.0,219977705859.0,8.03,24.89,17.29,2025,사업보고서
117730,티로보틱스,KOSDAQ,보통주,13150.0,4.12,296600000000.0,22558.0,104966.0,1.39,-10.33,-103.92,-43084791733.0,43812661900.0,40537319808.0,-11908451001.0,48823821679.0,89361141487.0,-790168243.0,60705396702.0,75532456040.0,-7001978684.0,31440440781.0,106972896821.0,-49702180376.0,66716568313.0,102291002029.0,-8210044979.0,30701563778.0,132992565807.0,83.03,-27.18,-88.25,2025,사업보고서
439090,마녀공장,KOSDAQ,보통주,16010.0,1.39,262500000000.0,16393.0,59400.0,2.97,19.64,7.72,9126188412.0,113016260841.0,10016340686.0,10455159463.0,122680722556.0,132697063242.0,16367865216.0,127919035290.0,15702045725.0,18556998700.0,113795607641.0,129497653366.0,11631841694.0,105000932107.0,8421677116.0,15862041293.0,97045319370.0,105466996486.0,8.16,9.25,7.44,2025,사업보고서
035600,KG이니시스,KOSDAQ,보통주,10390.0,0.19,286300000000.0,27554.0,35371.0,8.7,5.64,9.78,57783387851.0,1358884614233.0,1226873757157.0,98558042415.0,758220694106.0,1985094451263.0,44713847288.0,1354336925346.0,1112846714464.0,60992821197.0,753545210474.0,1866391924938.0,97102941766.0,1344791853182.0,1016709892786.0,106275402446.0,695435433593.0,1712145326379.0,161.81,7.25,7.62,2025,사업보고서
376270,HEM파마,KOSDAQ,보통주,38800.0,1.7,280100000000.0,7219.0,4458.0,0.99,-13.28,-153.3,-23723674019.0,12979352490.0,46619425814.0,-15583461635.0,5214854634.0,51834280448.0,-7646091801.0,15067336854.0,10743772938.0,-7681695087.0,26117958965.0,36861731903.0,-11666505260.0,5344041000.0,10446763221.0,-11761259820.0,17377005192.0,27823768413.0,893.97,-120.06,-454.92,2025,사업보고서
036890,진성티이씨,KOSDAQ,보통주,13180.0,0.92,290400000000.0,22033.0,18315.0,14.38,4.32,11.66,32643052549.0,463820413148.0,216644730564.0,47942987124.0,297533691962.0,514178422526.0,20961082242.0,390515286432.0,193060380276.0,24441981984.0,262294164990.0,455354545266.0,28407293386.0,485118584952.0,170722141792.0,39589010073.0,232139878541.0,402862020333.0,72.81,10.34,10.97,2025,사업보고서
228760,지노믹트리,KOSDAQ,보통주,10660.0,1.43,265000000000.0,24859.0,64146.0,2.91,-29.05,-7.52,-9125040074.0,3760069687.0,5452063176.0,-11297824846.0,115309590904.0,120761654080.0,-10390393104.0,2362308212.0,6355817821.0,-15313390631.0,124319609160.0,130675426981.0,-9006726868.0,3418009378.0,7812264461.0,-17303489590.0,125031776869.0,132844041330.0,4.73,-300.47,-7.91,2025,사업보고서
123330,제닉,KOSDAQ,보통주,31900.0,-4.49,254200000000.0,7969.0,501842.0,2.31,9.75,59.77,18886570777.0,78198461125.0,15485859487.0,14973754098.0,41047610234.0,56533469721.0,7562687681.0,49908316638.0,16002869116.0,6023625764.0,22154400823.0,38157269939.0,-4410613010.0,28069766610.0,11870394406.0,-4023185937.0,11531444976.0,23401839382.0,37.73,19.15,46.01,2025,사업보고서
054950,제이브이엠,KOSDAQ,보통주,23250.0,-1.27,281100000000.0,12090.0,12484.0,19.83,9.11,13.0,28350804537.0,173129219712.0,85180325791.0,33276260919.0,233947355120.0,319127680911.0,28844340035.0,159434150636.0,82463755191.0,30675011499.0,202336022424.0,284799777615.0,26243571574.0,157085342969.0,78030231968.0,29770728060.0,179492261206.0,257522493174.0,36.41,19.22,12.12,2025,사업보고서
265520,AP시스템,KOSDAQ,보통주,18830.0,2.0,283400000000.0,15051.0,27207.0,15.4,5.49,6.76,23784739380.0,460144858180.0,313377545624.0,33328136683.0,367562254108.0,680939799732.0,51784131503.0,516698011486.0,263246010514.0,47190207802.0,336527332589.0,599773343103.0,60033917358.0,533579250430.0,249759323443.0,60121226139.0,321376369652.0,571135693095.0,85.26,7.24,6.47,2025,사업보고서
482630,삼양엔씨켐,KOSDAQ,보통주,12660.0,3.77,277100000000.0,21888.0,117973.0,3.18,13.57,14.69,14900245026.0,125385914184.0,25548277348.0,17632099657.0,119249605481.0,144797882829.0,8965422956.0,110516459677.0,44628328054.0,10748311512.0,83631024535.0,128259352589.0,4679608677.0,98602886804.0,56622875236.0,7368212850.0,74749359483.0,131372234719.0,21.42,14.06,12.5,2025,사업보고서
138080,오이솔루션,KOSDAQ,보통주,21300.0,4.41,263600000000.0,12378.0,108686.0,3.21,-14.36,-39.08,-27039209208.0,57377286181.0,55336557207.0,-15998970339.0,64276618326.0,119613175533.0,-33126633338.0,32026596164.0,62537147362.0,-30358233797.0,74098406711.0,136635554073.0,-33817287395.0,46002760622.0,40545818529.0,-31080650276.0,111422974745.0,151968793274.0,86.09,-27.88,-42.07,2025,사업보고서
448900,한국피아이엠,KOSDAQ,보통주,50200.0,10.21,304900000000.0,6074.0,114473.0,1.3,138.67,-0.11,-54237984.0,36931110519.0,28918236873.0,1455551263.0,56971709399.0,85889946272.0,2777596031.0,37447247186.0,32807209849.0,3606809251.0,43652099251.0,76459309100.0,1143730006.0,37963338813.0,42923094723.0,4272020203.0,28718667478.0,71641762201.0,50.76,3.94,-0.1,2025,사업보고서
051500,CJ프레시웨이,KOSDAQ,보통주,23700.0,0.42,281400000000.0,11872.0,3476.0,18.3,5.82,11.51,50106428488.0,3481081567935.0,1133949531952.0,101652510024.0,455180191327.0,1589129723279.0,27405072378.0,3224779013185.0,1148980725062.0,94025267830.0,415381333819.0,1564362058881.0,59700224939.0,3074242286759.0,1005243973827.0,99255535636.0,369500066327.0,1374744040154.0,249.12,2.92,11.01,2025,사업보고서
484590,삼양컴텍,KOSDAQ,보통주,6810.0,4.45,280600000000.0,41210.0,331565.0,4.52,11.11,21.6,22669606521.0,154607270230.0,83176128651.0,26631015664.0,156488770648.0,239664899299.0,16491769029.0,141594663733.0,108012682290.0,18058661707.0,53409666051.0,161422348341.0,9226205875.0,83036517818.0,119162544559.0,6915246041.0,37085929592.0,156248474151.0,53.15,17.22,14.49,2025,사업보고서
287840,인투셀,KOSDAQ,보통주,18260.0,3.75,274300000000.0,15022.0,21580.0,4.76,-28.89,-65.72,-10603468806.0,2299122477.0,16504395057.0,-10300409988.0,24749293457.0,41253688514.0,-9912846871.0,2905033092.0,16189835320.0,-9790200602.0,7521499774.0,23711335094.0,-16775336030.0,1616402538.0,12715931208.0,-17389530381.0,13227354055.0,25943285263.0,66.69,-448.01,-42.84,2025,사업보고서
136480,하림,KOSDAQ,보통주,2650.0,0.38,281500000000.0,106210.0,118714.0,5.09,15.32,12.56,38738196000.0,1439995096000.0,529943971000.0,47681001000.0,325441884000.0,855385855000.0,-12336400000.0,1285418842000.0,543712385000.0,28512657000.0,289074614000.0,832786999000.0,13028119000.0,1410837725000.0,533580769000.0,40446935000.0,308556530000.0,842137299000.0,162.84,3.31,11.9,2025,사업보고서
043150,바텍,KOSDAQ,보통주,18450.0,-2.12,274100000000.0,14854.0,48363.0,22.35,4.78,8.46,39083923110.0,426416122877.0,191752992241.0,54779179042.0,497520541973.0,689273534214.0,55261773385.0,385194634066.0,179800922335.0,53962978706.0,470488930272.0,650289852607.0,52968694667.0,384945119813.0,172705995941.0,64041668323.0,414191689112.0,586897685053.0,38.54,12.85,7.86,2025,사업보고서
049070,인탑스,KOSDAQ,보통주,17730.0,2.49,279100000000.0,15742.0,34802.0,7.43,9.56,2.45,8161179056.0,590781754867.0,116193391318.0,-11303532259.0,756361636106.0,872555027424.0,23389721015.0,614667194566.0,128876387597.0,3784434686.0,771783566816.0,900659954413.0,38442004663.0,577375550276.0,110855666028.0,18305655096.0,748491855542.0,859347521570.0,15.36,-1.91,1.08,2025,사업보고서
377450,리파인,KOSDAQ,보통주,16960.0,1.19,293900000000.0,17330.0,311598.0,3.39,29.96,4.61,9061737893.0,61572418310.0,11871173056.0,18941412133.0,222982835417.0,234854008473.0,20618412036.0,67848478041.0,11197832309.0,20505136523.0,170437824190.0,181635656499.0,21682528512.0,66484437442.0,14286405827.0,22552141363.0,158639446589.0,172925852416.0,5.32,30.76,4.06,2025,사업보고서
448280,에코아이,KOSDAQ,보통주,9560.0,1.27,283300000000.0,29631.0,9917.0,0.45,53.41,1.41,1784814226.0,30916305223.0,17657490403.0,953221336.0,125259936149.0,142917426552.0,2253946017.0,25769269333.0,21335036065.0,198850887.0,128503890925.0,149838926990.0,15692864417.0,64821406710.0,18905394893.0,18231549937.0,131112058631.0,150017453524.0,14.1,3.08,1.42,2025,사업보고서
042520,한스바이오메드,KOSDAQ,보통주,19630.0,1.55,280000000000.0,14261.0,107785.0,6.62,-13.91,-62.32,-32075124367.0,89779853611.0,92520607173.0,-25890557566.0,33886510129.0,126407117302.0,-7799704239.0,81137434056.0,54592999238.0,625600334.0,67122440485.0,121715439723.0,-24091716023.0,78032037342.0,72419026834.0,-4154876285.0,49948930889.0,122367957723.0,273.03,-28.84,-94.65,2025,사업보고서
200130,콜마비앤에이치,KOSDAQ,보통주,8750.0,-0.57,251800000000.0,28776.0,108518.0,3.32,-165.09,-6.04,-22639015475.0,574884892325.0,294210997492.0,26645965589.0,355476297522.0,649687295014.0,17205046710.0,615642004817.0,295602347076.0,24623244501.0,395266206758.0,690868553834.0,18736096146.0,579551538026.0,298205937209.0,30255895443.0,396302277528.0,694508214737.0,82.77,4.64,-6.37,2025,사업보고서
098070,한텍,KOSDAQ,보통주,24000.0,1.48,266900000000.0,11121.0,37628.0,4.93,8.31,22.45,30769090763.0,171902906776.0,67173914265.0,38181992502.0,162428367321.0,229602281586.0,26303044414.0,155880764900.0,95845397548.0,16767247733.0,111691072712.0,207536470260.0,14870268573.0,178617425427.0,108337144992.0,15187276002.0,88911029337.0,197248174329.0,41.36,22.21,18.94,2025,사업보고서
424870,이뮨온시아,KOSDAQ,보통주,2890.0,3.03,264000000000.0,91338.0,104974.0,3.27,-7.98,-114.4,-27363040577.0,111208740.0,4730195611.0,-28004634036.0,28415395994.0,33145591605.0,-5687000026.0,654539170.0,6770837746.0,-12598557314.0,19423991857.0,26194829603.0,8864020832.0,110000000.0,67987475771.0,-11796958106.0,-34192029151.0,33795446620.0,16.65,-25182.04,-96.3,2025,사업보고서
481070,에이유브랜즈,KOSDAQ,보통주,17360.0,-2.2,248800000000.0,14330.0,24912.0,2.17,21.3,16.83,8761784440.0,60009152935.0,29658032186.0,10081266049.0,71738484597.0,101396516783.0,10107528579.0,44600592198.0,12174190842.0,12428629791.0,32615302833.0,44789493675.0,13212643434.0,41886214439.0,5096730102.0,16214791967.0,20854546136.0,25951276238.0,41.34,16.8,12.21,2025,사업보고서
488900,비츠로넥스텍,KOSDAQ,보통주,9350.0,3.89,270900000000.0,28976.0,36197.0,0.21,-35.55,-13.92,-6596724887.0,36790989927.0,54831242363.0,-7364263584.0,58953299223.0,113784541586.0,-15440727453.0,30375898845.0,58660176674.0,-14065489282.0,35833869272.0,94494045946.0,-10213167449.0,45523136057.0,68590372922.0,-7903959836.0,14606516450.0,83196889372.0,93.01,-20.02,-11.19,2025,사업보고서
099440,스맥,KOSDAQ,보통주,3800.0,-0.13,259300000000.0,68243.0,256930.0,3.85,-10.86,-18.93,-21494427733.0,153589636057.0,203958179318.0,-16809504557.0,97557478313.0,301515657631.0,22133889833.0,201298944290.0,171545296849.0,23955100228.0,129545095388.0,301090392237.0,16680552004.0,176628631520.0,100542856032.0,22035848534.0,106807511329.0,207350367361.0,209.06,-10.94,-22.03,2025,사업보고서
159010,아스플로,KOSDAQ,보통주,25400.0,1.8,338700000000.0,13335.0,151481.0,6.09,46.1,-19.67,-9937488884.0,67924197059.0,72078254876.0,-7014701152.0,46385411610.0,118463666486.0,-2367405915.0,83609960696.0,83581885383.0,-1863944824.0,54665432366.0,138247317749.0,3574931894.0,86873727999.0,72685086264.0,6353099941.0,57474227642.0,130159313906.0,155.39,-10.33,-21.42,2025,사업보고서
389650,넥스트바이오메디컬,KOSDAQ,보통주,31050.0,-0.16,257000000000.0,8277.0,29493.0,2.06,1108.93,-0.67,-311083507.0,16476802680.0,11158190910.0,-719540988.0,48106974536.0,59265165446.0,2859558464.0,9542630855.0,13653007339.0,-3574731246.0,45191393967.0,58844401306.0,-7521513091.0,4882232877.0,35544392052.0,-5226499523.0,-5900999751.0,29643392301.0,23.19,-4.37,-0.65,2025,사업보고서
091700,파트론,KOSDAQ,보통주,5390.0,0.94,269500000000.0,50000.0,43091.0,25.25,7.05,6.64,33095158558.0,1349528006319.0,214851290688.0,44747741189.0,560252428560.0,775103719248.0,55900926919.0,1486422074868.0,187823738196.0,61707407735.0,555460657504.0,743284395700.0,30156905108.0,1172405320789.0,145684637549.0,41681019126.0,505688770713.0,651373408262.0,38.35,3.32,5.91,2025,사업보고서
036200,유니셈,KOSDAQ,보통주,8910.0,1.37,273200000000.0,30664.0,84837.0,17.0,16.69,3.81,8964739747.0,273330435300.0,39203785419.0,10901847307.0,243606948375.0,282810733794.0,15504799224.0,218160735643.0,34751570642.0,9974310432.0,228299924242.0,263051494884.0,18230112881.0,232111743013.0,28979641845.0,17388081940.0,214384514026.0,243364155871.0,16.09,3.99,3.68,2025,사업보고서
187660,페니트리움바이오,KOSDAQ,보통주,5850.0,14.71,374200000000.0,63966.0,3940194.0,2.31,-20.1,-104.62,-14829730974.0,9273012798.0,11265219701.0,-7376237084.0,21526941924.0,32792161625.0,-20260475756.0,9744986676.0,21898111403.0,-15932446161.0,6628509224.0,28526620627.0,-3363294388.0,13790195699.0,17086611378.0,-1911004834.0,27127582349.0,44214193727.0,52.33,-79.55,-68.89,2025,사업보고서
151860,KG에코솔루션,KOSDAQ,보통주,5590.0,-1.06,266100000000.0,47603.0,25286.0,2.61,2.1,5.89,183703254415.0,7577196875286.0,3104186146139.0,191256023803.0,3119830699761.0,6224016845900.0,214231564334.0,7284861546790.0,3254441402862.0,226534824514.0,2958917418442.0,6213358821304.0,219616203835.0,7257169608818.0,3006585765147.0,309777861059.0,2835220883339.0,5841806648486.0,99.5,2.52,5.89,2025,사업보고서
309710,아이티켐,KOSDAQ,보통주,21000.0,0.0,268400000000.0,12783.0,0.0,0.0,-14.83,-24.74,-14330238735.0,61966968775.0,115740855472.0,-1850846474.0,65278353552.0,181019209024.0,11417848887.0,49102752858.0,63679834888.0,3594368188.0,47433655987.0,111113490875.0,-7821948171.0,44958571087.0,100792510370.0,698124973.0,-26482118847.0,74310391523.0,177.3,-2.99,-21.95,2025,사업보고서
011560,세보엠이씨,KOSDAQ,보통주,24150.0,1.26,243500000000.0,10085.0,23343.0,12.13,5.55,13.87,35560402015.0,715793070282.0,185644577681.0,40367964669.0,271246614337.0,456891192018.0,28075435018.0,788786717342.0,139885805832.0,28614245880.0,241718530101.0,381604335933.0,37114932732.0,880439526919.0,205270802937.0,46615416680.0,217232504464.0,422503307401.0,68.44,5.64,13.11,2025,사업보고서
243070,휴온스,KOSDAQ,보통주,21150.0,0.95,253400000000.0,11980.0,29658.0,15.98,13.43,11.85,42243845620.0,620768254716.0,265420454725.0,45599954135.0,414861334813.0,680281789538.0,29073427336.0,590231059719.0,255690371372.0,39695088137.0,350594854563.0,606285225935.0,50385066708.0,552006502264.0,206873327848.0,56002319215.0,330412261178.0,537285589026.0,63.98,7.35,10.18,2025,사업보고서
182400,엔케이젠바이오텍코리아,KOSDAQ,보통주,3670.0,0.0,265500000000.0,72342.0,0.0,0.0,-203.89,81.99,-7342481280.0,7862515138.0,7198979226.0,-2532433603.0,7095135946.0,14294115172.0,-36941622703.0,8800038505.0,47884002006.0,-4064593226.0,-25005220750.0,22878781256.0,-153592178989.0,9947882202.0,63782391653.0,-67481545756.0,-9337158059.0,54445233594.0,101.46,-32.21,-103.49,2025,사업보고서
267980,매일유업,KOSDAQ,보통주,34350.0,0.29,263200000000.0,7664.0,1164.0,14.06,3.98,9.32,56243523857.0,1843539281196.0,434833778254.0,60028565008.0,631105921929.0,1065939700183.0,45537723486.0,1811435717578.0,451043257327.0,70336217738.0,575240941477.0,1026284198804.0,55050059635.0,1782979215597.0,432715886369.0,72229121232.0,540085617857.0,972801504226.0,68.9,3.26,8.91,2025,사업보고서
160980,싸이맥스,KOSDAQ,보통주,23250.0,2.2,254000000000.0,10924.0,135002.0,6.21,15.18,8.12,14939385633.0,164404533950.0,29781041088.0,23345730078.0,194222604268.0,224003645356.0,15412505405.0,165058416302.0,53733731499.0,23405364176.0,173668408972.0,227402140471.0,11826612218.0,156626583125.0,50078579995.0,7112986673.0,162525409117.0,212603989112.0,15.33,14.2,7.69,2025,사업보고서
461300,아이스크림미디어,KOSDAQ,보통주,19540.0,0.98,260500000000.0,13334.0,22613.0,7.15,3.6,25.36,49169465369.0,195910648546.0,62380567227.0,61763104721.0,204443968538.0,266824535765.0,31075878895.0,152180302062.0,39608059970.0,46100544112.0,183268070875.0,222876130845.0,30234638402.0,123055437787.0,30926324905.0,34045030934.0,83549778888.0,114476103793.0,30.51,31.53,24.05,2025,사업보고서
121800,비덴트,KOSDAQ,보통주,3320.0,0.0,256300000000.0,77202.0,0.0,1.47,-5.28,1.37,8649437293.0,10149724188.0,58482758351.0,-7216693320.0,644626607897.0,703109366248.0,67155376087.0,9634816752.0,102606396742.0,-11050100359.0,638210987434.0,740817384176.0,-25906500192.0,10016939696.0,79849263095.0,-9887229423.0,568760444017.0,648609707112.0,9.07,-71.1,1.34,2025,사업보고서
108860,셀바스AI,KOSDAQ,보통주,9190.0,3.37,247300000000.0,26915.0,195748.0,0.57,-83.55,-5.2,-4343459641.0,114780821863.0,47194975247.0,1482121007.0,259905431601.0,307100406848.0,-1020940783.0,112454363009.0,49224080095.0,799960142.0,262912105624.0,312136185719.0,-125084596.0,53011546842.0,24271465951.0,4086696337.0,168519458520.0,192790924471.0,18.16,1.29,-1.67,2025,사업보고서
200470,에이팩트,KOSDAQ,보통주,6240.0,-2.19,273500000000.0,43824.0,613572.0,2.14,25.47,8.33,5226139451.0,110999185614.0,111668718896.0,5267413072.0,70190938252.0,181859657148.0,-50716914625.0,86722560746.0,107251744663.0,-21532802006.0,55236215989.0,162487960652.0,-16654612063.0,93742317670.0,111424742210.0,-22880495221.0,98080675462.0,209505417672.0,159.09,4.75,7.45,2025,사업보고서
023410,유진기업,KOSDAQ,보통주,3190.0,0.47,246600000000.0,77311.0,174879.0,4.75,-5.08,-1.16,-24486386033.0,1332687769915.0,1319394146547.0,32373543119.0,1050190440045.0,2369584586592.0,-100746405683.0,1393301260353.0,1348176971778.0,55002985748.0,1026691337024.0,2374868308802.0,69312226665.0,1473426055245.0,1218270550111.0,84442700646.0,1067945492634.0,2286216042745.0,125.63,2.43,-2.33,2025,사업보고서
377460,큐에이드,KOSDAQ,보통주,4080.0,0.0,253200000000.0,62056.0,0.0,0.02,-453.33,18.78,7164841209.0,91649492825.0,98987865178.0,-1913576661.0,56797272218.0,155785137396.0,-49441664828.0,116304050890.0,177678660229.0,-926704867.0,19541787680.0,197220447909.0,-134393291096.0,274309385444.0,205736227988.0,-106143541190.0,67952738805.0,273688966793.0,174.28,-2.09,12.61,2025,사업보고서
389500,에스비비테크,KOSDAQ,보통주,37750.0,9.1,251500000000.0,6663.0,125451.0,3.46,-13.97,-76.71,-9453542517.0,7198979874.0,19728989796.0,-6862597018.0,12504151834.0,32233141630.0,-896843463.0,5465590414.0,16752201609.0,-6892852081.0,12143347088.0,28895548697.0,-11013300171.0,5134276778.0,42922527108.0,-5572218496.0,11610135457.0,54532662565.0,157.78,-95.33,-75.6,2025,사업보고서
060720,KH바텍,KOSDAQ,보통주,10890.0,4.61,257800000000.0,23677.0,164558.0,7.17,15.62,7.55,20391939761.0,424904200489.0,128482263988.0,31752377839.0,275668671803.0,404150935791.0,21312737820.0,311011706199.0,124762543866.0,21858202762.0,262360269009.0,387122812875.0,30935074981.0,363572099173.0,95475808630.0,33607563323.0,247041671603.0,342517480233.0,46.61,7.47,7.4,2025,사업보고서
180400,DXVX,KOSDAQ,보통주,2325.0,1.75,228800000000.0,98429.0,21916.0,4.93,-6.82,-53.82,-29584637999.0,29356591144.0,59109433827.0,-24317408362.0,95764720254.0,154874154081.0,-51483903348.0,33946577478.0,56004333673.0,-21596592945.0,16354398554.0,72358732227.0,-27836035041.0,41243654577.0,71139418758.0,-15449039642.0,28796493316.0,99935912074.0,61.72,-82.83,-30.89,2025,사업보고서
024840,KBI메탈,KOSDAQ,보통주,5230.0,2.75,226400000000.0,43291.0,919848.0,1.2,11.15,-0.04,1375050978.0,758566539460.0,248050389692.0,24344855274.0,141237762985.0,389288152677.0,1639663391.0,702691927333.0,127304715705.0,17495103034.0,130349897936.0,257654613641.0,665696051.0,685035268666.0,112360099862.0,7819137792.0,122041087118.0,234401186980.0,175.63,3.21,0.97,2025,사업보고서
100120,뷰웍스,KOSDAQ,보통주,26350.0,0.57,236400000000.0,8971.0,8365.0,30.25,5.7,9.03,20911268823.0,239334580000.0,103218699292.0,21420223360.0,248673569961.0,351892269253.0,21093961843.0,222898069398.0,86097904463.0,22330975608.0,236797033017.0,322894937480.0,14759288697.0,220250538558.0,77028895370.0,18736462535.0,215644538127.0,292673433497.0,41.51,8.95,8.41,2025,사업보고서
394280,오픈엣지테크놀로지,KOSDAQ,보통주,8410.0,1.57,221600000000.0,26347.0,67773.0,2.85,-7.22,-77.48,-30132691582.0,16058809323.0,30476112940.0,-28907297350.0,17069337165.0,47545450105.0,-27287195585.0,15328473450.0,25961007587.0,-24612257562.0,60717226016.0,86678233603.0,-14856026689.0,19594562678.0,24120855174.0,-15863858723.0,20571164503.0,44692019677.0,178.54,-180.01,-176.53,2025,사업보고서
389260,대명에너지,KOSDAQ,보통주,13150.0,3.79,235600000000.0,17916.0,54075.0,1.06,7.78,9.64,14143966250.0,130971472403.0,217109889803.0,16798712496.0,164653849372.0,381763739175.0,7790210227.0,67761578359.0,241181598269.0,9705106323.0,128742443077.0,369924041346.0,6142245415.0,61640473408.0,223036372240.0,16741316162.0,120955074835.0,343991447075.0,131.86,12.83,8.59,2025,사업보고서
094480,갤럭시아머니트리,KOSDAQ,보통주,6120.0,10.87,240100000000.0,39230.0,3282513.0,2.15,27.69,7.16,8197880274.0,129700193187.0,280543961857.0,18393923568.0,118421301090.0,398965262947.0,557296160.0,128772392051.0,252514687614.0,13220798774.0,112115909471.0,364630597085.0,-351488724.0,132389824802.0,247739597232.0,9240639992.0,113356325879.0,361095923111.0,236.9,14.18,6.92,2025,사업보고서
237880,클리오,KOSDAQ,보통주,12370.0,-1.12,223500000000.0,18071.0,78881.0,2.79,7.59,5.68,13222646363.0,328903470798.0,58377598232.0,16435917068.0,240875374419.0,299252972651.0,27155971328.0,351365821349.0,61533515029.0,24602690232.0,233892856254.0,295426371283.0,27319035509.0,330584497213.0,65869393095.0,33809871290.0,213698489596.0,279567882691.0,24.24,5.0,5.49,2025,사업보고서
089980,상아프론테크,KOSDAQ,보통주,15020.0,3.09,240200000000.0,15989.0,11411.0,4.66,24.38,3.34,6755147082.0,195987991877.0,176749222717.0,6712413242.0,203319880123.0,380069102840.0,6162641428.0,171751657758.0,161209437817.0,5849621931.0,201029299104.0,362238736921.0,11994182126.0,183599147402.0,155926222179.0,8958369872.0,193026085627.0,348952307806.0,86.93,3.42,3.32,2025,사업보고서
064820,케이프,KOSDAQ,보통주,7520.0,1.48,232100000000.0,30860.0,40320.0,2.21,3.68,23.12,64237261228.0,579773872948.0,2383488669500.0,49963648641.0,309485029721.0,2692973699221.0,18297591691.0,516502499171.0,2145156709369.0,38992422321.0,259508030767.0,2404664740136.0,27101327960.0,590659693241.0,1986990800067.0,40953906753.0,253983013033.0,2240973813100.0,770.15,8.62,20.76,2025,사업보고서
071200,인피니트헬스케어,KOSDAQ,보통주,9680.0,2.87,236200000000.0,24396.0,47402.0,13.47,3.68,14.66,26753022576.0,102391971526.0,54100786785.0,14216873921.0,194691662236.0,248792449021.0,38496883100.0,95750182678.0,50432525039.0,7724254099.0,171386480244.0,221819005283.0,16787517438.0,85859797943.0,40677328393.0,3942438472.0,131349684417.0,172027012810.0,27.79,13.88,13.74,2025,사업보고서
304360,에스바이오메딕스,KOSDAQ,보통주,19040.0,1.93,235800000000.0,12385.0,13068.0,2.08,-19.39,-79.08,,16547626709.0,24493496349.0,-8343993607.0,16725364626.0,41218860975.0,,13734027409.0,26289340327.0,-5445268665.0,18311414439.0,44600754766.0,,13108378002.0,19593244342.0,-5988043386.0,12353974894.0,31947219236.0,146.45,-50.42,,2025,사업보고서
365270,큐라클,KOSDAQ,보통주,10050.0,4.15,222700000000.0,22157.0,76478.0,1.65,-26.45,-54.03,-18112835664.0,7101468.0,16121371593.0,-16503369291.0,37088924813.0,53210296406.0,-14886473150.0,1632550301.0,29335031752.0,-12634687980.0,29953335494.0,59288367246.0,-11585769153.0,10294390768.0,27918956649.0,-10508110228.0,41863176325.0,69782132974.0,43.47,-232393.77,-48.84,2025,사업보고서
114190,강원에너지,KOSDAQ,보통주,8810.0,2.8,230100000000.0,26123.0,91026.0,0.89,-25.17,-16.31,-8467202799.0,212251840367.0,82598714753.0,-6095759149.0,64036952122.0,146635666875.0,-582114193.0,224422425036.0,92000859233.0,6771969120.0,71882484756.0,163883343989.0,5262049560.0,139211241785.0,129008631526.0,6927849462.0,42520244089.0,171528875615.0,128.99,-2.87,-13.22,2025,사업보고서
047920,HLB제약,KOSDAQ,보통주,7870.0,3.01,258100000000.0,32799.0,216559.0,0.0,93.69,3.79,4571740425.0,205581738650.0,45533628612.0,1063821221.0,125148801717.0,170682430329.0,2019777728.0,137082237869.0,41531726191.0,1473982285.0,116401738999.0,157933465190.0,-19427452535.0,135952754160.0,53198231806.0,-19542188127.0,88153400353.0,141351632159.0,36.38,0.52,3.65,2025,사업보고서
065680,우주일렉트로,KOSDAQ,보통주,23600.0,0.21,218100000000.0,9240.0,15299.0,10.1,9.32,8.47,21515008749.0,186420206961.0,82830170330.0,21809545822.0,262951977035.0,345782147365.0,19834818298.0,176181835330.0,81359692786.0,20125236440.0,246373997170.0,327733689956.0,5615967439.0,159897623025.0,74533269314.0,8014187683.0,223924851066.0,298458120380.0,31.5,11.7,8.18,2025,사업보고서
378340,필에너지,KOSDAQ,보통주,11630.0,4.12,251700000000.0,21644.0,43870.0,1.47,-16.54,-11.36,-15848684203.0,33194030028.0,85016038674.0,-22174111983.0,126665346691.0,211681385365.0,13366407761.0,285399723340.0,69105756789.0,14201565297.0,142949132978.0,212054889767.0,-6416727169.0,196715168088.0,121237352675.0,15311910704.0,128612259218.0,249849611893.0,67.12,-66.8,-12.51,2025,사업보고서
068930,디지털대성,KOSDAQ,보통주,8630.0,-0.46,238800000000.0,27675.0,15532.0,3.78,6.54,15.41,25625100101.0,253821898980.0,175468923939.0,31559402258.0,170528416925.0,345997340864.0,16079683039.0,217722264803.0,176890783177.0,23703477394.0,161093422736.0,337984205913.0,16994148544.0,211548803002.0,78851310352.0,25023413731.0,168731322912.0,247582633264.0,102.9,12.43,15.03,2025,사업보고서
0011T0,채비,KOSDAQ,보통주,4555.0,3.64,213900000000.0,46950.0,139447.0,2.72,-5.19,-40.81,,,,,,,,,,,,,,,,,,,,,,2025,사업보고서
416180,신성에스티,KOSDAQ,보통주,25400.0,4.74,229600000000.0,9040.0,12678.0,1.49,-201.59,0.54,553683247.0,116912967727.0,141543642858.0,2270544742.0,103984844578.0,245528487436.0,7104244312.0,127027520143.0,41866636190.0,8805097417.0,102575575949.0,144442212139.0,9108473330.0,124673269789.0,39279116423.0,8372804515.0,97136168195.0,136415284618.0,136.12,1.94,0.53,2025,사업보고서
043370,피에이치에이,KOSDAQ,보통주,11180.0,0.45,234800000000.0,21000.0,18345.0,15.1,4.09,5.63,46274514432.0,1200673221564.0,293338443948.0,48439190745.0,844946172522.0,1138284616470.0,61943248940.0,1152879626217.0,269393547021.0,51478190517.0,800192909386.0,1069586456407.0,61505451409.0,1134618152654.0,264347345321.0,48293293917.0,720990060924.0,985337406245.0,34.72,4.03,5.48,2025,사업보고서
456010,아이씨티케이,KOSDAQ,보통주,14870.0,1.5,215600000000.0,14502.0,112101.0,3.58,-14.31,-15.36,-6679992941.0,4020136626.0,29282823577.0,-8864162135.0,43949974620.0,73232798197.0,-5817711595.0,6683572584.0,2780906467.0,-6685587200.0,43011776728.0,45792683195.0,-9030707393.0,6187514371.0,1004537958.0,-2364614723.0,9408274176.0,10412812134.0,66.63,-220.49,-15.2,2025,사업보고서
0008Z0,에스엔시스,KOSDAQ,보통주,24600.0,-1.8,232100000000.0,9437.0,15222.0,8.12,12.67,13.13,18041280232.0,144425340172.0,59853705287.0,17738505697.0,172671981934.0,232525687221.0,22672572637.0,138127527874.0,75342129316.0,15477800090.0,102134854286.0,177476983602.0,11407905685.0,106268534704.0,70873090967.0,12897047561.0,80203194675.0,151076285642.0,34.66,12.28,10.45,2025,사업보고서
065710,서호전기,KOSDAQ,보통주,45250.0,1.91,233000000000.0,5150.0,3741.0,2.18,10.4,24.38,20706381210.0,116625518085.0,20413824461.0,25325581550.0,82995863776.0,103409688237.0,11474264315.0,46467231659.0,12646404711.0,1645582899.0,89328968210.0,101975372921.0,15456209684.0,66169002063.0,9819985519.0,12980216204.0,94060724028.0,103880709547.0,24.6,21.72,24.95,2025,사업보고서
452430,사피엔반도체,KOSDAQ,보통주,35000.0,13.45,288900000000.0,8255.0,113891.0,4.16,-777.78,-32.67,-4788048818.0,17312155993.0,18744935047.0,-4565205241.0,12867322169.0,31612257216.0,-17081983201.0,7992172190.0,14796455495.0,-3446378033.0,16446696544.0,31243152039.0,-13111750083.0,3210281108.0,10730234970.0,-6922499119.0,10833366343.0,21563601313.0,145.68,-26.37,-37.21,2025,사업보고서
298830,슈어소프트테크,KOSDAQ,보통주,4380.0,5.04,234100000000.0,53458.0,180664.0,4.76,20.37,8.6,9632341328.0,,57106363774.0,12600109809.0,121927253390.0,179033617164.0,10077676634.0,,56277933087.0,7890549456.0,106086743006.0,162364676093.0,5832554236.0,,62158331220.0,11472691041.0,95980592254.0,158138923474.0,46.84,,7.9,2025,사업보고서
0001A0,덕양에너젠,KOSDAQ,보통주,8910.0,1.37,226900000000.0,25469.0,25911.0,1.92,39.78,11.41,4516046395.0,143195229364.0,58331270476.0,6680358069.0,42474612118.0,100805882594.0,3024221562.0,137370488463.0,34362997650.0,6021503284.0,36665849854.0,71028847504.0,3123046803.0,129045577591.0,20239469407.0,5026193276.0,34593457502.0,54832926909.0,137.33,4.67,10.63,2025,사업보고서
243840,신흥에스이씨,KOSDAQ,보통주,5640.0,0.0,217500000000.0,38558.0,169387.0,6.89,13.09,-1.63,-5812630397.0,408233544783.0,522023916653.0,5927334473.0,353910956455.0,875934873108.0,21959254523.0,432831192104.0,517334309661.0,13173121143.0,358403579067.0,875737888728.0,30935991062.0,539851981578.0,502359634612.0,43651743021.0,337868238649.0,840227873261.0,147.5,1.45,-1.64,2025,사업보고서
085910,네오티스,KOSDAQ,보통주,14430.0,-2.5,199100000000.0,13795.0,190609.0,10.41,22.23,7.84,6269427108.0,68676858572.0,58100444040.0,7780052272.0,70410753480.0,128511197520.0,6236487855.0,54287070069.0,49983443944.0,3178608125.0,75148482982.0,125131926926.0,-3309148318.0,54292213091.0,59700691913.0,-83770015.0,71402819371.0,131103511284.0,82.52,11.33,8.9,2025,사업보고서
053030,바이넥스,KOSDAQ,보통주,6780.0,1.19,221600000000.0,32684.0,64374.0,7.26,-7.58,-1.75,-3289252936.0,168474906148.0,123967464359.0,-4534783893.0,187455536402.0,311423000761.0,-35180012451.0,130050545617.0,97780918346.0,-30754995522.0,181607355709.0,279388274055.0,4583698556.0,154824775515.0,75686034725.0,1042263178.0,181325401230.0,257011435955.0,66.13,-2.69,-1.75,2025,사업보고서
036030,케이티알파,KOSDAQ,보통주,4760.0,1.28,233300000000.0,49019.0,29539.0,1.1,5.27,15.47,43644345430.0,395886247409.0,192822330277.0,44161873807.0,303073655507.0,495895985784.0,19674888094.0,388170405304.0,200856698744.0,24595319091.0,261271227086.0,462127925830.0,16271007952.0,392782304602.0,187557029387.0,9605044398.0,244315660444.0,431872689831.0,63.62,11.16,14.4,2025,사업보고서
215000,골프존,KOSDAQ,보통주,36800.0,0.27,230900000000.0,6275.0,11055.0,16.82,11.68,5.83,12862007732.0,483261063779.0,178619581643.0,68070895156.0,438933561300.0,617553142943.0,42042966091.0,619981380425.0,218798139682.0,95827273929.0,446700744744.0,665498884426.0,73621776385.0,685111033775.0,211943377227.0,114549134545.0,425679094448.0,637622471675.0,40.69,14.09,2.93,2025,사업보고서
493280,아이엠바이오로직스,KOSDAQ,보통주,14720.0,2.79,218400000000.0,14837.0,39633.0,4.67,28.92,-47.26,876888728.0,11618699446.0,1808482043.0,297697050.0,73491238947.0,75299720990.0,-11884257664.0,27593912633.0,113335772887.0,13998471477.0,-77201924519.0,36133848368.0,-48536669059.0,,82600384618.0,-8637108912.0,-65826112514.0,16774272104.0,2.46,2.56,1.19,2025,사업보고서
445090,에이직랜드,KOSDAQ,보통주,20150.0,2.13,220200000000.0,10926.0,10051.0,0.75,-32.29,-38.05,-26555815974.0,72849892092.0,165686578261.0,-27577550754.0,55283151908.0,220969730169.0,-14008335474.0,94058022977.0,82805936713.0,-16968714228.0,84286360767.0,167092297480.0,3641164604.0,74154339770.0,62163714626.0,3859958977.0,97793723657.0,159957438283.0,299.71,-37.86,-48.04,2025,사업보고서
042370,비츠로테크,KOSDAQ,보통주,8110.0,3.05,212500000000.0,26200.0,82124.0,8.06,23.24,2.68,42687865223.0,432287382146.0,159846637882.0,55721095554.0,487566654782.0,647413292664.0,41534663507.0,428325224679.0,167934152081.0,51144255273.0,422551109922.0,590485262003.0,22355245678.0,352892509069.0,143634428018.0,28836092306.0,364480486802.0,508114914820.0,32.78,12.89,8.76,2025,사업보고서
094360,칩스앤미디어,KOSDAQ,보통주,10950.0,6.83,233800000000.0,21355.0,101036.0,2.38,25.11,7.39,5922544212.0,,21796130156.0,6964476384.0,84507541967.0,106303672123.0,10009046321.0,,8197583832.0,5281327227.0,75782540733.0,83980124565.0,-26693647792.0,,7710666675.0,7773789592.0,72946579608.0,80657246283.0,25.79,,7.01,2025,사업보고서
206640,바디텍메드,KOSDAQ,보통주,9760.0,-0.51,213800000000.0,21908.0,36317.0,3.7,8.61,10.71,23879556722.0,162093303707.0,37455787471.0,28940373359.0,244177648002.0,281633435473.0,27220056540.0,138160173429.0,31621689672.0,26150858416.0,223052758611.0,254674448283.0,26668388616.0,134219239677.0,30485131073.0,28476969172.0,197416532257.0,227901663330.0,15.34,17.85,9.78,2025,사업보고서
061090,세나테크놀로지,KOSDAQ,보통주,40400.0,5.62,220900000000.0,5468.0,25090.0,2.22,9.33,11.04,16714354973.0,179288201881.0,29477495557.0,16289649592.0,176224616010.0,205702111567.0,19004321843.0,167502055387.0,33510739947.0,21554345697.0,126520123332.0,160030863279.0,10862702375.0,153602351148.0,27563657921.0,12840980126.0,101779771271.0,129343429192.0,16.73,9.09,9.48,2025,사업보고서
241520,DSC인베스트먼트,KOSDAQ,보통주,7990.0,3.1,212500000000.0,26600.0,83509.0,7.44,8.26,14.58,17770710715.0,45138188422.0,47553092955.0,22339147639.0,130204845801.0,177757938756.0,10572893292.0,38626549523.0,43538234575.0,14954394099.0,114276128958.0,157814363533.0,14606369802.0,33564906112.0,33879835335.0,17544942089.0,106666091637.0,140545926972.0,36.52,49.49,13.65,2025,사업보고서
254490,미래반도체,KOSDAQ,보통주,15280.0,3.24,220600000000.0,14438.0,31162.0,3.27,4.48,14.41,14128668035.0,635582299292.0,77485351975.0,19075676565.0,110232497229.0,187717849204.0,6048978942.0,487630862852.0,47427063347.0,10234073750.0,85879275201.0,133306338548.0,5063785932.0,380510458504.0,69136228303.0,9406962299.0,80186489156.0,149322717459.0,70.29,3.0,12.82,2025,사업보고서
217730,강스템바이오텍,KOSDAQ,보통주,2265.0,3.9,213000000000.0,94054.0,226227.0,1.99,-8.85,-18.75,-10467365815.0,3572463936.0,12432982172.0,-17668125114.0,69060334821.0,81493316993.0,-7989963571.0,7745823635.0,12804092628.0,-14842348178.0,43182021406.0,55986114034.0,-23221104725.0,12704101187.0,36735491548.0,-22777439977.0,44517549654.0,81253041202.0,18.0,-494.56,-15.16,2025,사업보고서
073490,LIG아큐버,KOSDAQ,보통주,29600.0,3.68,225100000000.0,7604.0,24128.0,7.9,22.17,-0.71,-1198555359.0,186100825069.0,60895710286.0,-1120256759.0,167218491431.0,228114201717.0,2908461481.0,189719878849.0,61930238423.0,2437826932.0,173451813772.0,235382052195.0,10841477092.0,137371054434.0,52960434774.0,10281601531.0,165944317886.0,218904752660.0,36.42,-0.6,-0.72,2025,사업보고서
317330,덕산테코피아,KOSDAQ,보통주,11910.0,-2.54,243900000000.0,20477.0,113441.0,1.92,-2.95,-48.94,-105550462258.0,112078954483.0,540230144773.0,-43026410473.0,106475636736.0,646705781509.0,-72579149118.0,99694431512.0,457247657885.0,-30219465064.0,205743613594.0,662991271479.0,-19273669673.0,94076712274.0,330061600648.0,-6225474421.0,184305539033.0,514367139681.0,507.37,-38.39,-99.13,2025,사업보고서
950170,JTC,KOSDAQ,보통주,4450.0,1.14,217000000000.0,48773.0,3024.0,17.18,-105.95,2.73,8514835732.0,34026611684.0,18213032974.0,5242790064.0,19042527529.0,37255560503.0,2218406527.0,16268208251.0,20523439421.0,2375396677.0,9213018312.0,29736457733.0,-1474863175.0,3687946958.0,20533117685.0,-1544254050.0,6901688990.0,27434806675.0,95.64,15.41,44.71,2025,사업보고서
046970,우리로,KOSDAQ,보통주,4840.0,2.54,212100000000.0,43825.0,521584.0,2.44,58.31,-2.0,-788673761.0,42474837788.0,17290055659.0,-676694180.0,39177298684.0,56467354343.0,-5111261698.0,47371587974.0,20215315660.0,-3002178662.0,39794790431.0,60010106091.0,-4785013092.0,54609819824.0,15106762273.0,-3450045913.0,45083677788.0,60190440061.0,44.13,-1.59,-2.01,2025,사업보고서
086390,유니테스트,KOSDAQ,보통주,11330.0,-1.9,239400000000.0,21134.0,201073.0,9.19,-60.59,-19.3,-22441738477.0,110195025305.0,77314884182.0,-21088560085.0,93982221768.0,171297105950.0,-27270332208.0,92434193510.0,68014028440.0,-23439177500.0,116956593525.0,184970621965.0,6109494576.0,167769309722.0,48858453058.0,7142809006.0,148159907232.0,197018360290.0,82.27,-19.14,-23.88,2025,사업보고서
095500,미래나노텍,KOSDAQ,보통주,6850.0,0.74,212400000000.0,31010.0,52657.0,2.61,21.08,4.77,13599233450.0,538532646902.0,321777820107.0,20929372893.0,336895038934.0,658672859041.0,25774162524.0,622314535341.0,280214930205.0,24860166485.0,317425399168.0,597640329373.0,803936429.0,694025815289.0,352443490812.0,13703818450.0,272425525927.0,624869016739.0,95.51,3.89,4.04,2025,사업보고서
045390,대아티아이,KOSDAQ,보통주,3795.0,2.85,267400000000.0,70473.0,1450392.0,5.31,18.69,14.2,20401449667.0,153189348670.0,182368496987.0,7559496321.0,154047273844.0,336415770831.0,14678226177.0,149149155214.0,158439366887.0,7800058243.0,133566510985.0,292005877872.0,10700893397.0,112334976960.0,129734770689.0,2999780168.0,121755391179.0,251490161868.0,118.38,4.93,13.24,2025,사업보고서
014940,오리엔탈정공,KOSDAQ,보통주,4610.0,-0.22,210100000000.0,45574.0,51072.0,4.41,9.98,16.26,19142498885.0,207255774213.0,112554859276.0,24278429322.0,125352963601.0,237907822877.0,26053461644.0,207305296706.0,105554683482.0,24867578285.0,110132169395.0,215686852877.0,8908859193.0,157532717479.0,110922418214.0,12763401545.0,86882043727.0,197804461941.0,89.79,11.71,15.27,2025,사업보고서
058970,엠로,KOSDAQ,보통주,16130.0,5.42,199400000000.0,12363.0,31548.0,2.32,-158.14,3.19,2534989213.0,83980244007.0,17852714600.0,909560044.0,95660785759.0,113513500359.0,18598488192.0,79455970128.0,13426742981.0,8606497659.0,88993007788.0,102419750769.0,-26454245481.0,63173674058.0,62748412113.0,4662825133.0,28856169311.0,91604581424.0,18.66,1.08,2.65,2025,사업보고서
023760,한국캐피탈,KOSDAQ,보통주,1421.0,0.92,224200000000.0,157805.0,58791.0,0.69,2.2,14.08,100521650960.0,,4401705086821.0,127921709129.0,754145264471.0,5155850351292.0,81136484227.0,,3786612886756.0,96867260498.0,673685463526.0,4460298350282.0,66185070496.0,,3288174129416.0,82139916795.0,612033993762.0,3900208123178.0,583.67,,13.33,2025,사업보고서
0082N0,카나프테라퓨틱스,KOSDAQ,보통주,15600.0,-3.47,207500000000.0,13301.0,24983.0,2.8,-4.29,108.9,-35559545401.0,5560514921.0,3082723527.0,-4272679698.0,12378331933.0,15461055460.0,-28271157023.0,4251555470.0,97707925104.0,-4722838773.0,-77684913257.0,20023011847.0,-12585888406.0,348444530.0,70352941301.0,-10480368426.0,-50135469796.0,20217471505.0,24.9,-76.84,-287.27,2025,사업보고서
314930,바이오다인,KOSDAQ,보통주,6940.0,-1.42,206600000000.0,29764.0,42834.0,4.26,169.27,1.95,851593719.0,7027675925.0,870677646.0,652257064.0,44069204325.0,44939881971.0,10770170.0,5271365360.0,1147678781.0,-1729805073.0,43199550537.0,44347229318.0,-991761827.0,4088693758.0,603906356.0,-2050797880.0,43382132587.0,43986038943.0,1.98,9.28,1.93,2025,사업보고서
290690,아리바이오홀딩스,KOSDAQ,보통주,4120.0,1.23,218200000000.0,52959.0,176969.0,0.66,15.09,-9.12,-7715428231.0,38268314998.0,50694370560.0,-6717469974.0,90894632515.0,141589003075.0,-40974320492.0,50689386299.0,38966778530.0,-6618788188.0,78334746345.0,117301524875.0,-6697203911.0,59827801602.0,97746027710.0,515597483.0,62421326519.0,160167354229.0,55.77,-17.55,-8.49,2025,사업보고서
353810,이지바이오,KOSDAQ,보통주,6320.0,0.48,209100000000.0,33082.0,48182.0,5.89,5.25,29.06,29271545749.0,476938919229.0,213917539703.0,44989797479.0,113555174512.0,327472714215.0,19903567657.0,384330911334.0,271212694746.0,32391234291.0,88798863055.0,360011557801.0,16101039239.0,165385090893.0,105868718730.0,20631216305.0,66172834442.0,172041553172.0,188.38,9.43,25.78,2025,사업보고서
475400,씨메스로보틱스,KOSDAQ,보통주,17920.0,5.79,211600000000.0,11807.0,38758.0,1.89,-11.92,-25.19,-16776322672.0,13056154094.0,9958352585.0,-18411160019.0,58974232242.0,68932584827.0,-13462782279.0,6888405852.0,6738819971.0,-14287728694.0,74248819205.0,80987639176.0,-15685642895.0,7639315336.0,4593902671.0,-9988360547.0,19260466921.0,23854369592.0,16.89,-141.02,-28.45,2025,사업보고서
203650,드림시큐리티,KOSDAQ,보통주,2025.0,2.69,206000000000.0,101704.0,603306.0,3.59,14.78,7.19,7391870568.0,318850687156.0,421248180938.0,22485342269.0,149933736062.0,571181917000.0,12074733764.0,268839122078.0,388891992199.0,25645563681.0,147742892486.0,536634884685.0,22358222110.0,232738679548.0,299328030265.0,33279006375.0,106612345647.0,405940375912.0,280.96,7.05,4.93,2025,사업보고서
019010,베뉴지,KOSDAQ,보통주,4600.0,0.55,221700000000.0,48200.0,118868.0,0.62,0.66,27.16,101123973408.0,48243436044.0,280881584222.0,15045324725.0,445377353144.0,726258937366.0,-11317031320.0,47884999465.0,272148879436.0,18433770269.0,347413995632.0,619562875068.0,12289414663.0,40217736982.0,279664379375.0,8662633685.0,360698279853.0,640362659228.0,63.07,31.19,22.71,2025,사업보고서
064550,바이오니아,KOSDAQ,보통주,10390.0,1.46,268200000000.0,25810.0,851902.0,5.7,-40.12,-1.33,1707000542.0,330110657768.0,142897080857.0,15225442003.0,226986537739.0,369883618596.0,-19042111472.0,293975485094.0,105294276787.0,-13416567799.0,226891095647.0,332185372434.0,-6918602585.0,263236802636.0,80610453913.0,791752829.0,234876815089.0,315487269002.0,62.95,4.61,0.75,2025,사업보고서
005710,대원산업,KOSDAQ,보통주,10650.0,2.21,213400000000.0,20038.0,3682.0,15.29,3.06,14.02,76864266074.0,1058925866620.0,172567029720.0,70753680001.0,584505571115.0,757072600835.0,72618867841.0,931473122460.0,199331916325.0,74982105084.0,512394587369.0,711726503694.0,35740066596.0,777688827197.0,118935020121.0,47240755346.0,445755758946.0,564690779067.0,29.52,6.68,13.15,2025,사업보고서
194700,노바렉스,KOSDAQ,보통주,10470.0,-1.69,191100000000.0,18255.0,113125.0,6.81,4.51,15.0,35962353325.0,404259788627.0,104914863163.0,43050063787.0,254639696988.0,359554560151.0,23838295004.0,297725280736.0,69347327713.0,23189361844.0,220263068035.0,289610395748.0,21974183918.0,302167304022.0,64315585648.0,25499956005.0,200418094912.0,264733680560.0,41.2,10.65,14.12,2025,사업보고서
099430,바이오플러스,KOSDAQ,보통주,3370.0,2.12,207700000000.0,61641.0,108843.0,3.15,14.98,9.73,19996273240.0,90896012971.0,90060502129.0,15005249608.0,194979510840.0,285040012969.0,17510445184.0,66409594582.0,116557805636.0,23667463055.0,147740198661.0,264298004297.0,27421992294.0,65042901061.0,34745358340.0,28025617245.0,138061396595.0,172806754935.0,46.19,16.51,10.26,2025,사업보고서
144510,지씨셀,KOSDAQ,보통주,14760.0,0.0,233200000000.0,15800.0,43194.0,3.5,-0.95,-84.72,-273526855344.0,165523143709.0,113308965644.0,-13793530893.0,190381417327.0,303690382971.0,-75737034732.0,174451440266.0,115983427707.0,-19998722925.0,462365736297.0,578349164004.0,79104926.0,187544189442.0,123691620129.0,4076768549.0,541481756503.0,665173376632.0,59.52,-8.33,-143.67,2025,사업보고서
462860,더즌,KOSDAQ,보통주,3375.0,0.3,242200000000.0,71757.0,4375324.0,0.67,20.71,19.29,10739474851.0,59971247338.0,119548278209.0,13628015735.0,73596908461.0,193145186670.0,9917308588.0,62657767124.0,74302000525.0,10022797774.0,41367841817.0,115669842342.0,11316519564.0,42062848620.0,64816563511.0,10671074198.0,30759747402.0,95576310913.0,162.44,22.72,14.59,2025,사업보고서
036710,심텍홀딩스,KOSDAQ,보통주,3900.0,1.56,206000000000.0,52828.0,269793.0,23.86,-11.02,-147.91,-151085741073.0,1528084012715.0,1222534741514.0,-34264413583.0,373911861641.0,1596446603155.0,-112319134785.0,1302111613999.0,1190642671630.0,-131512573158.0,278656340332.0,1469299011962.0,-196307441993.0,1092958281242.0,891702876069.0,-206310593777.0,418902842679.0,1310605718748.0,326.96,-2.24,-40.41,2025,사업보고서
067390,아스트,KOSDAQ,보통주,5090.0,-3.23,214400000000.0,42116.0,64654.0,0.0,43.88,-2.93,-8836530619.0,254386380552.0,253734788034.0,7358569541.0,306858623090.0,560593411124.0,-17107013742.0,171380120862.0,265915269861.0,-6396741096.0,296127254452.0,562042524313.0,-40327657463.0,168484017802.0,440735251981.0,-36383148675.0,28396289794.0,469131541775.0,82.69,2.89,-2.88,2025,사업보고서
052330,코텍,KOSDAQ,보통주,11800.0,-0.51,209600000000.0,17762.0,7310.0,12.47,4.26,8.01,28330257869.0,396839741875.0,71634768599.0,37786162039.0,388306219071.0,459940987670.0,26646321068.0,307988606670.0,82648472486.0,23548368530.0,361054277021.0,443702749507.0,7685696049.0,327107490760.0,123560211867.0,4795531701.0,338627130627.0,462187342494.0,18.45,9.52,7.3,2025,사업보고서
484810,티엑스알로보틱스,KOSDAQ,보통주,13760.0,6.83,212600000000.0,15451.0,1305159.0,0.67,-12.85,-35.94,-15307717743.0,56632898384.0,39521187522.0,-771918665.0,55285147159.0,94806334681.0,3836401497.0,57227363835.0,43335936253.0,5268076346.0,29911453273.0,73247389526.0,2169977989.0,33193262358.0,55362605140.0,3554804972.0,16060846466.0,71423451606.0,71.49,-1.36,-27.69,2025,사업보고서
036190,금화피에스시,KOSDAQ,보통주,33100.0,-2.07,198600000000.0,6000.0,6566.0,23.34,6.63,8.2,30591844321.0,423433500797.0,105477063437.0,43801481164.0,385157747236.0,490634810673.0,40039278761.0,340226854764.0,100863618933.0,36198289191.0,360921043276.0,461784662209.0,38001459036.0,337610294221.0,100132481282.0,43458261238.0,330340453390.0,430472934672.0,27.39,10.34,7.94,2025,사업보고서
112290,와이씨켐,KOSDAQ,보통주,9280.0,0.87,187700000000.0,20221.0,71037.0,2.93,58.36,9.88,4628490389.0,83088557517.0,124081715773.0,-1765531974.0,49153962247.0,173235678020.0,-15989227462.0,70302947467.0,71779900051.0,-8162169511.0,44500264484.0,116280164535.0,-6051969111.0,62271679259.0,59082674475.0,-7826006885.0,60485923405.0,119568597880.0,252.43,-2.12,9.42,2025,사업보고서
380540,옵티코어,KOSDAQ,보통주,8450.0,0.0,206700000000.0,24457.0,0.0,0.22,-9.06,-119.16,-22552689259.0,21511958068.0,46234884326.0,-5927180737.0,22914021078.0,69148905404.0,-6716121568.0,23301941369.0,15751946063.0,-6522964024.0,14645162343.0,30397108406.0,-4524030253.0,26332441090.0,14711630677.0,-4057284201.0,19183995891.0,33895626568.0,201.78,-27.55,-98.42,2025,사업보고서
194480,데브시스터즈,KOSDAQ,보통주,15860.0,2.99,193000000000.0,12169.0,98003.0,2.08,-4.87,6.61,10804699019.0,295578347074.0,133273486321.0,6350198195.0,169453650588.0,302727136909.0,28271330928.0,236186554886.0,106219465941.0,27185096721.0,154148055027.0,260367520968.0,-49721229028.0,161143328758.0,105194369267.0,-47992774337.0,134557437613.0,239751806880.0,78.65,2.15,6.38,2025,사업보고서
053300,한국정보인증,KOSDAQ,보통주,5030.0,1.41,204200000000.0,40591.0,116203.0,1.82,10.86,13.36,28098821920.0,138465829337.0,172496096664.0,27060645605.0,249943688694.0,422439785358.0,12432454206.0,121892962888.0,173115324997.0,18858752108.0,232197892594.0,405313217591.0,10077338597.0,92218769214.0,105017376033.0,13967404091.0,221801246981.0,326818623014.0,69.01,19.54,11.24,2025,사업보고서
304100,솔트룩스,KOSDAQ,보통주,15390.0,2.06,193800000000.0,12594.0,83679.0,1.05,-19.46,-15.27,-11998353376.0,41635622271.0,32737643094.0,-8042487449.0,73761225397.0,106498868491.0,-5858192125.0,45944417924.0,20565283068.0,-6631928392.0,72670846244.0,93236129312.0,-10727358908.0,30828903129.0,25289789400.0,-9292178997.0,73541967029.0,98831756429.0,44.38,-19.32,-16.27,2025,사업보고서
462350,이노스페이스,KOSDAQ,보통주,5770.0,3.41,195500000000.0,33882.0,114901.0,2.83,-2.15,-156.1,-75096673902.0,2746488690.0,18037985608.0,-72246459507.0,52028717719.0,70066703327.0,-33346498845.0,14708000.0,11727770859.0,-32904435579.0,44186142416.0,55913913275.0,-83246975113.0,231425455.0,4217878610.0,-15929213281.0,19823509002.0,24041387612.0,34.67,-2630.5,-144.34,2025,사업보고서
012210,삼미금속,KOSDAQ,보통주,8350.0,0.12,192500000000.0,23052.0,107092.0,0.25,80.29,2.03,1690159098.0,73796930775.0,96071682290.0,5812312220.0,92703741549.0,188775423839.0,3464735457.0,76441344507.0,98926579415.0,4454162901.0,73820906285.0,172747485700.0,939964950.0,76842784518.0,95247237951.0,5964405335.0,56939081229.0,152186319180.0,103.63,7.88,1.82,2025,사업보고서
419530,SAMG엔터,KOSDAQ,보통주,18900.0,0.96,192900000000.0,10207.0,22064.0,4.04,59.25,54.69,30139738980.0,141251628528.0,52252771949.0,22632697773.0,83423152097.0,135675924046.0,-19377563851.0,116438413800.0,66575968649.0,-6109144833.0,30774467451.0,97350436100.0,-17103166950.0,95122568514.0,53042963767.0,-9418335494.0,47091518931.0,100134482698.0,62.64,16.02,36.13,2025,사업보고서
450950,아스테라시스,KOSDAQ,보통주,5130.0,0.59,193000000000.0,37628.0,9196.0,1.1,31.67,27.74,9210209041.0,37943714291.0,5448669212.0,10392032060.0,46763235492.0,52211904704.0,5351839577.0,28833182740.0,5090889183.0,6664217644.0,19637885805.0,24728774988.0,871834325.0,17497984287.0,9879173791.0,1555007407.0,6716759109.0,16595932900.0,11.65,27.39,19.7,2025,사업보고서
018310,삼목에스폼,KOSDAQ,보통주,13790.0,0.36,202700000000.0,14700.0,2337.0,1.82,39.07,1.58,10231607746.0,316985747797.0,113142727360.0,6444687038.0,653519193047.0,766661920407.0,73400633756.0,401900935563.0,136598800876.0,75317069744.0,644674852163.0,781273653039.0,119380219211.0,439386985136.0,165168410431.0,124131729083.0,574988112788.0,740156523219.0,17.31,2.03,1.57,2025,사업보고서
084850,아이티엠반도체,KOSDAQ,보통주,8690.0,0.58,197100000000.0,22683.0,16302.0,2.43,-1.43,-64.76,-93558890563.0,603110608556.0,395261036367.0,-6996601510.0,94576268620.0,489837304987.0,1220916096.0,647909543710.0,400840400367.0,2403483743.0,194383667525.0,595224067892.0,-33001895879.0,580535283001.0,414122152182.0,-14879697539.0,186237883100.0,600360035282.0,417.93,-1.16,-98.92,2025,사업보고서
125020,티씨머티리얼즈,KOSDAQ,보통주,6040.0,4.14,211600000000.0,35039.0,422259.0,3.13,19.87,2.49,1674560728.0,299118621385.0,43177945868.0,6798992249.0,77844443775.0,121022389643.0,6272929328.0,303895189566.0,19297178109.0,10926716361.0,56945961336.0,76243139445.0,13055114482.0,252059822241.0,26601224193.0,8688664602.0,43382346444.0,69983570637.0,55.47,2.27,2.15,2025,사업보고서
484120,도우인시스,KOSDAQ,보통주,21500.0,2.63,235600000000.0,10957.0,122694.0,0.78,9.45,0.34,490390376.0,139791218651.0,60178814951.0,3384516329.0,168251270171.0,228430085122.0,15271138373.0,141707834884.0,65375995849.0,9696133480.0,122178185446.0,187554181295.0,-1614431500.0,95062751582.0,131445014982.0,7810521362.0,35205821596.0,166650836578.0,35.77,2.42,0.29,2025,사업보고서
318060,그래피,KOSDAQ,보통주,18150.0,6.33,203000000000.0,11187.0,41439.0,3.1,-17.44,-93.7,-11669860403.0,20532799353.0,18644463058.0,-11053753180.0,21051694632.0,39696157690.0,-32664364539.0,16124504289.0,18130026894.0,-9170305465.0,3857208904.0,21987235798.0,-5425219428.0,10447933672.0,53226151405.0,-6977587083.0,-31012077044.0,22214074361.0,88.57,-53.83,-55.43,2025,사업보고서
067080,대화제약,KOSDAQ,보통주,10960.0,3.4,204000000000.0,18617.0,151157.0,0.37,46.05,2.26,2329966909.0,143060002187.0,131721554193.0,3162277476.0,79141701516.0,210863255709.0,829834748.0,149409212217.0,129514553679.0,6713011646.0,76369875608.0,205884429287.0,-514320521.0,141359215372.0,141809467301.0,1963837396.0,77353149453.0,219162616754.0,166.44,2.21,2.94,2025,사업보고서
013120,동원개발,KOSDAQ,보통주,2165.0,-1.59,196600000000.0,90808.0,43453.0,3.06,7.6,2.49,26142898100.0,387344571458.0,426027248184.0,17096007952.0,1059818944381.0,1485846192565.0,18304188012.0,520374333203.0,331956291081.0,21010739831.0,1046366295258.0,1378322586339.0,42550272755.0,736557428431.0,394698273429.0,30000134277.0,1035603605478.0,1430301878907.0,40.2,4.41,2.47,2025,사업보고서
102940,코오롱생명과학,KOSDAQ,보통주,14850.0,1.99,194400000000.0,13091.0,64725.0,2.57,5.48,6.81,24960208709.0,208981597803.0,330382090119.0,17572203303.0,584030482239.0,914412572358.0,-93085909327.0,161386743445.0,270225116745.0,-22084410295.0,149337504175.0,419562620920.0,-30726340421.0,124639034557.0,171763575658.0,-24095033091.0,137671975689.0,309435551347.0,56.57,8.41,4.27,2025,사업보고서
307180,아이엘,KOSDAQ,보통주,5700.0,3.64,210400000000.0,36916.0,231047.0,1.02,-16.38,-78.52,-10831408385.0,102864055822.0,131509082894.0,-8501873229.0,23188542465.0,154697625359.0,898911128.0,83215639985.0,123903306749.0,5326709864.0,14327067469.0,138230374218.0,-18081076589.0,39078135188.0,64954091032.0,-16743020132.0,14444116567.0,79398207599.0,567.13,-8.27,-46.71,2025,사업보고서
452280,한선엔지니어링,KOSDAQ,보통주,10180.0,5.06,195900000000.0,19248.0,251892.0,3.91,-678.67,14.04,8935445411.0,63216280322.0,72247195482.0,9749943247.0,68349041731.0,140596237213.0,4157936726.0,48541119085.0,20041049390.0,4922940420.0,58945874957.0,78986924347.0,4540751867.0,47752548300.0,17222864490.0,6192440505.0,54917000119.0,72139864609.0,105.7,15.42,13.07,2025,사업보고서
314130,지놈앤컴퍼니,KOSDAQ,보통주,3435.0,2.54,179600000000.0,52299.0,117771.0,3.9,-3.73,-8.34,-7686643893.0,24586847088.0,30431574221.0,-29234414724.0,114576784379.0,145008358600.0,-26849543035.0,27744683042.0,48270190647.0,-24198703745.0,99064606739.0,147334797386.0,-50652854697.0,14295995472.0,48543266217.0,-55092344303.0,113517123387.0,162060389604.0,26.56,-118.9,-6.71,2025,사업보고서
446540,메가터치,KOSDAQ,보통주,7110.0,5.02,206800000000.0,29079.0,126527.0,37.22,22.36,-5.32,-2858918739.0,43240176069.0,10281921801.0,-4174619354.0,52328706407.0,62610628208.0,5042623237.0,52992354510.0,9903528320.0,3996580954.0,55187625146.0,65091153466.0,-88210647.0,50143416324.0,16581646232.0,-252673138.0,50145001909.0,66726648141.0,19.65,-9.65,-5.46,2025,사업보고서
082800,비보존 제약,KOSDAQ,보통주,3100.0,5.08,188200000000.0,60720.0,269499.0,1.61,-5.25,-36.21,-32424112965.0,59343216714.0,92816239138.0,-19165591492.0,72664636241.0,165480875379.0,-9982009313.0,87601347762.0,78022246167.0,2853372564.0,106426761450.0,184449007617.0,-3357006376.0,71317790873.0,69579685034.0,2585441663.0,104067052073.0,173646737107.0,127.73,-32.3,-44.62,2025,사업보고서
272110,케이엔제이,KOSDAQ,보통주,24400.0,2.31,195800000000.0,8025.0,56265.0,6.54,8.12,30.79,25559651677.0,84444745007.0,133311955480.0,22242526961.0,97192301239.0,230504256719.0,8911143595.0,62216559100.0,85626865530.0,14148842880.0,69282570714.0,154909436244.0,10761460446.0,47360913081.0,61267046128.0,10475945639.0,65129834355.0,126396880483.0,137.16,26.34,26.3,2025,사업보고서
190510,나무가,KOSDAQ,보통주,13880.0,5.15,195500000000.0,14085.0,43466.0,6.0,10.21,14.84,25114747653.0,459879687266.0,85674562749.0,28185264560.0,171713874677.0,257388437426.0,26116091403.0,450363058954.0,97506321212.0,20949015522.0,166878423810.0,264384745022.0,23522307584.0,365609176662.0,58495197171.0,22724926461.0,147100940035.0,205596137206.0,49.89,6.13,14.63,2025,사업보고서
214180,헥토이노베이션,KOSDAQ,보통주,15030.0,5.55,195300000000.0,12993.0,130821.0,15.24,7.58,14.22,36792940394.0,375822702346.0,439800628468.0,50180560938.0,359509411699.0,799310040167.0,34774243429.0,319471899585.0,362434259746.0,48856036252.0,329720255396.0,692154515142.0,31912134531.0,288489349653.0,281458112080.0,38027667814.0,299136038791.0,580594150871.0,122.33,13.35,10.23,2025,사업보고서
034810,해성산업,KOSDAQ,보통주,6130.0,1.32,193600000000.0,31580.0,8463.0,1.59,-3.68,-3.3,-44884964945.0,2260078632205.0,1302088354823.0,41841478585.0,1288929938416.0,2591018293239.0,-3403242967.0,2220427942778.0,1244041943494.0,71417635539.0,1347987638851.0,2592029582345.0,2515935451.0,2308405711864.0,1151024499892.0,106286094900.0,1366350426466.0,2517374926358.0,101.02,1.85,-3.48,2025,사업보고서
036560,KZ정밀,KOSDAQ,보통주,12150.0,0.0,191400000000.0,15750.0,1679.0,4.29,10.66,1.75,9303093069.0,110512771845.0,152840088664.0,10180084478.0,581167526018.0,734007614682.0,19199161723.0,112713189198.0,122071874986.0,15202848992.0,482375961342.0,604447836328.0,29214391153.0,138702144854.0,59903006583.0,20810009383.0,336447687443.0,396350694026.0,26.3,9.21,1.6,2025,사업보고서
425040,티이엠씨,KOSDAQ,보통주,8380.0,2.2,183700000000.0,21923.0,117385.0,5.94,9.79,8.37,17699960143.0,279708410111.0,131131710248.0,24837637287.0,290699180219.0,421830890467.0,17073068609.0,310234690169.0,142093577858.0,19701451369.0,279689245437.0,421782823295.0,22777565044.0,200782972392.0,165917681739.0,21119641858.0,266556587935.0,432474269674.0,45.11,8.88,6.09,2025,사업보고서
459510,나우로보틱스,KOSDAQ,보통주,14760.0,8.29,191600000000.0,12978.0,149187.0,0.72,-11.41,-75.89,-8323641563.0,12526033167.0,15840372878.0,-8206292816.0,16162455089.0,32002827967.0,-3681030763.0,12059591829.0,10544443525.0,-2856450125.0,5772482226.0,16316925751.0,-4587043191.0,10406269410.0,14519531078.0,-5471875557.0,-3190931637.0,11328599441.0,98.01,-65.51,-51.5,2025,사업보고서
042420,네오위즈홀딩스,KOSDAQ,보통주,23850.0,-0.21,194200000000.0,8142.0,5912.0,4.0,9.17,10.08,61767925488.0,436800978752.0,170899621392.0,55244001359.0,725006922453.0,895906543845.0,-19571506120.0,368058340152.0,146714642102.0,20412125520.0,675828043789.0,822542685891.0,37533104711.0,366584640067.0,188715799137.0,17377536173.0,703211854175.0,891927653312.0,23.57,12.65,8.52,2025,사업보고서
039830,오로라,KOSDAQ,보통주,15270.0,-1.55,164300000000.0,10763.0,72569.0,6.52,5.64,13.37,21019291720.0,328079971298.0,404680339083.0,44479974147.0,177843671658.0,582524010741.0,4159522263.0,275696090137.0,412527515258.0,30971652389.0,153205924813.0,565733440071.0,6054823653.0,232555065538.0,383187688998.0,28430933871.0,139765602745.0,522953291743.0,227.55,13.56,11.82,2025,사업보고서
354320,알멕,KOSDAQ,보통주,32300.0,20.07,206400000000.0,6391.0,293805.0,8.45,63.46,-0.9,-6127157078.0,187825356603.0,181603715412.0,6220742324.0,161153439152.0,342757154564.0,-2388378630.0,156864765066.0,187389153036.0,-2742893790.0,151988948463.0,339378101499.0,-6631364894.0,216024728022.0,151295305026.0,15852555850.0,146933092457.0,298228397483.0,112.69,3.31,-3.8,2025,사업보고서
066620,국보디자인,KOSDAQ,보통주,26500.0,2.51,198800000000.0,7500.0,2524.0,13.67,1.8,13.15,39694649005.0,438886977675.0,149236288480.0,45761779944.0,323948087256.0,473184375736.0,40722225473.0,421641298281.0,147198541758.0,41699899386.0,279812971824.0,427011513582.0,27637070850.0,401268154696.0,126924813952.0,32409587505.0,210544497983.0,337469311935.0,46.07,10.43,12.25,2025,사업보고서
143240,사람인,KOSDAQ,보통주,16940.0,-0.35,181800000000.0,10733.0,10702.0,23.29,1.98,41.2,91770600476.0,121236114602.0,59688328319.0,16775417170.0,267009699270.0,326698027589.0,12347760825.0,128380866162.0,29689501054.0,21263889573.0,179972964499.0,209662465553.0,18617909074.0,131543843488.0,30912662076.0,25264492961.0,175056061960.0,205968724036.0,22.35,13.84,34.37,2025,사업보고서
115450,HLB테라퓨틱스,KOSDAQ,보통주,2150.0,2.63,190400000000.0,88580.0,100071.0,3.97,-10.59,-6.0,-9667885416.0,69561353835.0,54791634552.0,-3534298673.0,173863423186.0,228655057738.0,-23459940477.0,54931940888.0,37924951179.0,-7624366419.0,181868117434.0,219793068613.0,-3079320239.0,52590559930.0,29275990847.0,-8726462321.0,171518861900.0,200794852747.0,31.51,-5.08,-5.56,2025,사업보고서
119830,아이텍,KOSDAQ,보통주,6080.0,1.33,161400000000.0,26539.0,209485.0,1.85,-13.76,-2.75,-7002193507.0,48517802480.0,38436336455.0,-257048957.0,171838777042.0,210275113497.0,20008363581.0,48631863997.0,61153477953.0,-2187921651.0,168482117364.0,229635595317.0,-10538172914.0,52234250113.0,73153968454.0,-7304008328.0,147468841448.0,220622809902.0,22.37,-0.53,-4.07,2025,사업보고서
016790,현대사료,KOSDAQ,보통주,994.0,0.0,187300000000.0,188472.0,0.0,2.38,90.36,5.3,4384187336.0,113027093258.0,19208675692.0,4991149450.0,76548918864.0,95757594556.0,28440597779.0,128461963646.0,28052894996.0,2656039214.0,88931121555.0,116984016551.0,-217652242667.0,160600796744.0,180581086598.0,-9612022305.0,-72225701823.0,108355384775.0,25.09,4.42,5.73,2025,사업보고서
192440,슈피겐코리아,KOSDAQ,보통주,30400.0,2.36,189000000000.0,6216.0,3675.0,11.92,3.62,5.55,29009144198.0,463698273567.0,43750827757.0,33213220412.0,530316908333.0,574067736090.0,27895303691.0,465294035302.0,50927720847.0,21749189256.0,518075282774.0,569003003621.0,41324857555.0,447398859445.0,45929158803.0,35316027360.0,469592711643.0,515521870446.0,8.25,7.16,5.47,2025,사업보고서
388050,지투파워,KOSDAQ,보통주,9800.0,1.66,183400000000.0,18709.0,485225.0,1.26,24.5,14.09,5554279670.0,77377777992.0,47742407999.0,8807016633.0,42133751966.0,89876159965.0,4211239677.0,55423270415.0,27392216460.0,3670357141.0,36695004882.0,64087221342.0,671236597.0,49413146361.0,23518634965.0,-945440106.0,32245404042.0,55764039007.0,113.31,11.38,13.18,2025,사업보고서
049430,코메론,KOSDAQ,보통주,22450.0,6.4,203100000000.0,9048.0,107684.0,22.59,6.59,9.27,22562908297.0,72274341672.0,10285709427.0,17987264966.0,252171807433.0,262457516860.0,27249820147.0,73949173060.0,9831775825.0,19932389780.0,234411443757.0,244243219582.0,15319484327.0,70580550198.0,4506479490.0,8974525316.0,207237847167.0,211744326657.0,4.08,24.89,8.95,2025,사업보고서
064850,에프앤가이드,KOSDAQ,보통주,17230.0,10.88,196600000000.0,11410.0,43181.0,10.23,12.2,15.15,10045577451.0,35401545538.0,19536348111.0,10663123187.0,68936101394.0,88472449505.0,4102762417.0,31607660607.0,23256126616.0,7648239115.0,61800567747.0,85056694363.0,7710482576.0,29582881176.0,34942735132.0,6069159870.0,59010403472.0,93953138604.0,28.34,30.12,14.57,2025,사업보고서
357550,석경에이티,KOSDAQ,보통주,32900.0,0.0,179500000000.0,5455.0,2002.0,1.38,39.73,9.05,3798225099.0,17546662983.0,10218113347.0,3897552749.0,44060007829.0,54278121176.0,4335629586.0,13816434795.0,9380828359.0,2019072935.0,39838347809.0,49219176168.0,3451233999.0,12196671042.0,4175165618.0,3501622974.0,36038751123.0,40213916741.0,23.19,22.21,8.62,2025,사업보고서
222040,코스맥스엔비티,KOSDAQ,보통주,8580.0,4.0,177000000000.0,20628.0,227544.0,3.26,6.35,-29.61,-15078947845.0,287479069571.0,234116533889.0,4002712982.0,48842379358.0,282958913247.0,-5448374694.0,317985309667.0,255243545749.0,9904529646.0,62002278315.0,317245824064.0,-5829252157.0,333630908880.0,259486507058.0,11976872715.0,40591307315.0,300077814373.0,479.33,1.39,-30.87,2025,사업보고서
052710,아모텍,KOSDAQ,보통주,11290.0,8.25,210900000000.0,18681.0,514578.0,8.19,-57.6,5.19,7920105732.0,253765089587.0,197078488358.0,5505372842.0,156184713178.0,353263201536.0,-19787284817.0,229444552451.0,206566561373.0,-23900819524.0,149203783339.0,355770344712.0,-14683054807.0,186814458731.0,211048880134.0,-25972729250.0,164956839279.0,376005719413.0,126.18,2.17,5.07,2025,사업보고서
204610,티쓰리,KOSDAQ,보통주,3300.0,2.01,183900000000.0,55726.0,119272.0,3.52,11.22,17.72,20562096960.0,69512001616.0,14267317313.0,17013526336.0,110492369515.0,124759686828.0,12625359113.0,59318163123.0,18669387644.0,10523307297.0,103921495244.0,122590882888.0,-929384391.0,50964064605.0,21216780257.0,7559876291.0,102135605494.0,123352385751.0,12.91,24.48,18.61,2025,사업보고서
220100,퓨쳐켐,KOSDAQ,보통주,8130.0,3.44,182300000000.0,22427.0,56496.0,6.4,-17.12,-20.64,-13813051460.0,18670511678.0,19699410457.0,-7752938320.0,54831166996.0,74530577453.0,-9444808613.0,17293266226.0,19904477492.0,-9467489583.0,54516963988.0,74421441480.0,-7030705889.0,13968016475.0,8918809764.0,-8411501068.0,63914372132.0,72833181896.0,35.93,-41.53,-25.19,2025,사업보고서
094820,일진파워,KOSDAQ,보통주,11330.0,1.34,170800000000.0,15079.0,37849.0,4.07,7.62,13.41,19553746567.0,251984799104.0,177881168264.0,24121399743.0,151216898408.0,329098066672.0,9892674397.0,193088109908.0,133333451327.0,10272754233.0,137120376302.0,270453827629.0,9580223266.0,190826764234.0,62342539353.0,13120377484.0,130700501889.0,193043041242.0,117.63,9.57,12.93,2025,사업보고서
270660,에브리봇,KOSDAQ,보통주,14210.0,5.65,180300000000.0,12691.0,66651.0,0.0,-91.68,-19.47,-12746196444.0,34356667933.0,47459975050.0,-3197042632.0,62830596750.0,110290571800.0,312131480.0,29750850517.0,50839263515.0,-2235066216.0,66887383990.0,117726647505.0,2812991587.0,31697412701.0,22259081777.0,1528651357.0,65130685871.0,87389767648.0,75.54,-9.31,-20.29,2025,사업보고서
126600,BGF에코머티리얼즈,KOSDAQ,보통주,2960.0,-0.17,185800000000.0,62767.0,11259.0,0.97,11.7,3.44,10029811079.0,397885888276.0,282057725137.0,17346417585.0,499667445580.0,781725170717.0,15488803501.0,364314391661.0,221315508884.0,14010519555.0,493928278188.0,715243787072.0,-9806448688.0,285658919446.0,133708342036.0,17193108658.0,436750804142.0,570459146178.0,56.45,4.36,2.01,2025,사업보고서
464080,에스오에스랩,KOSDAQ,보통주,10160.0,8.43,183000000000.0,18014.0,123304.0,1.63,-8.33,-60.6,-17702033529.0,6086041489.0,52136671976.0,-16131399828.0,26451195024.0,78587867000.0,-11955889729.0,4935969544.0,7095334400.0,-12830689054.0,31970640049.0,39065974449.0,6020142042.0,4103272029.0,5965188045.0,-8326528029.0,19873748875.0,25838936920.0,197.11,-265.06,-66.92,2025,사업보고서
078150,HB테크놀러지,KOSDAQ,보통주,1876.0,3.08,178100000000.0,94922.0,650421.0,2.02,3.53,10.49,28402998846.0,160310839339.0,97169390624.0,6240826214.0,285087266334.0,382256656958.0,-51593100468.0,162368639166.0,92110792917.0,-16512183416.0,256705992169.0,348816785086.0,79299801033.0,111647444745.0,92959340373.0,-22063146792.0,311282170884.0,404241511257.0,34.08,3.89,9.96,2025,사업보고서
126700,하이비젼시스템,KOSDAQ,보통주,11500.0,-0.17,171800000000.0,14942.0,34043.0,11.28,-11.75,-6.7,-23689603286.0,171096948608.0,42426726170.0,-32554245303.0,275409037734.0,317835763904.0,40421626041.0,312011802751.0,76051099044.0,30986738252.0,289689958346.0,365741057390.0,49741192485.0,348281451045.0,95353827747.0,58796177634.0,264897704841.0,360251532588.0,15.4,-19.03,-8.6,2025,사업보고서
402030,코난테크놀로지,KOSDAQ,보통주,13760.0,3.38,172200000000.0,12517.0,11218.0,0.52,-19.35,-39.38,-9684801987.0,33979970427.0,15962754206.0,-9865474602.0,29558172167.0,45520926373.0,-13603883382.0,26318506558.0,24762292934.0,-14106433041.0,19624085759.0,44386378693.0,-9836359727.0,24428255327.0,16670651233.0,-10994514501.0,31423222864.0,48093874097.0,54.0,-29.03,-32.77,2025,사업보고서
950140,잉글우드랩,KOSDAQ,보통주,8620.0,1.65,171300000000.0,19868.0,6707.0,11.52,5.28,16.09,17447725.0,152431009.0,43524779.0,26274563.0,114701495.0,158226274.0,14390188.0,133594656.0,37983176.0,13779701.0,97887856.0,135871032.0,15889591.0,158405481.0,45541569.0,22104250.0,89123720.0,134665289.0,37.95,17.24,15.21,2025,사업보고서
216080,제테마,KOSDAQ,보통주,6200.0,-3.43,231200000000.0,37287.0,153855.0,2.92,-167.57,-9.59,-7440739548.0,76902884066.0,144133686341.0,3819154313.0,65002307140.0,209135993481.0,-2605426220.0,68520182954.0,151288990537.0,4110925721.0,71427922822.0,222716913359.0,13604191635.0,58716076773.0,163711599053.0,2633639012.0,73055934873.0,236767533926.0,221.74,4.97,-11.45,2025,사업보고서
108380,대양전기공업,KOSDAQ,보통주,18290.0,4.81,175000000000.0,9567.0,90799.0,7.27,5.92,9.64,24789386379.0,230094825180.0,52783719431.0,27060476082.0,269199840110.0,321983559541.0,19599490585.0,196278875513.0,63337140713.0,15686295738.0,245268750051.0,308605890764.0,8378787832.0,154347176318.0,72272462333.0,3734425846.0,225677809604.0,297950271937.0,19.61,11.76,9.21,2025,사업보고서
260970,에스앤디,KOSDAQ,보통주,54000.0,0.19,156200000000.0,2893.0,9842.0,5.01,6.44,26.71,20607893261.0,150937281130.0,22662780452.0,23006354812.0,86239562634.0,108902343086.0,17031008635.0,116139400246.0,24955580259.0,20115808777.0,68055114699.0,93010694958.0,11872534157.0,88275911467.0,17480911412.0,12879020371.0,88617361704.0,106098273116.0,26.28,15.24,23.9,2025,사업보고서
138610,나이벡,KOSDAQ,보통주,15160.0,0.4,172300000000.0,11368.0,57342.0,2.36,-7580.0,11.89,4641985404.0,32718793376.0,17179106702.0,5025830136.0,45822995102.0,63002101804.0,-9326815289.0,24550141599.0,30222660123.0,-4926541320.0,32230984229.0,62453644352.0,-6284177530.0,15703946248.0,37959108738.0,-2230481871.0,28843158562.0,66802267300.0,37.49,15.36,10.13,2025,사업보고서
054210,이랜텍,KOSDAQ,보통주,6970.0,3.87,176300000000.0,25291.0,65801.0,6.46,3.87,8.96,26654315861.0,753160333079.0,366845145325.0,43166434159.0,309313145166.0,676158290491.0,354711509.0,556013945520.0,293597492872.0,16100992106.0,285964663799.0,579562156671.0,16695940666.0,751165179019.0,287344238448.0,30443364028.0,273780996901.0,561125235349.0,118.6,5.73,8.62,2025,사업보고서
083310,엘오티베큠,KOSDAQ,보통주,9480.0,3.38,168800000000.0,17810.0,38273.0,8.31,129.86,-3.23,-7781162151.0,244892905459.0,78666712807.0,-8054257869.0,243779083289.0,322445796096.0,2367049768.0,265969118498.0,82369241128.0,-4171740668.0,256802271004.0,339171512132.0,50291025533.0,473028421100.0,107944601183.0,67151350020.0,260115210812.0,368059811995.0,32.27,-3.29,-3.19,2025,사업보고서
086820,바이오솔루션,KOSDAQ,보통주,6130.0,0.82,158900000000.0,25924.0,38798.0,2.12,175.14,0.86,273360996.0,15199886701.0,36477252082.0,-4340637927.0,32003384947.0,68480637029.0,-11928380884.0,12888526978.0,36206631843.0,-5069222611.0,31257447786.0,67464079629.0,-1356483687.0,12461714311.0,50217819492.0,-5142015726.0,42129633194.0,92347452686.0,113.98,-28.56,0.85,2025,사업보고서
293780,압타바이오,KOSDAQ,보통주,6460.0,-2.42,181500000000.0,28093.0,15917.0,1.46,-11.96,-32.25,-16346165951.0,3697914750.0,12842354692.0,-15843070615.0,47184636625.0,60026991317.0,-29377949531.0,3360980197.0,23236553008.0,-18854397789.0,54197060574.0,77433613582.0,-12061643748.0,323868818.0,31155725062.0,-16373536399.0,61363391275.0,92519116337.0,27.22,-428.43,-34.64,2025,사업보고서
143160,아이디스,KOSDAQ,보통주,16100.0,-0.12,172500000000.0,10716.0,2821.0,2.27,9.02,7.33,23299533331.0,327595925715.0,115014417784.0,21242195723.0,349947755552.0,464962173336.0,12869048199.0,313645958610.0,111753425217.0,16086789268.0,340342912869.0,452096338086.0,25277086689.0,278189278977.0,107462220491.0,22645779197.0,336677732999.0,444139953490.0,32.87,6.48,6.66,2025,사업보고서
080160,모두투어,KOSDAQ,보통주,8970.0,1.24,169500000000.0,18900.0,25137.0,10.35,31.58,17.71,14479086684.0,210407391445.0,139001125561.0,7438478888.0,92494524855.0,231495650416.0,10841323136.0,250462346191.0,163782569561.0,4889611216.0,71150134320.0,234932703881.0,13187601474.0,178584867440.0,199635181643.0,11557464055.0,99526283610.0,299161465253.0,150.28,3.54,15.65,2025,사업보고서
0015G0,그린광학,KOSDAQ,보통주,14080.0,4.61,164800000000.0,11703.0,29953.0,6.02,33.76,4.44,2047540253.0,41751906908.0,34343376697.0,2202413577.0,65562826401.0,99906203098.0,427808728.0,31732453233.0,44778380675.0,195226735.0,26714694052.0,71493074727.0,-3001343598.0,26738102873.0,41039045855.0,-1599917550.0,21615864911.0,62654910766.0,52.38,5.28,3.12,2025,사업보고서
264850,이랜시스,KOSDAQ,보통주,5630.0,6.03,170600000000.0,30295.0,491039.0,1.25,41.7,8.01,4241117790.0,69574700188.0,12623801025.0,3886441610.0,53925506216.0,66549307241.0,4985906330.0,71557511999.0,13354487623.0,5854698315.0,52014625017.0,65369112640.0,4982947261.0,68449331332.0,14077244258.0,5447612687.0,46876845312.0,60954089570.0,23.41,5.59,7.86,2025,사업보고서
176750,듀켐바이오,KOSDAQ,보통주,6350.0,2.58,180900000000.0,28489.0,54909.0,0.81,26.46,14.05,6479757905.0,38572364091.0,28436208003.0,7443287746.0,49239976454.0,77676184457.0,7993746573.0,35600990962.0,22158782636.0,5075928847.0,43009559883.0,65168342519.0,4000506704.0,34695489500.0,27482435612.0,5256032661.0,21794391078.0,49276826690.0,57.75,19.3,13.16,2025,사업보고서
308430,셀비온,KOSDAQ,보통주,12750.0,6.16,164500000000.0,12905.0,12099.0,3.58,21.36,-28.93,-7573629082.0,1945073476.0,12408110821.0,-8244608272.0,22786578557.0,35194689378.0,-7266102152.0,2289802980.0,4832786544.0,-7136638558.0,29575125706.0,34407912250.0,-3632827379.0,1471257198.0,3848093917.0,-5043268302.0,7497483908.0,11345577825.0,54.45,-423.87,-33.24,2025,사업보고서
083930,아바코,KOSDAQ,보통주,11330.0,0.0,166300000000.0,14677.0,32595.0,5.11,9.97,13.62,28650217594.0,392896306694.0,101676725902.0,34618160545.0,221847081425.0,323523807327.0,23889574293.0,305514630290.0,182376116010.0,20397848850.0,198743962725.0,381120078735.0,4257020941.0,186852149260.0,160708539552.0,4408460446.0,184176568475.0,344885108027.0,45.83,8.81,12.91,2025,사업보고서
372170,윤성에프앤씨,KOSDAQ,보통주,22150.0,7.0,176700000000.0,7979.0,39124.0,1.36,26.46,-10.23,-19159761921.0,100175134197.0,90152869169.0,-31641839337.0,177248917010.0,267401786179.0,37093652993.0,271333263956.0,103620830989.0,31914052767.0,197254438003.0,300875268992.0,24520766226.0,312881434759.0,184730828438.0,26473951396.0,161189665745.0,345920494183.0,50.86,-31.59,-10.81,2025,사업보고서
092130,이크레더블,KOSDAQ,보통주,14490.0,0.35,174500000000.0,12044.0,3942.0,9.85,13.31,28.09,12878380445.0,50019110190.0,9987510342.0,15580815077.0,42720107510.0,52707617852.0,12913878157.0,45086257229.0,10427306182.0,14961144853.0,48991051065.0,59418357247.0,11748156396.0,41099194540.0,8710308444.0,12605818935.0,45471180908.0,54181489352.0,23.38,31.15,30.15,2025,사업보고서
230240,에치에프알,KOSDAQ,보통주,11940.0,2.49,158900000000.0,13309.0,88623.0,9.82,-8.96,-0.21,-49269972.0,141982727703.0,122084643218.0,-1582194663.0,158571880168.0,280656523386.0,-18485166525.0,157094151451.0,112271469571.0,-20237323354.0,158813332783.0,271084802354.0,1870681319.0,164184216763.0,91217115913.0,-8418452143.0,176779760489.0,267996876402.0,76.99,-1.11,-0.03,2025,사업보고서
355150,코스텍시스,KOSDAQ,보통주,18350.0,2.11,143100000000.0,7797.0,37539.0,16.41,67.71,-2.51,-562518801.0,15220234978.0,33701580911.0,184343617.0,22303728608.0,56005309519.0,-1794814861.0,14213293474.0,17387403489.0,-1894839910.0,22567682926.0,39955086415.0,-11379417475.0,11549322439.0,11931178966.0,-1319886004.0,25858710986.0,37789889952.0,151.1,1.21,-2.52,2025,사업보고서
394800,쓰리빌리언,KOSDAQ,보통주,4835.0,2.98,153900000000.0,31823.0,133884.0,12.46,48.84,-20.87,-5411302059.0,11708662411.0,6071643814.0,-5889097928.0,23597400088.0,29669043902.0,-6571645547.0,5772098148.0,1944961932.0,-7419089160.0,28270627465.0,30215589397.0,-5092006709.0,2730329272.0,11072847672.0,-8352273046.0,11786296777.0,22859144449.0,25.73,-50.3,-22.93,2025,사업보고서
134580,탑코미디어,KOSDAQ,보통주,3560.0,6.59,175500000000.0,49294.0,679223.0,2.18,178.0,-7.16,-2324402052.0,48604543452.0,27925493596.0,3670011557.0,32441984367.0,60367477963.0,-4723548955.0,23340259807.0,6086477043.0,-3726430593.0,32471483481.0,38557960524.0,-11865220642.0,19178342271.0,4639034747.0,-2653050366.0,37231816875.0,41870851622.0,86.08,7.55,-7.16,2025,사업보고서
199820,제일일렉트릭,KOSDAQ,보통주,7260.0,2.83,161300000000.0,22220.0,101672.0,3.39,24.95,4.28,6696588664.0,196035438223.0,68019704496.0,11761673281.0,158537026556.0,226556731052.0,10418526999.0,186286728174.0,64841463000.0,8902836267.0,154462791189.0,219304254189.0,8009292050.0,143986066033.0,42285887877.0,7659502632.0,125900340569.0,168186228446.0,42.9,6.0,4.22,2025,사업보고서
179290,엠아이텍,KOSDAQ,보통주,5100.0,-0.78,165100000000.0,32366.0,24113.0,6.28,7.96,17.32,20362814051.0,67151796290.0,15905619825.0,20674090246.0,125932489267.0,141838109092.0,18289106385.0,53753172637.0,9695442584.0,17576351038.0,108832540986.0,118527983570.0,12797534891.0,46387389200.0,5903374068.0,14066004271.0,92937461081.0,98840835149.0,12.63,30.79,16.17,2025,사업보고서
489460,바이오비쥬,KOSDAQ,보통주,11180.0,2.1,164900000000.0,14753.0,38565.0,0.2,25.82,8.94,4151918824.0,28490907891.0,1767274482.0,4227326924.0,61979779472.0,63747053954.0,7188175504.0,29633293971.0,6842050682.0,9226974128.0,30947080076.0,37789130758.0,3310070555.0,17130294335.0,16423150217.0,5164788753.0,11505973746.0,27929123963.0,2.85,14.84,6.7,2025,사업보고서
126730,코칩,KOSDAQ,보통주,20000.0,1.21,175400000000.0,8770.0,238738.0,0.2,24.63,5.25,2849319517.0,38284849477.0,11400515129.0,1139330952.0,55798968897.0,67199484026.0,3229561639.0,33371108724.0,9202133100.0,2899394604.0,52798358121.0,62000491221.0,4799835088.0,32912374630.0,14569641692.0,4188898940.0,22925739138.0,37495380830.0,20.43,2.98,5.11,2025,사업보고서
417030,니어스랩,KOSDAQ,보통주,31450.0,16.05,181700000000.0,5778.0,740556.0,2.5,-7.59,8.97,,,,,,,,,,,,,,,,,,,,,,2025,사업보고서
382800,지앤비에스 에코,KOSDAQ,보통주,4990.0,5.27,158800000000.0,31831.0,408659.0,6.93,7.35,5.51,6316131877.0,91919436496.0,21664343886.0,7756388256.0,117821237974.0,139485581860.0,12514385768.0,70763128588.0,23711051633.0,11648559355.0,111375401554.0,135086453187.0,17623516769.0,89320182345.0,24775061909.0,18290380331.0,91566126110.0,116341188019.0,18.39,8.44,5.36,2025,사업보고서
041920,메디아나,KOSDAQ,보통주,8480.0,3.54,157700000000.0,18598.0,49051.0,5.1,16.4,4.01,5274496431.0,64944817855.0,11403632924.0,5950379397.0,135432248814.0,146835881738.0,6212040496.0,57038971899.0,11762671776.0,1309225935.0,127795923895.0,139558595671.0,8893421851.0,78421203014.0,11284088983.0,9402286818.0,100638278892.0,111922367875.0,8.42,9.16,3.89,2025,사업보고서
038390,레드캡투어,KOSDAQ,보통주,9970.0,0.1,166700000000.0,16721.0,7495.0,7.0,6.5,11.36,23682586713.0,365552937696.0,509024748298.0,46775282613.0,201266769061.0,710291517359.0,20249615765.0,358876963707.0,481558032420.0,43565664081.0,215676545461.0,697234577881.0,16636270975.0,338183142415.0,538514978192.0,38770681338.0,204247526037.0,742762504229.0,252.91,12.8,11.77,2025,사업보고서
101970,우양에이치씨,KOSDAQ,보통주,9980.0,1.01,147600000000.0,14790.0,6787.0,0.34,29.7,-2.41,-4313833726.0,100854566106.0,66350547408.0,706458866.0,184304709683.0,250655257091.0,27431646592.0,183248928232.0,87765663332.0,31088289307.0,173167279415.0,260932942747.0,21805463572.0,200055393194.0,109076213383.0,25271416847.0,146034174146.0,255110387529.0,36.0,0.7,-2.34,2025,사업보고서
245620,EDGC,KOSDAQ,보통주,741.0,0.0,167100000000.0,225531.0,0.0,0.47,0.95,-83.46,28242487129.0,7886099045.0,66538880629.0,-1596857542.0,-22525441423.0,44013439206.0,-95240818631.0,30941997176.0,130354354331.0,-12631473944.0,-44270001534.0,86084352797.0,-32096507185.0,88456744573.0,133125496678.0,-9358686426.0,40041445329.0,173166942007.0,-295.39,-20.25,-125.38,2025,사업보고서
234690,녹십자웰빙,KOSDAQ,보통주,10340.0,-3.81,185700000000.0,17963.0,1748236.0,1.45,33.57,9.2,10010782635.0,164680042293.0,109546239733.0,17294018774.0,112703404746.0,222249644479.0,7069229846.0,133804572383.0,56573578154.0,12963520153.0,104952958736.0,161526536890.0,6444322182.0,120534664952.0,56167617699.0,10457190802.0,100386713922.0,156554331621.0,97.2,10.5,8.88,2025,사업보고서
086670,비엠티,KOSDAQ,보통주,16780.0,-1.12,166600000000.0,9926.0,23316.0,3.44,7.18,13.96,18937581864.0,146991337484.0,113201167855.0,15313601466.0,149439184056.0,262640351911.0,4045184063.0,132809349767.0,126640338071.0,6465786455.0,123031060872.0,249671398943.0,16724890339.0,149605878145.0,128065256246.0,17432433899.0,121267170309.0,249332426555.0,75.75,10.42,12.67,2025,사업보고서
046120,오르비텍,KOSDAQ,보통주,4325.0,1.53,146400000000.0,33855.0,106143.0,6.6,13.95,1.34,793321203.0,57908501388.0,121333242542.0,-14011522685.0,111069569129.0,232402811671.0,2153107870.0,66520734108.0,51606025116.0,688951570.0,57710495099.0,109316520215.0,-2208721273.0,64010931712.0,48719452718.0,-4331619364.0,52326751244.0,101046203962.0,109.24,-24.2,0.71,2025,사업보고서
256840,한국비엔씨,KOSDAQ,보통주,2660.0,1.53,181900000000.0,68395.0,504917.0,4.77,-38.55,1.22,2046628725.0,95899224534.0,38449580498.0,1630469768.0,239536067195.0,277985647693.0,13264766446.0,89229997633.0,30584078223.0,10705760232.0,236490269805.0,267074348028.0,26116111831.0,80997489681.0,21945924187.0,6045988919.0,214206459927.0,236152384114.0,16.05,1.7,0.85,2025,사업보고서
012860,모베이스전자,KOSDAQ,보통주,2215.0,6.24,162200000000.0,73233.0,418444.0,4.51,6.73,8.59,20793712795.0,1044088716546.0,523763089718.0,36789097140.0,251110982976.0,774874072694.0,16892843933.0,971549079217.0,558987182912.0,34388852386.0,227650748885.0,786637931797.0,7702539489.0,939353137800.0,568546923170.0,27748942104.0,220100193379.0,788647116549.0,208.58,3.52,8.28,2025,사업보고서
049630,재영솔루텍,KOSDAQ,보통주,7140.0,5.47,166800000000.0,23365.0,219440.0,0.0,5.79,9.88,8454000769.0,164545576680.0,113954933953.0,10742804736.0,102218447780.0,216173381733.0,4192802181.0,111416090631.0,131143297224.0,10031477218.0,68916755187.0,200060052411.0,976236768.0,86131293694.0,130914022743.0,6710324587.0,63364088180.0,194278110923.0,111.48,6.53,8.27,2025,사업보고서
403850,더핑크퐁컴퍼니,KOSDAQ,보통주,12920.0,-1.22,185400000000.0,14351.0,137263.0,3.5,4.19,13.08,18124112294.0,93861865441.0,19699712283.0,19362248868.0,184202712975.0,203902425258.0,4993681688.0,97368182311.0,35921043728.0,18811003153.0,93663650051.0,129584693779.0,-18336595867.0,87845458296.0,45743180382.0,3989403591.0,86357379208.0,132100559590.0,10.69,20.63,9.84,2025,사업보고서
068790,DMS,KOSDAQ,보통주,6670.0,0.15,150500000000.0,22570.0,18447.0,4.26,1.11,35.52,142187632100.0,155471297435.0,140767554847.0,4236043807.0,433029491769.0,573797046616.0,35614961268.0,109594448763.0,164519989897.0,-3924687216.0,364239825557.0,528759815454.0,61858515662.0,264536298074.0,134729506299.0,52478030438.0,337453543399.0,472183049698.0,32.51,2.72,32.84,2025,사업보고서
114840,아이패밀리에스씨,KOSDAQ,보통주,9280.0,-3.33,154800000000.0,16681.0,67796.0,4.85,8.41,22.28,21836761902.0,224096054183.0,37936561808.0,27127744195.0,104455009349.0,142391571157.0,28305516968.0,204880606161.0,30761092636.0,33632455532.0,91557419380.0,122318512016.0,19997096910.0,148685912955.0,20838610964.0,23996195140.0,68994279177.0,89832890141.0,36.32,12.11,20.91,2025,사업보고서
475040,스트라드비젼,KOSDAQ,보통주,2810.0,0.72,151200000000.0,53825.0,423262.0,0.31,-2.46,56.61,-62232191926.0,18109229713.0,27188494035.0,-58595029759.0,25287357860.0,52475851895.0,-65528736734.0,11539392256.0,293941636386.0,-63875179774.0,-245150819059.0,48790817327.0,-54408186841.0,7171271925.0,224494318012.0,-64903684157.0,-187620228525.0,36874089487.0,107.52,-323.56,-246.1,2025,사업보고서
072870,메가스터디,KOSDAQ,보통주,13420.0,0.15,160000000000.0,11921.0,8792.0,18.96,5.45,8.36,29483242953.0,127284905272.0,173995637596.0,20542668813.0,373177555134.0,547173192730.0,18846917500.0,134264064370.0,182959887481.0,23779823063.0,355761084132.0,538720971613.0,20285736626.0,107784882028.0,144584044352.0,10359518258.0,347991277683.0,492575322035.0,46.63,16.14,7.9,2025,사업보고서
123860,아나패스,KOSDAQ,보통주,13650.0,2.63,165500000000.0,12123.0,5795.0,4.05,296.74,3.67,2714510369.0,108165267297.0,48031099871.0,20152032995.0,75420444693.0,123451544564.0,18899403038.0,182209532699.0,44912316817.0,20043218842.0,72705934324.0,117618251141.0,2679677306.0,71466090073.0,58064536546.0,4469540613.0,53806531286.0,111871067832.0,63.68,18.63,3.6,2025,사업보고서
093190,빅솔론,KOSDAQ,보통주,8500.0,0.83,163500000000.0,19239.0,12561.0,9.55,5.76,9.57,18319924872.0,133467748246.0,45919519724.0,15913191944.0,225216116073.0,271135635797.0,13283614504.0,113492418848.0,24169329670.0,9424771426.0,213102661022.0,237271990692.0,10539369275.0,108128067036.0,25953773078.0,9271877123.0,207416761597.0,233370534675.0,20.39,11.92,8.13,2025,사업보고서
199430,케이엔알시스템,KOSDAQ,보통주,19850.0,16.08,222300000000.0,11197.0,660414.0,0.75,-25.45,-33.15,-8464302681.0,15913249035.0,24061182326.0,-7538380433.0,22883784535.0,46944966861.0,-7856108837.0,18532994075.0,18350305707.0,-7721588338.0,28180406744.0,46530712451.0,-3788313312.0,21399034152.0,24605740210.0,-4340926917.0,8016485941.0,32622226151.0,105.15,-47.37,-36.99,2025,사업보고서
032620,GC메디아이,KOSDAQ,보통주,3100.0,-0.16,161800000000.0,52197.0,62416.0,2.15,-93.94,30.72,37819362595.0,197696072009.0,68810878150.0,7522327112.0,158889237131.0,227700115281.0,-1565632899.0,190597484288.0,52290576599.0,5162631425.0,107773038232.0,160063614831.0,-961234912.0,154040837400.0,41459738938.0,3509125932.0,113536458785.0,154996197723.0,43.31,3.8,23.8,2025,사업보고서
023910,대한약품,KOSDAQ,보통주,27150.0,-0.37,162900000000.0,6000.0,1971.0,20.25,5.92,9.6,27643838542.0,208614118262.0,47449750487.0,31185733351.0,300213631682.0,347663382169.0,33759099688.0,204194880322.0,48417628383.0,38080510688.0,275993788722.0,324411417105.0,28426315296.0,195911458889.0,46278381107.0,35795371698.0,247974088049.0,294252469156.0,15.81,14.95,9.21,2025,사업보고서
122990,와이솔,KOSDAQ,보통주,6240.0,1.63,166200000000.0,26639.0,33726.0,10.79,-13.57,-12.66,-42131712633.0,321239179749.0,51532636861.0,-36278731959.0,294706144811.0,346238781672.0,10998930304.0,374991657215.0,52413887998.0,461169544.0,361843148990.0,414257036988.0,13209326806.0,369736286348.0,49225130442.0,13484696786.0,347900656510.0,397125786952.0,17.49,-11.29,-14.3,2025,사업보고서
118990,모트렉스,KOSDAQ,보통주,6540.0,-0.3,160500000000.0,24537.0,107602.0,2.87,9.22,3.06,12536367558.0,702273819074.0,634565444261.0,41788922750.0,290266316809.0,924831761070.0,19333042903.0,586886443642.0,659978782821.0,43610928176.0,271839307083.0,931818089904.0,31609201449.0,531030803840.0,325748740135.0,53191037304.0,205401625205.0,531150365340.0,218.61,5.95,4.32,2025,사업보고서
123410,코리아에프티,KOSDAQ,보통주,5850.0,0.17,162900000000.0,27841.0,57820.0,44.43,3.9,18.48,44329022171.0,785869151550.0,256140175132.0,45413955880.0,267027241036.0,523167416168.0,35383601966.0,735908384932.0,246054175513.0,37536275662.0,220473939194.0,466528114707.0,30335231231.0,679542505142.0,237807649313.0,33927539705.0,177353236697.0,415160886010.0,95.92,5.78,16.6,2025,사업보고서
042600,새로닉스,KOSDAQ,보통주,12100.0,-1.31,150300000000.0,12424.0,8125.0,4.62,8.13,-29.94,-32061620585.0,164947822818.0,122705307004.0,-2632839358.0,94183091114.0,216888398118.0,-52916727406.0,202501396859.0,130847369596.0,7282953087.0,127534339762.0,258381709358.0,-29513780446.0,201701546184.0,148301896441.0,389601220.0,174671538974.0,322973435415.0,130.28,-1.6,-34.04,2025,사업보고서
104480,티케이케미칼,KOSDAQ,보통주,1779.0,1.25,161700000000.0,90895.0,282511.0,4.2,2.63,9.94,116509818824.0,345756223802.0,248019018194.0,2403179067.0,1227524315490.0,1475543333684.0,-111650211294.0,339574686712.0,369913585095.0,-1585026335.0,1116490027033.0,1486403612128.0,-2059225645.0,379151731204.0,415552330227.0,-4297257985.0,956690431186.0,1372242761413.0,20.2,0.7,9.49,2025,사업보고서
066410,버킷스튜디오,KOSDAQ,보통주,1153.0,0.0,159600000000.0,138454.0,0.0,0.5,-3.02,-33.51,-38263737205.0,17273408347.0,9183673417.0,-6182990399.0,164006726560.0,173190399977.0,-1810875857.0,17461234199.0,61157187684.0,-8262313074.0,129563270304.0,190720457988.0,3816357907.0,17184632869.0,129752641458.0,-7418746686.0,127141386458.0,256894027916.0,5.6,-35.79,-23.33,2025,사업보고서
046070,코다코,KOSDAQ,보통주,10280.0,0.0,144900000000.0,14100.0,0.0,0.02,63.85,-43.61,-6617442036.0,271044291023.0,349167110776.0,401652619.0,11413069868.0,360580180644.0,50366406831.0,251427529030.0,346826114237.0,-37117167570.0,13004985271.0,359831099508.0,-79384226028.0,293285556473.0,459032842216.0,-67389105011.0,-52054530875.0,406978311341.0,3059.36,0.15,-57.98,2025,사업보고서
119610,인터로조,KOSDAQ,보통주,13900.0,2.73,158700000000.0,11414.0,23304.0,4.84,10.03,7.91,12934148474.0,118440022952.0,87863781485.0,19482998615.0,157028522713.0,244892304198.0,179553685.0,115840405503.0,64456275015.0,5816345895.0,169941962591.0,234398237606.0,3146864373.0,119297492057.0,92589401822.0,5192422342.0,176913821283.0,269503223105.0,55.95,16.45,8.24,2025,사업보고서
382900,범한퓨얼셀,KOSDAQ,보통주,16990.0,3.35,148800000000.0,8761.0,40530.0,2.61,-42.9,0.98,1182079796.0,43361093941.0,189667514432.0,857853132.0,162693257592.0,352360772024.0,625090515.0,36194682101.0,146566519144.0,2411135122.0,165852406487.0,312418925631.0,-2430679796.0,30515676816.0,17739057109.0,-5240371930.0,105896617500.0,123635674609.0,116.58,1.98,0.73,2025,사업보고서
264450,유비쿼스,KOSDAQ,보통주,10230.0,-0.49,150000000000.0,14665.0,21192.0,6.18,4.63,12.92,24053039545.0,116437998535.0,27639143188.0,23104437271.0,195837144120.0,223476287308.0,21280049204.0,103793319517.0,25995250953.0,12370912733.0,176682622183.0,202677873136.0,25889867333.0,150278202365.0,39077353247.0,29038985036.0,165092085034.0,204169438281.0,14.11,19.84,12.28,2025,사업보고서
024800,유성티엔에스,KOSDAQ,보통주,4760.0,1.82,167700000000.0,35225.0,38616.0,1.43,1.87,10.9,57587548488.0,67042880664.0,96213298664.0,1225404512.0,553456879873.0,649670178537.0,70861960767.0,152855246796.0,117494348649.0,4925695156.0,495576000965.0,613070349614.0,69537753934.0,237322795454.0,167170209056.0,2095347531.0,465004288523.0,632174497579.0,17.38,1.83,10.41,2025,사업보고서
011040,경동제약,KOSDAQ,보통주,5110.0,0.2,157200000000.0,30769.0,65757.0,1.92,8.81,3.8,8450764230.0,196273042787.0,93022364679.0,7666156975.0,228873103445.0,321895468124.0,5447789290.0,193936297352.0,82535668961.0,2623604977.0,220336956662.0,302872625623.0,-20730323552.0,162674098953.0,64493723064.0,-24954556706.0,228477042121.0,292970765185.0,40.64,3.91,3.69,2025,사업보고서
263860,지니언스,KOSDAQ,보통주,15320.0,-3.65,139100000000.0,9080.0,177892.0,26.25,13.44,12.6,7496920564.0,48381253076.0,18188589873.0,7007064713.0,62211095881.0,80399685754.0,10908526190.0,49605420747.0,12512888355.0,9839923500.0,56786413084.0,69299301439.0,6246383767.0,42891621151.0,13132539198.0,6467031062.0,50510731531.0,63643270729.0,29.24,14.48,12.05,2025,사업보고서
054800,아이디스홀딩스,KOSDAQ,보통주,15290.0,0.13,158200000000.0,10348.0,3320.0,0.17,3.03,11.11,77964928908.0,908094139658.0,328442435616.0,89736520339.0,890398354545.0,1218840790161.0,62449152834.0,781350849775.0,319321011322.0,63135548774.0,853188760354.0,1172509771676.0,51045377389.0,748555977151.0,352125045027.0,44718268391.0,832464392556.0,1184589437583.0,36.89,9.88,8.76,2025,사업보고서
032580,피델릭스,KOSDAQ,보통주,4655.0,3.44,154200000000.0,33132.0,418157.0,35.27,9.97,-6.42,-2963388471.0,53615518212.0,12621503614.0,-2066008789.0,44800604681.0,57422108295.0,-2206307623.0,44810331384.0,9129957344.0,-4528465335.0,47550626152.0,56680583496.0,1061919010.0,52783978412.0,7463702735.0,710092106.0,49963549023.0,57427251758.0,28.17,-3.85,-6.61,2025,사업보고서
389020,자람테크놀로지,KOSDAQ,보통주,21300.0,2.4,147100000000.0,6905.0,15801.0,1.77,-36.72,-17.51,-6844416409.0,10643506120.0,41325598501.0,-7064553629.0,35673822351.0,76999420852.0,1983496824.0,22170389666.0,35922102046.0,365458864.0,42518238760.0,78440340806.0,-1268824382.0,11623137413.0,2184832664.0,-2141149247.0,35471428061.0,37656260725.0,115.84,-66.37,-19.19,2025,사업보고서
405100,큐알티,KOSDAQ,보통주,13960.0,9.66,171600000000.0,12289.0,168075.0,4.84,31.44,3.22,2893787827.0,68861373936.0,66255968303.0,4782984898.0,89260722030.0,155516690333.0,2857421981.0,65250660837.0,45964681680.0,4767436351.0,90355780385.0,136320462065.0,2624483373.0,53256955744.0,41723964759.0,752199915.0,100063768892.0,141787733651.0,74.23,6.95,3.24,2025,사업보고서
078070,유비쿼스홀딩스,KOSDAQ,보통주,8500.0,1.19,145000000000.0,17059.0,11759.0,2.8,4.49,7.95,33645392084.0,155662304600.0,33283032452.0,30605437419.0,383904520184.0,417187552636.0,21418505161.0,125649459355.0,31131576569.0,14347890468.0,356587039999.0,387718616568.0,29037154778.0,171599705010.0,44783269099.0,32598433001.0,346721259310.0,391504528409.0,8.67,19.66,8.76,2025,사업보고서
046440,KG파이낸셜,KOSDAQ,보통주,4240.0,1.44,153700000000.0,36250.0,48743.0,4.87,6.96,6.66,22619031186.0,233770778965.0,196619291938.0,33125178713.0,359612844607.0,556232136545.0,8227955108.0,266110739779.0,191495850675.0,7428647507.0,347008283942.0,538504134617.0,41335603180.0,279579831420.0,179670317356.0,32980603114.0,349724771474.0,529395088830.0,54.68,14.17,6.29,2025,사업보고서
089600,KT나스미디어,KOSDAQ,보통주,13060.0,-0.38,151100000000.0,11568.0,15377.0,4.95,10.22,3.39,6799441526.0,117892709347.0,238575531491.0,12318190519.0,201690323413.0,440265854904.0,-4639674866.0,103825467382.0,253292732799.0,17467426179.0,239403717473.0,492696450272.0,17703119011.0,146769140183.0,262336185028.0,20516812349.0,250975231047.0,513311416075.0,118.29,10.45,3.37,2025,사업보고서
093640,케이알엠,KOSDAQ,보통주,4435.0,3.99,145700000000.0,32844.0,17027.0,0.0,-11.64,-18.49,-14060062977.0,9034332926.0,35040921904.0,-10212826720.0,70432257070.0,105473178974.0,-25874747768.0,11197297460.0,64913243038.0,-9877307500.0,81657267721.0,146570510759.0,-29757597068.0,12411674184.0,127117066528.0,-22034798624.0,83496033123.0,210613099651.0,49.75,-113.04,-19.96,2025,사업보고서
138360,앤로보틱스,KOSDAQ,보통주,1730.0,2.31,152200000000.0,87974.0,1178046.0,4.88,14.42,9.96,6861739914.0,23371415577.0,23432886143.0,581389299.0,85415672851.0,108848558994.0,4623310859.0,21502697892.0,18475809210.0,-1171504420.0,52336460084.0,70812269294.0,-1886417461.0,10281647279.0,15196924938.0,-2297709099.0,37513035123.0,52709960061.0,27.43,2.49,8.03,2025,사업보고서
023600,삼보판지,KOSDAQ,보통주,9500.0,1.82,152100000000.0,16008.0,3262.0,4.12,4.96,4.6,31781237529.0,539865414411.0,189564845855.0,29908685759.0,669307873322.0,858872719177.0,37799142802.0,558291565532.0,175744424634.0,38726562940.0,637925846259.0,813670270893.0,60829313458.0,555628853462.0,152358601309.0,67368809282.0,609419895796.0,761778497105.0,28.32,5.54,4.75,2025,사업보고서
007330,푸른저축은행,KOSDAQ,보통주,10070.0,-0.3,151900000000.0,15083.0,853.0,1.68,7.12,6.33,19871582266.0,,1237410892711.0,16947521090.0,320543792584.0,1557954685295.0,7013527880.0,,1017688463958.0,6847926442.0,307554471179.0,1325242935137.0,14927850093.0,,1121940945165.0,9034570866.0,308863225225.0,1430804170390.0,386.03,,6.2,2025,사업보고서
187870,디바이스,KOSDAQ,보통주,10370.0,0.68,143800000000.0,13863.0,63348.0,7.41,4.04,11.11,16924050945.0,84082993642.0,57204375668.0,17333848510.0,161033111360.0,218237487028.0,7799616270.0,47160162301.0,60127126789.0,4222154950.0,143741011759.0,203868138548.0,7197193606.0,57152091930.0,44099589146.0,4309204331.0,138504394586.0,182603983732.0,35.52,20.62,10.51,2025,사업보고서
126640,화신정공,KOSDAQ,보통주,4870.0,6.56,170700000000.0,35056.0,3364611.0,3.87,7.8,9.15,10313484744.0,378937475942.0,79397672423.0,11781968219.0,118510671446.0,197908343869.0,2636388224.0,321956980467.0,62892161289.0,1340851683.0,106836858564.0,169729019853.0,9032825243.0,359878250345.0,79099695358.0,8707274170.0,118135945781.0,197235641139.0,67.0,3.11,8.7,2025,사업보고서
300080,플리토,KOSDAQ,보통주,8940.0,2.76,147600000000.0,16505.0,30585.0,8.0,26.22,45.69,6448160859.0,35979641976.0,7364689679.0,6153818311.0,17210478656.0,24575168335.0,809330984.0,20300590454.0,5520382637.0,-396344850.0,11017615321.0,16537997958.0,-6792796311.0,17761267682.0,11390622777.0,-5094024751.0,4380458518.0,15771081295.0,42.79,17.1,37.47,2025,사업보고서
251370,와이엠티,KOSDAQ,보통주,6980.0,3.71,125700000000.0,18013.0,178370.0,5.37,-30.22,-0.93,1469225205.0,144603566752.0,155388822650.0,12924655576.0,218251429614.0,373640252264.0,-2333704898.0,137230743419.0,153982031880.0,3594293042.0,196584642530.0,350566674410.0,-75859645.0,127409975908.0,101714875157.0,-3169957958.0,148194135064.0,249909010221.0,71.2,8.94,0.67,2025,사업보고서
041020,폴라리스오피스,KOSDAQ,보통주,3015.0,5.05,149800000000.0,49684.0,194127.0,2.91,20.1,5.45,13476024051.0,,141773407484.0,9119400649.0,502894789118.0,644668196602.0,18628497281.0,,85706190181.0,4802387652.0,434059921390.0,519766111571.0,22449288765.0,,60519019801.0,6248070155.0,257114129685.0,317633149486.0,28.19,,2.68,2025,사업보고서
024060,흥구석유,KOSDAQ,보통주,10820.0,1.88,162300000000.0,15000.0,1178264.0,0.0,386.43,0.2,158316728.0,107851699478.0,13568034703.0,-994855488.0,78436148334.0,92004183037.0,620410671.0,116852401318.0,14004200182.0,-282773388.0,78922743547.0,92926943729.0,1129186202.0,126695388352.0,12651521692.0,86981150.0,79095399275.0,91746920967.0,17.3,-0.92,0.2,2025,사업보고서
092070,디엔에프,KOSDAQ,보통주,11980.0,2.92,138600000000.0,11572.0,10856.0,4.84,35.24,0.82,1239345478.0,79133452883.0,10790662175.0,-673697018.0,149412625334.0,160203287509.0,630867371.0,73948566785.0,8765372882.0,-1018922570.0,153151060986.0,161916433868.0,5173530483.0,84232727799.0,10577475539.0,-2862629573.0,155009615215.0,165587090754.0,7.22,-0.85,0.83,2025,사업보고서
039840,디오,KOSDAQ,보통주,10910.0,-0.91,146400000000.0,13416.0,32629.0,14.95,6.95,-0.69,-1363455464.0,164077830292.0,136784583294.0,10104797840.0,191683147044.0,328467730338.0,-41320154654.0,119649873058.0,139216215409.0,-40735380810.0,204113830109.0,343330045518.0,2619040355.0,155817892643.0,173205686938.0,20896358522.0,194427200576.0,367632887514.0,71.36,6.16,-0.71,2025,사업보고서
065660,안트로젠,KOSDAQ,보통주,15120.0,1.89,151300000000.0,10006.0,12151.0,4.21,-93.33,-1.39,-1373843502.0,7536467883.0,812558817.0,-2433070253.0,87446442311.0,88259001128.0,-2292835494.0,6932864586.0,5866850030.0,-3749940513.0,110211617127.0,116078467157.0,-2840849743.0,6500249535.0,19986739890.0,-5073842629.0,129444937057.0,149431676947.0,0.93,-32.28,-1.57,2025,사업보고서
039860,나노엔텍,KOSDAQ,보통주,4165.0,-1.65,158700000000.0,38093.0,208851.0,1.48,26.03,1.92,1580208358.0,38130262567.0,7026705638.0,1101528344.0,90978546176.0,98005251814.0,3585804452.0,30464019321.0,5012050359.0,620865224.0,73994475555.0,79006525914.0,-3678073247.0,26836556528.0,4985363438.0,-2229194130.0,53592936323.0,58578299761.0,7.72,2.89,1.74,2025,사업보고서
049960,쎌바이오텍,KOSDAQ,보통주,15800.0,-0.25,148500000000.0,9400.0,6691.0,4.19,8.84,7.92,10125185361.0,53125673480.0,4935851392.0,7913762782.0,131636541715.0,136572393107.0,15126719646.0,49912668669.0,6229408038.0,6795969136.0,124168472657.0,130397880695.0,6303719062.0,53787388529.0,5755453548.0,2195388266.0,111885220764.0,117640674312.0,3.75,14.9,7.69,2025,사업보고서
101360,에코앤드림,KOSDAQ,보통주,8190.0,-1.21,145700000000.0,17786.0,72432.0,2.06,-10.3,-3.96,-8596919787.0,141958412396.0,251062444661.0,-610261853.0,213687331285.0,464749775946.0,13515181751.0,104901418831.0,184121603761.0,487160660.0,221648903638.0,405770507399.0,-10150669449.0,51455287308.0,53351974155.0,-2967415404.0,100890203969.0,154242178124.0,117.49,-0.43,-4.02,2025,사업보고서
289080,SV인베스트먼트,KOSDAQ,보통주,2295.0,1.55,138000000000.0,60138.0,473605.0,0.77,-46.84,-1.44,-5232241230.0,21073110564.0,22033926071.0,-6054856551.0,70742138567.0,92776064638.0,4285227080.0,29749069076.0,20017413393.0,6330845125.0,74627319614.0,94644733007.0,3448996419.0,25360233508.0,7253023195.0,4535882740.0,70359626436.0,77612649631.0,31.15,-28.73,-7.4,2025,사업보고서
205500,넥써쓰,KOSDAQ,보통주,1803.0,0.5,146700000000.0,81385.0,64834.0,1.45,33.39,-11.89,-3325720690.0,36722406111.0,43899008928.0,1392536492.0,30098074615.0,73997083543.0,-8217215347.0,7551040419.0,7956275133.0,-8937199488.0,25845114675.0,33801389808.0,-12037676999.0,5460260915.0,10238235454.0,-16159833315.0,29345121319.0,39583356773.0,145.85,3.79,-11.05,2025,사업보고서
445180,퓨릿,KOSDAQ,보통주,8020.0,0.25,137900000000.0,17189.0,13671.0,7.19,7.52,15.1,15154734386.0,142546874717.0,15291072771.0,17217719364.0,107460626907.0,122751699678.0,11821973957.0,122537087251.0,10634748431.0,13959158665.0,93272538346.0,103907286777.0,12088188617.0,120458972206.0,15922862917.0,12837905687.0,83256336432.0,99179199349.0,14.23,12.08,14.1,2025,사업보고서
048870,시너지이노베이션,KOSDAQ,보통주,1595.0,0.63,140500000000.0,88107.0,126355.0,14.16,13.99,1.53,11184715337.0,113050025181.0,64491719673.0,19163813549.0,272393622485.0,336885342158.0,18144059936.0,90605209448.0,80087860075.0,16109545847.0,237210953854.0,317298813929.0,7546245742.0,83214793566.0,63313773458.0,14984595606.0,222587290342.0,285901063800.0,23.68,16.95,4.11,2025,사업보고서
051160,지어소프트,KOSDAQ,보통주,10860.0,10.14,168100000000.0,15474.0,284539.0,18.35,10.62,8.8,19209164656.0,587129986929.0,90785417095.0,25128780502.0,225529010174.0,316314427269.0,27973589335.0,547175186226.0,88110185244.0,29092526456.0,216671974430.0,304782159674.0,15688210625.0,508904596429.0,96848815787.0,15207009272.0,198807256929.0,295656072716.0,40.25,4.28,8.52,2025,사업보고서
054450,텔레칩스,KOSDAQ,보통주,9390.0,1.4,142200000000.0,15144.0,21757.0,1.69,-2.45,-35.76,-61632672813.0,192802105423.0,224563422453.0,-6189468061.0,142975616881.0,367539039334.0,-38559807022.0,186615513099.0,176140255487.0,4874251656.0,201741800960.0,377882056447.0,62638246233.0,191094718185.0,128593931575.0,16777001456.0,246197060651.0,374790992226.0,157.06,-3.21,-43.11,2025,사업보고서
331920,셀레믹스,KOSDAQ,보통주,14470.0,1.19,161800000000.0,11182.0,35773.0,1.13,-12.19,-16.08,-4036458382.0,5767635388.0,1392236187.0,-3324045675.0,23018340463.0,24410576650.0,12266469564.0,6718995008.0,2229786896.0,-1903132941.0,27184171717.0,29413958613.0,-3875651433.0,6577578379.0,2236223171.0,-5770408718.0,15882369320.0,18118592491.0,6.05,-57.63,-17.54,2025,사업보고서
418550,제이오,KOSDAQ,보통주,4685.0,4.0,150000000000.0,32018.0,50482.0,1.88,-22.74,-4.27,-7444009476.0,55173743385.0,37349475016.0,-4232215221.0,170230683637.0,207580158653.0,-8874026012.0,82873665513.0,44152561015.0,-5456610332.0,178429778638.0,222582339653.0,17419292082.0,114493962967.0,61869659101.0,12022840148.0,134666033218.0,196535692319.0,21.94,-7.67,-4.37,2025,사업보고서
265740,엔에프씨,KOSDAQ,보통주,6680.0,-2.62,119300000000.0,17864.0,390590.0,3.59,8.87,16.68,10060020246.0,71621774017.0,26677114381.0,12518073298.0,65376576994.0,92053691375.0,-5240296962.0,40225556510.0,18399148467.0,-7088436609.0,55231481859.0,73630630326.0,3676430578.0,42868677215.0,19815601779.0,4067734269.0,60816474140.0,80632075919.0,40.81,17.48,15.39,2025,사업보고서
413630,씨피시스템,KOSDAQ,보통주,4075.0,1.24,148500000000.0,36437.0,1272664.0,0.49,37.05,4.54,2002088660.0,19053735010.0,2902540908.0,2138726082.0,43520108678.0,46422649586.0,-12093742428.0,21290631574.0,2869885262.0,3315643565.0,44699154221.0,47569039483.0,5172598633.0,21950488675.0,2269411333.0,6341861302.0,37021633658.0,39291044991.0,6.67,11.22,4.6,2025,사업보고서
051370,인터플렉스,KOSDAQ,보통주,6350.0,1.6,148100000000.0,23327.0,59902.0,7.22,4.79,11.11,32829635878.0,467963733214.0,83858680632.0,28645809984.0,317907587604.0,401766268236.0,55126796494.0,497466413203.0,83072705978.0,34370988669.0,281778746020.0,364851451998.0,27320804010.0,438157696595.0,81009764747.0,21645848892.0,220482198612.0,301491963359.0,26.38,6.12,10.33,2025,사업보고서
005990,매일홀딩스,KOSDAQ,보통주,10960.0,-0.18,145700000000.0,13298.0,1683.0,1.11,3.87,7.8,70217748135.0,2196211284329.0,567528749023.0,63972718206.0,856077493776.0,1423606242799.0,54685851567.0,2190170660149.0,570207348480.0,78276734399.0,787443982451.0,1357651330931.0,86349959740.0,2146398739613.0,554233736232.0,82233894530.0,744496292764.0,1298730028996.0,66.29,2.91,8.2,2025,사업보고서
013990,아가방컴퍼니,KOSDAQ,보통주,4625.0,-1.18,152100000000.0,32888.0,34685.0,3.94,7.35,6.69,10636507683.0,189078048828.0,57108356173.0,13987123318.0,178560481048.0,235668837221.0,10186280600.0,182742831122.0,56213810425.0,15205969477.0,167552989186.0,223766799611.0,12689558361.0,186412760361.0,51345318086.0,16576163171.0,170469139371.0,221814457457.0,31.98,7.4,5.96,2025,사업보고서
001540,안국약품,KOSDAQ,보통주,10490.0,-2.33,136800000000.0,13042.0,55928.0,4.73,6.32,4.52,7319463691.0,306873904373.0,144663156428.0,9822537198.0,166289461041.0,310952617469.0,16343180693.0,271115916678.0,137791875333.0,6701374793.0,164743443563.0,302535318896.0,998280290.0,233675500767.0,86931890148.0,5061440940.0,151665662551.0,238597552699.0,86.99,3.2,4.4,2025,사업보고서
079960,동양이엔피,KOSDAQ,보통주,18150.0,0.28,137100000000.0,7552.0,25404.0,7.76,2.52,11.81,49451743539.0,596475211237.0,91214249270.0,53617577881.0,445078763375.0,536293012645.0,69500629427.0,548392783461.0,87430142158.0,51618125791.0,401092650061.0,488522792219.0,46963597785.0,536914173334.0,98050118825.0,42958412627.0,326233811455.0,424283930280.0,20.49,8.99,11.11,2025,사업보고서
060150,인선이엔티,KOSDAQ,보통주,3040.0,0.66,138500000000.0,45564.0,23463.0,3.93,-38.97,-3.46,-10925137790.0,187154811840.0,155515420360.0,18228609825.0,308948218082.0,464463638442.0,-18855881025.0,208849594963.0,173077246538.0,23179868587.0,322630959961.0,495708206499.0,1711848050.0,220959199628.0,201385983718.0,25808068439.0,343604585591.0,544990569309.0,50.34,9.74,-3.54,2025,사업보고서
274090,켄코아에어로스페이스,KOSDAQ,보통주,9600.0,3.34,132200000000.0,13774.0,72312.0,9.28,-11.4,-9.01,-15474539697.0,76394211868.0,72452221673.0,-9230768983.0,160350558795.0,232802780468.0,-7709067658.0,86153888057.0,69744900969.0,-5352275654.0,183318684777.0,253063585746.0,-1849276582.0,91142703333.0,91495147036.0,877125128.0,58410709983.0,149905857019.0,45.18,-12.08,-9.65,2025,사업보고서
067280,멀티캠퍼스,KOSDAQ,보통주,23950.0,1.7,141900000000.0,5927.0,1245.0,4.06,6.19,11.72,26384397732.0,330827395521.0,86699229810.0,31891937098.0,235342099708.0,322041329518.0,31513316891.0,352739509730.0,99690002918.0,38928839417.0,221027496038.0,320717498956.0,31940210131.0,358598251427.0,114400645171.0,40285830663.0,197384602590.0,311785247761.0,36.84,9.64,11.21,2025,사업보고서
153890,져스텍,KOSDAQ,보통주,10910.0,1.02,131500000000.0,12050.0,144443.0,1.04,-74.22,-14.2,,,,,,,,,,,,,,,,,,,,,,2025,사업보고서
293580,나우IB,KOSDAQ,보통주,1446.0,1.26,137300000000.0,94930.0,133201.0,1.99,-144.6,5.64,5783322145.0,29156196744.0,65107636827.0,7301339438.0,104483777400.0,169591414227.0,7930927666.0,31417158257.0,50526721943.0,9011096930.0,100579291819.0,151106013762.0,1939073177.0,26697697608.0,54915252346.0,2455449314.0,93981271253.0,148896523599.0,62.31,25.04,5.54,2025,사업보고서
088800,에이스테크,KOSDAQ,보통주,1774.0,2.72,133900000000.0,75506.0,67144.0,0.0,-5.26,-34.63,-29114710611.0,178426016983.0,183701608801.0,-22153309869.0,70584325421.0,254285934222.0,-40754510152.0,145075504423.0,209510991056.0,-31148972707.0,95593655060.0,305104646116.0,-78848427413.0,140047443096.0,237924479567.0,-62290644674.0,21579981334.0,259504460901.0,260.26,-12.42,-41.25,2025,사업보고서
005160,동국산업,KOSDAQ,보통주,2560.0,1.59,138900000000.0,54244.0,18736.0,1.89,-6.63,-2.64,-11059840115.0,727764317548.0,400978004658.0,7025489185.0,471041761530.0,872019766188.0,-29632894661.0,790288185559.0,454512716073.0,11981654449.0,488308213659.0,942820929732.0,-20641304363.0,757010071920.0,367222141854.0,-27109102145.0,525428485807.0,892650627661.0,85.13,0.97,-2.35,2025,사업보고서
494120,큐리오시스,KOSDAQ,보통주,8570.0,4.0,130800000000.0,15260.0,85454.0,5.78,-15.58,-41.49,-7864272237.0,7302782626.0,6027331021.0,-7525764117.0,28201275143.0,34228606164.0,-4817621310.0,5414998706.0,7658599961.0,-6208083712.0,9708528799.0,17367128760.0,-9977110635.0,3214498314.0,28110968793.0,-6558956430.0,-19297107918.0,8813860875.0,21.37,-103.05,-27.89,2025,사업보고서
340450,지씨지놈,KOSDAQ,보통주,5510.0,1.66,130300000000.0,23651.0,25763.0,2.91,24.06,7.26,4044351288.0,31533860089.0,6354170445.0,1235615079.0,78272618103.0,84626788548.0,-1256914171.0,25887798646.0,7542609117.0,-1233500726.0,33079869207.0,40622478324.0,-550095144.0,27292051619.0,17771585078.0,160076955.0,25047814284.0,42819399362.0,8.12,3.92,5.17,2025,사업보고서
147830,제룡산업,KOSDAQ,보통주,6870.0,1.48,137400000000.0,20000.0,46290.0,4.53,6.74,13.94,11488403993.0,37923882483.0,9814464684.0,10572575305.0,86234799841.0,96049264525.0,6241819049.0,29328250520.0,5844076296.0,4088736219.0,78576791648.0,84420867944.0,7289384309.0,40895901213.0,5308160715.0,5561701012.0,76165368399.0,81473529114.0,11.38,27.88,13.32,2025,사업보고서
036170,에이치엠넥스,KOSDAQ,보통주,2290.0,-1.51,140500000000.0,61366.0,162831.0,3.58,12.38,8.43,10910332774.0,31707375183.0,27919779905.0,2367143405.0,134939342254.0,162859122159.0,5512578099.0,15162909359.0,1132524203.0,318104254.0,123979650021.0,125112174224.0,8203000379.0,14523739748.0,2380505237.0,14416773.0,118667938148.0,121048443385.0,20.69,7.47,8.09,2025,사업보고서
148150,세경하이테크,KOSDAQ,보통주,4165.0,2.33,148000000000.0,35543.0,164496.0,1.65,3.44,22.13,47801871717.0,277917111183.0,111758175977.0,1762505924.0,234692102545.0,346450278522.0,20550871189.0,320333197014.0,138281345528.0,31495713182.0,206706237246.0,344987582774.0,13635822813.0,304477120594.0,123675996154.0,36183441126.0,180604447422.0,304280443576.0,47.62,0.63,20.37,2025,사업보고서
408920,메쎄이상,KOSDAQ,보통주,3150.0,-1.56,136200000000.0,43232.0,12722.0,3.11,7.82,20.79,15474045546.0,72822323336.0,17023277364.0,18997461570.0,79545546938.0,96568824302.0,13479029556.0,67076916473.0,14802421001.0,17100153112.0,69570935852.0,84373356853.0,5551398366.0,50814045322.0,12213839522.0,11169700575.0,59438356780.0,71652196302.0,21.4,26.09,19.45,2025,사업보고서
469610,이노테크,KOSDAQ,보통주,15430.0,6.71,138000000000.0,8943.0,79779.0,0.49,15.0,18.16,8523268956.0,75699364393.0,29652084189.0,8638432723.0,64352549804.0,94004633993.0,5441006348.0,61188283914.0,26228652144.0,5704356624.0,30649724250.0,56878376394.0,663881758.0,51830013785.0,21112490607.0,4554340463.0,24605812907.0,45718303514.0,46.08,11.41,13.24,2025,사업보고서
035080,그래디언트,KOSDAQ,보통주,11980.0,-0.08,133900000000.0,11174.0,16020.0,3.38,-7.94,-7.61,-24705775927.0,3061593068748.0,1023404313750.0,-29581406856.0,723239057204.0,1746643370954.0,-25955494157.0,3317910394761.0,955910708047.0,-5512716880.0,782040648510.0,1737951356557.0,-6023332663.0,3423866580408.0,1063628720501.0,2909640608.0,833929949568.0,1897558670069.0,141.5,-0.97,-3.42,2025,사업보고서
086890,이수앱지스,KOSDAQ,보통주,3395.0,0.15,138400000000.0,40775.0,55927.0,1.78,-16.64,-9.92,-10678000441.0,56672366046.0,44436947485.0,1634413733.0,114458693183.0,158895640668.0,14718030803.0,60258326174.0,59367602636.0,13401623331.0,100863326755.0,160230929391.0,3610667200.0,54305557874.0,129550749905.0,3886085129.0,77187682302.0,206738432207.0,38.82,2.88,-9.33,2025,사업보고서
003100,선광,KOSDAQ,보통주,21050.0,0.72,138900000000.0,6600.0,12835.0,8.2,3.03,9.55,39481434625.0,190422002484.0,257124146671.0,41390125061.0,434164088413.0,691288235084.0,28298497727.0,186752030108.0,262489992921.0,36374328619.0,397079515159.0,659569508080.0,29836757952.0,185300554838.0,277003384434.0,39087432544.0,362424664352.0,639428048786.0,59.22,21.74,9.09,2025,사업보고서
038290,마크로젠,KOSDAQ,보통주,12300.0,1.23,133300000000.0,10841.0,4631.0,4.19,12.95,1.28,-201666165.0,195267890603.0,179316838104.0,181079257.0,172307748915.0,351624587019.0,-7783573850.0,135776658229.0,152232735586.0,-6464344515.0,177427276009.0,329660011595.0,-16750535421.0,132803131511.0,96859761146.0,-423115234.0,160958259907.0,257818021053.0,104.07,0.09,-0.12,2025,사업보고서
334970,프레스티지바이오로직스,KOSDAQ,보통주,1721.0,-1.83,133800000000.0,77753.0,293524.0,41.72,-3.77,-26.56,-27469488627.0,12533271503.0,135082959353.0,-33681640342.0,135203347279.0,270286306632.0,-29373786049.0,2169042470.0,217731938976.0,-33429985102.0,71682122396.0,289414061372.0,-17979638818.0,1730263646.0,205950267964.0,-22105262990.0,99802775379.0,305753043343.0,99.91,-268.74,-20.32,2025,사업보고서
084990,헬릭스미스,KOSDAQ,보통주,3020.0,2.2,139200000000.0,46093.0,64324.0,3.98,-86.29,-0.31,-460120665.0,2598149668.0,1673154833.0,-9898072049.0,141523747195.0,143196902028.0,-15486291754.0,4973971890.0,6851971858.0,-17954754544.0,142037666741.0,148889638599.0,-64180411041.0,4201622674.0,73557534707.0,-35245452809.0,153721752635.0,227279287342.0,1.18,-380.97,-0.33,2025,사업보고서
255220,SG,KOSDAQ,보통주,1132.0,-0.7,124000000000.0,109563.0,1629729.0,1.92,-8.09,-2.2,-2454050880.0,102246199563.0,122215490678.0,752259599.0,102177350973.0,224392841651.0,-36241673706.0,118940081051.0,146058452533.0,-6068240269.0,86774282733.0,232832735266.0,-32912462971.0,80921130313.0,136805656860.0,-13468746819.0,51254050891.0,188059707751.0,119.61,0.74,-2.4,2025,사업보고서
226590,엠디바이스,KOSDAQ,보통주,11780.0,2.88,126200000000.0,10717.0,17762.0,2.67,9.53,29.23,10677826023.0,96491049515.0,48880091893.0,11542472268.0,47928405877.0,96808497770.0,3000355075.0,48305247339.0,8932877898.0,4786530564.0,26088485070.0,35021362968.0,-7348336045.0,9850672827.0,25771772952.0,-4746613627.0,4627344832.0,30399117784.0,101.99,11.96,22.28,2025,사업보고서
035610,솔본,KOSDAQ,보통주,5060.0,2.12,138400000000.0,27346.0,10686.0,1.17,3.97,10.28,34523112787.0,120651025450.0,62640247985.0,24620979407.0,311885742952.0,374525990937.0,54474997786.0,116081151319.0,55448432250.0,21158651978.0,284523002722.0,339971434972.0,45314710552.0,117223969210.0,44289728134.0,29930787582.0,227052211568.0,271341939702.0,20.08,20.41,11.07,2025,사업보고서
338840,와이바이오로직스,KOSDAQ,보통주,8680.0,2.6,133700000000.0,15404.0,21512.0,6.8,-2.63,-186.97,-42024660504.0,2912981882.0,29200450881.0,-9269185096.0,26597338248.0,55797789129.0,-6441689679.0,5762795738.0,3371407186.0,-8446978249.0,18355782226.0,21727189412.0,-20871053000.0,3479080759.0,6885553284.0,-10142692527.0,23408461012.0,30294014296.0,109.79,-318.2,-158.0,2025,사업보고서
069510,에스텍,KOSDAQ,보통주,12950.0,3.6,141300000000.0,10910.0,13453.0,57.89,3.27,18.98,41622795150.0,468192133086.0,110279171154.0,45816360498.0,234992755754.0,345271926908.0,46266954141.0,509374481025.0,184452276635.0,43982479827.0,203509360274.0,387961636909.0,21659965015.0,414594047319.0,111996760858.0,24554774339.0,155775482563.0,267772243421.0,46.93,9.79,17.71,2025,사업보고서
047770,코데즈컴바인,KOSDAQ,보통주,4135.0,2.61,156500000000.0,37843.0,2181399.0,1.25,16.67,6.5,4460625723.0,39722870931.0,20571667148.0,2416629397.0,72294429288.0,92866096436.0,1859637040.0,39601345466.0,21049771001.0,1059207942.0,67833803565.0,88883574566.0,3710775113.0,41956462583.0,19553285328.0,2930364339.0,65974166525.0,85527451853.0,28.46,6.08,6.17,2025,사업보고서
041520,이엘씨,KOSDAQ,보통주,11180.0,1.36,136300000000.0,12189.0,4016.0,2.65,8.24,4.68,8259069415.0,37888100006.0,9432745922.0,-900650522.0,173025297898.0,182458043820.0,-267314517.0,29234744853.0,9880899070.0,-4682302937.0,179779629706.0,189660528776.0,-7844638993.0,16118985027.0,21440127428.0,-7307074486.0,184174994567.0,205615121995.0,5.45,-2.38,4.77,2025,사업보고서
489500,엘케이켐,KOSDAQ,보통주,20150.0,2.23,128800000000.0,6391.0,12012.0,2.32,20.88,9.26,4323487640.0,20179862262.0,6532385062.0,4570299788.0,59588772121.0,66121157183.0,6818520870.0,25044464791.0,6796727314.0,10135742769.0,34439425923.0,41236153237.0,3380205196.0,15256953775.0,21041231895.0,5609930561.0,11764634753.0,32805866648.0,10.96,22.65,7.26,2025,사업보고서
115310,인포바인,KOSDAQ,보통주,9400.0,0.43,139400000000.0,14832.0,1680.0,8.57,17.5,6.75,7038794630.0,28717399585.0,9307397995.0,6457328620.0,94923580195.0,104230978190.0,8969671028.0,25181365623.0,10438148694.0,7870052036.0,113542209180.0,123980357874.0,7157275748.0,22791114590.0,8547712928.0,7757251226.0,106242177052.0,114789889980.0,9.81,22.49,7.42,2025,사업보고서
140670,알에스오토메이션,KOSDAQ,보통주,10290.0,3.0,132100000000.0,12840.0,66679.0,4.16,-34.53,-9.37,-3985389135.0,67038479474.0,33337764223.0,-3560799616.0,58324059929.0,91661824152.0,-9078023772.0,76767812357.0,36203654095.0,-3712857408.0,26784960628.0,62988614723.0,-5697190752.0,81275080014.0,39036513890.0,-2977651178.0,35851589505.0,74888103395.0,57.16,-5.31,-6.83,2025,사업보고서
474650,링크솔루션,KOSDAQ,보통주,25400.0,14.41,146100000000.0,5752.0,59706.0,6.07,-20.19,-23.14,-6984967542.0,13124605399.0,27837297652.0,-7377647696.0,38173664595.0,66010962247.0,-2542958960.0,11187804975.0,13439648187.0,-3996911446.0,22210278060.0,35649926247.0,-12194424542.0,7360479717.0,34883319506.0,778535947.0,-17661940157.0,17221379349.0,72.92,-56.21,-18.3,2025,사업보고서
264660,씨앤지하이테크,KOSDAQ,보통주,13050.0,1.95,126900000000.0,9721.0,13988.0,2.97,6.38,14.81,19531732026.0,196194330780.0,54349361066.0,24742314123.0,143157312541.0,197506673607.0,6884277418.0,151187855593.0,68507982917.0,12940400218.0,120689884613.0,189197867530.0,12833684433.0,166725521459.0,49308780724.0,12740846167.0,111006139434.0,160314920158.0,37.96,12.61,13.64,2025,사업보고서
049720,고려신용정보,KOSDAQ,보통주,9090.0,0.11,130000000000.0,14300.0,14531.0,3.79,9.9,22.89,13261619930.0,178029909590.0,51287165829.0,16740742506.0,62960636833.0,114247802662.0,13237106504.0,171309350127.0,44449054657.0,15310219206.0,52915691580.0,97364746237.0,11769759879.0,158214357320.0,45541844079.0,13070357375.0,45635320856.0,91177164935.0,81.46,9.4,21.06,2025,사업보고서
136540,윈스테크넷,KOSDAQ,보통주,10850.0,0.46,133200000000.0,12280.0,5774.0,8.6,7.25,10.18,18409531397.0,98597670521.0,24782173028.0,21158874065.0,185190120916.0,209972293944.0,19871622345.0,96479482331.0,23137037636.0,20344203559.0,180725651588.0,203862689224.0,21083973197.0,106854537551.0,29545140121.0,23089927104.0,191280702788.0,220825842909.0,13.38,21.46,9.94,2025,사업보고서
473980,노머스,KOSDAQ,보통주,11880.0,6.64,129300000000.0,10883.0,50400.0,2.5,8.31,15.64,14847399441.0,75725779285.0,11700652400.0,12339888114.0,103698769077.0,115399421477.0,9881745517.0,68912539631.0,12655451457.0,8181458723.0,86141575985.0,98797027442.0,-31334480176.0,42299611094.0,7490441930.0,-204482173.0,38674671341.0,46165113271.0,11.28,16.3,14.32,2025,사업보고서
417010,나노팀,KOSDAQ,보통주,6460.0,1.73,130300000000.0,20173.0,210402.0,0.38,107.67,2.13,997594250.0,40323638066.0,68781575591.0,-501486673.0,48887408334.0,117668983925.0,-3706103503.0,32391708805.0,43664592613.0,-3762315186.0,44687822826.0,88352415439.0,4877513036.0,47190666523.0,28974566036.0,5444341870.0,49796415754.0,78770981790.0,140.69,-1.24,2.04,2025,사업보고서
457550,우진엔텍,KOSDAQ,보통주,12990.0,2.12,121100000000.0,9319.0,42794.0,2.65,19.53,10.78,5308948266.0,44807184983.0,6537192326.0,5058171927.0,51094937588.0,57632129914.0,5409222285.0,43958552911.0,4325109512.0,5318973279.0,47423610781.0,51748720293.0,5266178665.0,40682712915.0,5848450237.0,5893114729.0,33608449202.0,39456899439.0,12.79,11.29,10.39,2025,사업보고서
322510,제이엘케이,KOSDAQ,보통주,4700.0,0.43,120900000000.0,25726.0,27633.0,1.68,-7.95,-30.01,-13606311614.0,3339486486.0,33067864508.0,-13202037178.0,41362862353.0,74430726861.0,-13447974784.0,1427510483.0,25277102539.0,-12731677700.0,49315966460.0,74593068999.0,-7306037907.0,2488983756.0,21429826827.0,-7147568952.0,11724993204.0,33154820031.0,79.95,-395.33,-32.89,2025,사업보고서
080420,모다이노칩,KOSDAQ,보통주,1681.0,0.0,134000000000.0,79722.0,1643.0,0.08,-10.44,-1.3,-6231449470.0,358077406550.0,577830893089.0,27867506133.0,373534992248.0,951365885337.0,12696768035.0,388939088953.0,586504931429.0,38613148988.0,381558649266.0,968063580695.0,-9848998086.0,390033884588.0,615418500849.0,16227308107.0,368293318676.0,983711819525.0,154.69,7.78,-1.67,2025,사업보고서
432720,퀄리타스반도체,KOSDAQ,보통주,8530.0,2.28,121000000000.0,14188.0,44415.0,2.64,-6.43,-53.09,-23090473943.0,5350047190.0,46718953361.0,-24471844867.0,36318366066.0,83037319427.0,-19057342437.0,6074683889.0,13356309236.0,-22694310411.0,50664367455.0,64020676691.0,-8108505639.0,10774541164.0,12989172974.0,-11186432731.0,27722500504.0,40711673478.0,128.64,-457.41,-63.58,2025,사업보고서
394420,리센스메디컬,KOSDAQ,보통주,10250.0,5.02,112700000000.0,11000.0,106155.0,4.7,-9.11,45.75,-19118985424.0,8828610805.0,5029615569.0,-10640384599.0,6976986455.0,12006602024.0,-7843656177.0,6259262256.0,110660106367.0,-14161002867.0,-90562875410.0,20097230957.0,-7572218326.0,5770535801.0,99198820689.0,-12583842379.0,-83972744862.0,15226075827.0,72.09,-120.52,-274.03,2025,사업보고서
0088M0,메쥬,KOSDAQ,보통주,12970.0,4.18,128200000000.0,9882.0,76171.0,3.8,16.61,-26.72,2759611141.0,7377640926.0,3967233424.0,-2832462145.0,9992324859.0,13959558283.0,-7074387234.0,2366370314.0,46979341725.0,-5950618932.0,-30647000067.0,16332341658.0,-16098423585.0,3830487348.0,45791695294.0,-4254657703.0,-24446707347.0,21344987947.0,39.7,-38.39,27.62,2025,사업보고서
321550,티움바이오,KOSDAQ,보통주,4370.0,0.34,131300000000.0,30038.0,51656.0,4.16,-7.9,-37.23,-18786557806.0,12288796652.0,60809923836.0,-16146558840.0,37743732808.0,98553656644.0,-23546456712.0,6792235001.0,56538781273.0,-18699185300.0,50759701043.0,107298482316.0,-19037667377.0,4898775191.0,49171836702.0,-27832080130.0,70374188758.0,119546025460.0,161.11,-131.39,-49.77,2025,사업보고서
108230,톱텍,KOSDAQ,보통주,3305.0,5.59,125700000000.0,38023.0,2103577.0,2.48,16.44,-3.75,-20597283924.0,171001529881.0,167760886335.0,-3144513149.0,387843484736.0,555604371071.0,32558151256.0,473628901826.0,202066139500.0,12489283795.0,414403569548.0,616469709048.0,48145459802.0,601655992697.0,385026554042.0,68950679380.0,392680649063.0,777707203105.0,43.25,-1.84,-5.31,2025,사업보고서
009780,엠에스씨,KOSDAQ,보통주,7140.0,0.71,125700000000.0,17600.0,2808.0,2.05,4.69,12.83,23008450071.0,197662693140.0,87984935590.0,29653839673.0,189208431119.0,277193366709.0,21763730360.0,189756857111.0,89919374737.0,27518337355.0,169574664874.0,259494039611.0,18467404834.0,189048296801.0,73014398093.0,23703127840.0,150359711450.0,223374109543.0,46.5,15.0,12.16,2025,사업보고서
0039P0,매드업,KOSDAQ,보통주,8180.0,4.47,153800000000.0,18807.0,1749012.0,1.14,13.32,84.39,,,,,,,,,,,,,,,,,,,,,,2025,사업보고서
102120,어보브반도체,KOSDAQ,보통주,6910.0,1.47,122900000000.0,17781.0,40557.0,5.18,12.82,8.76,1959422969.0,244123643799.0,131612644063.0,10148185090.0,154442539418.0,286055183481.0,-18094850997.0,232116611005.0,138500865028.0,-5100374191.0,154580908154.0,293081773182.0,-33443728959.0,232436389092.0,147690807918.0,-14643077325.0,140625984177.0,288316792095.0,85.22,4.16,1.27,2025,사업보고서
094840,슈프리마에이치큐,KOSDAQ,보통주,12120.0,-3.04,118800000000.0,9806.0,85659.0,14.54,8.01,5.78,13386976675.0,21223018606.0,8467424429.0,3859090083.0,241764544723.0,250231969152.0,15213947469.0,20101969494.0,11078437353.0,2463666865.0,221786624067.0,232865061420.0,37469896066.0,20386641334.0,19960281430.0,-2677599728.0,209137617127.0,229097898557.0,3.5,18.18,5.54,2025,사업보고서
285490,노바텍,KOSDAQ,보통주,11690.0,1.04,123600000000.0,10576.0,11154.0,4.85,3.65,10.89,17707839132.0,55589851496.0,10702706253.0,6700053223.0,163286585102.0,173989291355.0,17235476854.0,65812403810.0,12461553465.0,12611340935.0,170928685995.0,183390239460.0,29641335472.0,92421026753.0,10539940540.0,25608083180.0,158705947048.0,169245887588.0,6.55,12.05,10.84,2025,사업보고서
146320,비씨엔씨,KOSDAQ,보통주,9440.0,0.85,120800000000.0,12798.0,8745.0,3.39,40.69,1.52,1150567650.0,87583804218.0,98717399975.0,3927466183.0,78791339204.0,177508739179.0,-2269893948.0,77373628222.0,88615269642.0,-2062469600.0,73201826510.0,161817096152.0,1273170250.0,65312042853.0,59642982697.0,-41858607.0,74774455600.0,134417438297.0,125.29,4.48,1.46,2025,사업보고서
086980,쇼박스,KOSDAQ,보통주,1950.0,2.79,121800000000.0,62438.0,84975.0,2.13,6.07,-12.56,-15048131103.0,62748042504.0,25446861840.0,-11651067244.0,107450210544.0,132897072384.0,27428352196.0,93117572900.0,21850146248.0,24524420126.0,132196641474.0,154046787722.0,-30299585774.0,40170208807.0,27148662661.0,-28295165725.0,104920986947.0,132069649608.0,23.68,-18.57,-14.0,2025,사업보고서
0015N0,아로마티카,KOSDAQ,보통주,10120.0,7.89,127300000000.0,12577.0,411256.0,5.13,20.28,14.99,4583735251.0,51187435857.0,9086090319.0,5139610703.0,42511270517.0,51597360836.0,4432421260.0,52596465309.0,14270657097.0,5653715311.0,18664268644.0,32934925741.0,-5783416151.0,44553571801.0,48197160244.0,3308306148.0,-15784518022.0,32412642222.0,21.37,10.04,10.78,2025,사업보고서
192410,오늘이엔엠,KOSDAQ,보통주,5120.0,-0.97,129000000000.0,25186.0,96862.0,0.0,-3.5,-405.07,-78254516527.0,16693992539.0,71515094989.0,-1847887145.0,9319595592.0,80834690581.0,-17191706196.0,13020313027.0,37916122367.0,-6492169032.0,35446506701.0,73362629068.0,-13904002454.0,17449952618.0,11132415594.0,-8487404646.0,44747546424.0,55879962018.0,767.36,-11.07,-839.68,2025,사업보고서
220260,켐트로스,KOSDAQ,보통주,3835.0,1.19,123000000000.0,32072.0,46581.0,2.75,51.82,-19.51,-11841396874.0,56809696904.0,69486885008.0,1048331370.0,54725039362.0,124211924370.0,5143575625.0,50308795651.0,59039575445.0,3787073763.0,66656747640.0,125696323085.0,2803432300.0,47464098463.0,36161909744.0,3433724667.0,61682968343.0,97844878087.0,126.97,1.85,-21.64,2025,사업보고서
388790,라이콤,KOSDAQ,보통주,4055.0,2.92,124100000000.0,30614.0,92992.0,1.14,135.17,1.23,260782772.0,17688068719.0,7039027132.0,582005067.0,21642294936.0,28681322068.0,-3751389653.0,13136686476.0,7244052788.0,-5342449928.0,20849462987.0,28093515775.0,-5800254962.0,19463077256.0,6102442859.0,-2121544506.0,24150274827.0,30252717686.0,32.52,3.29,1.2,2025,사업보고서
240550,동방메디컬,KOSDAQ,보통주,5980.0,2.22,125200000000.0,20934.0,53549.0,0.84,7.74,11.54,11442051299.0,113536899863.0,61212954533.0,17005218832.0,125316443386.0,186529397919.0,3127066174.0,105113645139.0,69646790500.0,15045956736.0,80704495044.0,150351285544.0,9734111436.0,90875105107.0,69882462365.0,16477132101.0,47118604939.0,117001067304.0,48.85,14.98,9.13,2025,사업보고서
361390,제노코,KOSDAQ,보통주,12150.0,4.11,118300000000.0,9736.0,19991.0,21.08,-126.56,-4.93,-2120342406.0,59631313389.0,35856680655.0,-2085761459.0,51776513097.0,87633193752.0,-3088385160.0,56830559488.0,52976676086.0,-2170629177.0,34312840042.0,87289516128.0,1654812600.0,55112129394.0,31410243198.0,1151079040.0,34840308520.0,66250551718.0,69.25,-3.5,-4.1,2025,사업보고서
036690,코맥스,KOSDAQ,보통주,2885.0,0.0,125700000000.0,43567.0,0.0,0.21,-8.39,-85.66,-15117560666.0,85126354242.0,82453070387.0,-14175346003.0,10947343674.0,93400414061.0,-16796298127.0,117161884091.0,82236700910.0,-12335797653.0,26207157287.0,108443858197.0,-32983500297.0,118031715677.0,68006808292.0,-28350736645.0,15897512512.0,83904320804.0,753.18,-16.65,-138.09,2025,사업보고서
048550,SM C&C,KOSDAQ,보통주,1091.0,-3.02,105500000000.0,96715.0,1013953.0,2.97,-21.39,-2.55,-1926630015.0,100478287608.0,124942951326.0,-1292562202.0,81756509916.0,206699461242.0,-14192685943.0,109940386684.0,149991615620.0,1585436954.0,83340359266.0,233331974886.0,-9915368209.0,127310867881.0,221481951706.0,2085732506.0,98191296042.0,319673247748.0,152.82,-1.29,-2.36,2025,사업보고서
267320,나인테크,KOSDAQ,보통주,2205.0,0.68,126600000000.0,57415.0,122364.0,1.76,-23.46,-21.17,-17422714499.0,82368729078.0,76968800491.0,-8923627485.0,101514693521.0,178483494012.0,-5364453229.0,197219777077.0,101943407610.0,4629401862.0,84065961838.0,186009369448.0,8695491782.0,123048379274.0,168655808637.0,-3097720350.0,90215111343.0,258870919980.0,75.82,-10.83,-17.16,2025,사업보고서
095700,제넥신,KOSDAQ,보통주,3020.0,-7.36,137500000000.0,45540.0,621245.0,3.95,-4.26,-10.71,-27215092606.0,4573913204.0,124510721817.0,-36172268141.0,246755395910.0,371266117727.0,-63705874579.0,2932735736.0,83361162470.0,-37245760360.0,261680674537.0,345041837007.0,-66860297233.0,4426626990.0,79682984297.0,-41240886624.0,296903615688.0,376586599985.0,50.46,-790.84,-11.03,2025,사업보고서
142210,유니트론텍,KOSDAQ,보통주,6040.0,2.9,125300000000.0,20751.0,242924.0,2.85,2.83,9.58,11833735551.0,768974453691.0,194751990426.0,32268544768.0,145071779111.0,339823769537.0,19711058530.0,712288587261.0,179752221529.0,36127149169.0,131938869803.0,311691091332.0,20038355461.0,598093762212.0,135194326849.0,30923836146.0,113314505211.0,248508832060.0,134.25,4.2,8.16,2025,사업보고서
211270,AP위성,KOSDAQ,보통주,8130.0,4.9,122600000000.0,15082.0,33413.0,1.97,-39.09,-2.65,-2769859560.0,47812373057.0,22412797176.0,-4301222143.0,103864391012.0,126277188188.0,10428439996.0,58631773787.0,29936745897.0,7300333201.0,105220711236.0,135157457133.0,10514932202.0,49434135093.0,49478944805.0,10071432183.0,95077662865.0,144556607670.0,21.58,-9.0,-2.67,2025,사업보고서
297890,HB솔루션,KOSDAQ,보통주,1669.0,1.09,122100000000.0,73141.0,128554.0,1.62,2.83,11.34,26472222548.0,62848643582.0,61581027222.0,4396138891.0,247318978972.0,308900006194.0,-20755207602.0,131531306583.0,72395045094.0,19341641385.0,220931632802.0,293326677896.0,75623976845.0,96170053722.0,68231954690.0,6764041996.0,229814779391.0,298046734081.0,24.9,6.99,10.7,2025,사업보고서
052260,현대바이오랜드,KOSDAQ,보통주,3985.0,0.76,119600000000.0,30000.0,17988.0,2.84,8.96,0.18,252622040.0,130505120709.0,30724151736.0,12717191685.0,136146740797.0,166870892533.0,5703130975.0,119519059197.0,56717857643.0,16364543186.0,138008364704.0,194726222347.0,8056171301.0,96719665540.0,48084933604.0,13464330710.0,135983995947.0,184068929551.0,22.57,9.74,0.19,2025,사업보고서
056090,시지메드텍,KOSDAQ,보통주,1165.0,2.28,120300000000.0,103259.0,867980.0,3.23,18.49,7.18,6507511658.0,47234945024.0,20773986758.0,3814388241.0,94147650165.0,114921636923.0,-124935834.0,34622756083.0,20434374286.0,-1116337752.0,86765892360.0,107200266646.0,1305628012.0,34968541350.0,19198148466.0,-1622255971.0,59899715023.0,79097863489.0,22.07,8.08,6.91,2025,사업보고서
950190,고스트스튜디오,KOSDAQ,보통주,9400.0,-1.47,122400000000.0,13017.0,19101.0,29.61,12.89,5.48,5530308.0,79118339.0,11066623.0,10778553.0,110520375.0,121586998.0,6030374.0,62865926.0,23620053.0,11300257.0,106949955.0,130570008.0,16200298.0,75939360.0,10164320.0,19235312.0,118660938.0,128825258.0,10.01,13.62,5.0,2025,사업보고서
322310,오로스테크놀로지,KOSDAQ,보통주,12330.0,1.73,115500000000.0,9367.0,91782.0,9.15,-8.41,-9.76,-6421102751.0,52136517687.0,28700301276.0,-8371350347.0,63465259312.0,92165560588.0,5906649297.0,61412173565.0,26228934890.0,6083234932.0,68177499303.0,94406434193.0,3378588226.0,45529498555.0,11845145811.0,2369674252.0,62366907479.0,74212053290.0,45.22,-16.06,-10.12,2025,사업보고서
149950,아바텍,KOSDAQ,보통주,9090.0,-2.78,124200000000.0,13668.0,71092.0,2.56,16.03,4.66,6918864452.0,80944405170.0,11271716690.0,6148093789.0,152012858334.0,163284575024.0,8896383643.0,84545739299.0,9463511764.0,5797381978.0,145205339840.0,154668851604.0,4800902670.0,75771249556.0,7808788601.0,2199978697.0,142394564864.0,150203353465.0,7.41,7.6,4.55,2025,사업보고서
095190,신화프리텍,KOSDAQ,보통주,1863.0,2.36,121600000000.0,65260.0,45137.0,1.03,-60.1,-6.9,-6941945613.0,92505989386.0,125365607573.0,-4776540963.0,108410281400.0,233775888973.0,-4573326575.0,85434971594.0,143990196419.0,3904643573.0,92771873467.0,236762069886.0,-2249013074.0,101463362603.0,142811916915.0,2979845014.0,76539605579.0,219351522494.0,115.64,-5.16,-6.4,2025,사업보고서
307750,국전,KOSDAQ,보통주,2340.0,2.63,126300000000.0,53986.0,184067.0,1.22,-65.0,-4.44,-4820309643.0,131039398700.0,83334644752.0,-2575730706.0,95872367221.0,179207011973.0,537666232.0,136467647880.0,114773521886.0,368251990.0,97499291613.0,212272813499.0,4692086205.0,121997885408.0,127646216919.0,6498831883.0,97456273081.0,225102490000.0,86.92,-1.97,-5.03,2025,사업보고서
122450,KX,KOSDAQ,보통주,2700.0,-2.35,121000000000.0,44820.0,35896.0,2.29,6.92,5.45,25555907008.0,346121725953.0,450073288514.0,38392482859.0,485850432174.0,935923720688.0,97517115674.0,403781469771.0,443828770310.0,59706015673.0,443016483902.0,886845254212.0,26600421613.0,403052353616.0,687350256221.0,62019517372.0,350243370412.0,1037593626633.0,92.64,11.09,5.26,2025,사업보고서
032940,원익,KOSDAQ,보통주,10050.0,17.13,182800000000.0,18193.0,14611607.0,1.15,8.78,4.14,11653234262.0,150734965462.0,95590639527.0,8922772952.0,286616047588.0,382206687115.0,21391105082.0,138735200978.0,88808134050.0,9317949981.0,273819996803.0,362628130853.0,-1384202945.0,129877118817.0,120145714208.0,12485502745.0,252890789758.0,373036503966.0,33.35,5.92,4.07,2025,사업보고서
027710,팜스토리,KOSDAQ,보통주,1142.0,1.42,127200000000.0,111417.0,476199.0,2.06,7.56,11.16,30668871519.0,1455851080750.0,630876892446.0,34969057306.0,338161741400.0,969038633846.0,5162956521.0,1453900541921.0,689416315215.0,40778899216.0,308587019685.0,998003334900.0,9773128133.0,1500248272338.0,682697963677.0,26245499824.0,255055185300.0,937753148977.0,186.56,2.4,9.07,2025,사업보고서
008830,대동기어,KOSDAQ,보통주,6320.0,1.44,121200000000.0,19182.0,200559.0,5.06,-38.54,-5.76,-4739603789.0,220939401126.0,190400371595.0,162438986.0,79146714724.0,269547086319.0,1168268540.0,257057008425.0,163859772924.0,4464399985.0,85553708334.0,249413481258.0,2771025745.0,281237511057.0,159149656619.0,8088469997.0,87057306790.0,246206963409.0,240.57,0.07,-5.99,2025,사업보고서
458650,성우,KOSDAQ,보통주,7850.0,1.16,118100000000.0,15046.0,2669.0,1.25,14.22,2.15,4905740773.0,85550263958.0,21582530816.0,1040762216.0,225011124494.0,246593655310.0,18166901316.0,130913082962.0,32114906358.0,14634597855.0,222833198032.0,254948104390.0,24899984582.0,146659200324.0,52148494366.0,28922102544.0,109861916622.0,162010410988.0,9.59,1.22,2.18,2025,사업보고서
232680,라온로보틱스,KOSDAQ,보통주,9400.0,2.62,124600000000.0,13258.0,105439.0,3.58,26.55,10.85,3691284355.0,53842351768.0,31171798450.0,3949991226.0,35744236363.0,66916034813.0,5231474815.0,49240287501.0,29072848179.0,2485670495.0,32332094946.0,61404943125.0,2318370303.0,34544095895.0,18182645819.0,1981864494.0,28181973633.0,46364619452.0,87.21,7.34,10.33,2025,사업보고서
212560,네오오토,KOSDAQ,보통주,9140.0,0.22,123300000000.0,13486.0,148435.0,0.78,8.55,11.38,14882921078.0,232116353603.0,86807650607.0,13666239562.0,137559404708.0,224367055315.0,17716275891.0,218567206244.0,92931545979.0,12640985758.0,124078771644.0,217010317623.0,11924396808.0,198227864842.0,68397691532.0,10381323003.0,107788386566.0,176186078098.0,63.11,5.89,10.82,2025,사업보고서
021320,KCC건설,KOSDAQ,보통주,5630.0,0.0,120500000000.0,21400.0,9955.0,3.2,2.55,8.56,45399328723.0,1833403452922.0,1030583177844.0,88337134847.0,552614040570.0,1583197218414.0,15961268362.0,1827039599960.0,970078202930.0,64596859326.0,508559512856.0,1478637715786.0,10350678017.0,1909591995353.0,794813854224.0,18146940552.0,446170183217.0,1240984037441.0,186.49,4.82,8.22,2025,사업보고서
228850,레이언스,KOSDAQ,보통주,7080.0,0.0,117500000000.0,16591.0,15882.0,3.54,27.98,-2.19,-5321323098.0,114722998848.0,23850356104.0,-3950343370.0,237365638750.0,261215994854.0,7749176261.0,125563733952.0,24547492577.0,6631405390.0,244668362161.0,269215854738.0,19462480763.0,142985961678.0,36689221543.0,19695606883.0,240798429771.0,277487651314.0,10.05,-3.44,-2.24,2025,사업보고서
073010,케이에스피,KOSDAQ,보통주,2760.0,0.55,110900000000.0,40191.0,38449.0,2.73,14.01,8.49,6559012938.0,95532762605.0,60911317671.0,11539806552.0,83100267191.0,144011584862.0,15290740244.0,85265079671.0,34124085792.0,13810410136.0,71388910108.0,105512995900.0,12769190419.0,81626661943.0,26366545034.0,11838275252.0,34031333905.0,60397878939.0,73.3,12.08,7.89,2025,사업보고서
0007C0,아크릴,KOSDAQ,보통주,16400.0,12.48,131700000000.0,8030.0,192580.0,4.86,-49.7,-23.95,-2807960760.0,13312020352.0,7188531200.0,-2253580136.0,43747825951.0,50936357151.0,-5465939983.0,13423471761.0,33625889366.0,-2385467206.0,-20297990659.0,13327898707.0,-4963444377.0,14757851338.0,23384279585.0,-522283935.0,-17412769196.0,5971510389.0,16.43,-16.93,-6.42,2025,사업보고서
282880,코윈테크,KOSDAQ,보통주,10300.0,3.52,120400000000.0,11694.0,22249.0,2.29,22.34,0.98,-17618390526.0,154701003144.0,172141640104.0,-25447396955.0,256094670733.0,428236310837.0,11001399923.0,244389953265.0,157524039786.0,3602921129.0,280861843935.0,438385883721.0,22429639690.0,335958325532.0,189960408021.0,22817285083.0,276633579861.0,466593987882.0,67.22,-16.45,-6.88,2025,사업보고서
418420,라온텍,KOSDAQ,보통주,4070.0,1.24,125300000000.0,30775.0,121407.0,2.75,-11.37,-39.94,-6551402290.0,8746267801.0,25142296266.0,-5810442808.0,16676925987.0,41819222253.0,-6477763823.0,8902915788.0,12027021367.0,-6988832403.0,16133737383.0,28160758750.0,-7077869539.0,10744039299.0,14264937302.0,-2152629194.0,21392831595.0,35657768897.0,150.76,-66.43,-39.28,2025,사업보고서
163730,핑거,KOSDAQ,보통주,9570.0,4.93,115000000000.0,12016.0,305844.0,3.76,15.46,0.64,332651904.0,91606730992.0,19890213194.0,1467839859.0,47667516958.0,67557730152.0,941049477.0,71606479579.0,15471216132.0,-470406299.0,47995248186.0,63466464318.0,4463862198.0,83127054173.0,12867733399.0,3669784550.0,49810831366.0,62678564765.0,41.73,1.6,0.7,2025,사업보고서
299030,하나기술,KOSDAQ,보통주,14120.0,0.5,112900000000.0,7995.0,27057.0,0.43,50.97,-5.85,-5804996468.0,93832555999.0,162694515783.0,-39810418.0,100598962406.0,263293478189.0,-15510537886.0,94219106206.0,142119388158.0,-26397485068.0,97928221707.0,240047609865.0,-3808842306.0,119948030553.0,119056832415.0,-6314995846.0,112666702313.0,231723534728.0,161.73,-0.04,-5.77,2025,사업보고서
189330,씨이랩,KOSDAQ,보통주,11530.0,10.87,108200000000.0,9382.0,333364.0,5.3,-18.93,-17.97,-3119267462.0,10272320511.0,4315330813.0,-3225075448.0,25126707120.0,29442037933.0,-5186782443.0,9093357973.0,3796002594.0,-5284958770.0,9599640362.0,13395642956.0,-6459128318.0,3663438456.0,3202372807.0,-6910776281.0,14814323210.0,18016696017.0,17.17,-31.4,-12.41,2025,사업보고서
474170,루미르,KOSDAQ,보통주,6270.0,0.97,111700000000.0,17818.0,47279.0,4.08,-116.11,0.08,45662747.0,10568518218.0,7977241847.0,-594389927.0,61390269179.0,69367511026.0,-1144820333.0,14277073160.0,11034256853.0,-1201741372.0,60975993509.0,72010250362.0,-5920130626.0,12126540395.0,14521356286.0,-3023272981.0,32157956800.0,46679313086.0,12.99,-5.62,0.07,2025,사업보고서
040350,크레오에스지,KOSDAQ,보통주,4585.0,3.38,91000000000.0,19856.0,125773.0,0.0,-28.13,-17.46,-8549556244.0,10861107272.0,41702552839.0,-6409391888.0,47214013849.0,88916566688.0,-13878517939.0,8157056644.0,41110090373.0,-5653531364.0,50393346954.0,91503437327.0,-13494194703.0,9756217845.0,21408029951.0,-3734725216.0,32188397770.0,53596427721.0,88.33,-59.01,-18.11,2025,사업보고서
041440,현대에버다임,KOSDAQ,보통주,6670.0,1.52,119000000000.0,17842.0,91032.0,3.49,12.33,2.44,4642755213.0,289586707208.0,103414666101.0,5407238429.0,191708351289.0,295123017390.0,6580511557.0,355118376929.0,108259464311.0,9949577923.0,188274190697.0,296533655008.0,6390961040.0,358052339749.0,114926762301.0,11983008868.0,182611181934.0,297537944235.0,53.94,1.87,2.42,2025,사업보고서
396300,HT로보틱스,KOSDAQ,보통주,5670.0,0.35,150200000000.0,26490.0,1677226.0,2.7,18.12,1.95,1422640284.0,85827035655.0,75005041508.0,-1850263966.0,74247469421.0,149252510929.0,2544907902.0,92337581175.0,60273326146.0,-2658884470.0,71677046868.0,131950373014.0,6352339890.0,86777674618.0,31692564431.0,1993701154.0,70284330693.0,101976895124.0,101.02,-2.16,1.92,2025,사업보고서
452450,피아이이,KOSDAQ,보통주,3845.0,9.86,138500000000.0,36028.0,285896.0,1.54,-5.11,-41.21,-24611623366.0,65088392269.0,93894715015.0,-21217301485.0,56343883422.0,150238598437.0,9947671994.0,124047770514.0,46213476654.0,9432561241.0,51831850437.0,98045327091.0,5511382731.0,85838375761.0,52607339681.0,3994019857.0,40538525446.0,93145865127.0,166.65,-32.6,-43.68,2025,사업보고서
451760,컨텍,KOSDAQ,보통주,6970.0,3.11,115100000000.0,16508.0,49281.0,4.46,13.28,-8.36,-10341838829.0,86898165034.0,95083365444.0,-16170062633.0,177989988027.0,273073353471.0,-19127898711.0,68983081678.0,90546618220.0,-12185920249.0,188210551166.0,278757169386.0,-64886392989.0,15813851205.0,12060786243.0,-9982807232.0,109714255111.0,121775041354.0,53.42,-18.61,-5.81,2025,사업보고서
106190,하이텍팜,KOSDAQ,보통주,10450.0,0.67,111100000000.0,10633.0,10013.0,46.19,9.31,9.17,11475138191.0,70183145366.0,13025176732.0,12856017087.0,130671423747.0,143696600479.0,13710010333.0,77513117378.0,20351771011.0,15557754205.0,119738277761.0,140090048772.0,8076496177.0,76772140714.0,28063663960.0,10088910954.0,106994353345.0,135058017305.0,9.97,18.32,8.78,2025,사업보고서
417500,제이아이테크,KOSDAQ,보통주,3545.0,2.46,116200000000.0,32785.0,105412.0,5.88,10.65,9.0,6672564923.0,53551170592.0,51257475287.0,10396611151.0,77990720540.0,129248195827.0,8079552355.0,57292697454.0,51522821756.0,8705391232.0,70422428647.0,121945250403.0,3289882292.0,43362684673.0,40865917078.0,4086021597.0,64694112726.0,105560029804.0,65.72,19.41,8.56,2025,사업보고서
478340,나라스페이스테크놀로지,KOSDAQ,보통주,10050.0,4.04,116300000000.0,11570.0,36540.0,3.6,-11.92,-440.58,-7679056734.0,13236859805.0,7703753429.0,-5460961314.0,47609509037.0,55313262466.0,-10733484575.0,4299000437.0,76774362182.0,-4432875706.0,-44123611364.0,32650750818.0,-13909111218.0,1627796991.0,44214161484.0,-3002406635.0,-33886625387.0,10327536097.0,16.18,-41.26,-16.13,2025,사업보고서
059120,아진엑스텍,KOSDAQ,보통주,7140.0,3.33,130700000000.0,18310.0,2100942.0,0.75,26.44,2.05,837150932.0,24617900877.0,3979700202.0,962725276.0,41249972756.0,45229672958.0,-2841785301.0,25168306541.0,4858629301.0,-4189061187.0,40260811047.0,45119440348.0,494231750.0,24884104476.0,4899866706.0,-912692556.0,42833397663.0,47733264369.0,9.65,3.91,2.03,2025,사업보고서
053080,케이엔솔,KOSDAQ,보통주,8580.0,0.59,111500000000.0,13000.0,34339.0,1.09,-1.76,-35.08,-54413352990.0,463537032859.0,263780838342.0,-62011659027.0,123894640646.0,387675478988.0,13435956831.0,579197289294.0,229796437364.0,26427101635.0,185948142869.0,415744580233.0,11265591096.0,417441558585.0,226961284973.0,18467923097.0,169498257363.0,396459542336.0,212.91,-13.38,-43.92,2025,사업보고서
067290,JW신약,KOSDAQ,보통주,3265.0,-4.81,183000000000.0,56037.0,23526484.0,1.77,17.84,46.3,15656730846.0,81043717132.0,17513266801.0,7455451177.0,40727803290.0,58241070091.0,5076982440.0,93013748432.0,36466121296.0,9952528451.0,26569281642.0,63035402938.0,-37402206978.0,104234950412.0,49174210385.0,5627697721.0,16444347344.0,65618557729.0,43.0,9.2,38.44,2025,사업보고서
308080,바이젠셀,KOSDAQ,보통주,6580.0,5.11,134900000000.0,20499.0,165607.0,1.76,-10.15,-32.09,-16322420297.0,22674300.0,10554805638.0,-17108466056.0,43720241870.0,54275047508.0,-14055502834.0,278946254.0,9320615476.0,-15330478633.0,58025759633.0,67346375109.0,-17875427073.0,0.0,9559879336.0,-20084446567.0,71489172832.0,81049052168.0,24.14,-75453.12,-37.33,2025,사업보고서
475230,엔알비,KOSDAQ,보통주,9950.0,1.63,108400000000.0,10899.0,61624.0,6.66,19.32,-0.85,-532660205.0,59481544678.0,89763272702.0,4499216922.0,85501528778.0,175264801480.0,2000890783.0,52801303324.0,96029502914.0,6216006878.0,39718361262.0,135747864176.0,1502810141.0,51532616211.0,134633938764.0,12140680170.0,-6755757566.0,127878181198.0,104.98,7.56,-0.62,2025,사업보고서
339950,아이비김영,KOSDAQ,보통주,2620.0,0.96,117800000000.0,44947.0,24404.0,2.38,7.1,32.19,20117300717.0,119488397139.0,49909637281.0,19067499968.0,70920566994.0,120830204275.0,12181911721.0,107068569330.0,45353602953.0,16490034787.0,52586768891.0,97940371844.0,6652680486.0,94698742467.0,38133149668.0,8935524758.0,41960551647.0,80093701315.0,70.37,15.96,28.37,2025,사업보고서
049520,유아이엘,KOSDAQ,보통주,3860.0,0.78,119100000000.0,30843.0,41521.0,6.23,5.12,11.23,22493717133.0,412263992426.0,86633721068.0,26354275450.0,202967422134.0,289601143202.0,29799362262.0,424657577159.0,82379523834.0,21064136354.0,198456751729.0,280836275563.0,11315635866.0,332145486183.0,68180325589.0,8472833544.0,159483579302.0,227663904891.0,42.68,6.39,11.08,2025,사업보고서
158430,아톤,KOSDAQ,보통주,4850.0,8.26,118700000000.0,24482.0,794112.0,4.02,33.68,1.68,2182773210.0,67603200088.0,41092823168.0,10357738081.0,104446140360.0,145538963528.0,11038402513.0,65423627200.0,49015171146.0,14436928478.0,89930680663.0,138945851809.0,10193342856.0,55030886112.0,61847249773.0,11412710566.0,83153975135.0,145001224908.0,39.34,15.32,2.09,2025,사업보고서
063570,NICE인프라,KOSDAQ,보통주,3450.0,-0.43,117800000000.0,34148.0,6213.0,2.6,10.99,3.92,7190300230.0,383954233593.0,449324281193.0,30713748831.0,183572647628.0,632896928821.0,2397982374.0,338702988011.0,367297752842.0,18704472550.0,180470714949.0,547768467791.0,14443808625.0,358404475666.0,336126481136.0,27749460186.0,183922810371.0,520049291507.0,244.77,8.0,3.92,2025,사업보고서
333430,일승,KOSDAQ,보통주,3840.0,2.13,118000000000.0,30727.0,263914.0,0.78,8.97,17.79,13685746628.0,50673752132.0,38267461167.0,10863172422.0,90872349012.0,129139810179.0,6518274761.0,51793219831.0,38829414610.0,6913731124.0,76713974541.0,115543389151.0,7677487731.0,52971603874.0,33427348140.0,5293353311.0,71188267359.0,104615615499.0,42.11,21.44,15.06,2025,사업보고서
366030,나인앤컴퍼니,KOSDAQ,보통주,4890.0,-0.1,110800000000.0,22654.0,45507.0,0.71,6.6,9.31,7404352773.0,45044252491.0,5934147488.0,6804511850.0,82353674660.0,88287822148.0,7678245446.0,49860402968.0,6532257287.0,8102118530.0,76945893598.0,83478150885.0,10055763184.0,53009477352.0,3408479896.0,10512863283.0,66168082478.0,69576562374.0,7.21,15.11,8.99,2025,사업보고서
041590,플래스크,KOSDAQ,보통주,2370.0,0.0,116100000000.0,48972.0,0.0,1.55,35.91,0.73,300410055.0,18005218335.0,5706610981.0,-1961789605.0,41373214020.0,47079825001.0,-5607599540.0,14037248336.0,9704805776.0,-7961122082.0,40863601357.0,50568407133.0,-39111886872.0,22759609054.0,34061662318.0,-22962238594.0,31789340910.0,65851003228.0,13.79,-10.9,0.73,2025,사업보고서
402490,그린리소스,KOSDAQ,보통주,6310.0,2.44,106900000000.0,16935.0,49341.0,7.35,11.88,15.86,10540367883.0,102155379135.0,75137626196.0,6032761230.0,72099638766.0,147237264962.0,2405609515.0,18498939484.0,50297546530.0,1071726412.0,61545164652.0,111842711182.0,2602076258.0,16501343055.0,20206918977.0,3268355911.0,51130448315.0,71337367292.0,104.21,5.91,14.62,2025,사업보고서
037070,파세코,KOSDAQ,보통주,6150.0,-1.6,123000000000.0,20000.0,122582.0,1.2,39.94,4.39,3701214003.0,167909772380.0,25179385119.0,3300899727.0,85586759952.0,110766145071.0,-16777211028.0,157757027360.0,37269092942.0,-16805960197.0,82920809493.0,120189902435.0,778287253.0,147540869348.0,30815426586.0,-1237803585.0,102984372765.0,133799799351.0,29.42,1.97,4.32,2025,사업보고서
090850,현대이지웰,KOSDAQ,보통주,5030.0,3.82,113100000000.0,22478.0,121894.0,16.59,7.11,23.24,23999448196.0,142648866656.0,132409328658.0,24197478889.0,109277542429.0,241686871087.0,11922840467.0,131056281150.0,128049712503.0,20243595525.0,97294368190.0,225344080693.0,-532191494.0,117951671998.0,109709252300.0,18340862426.0,87475286700.0,197184539000.0,121.17,16.96,21.96,2025,사업보고서
256940,킵스파마,KOSDAQ,보통주,5620.0,2.93,112800000000.0,20078.0,22022.0,2.54,-9.11,-17.45,-10382616490.0,170146866389.0,152414590353.0,1574636068.0,81502555462.0,233917145815.0,1611724006.0,127583228842.0,103573748437.0,6216644621.0,63415268200.0,166989016637.0,3462994857.0,92133337144.0,58699350741.0,3060265295.0,58579197784.0,117278548525.0,187.01,0.93,-12.74,2025,사업보고서
038540,상상인,KOSDAQ,보통주,2095.0,3.97,115900000000.0,55328.0,11905.0,4.1,-1.03,-27.56,-123083856988.0,418561194722.0,4050693034415.0,-48213058666.0,467091038462.0,4517784072877.0,-215053660216.0,588250647629.0,4533973404307.0,-76414522568.0,570267727110.0,5104241131417.0,-62168774849.0,595796132662.0,5916512387476.0,-16628760562.0,797881567633.0,6714393955109.0,867.22,-11.52,-26.35,2025,사업보고서
037350,성도이엔지,KOSDAQ,보통주,7130.0,2.0,108400000000.0,15210.0,74258.0,4.48,5.01,10.9,28154275616.0,743406393090.0,327841617842.0,57697884783.0,274045024321.0,601886642163.0,15309069796.0,999611416620.0,423656611377.0,27296131094.0,242433814116.0,666090425493.0,1106920565.0,678599013645.0,424904577706.0,12314577967.0,220646485116.0,645551062822.0,119.63,7.76,10.27,2025,사업보고서
453450,그리드위즈,KOSDAQ,보통주,12880.0,1.02,102300000000.0,7943.0,17351.0,1.35,86.44,1.62,2019339165.0,125608613271.0,55488108054.0,816318926.0,133132927268.0,188621035322.0,-2790149667.0,124674395185.0,38356500704.0,-4342600272.0,130399757841.0,168756258545.0,4156327772.0,131870602109.0,45410215785.0,1591501114.0,76882866819.0,122293082604.0,41.68,0.65,1.52,2025,사업보고서
036630,세종텔레콤,KOSDAQ,보통주,8780.0,-0.23,122900000000.0,14000.0,8203.0,0.38,-10.05,3.74,8009050060.0,284195339074.0,182969375171.0,-10752773678.0,172990326958.0,355959702129.0,-33191927184.0,371390754350.0,223923068700.0,-12136039289.0,270086047406.0,494009116106.0,44289357836.0,339300781424.0,200023805865.0,-3114263444.0,320351275693.0,520375081558.0,105.77,-3.78,4.63,2025,사업보고서
217270,넵튠,KOSDAQ,보통주,2400.0,-0.41,112200000000.0,46736.0,46057.0,1.95,-2.03,-11.74,-40603966106.0,122530715081.0,43373385016.0,2492318946.0,315950778039.0,359324163055.0,4752343681.0,121600718535.0,37038722403.0,9605576935.0,370414959421.0,407453681824.0,-16741380684.0,99746932814.0,44197895593.0,2155714673.0,364226200726.0,408424096319.0,13.73,2.03,-12.85,2025,사업보고서
017510,세명전기,KOSDAQ,보통주,7150.0,2.14,109000000000.0,15246.0,66549.0,4.67,8.72,15.13,12764239500.0,32333208200.0,16654972400.0,14815685792.0,90125515566.0,106780487966.0,4685278134.0,14431484950.0,9878751995.0,3029673182.0,78580956066.0,88459708061.0,1306545862.0,12480171413.0,8368837677.0,1997049736.0,74962897932.0,83331735609.0,18.48,45.82,14.16,2025,사업보고서
259630,엠플러스,KOSDAQ,보통주,9430.0,1.84,115300000000.0,12222.0,38760.0,5.63,4.43,22.12,20634057074.0,184211329846.0,139409836499.0,24565260931.0,101975636869.0,241385473368.0,10981876260.0,128744388506.0,208235679596.0,10091396762.0,84599173965.0,292834853561.0,20003842508.0,340051608007.0,246119698368.0,23880060108.0,74140571229.0,320260269597.0,136.71,13.34,20.23,2025,사업보고서
330350,위더스제약,KOSDAQ,보통주,7350.0,4.55,97000000000.0,13200.0,1349431.0,0.29,12.19,5.2,4967130859.0,106444236309.0,38638002180.0,5662694062.0,98006569443.0,136644571623.0,4784739820.0,102721786936.0,41570761654.0,5660615233.0,93116677064.0,134687438718.0,7959175100.0,80119449783.0,40502049931.0,7909423796.0,90277966713.0,130780016644.0,39.42,5.32,5.07,2025,사업보고서
488280,에스투더블유,KOSDAQ,보통주,9720.0,4.97,105200000000.0,10825.0,49494.0,0.85,-13.54,-38.28,-5290915573.0,10088850738.0,7386050188.0,-5640472823.0,23127585865.0,30513636053.0,-14102873978.0,9611557641.0,10389561995.0,-4497759670.0,4513350688.0,14902912683.0,-12573702283.0,6266798573.0,45619148148.0,-5671308952.0,-29749943626.0,15869204522.0,31.94,-55.91,-22.88,2025,사업보고서
246710,티앤알바이오팹,KOSDAQ,보통주,2210.0,0.45,105300000000.0,47665.0,126569.0,2.64,-3.27,-127.09,-31951045100.0,26967256198.0,66643102686.0,-9050786277.0,26070846000.0,92713948686.0,-7678779262.0,4873728487.0,74241955240.0,-13298894071.0,24211060303.0,98453015543.0,-13418957337.0,5199194463.0,68618804281.0,-12723799161.0,31197257242.0,99816061523.0,255.62,-33.56,-122.55,2025,사업보고서
101170,우림피티에스,KOSDAQ,보통주,7950.0,6.71,107300000000.0,13500.0,64443.0,3.06,19.06,2.93,2394187005.0,57112791211.0,10216386301.0,1189151404.0,82907181971.0,93123568272.0,-7768036421.0,71766793137.0,11948308926.0,-1599935484.0,80441842199.0,92390151125.0,5037601234.0,57344901360.0,16534535897.0,2473145469.0,89542802113.0,106077338010.0,12.32,2.08,2.89,2025,사업보고서
054920,한컴위드,KOSDAQ,보통주,3745.0,2.46,105700000000.0,28217.0,196222.0,2.87,12.04,5.53,9371783002.0,771217330234.0,100342125423.0,6086860721.0,149154034114.0,249496159537.0,-4702115583.0,448181149581.0,76013137904.0,1278567903.0,140204421595.0,216217559499.0,-546111830.0,404980335214.0,69302268969.0,720202656.0,144513289579.0,213815558548.0,67.27,0.79,6.28,2025,사업보고서
242040,나무에이엑스,KOSDAQ,보통주,3030.0,1.85,104900000000.0,34606.0,204336.0,5.18,336.67,-8.02,-1878681541.0,102273238233.0,55133812964.0,2251203375.0,46222626341.0,101356439305.0,-5501873983.0,91419341397.0,57067020268.0,-2227398114.0,40012191968.0,97079212236.0,-3528217964.0,90558433590.0,56799345973.0,-749823439.0,44657816111.0,101457162084.0,119.28,2.2,-4.06,2025,사업보고서
067900,와이엔텍,KOSDAQ,보통주,6020.0,-0.82,109600000000.0,18200.0,13584.0,3.68,3.66,9.37,30426548984.0,116995951433.0,153563587355.0,26072672057.0,346704719099.0,500268306454.0,31312214492.0,113759569571.0,137072801754.0,30278256433.0,303057910498.0,440130712252.0,24073206710.0,121396161273.0,112942015533.0,32121342170.0,250838163345.0,363780178878.0,44.29,22.29,8.78,2025,사업보고서
115500,케이씨에스,KOSDAQ,보통주,8760.0,4.04,105100000000.0,12000.0,30543.0,2.98,47.1,13.11,2527450060.0,24863482484.0,8031678492.0,2063210418.0,19680713875.0,27712392367.0,1999174860.0,29539354935.0,4996788834.0,1983143623.0,18878320893.0,23875109727.0,2769225118.0,47725941122.0,7111166509.0,3154888846.0,19427365571.0,26538532080.0,40.81,8.3,12.84,2025,사업보고서
297090,씨에스베어링,KOSDAQ,보통주,4040.0,2.93,110200000000.0,27270.0,69688.0,2.77,8.0,11.53,11232972223.0,126148072662.0,53593307794.0,11086289238.0,100970594640.0,154563902434.0,2508225870.0,105410424602.0,54194042303.0,2109689073.0,93841372625.0,148035414928.0,-1610060402.0,76607854875.0,64120202715.0,57074357.0,85669851121.0,149790053836.0,53.08,8.79,11.12,2025,사업보고서
047310,파워로직스,KOSDAQ,보통주,3035.0,2.71,111100000000.0,36611.0,56086.0,5.79,13.08,-5.93,-12318778055.0,686534652866.0,167295124951.0,-6367044445.0,197784961950.0,365080086901.0,12422763198.0,733444024609.0,199473337529.0,2421533753.0,218966483425.0,418439820954.0,16370375160.0,773181124037.0,193476521448.0,15579853751.0,191717976451.0,385194497899.0,84.58,-0.93,-6.23,2025,사업보고서
311320,지오엘리먼트,KOSDAQ,보통주,9060.0,7.47,114300000000.0,12615.0,73404.0,3.71,15.73,9.69,4785026218.0,54623538260.0,14818054133.0,4429142245.0,61986513195.0,76804567328.0,3100128402.0,44777284388.0,13992787132.0,5313625339.0,56142155665.0,70134942797.0,2226687897.0,17811078054.0,2812051497.0,761102321.0,50391350383.0,53203401880.0,23.91,8.11,7.72,2025,사업보고서
054050,NH농우바이오,KOSDAQ,보통주,7020.0,0.72,112500000000.0,16031.0,16954.0,2.32,8.68,4.48,12283185067.0,158789058609.0,74511601720.0,13641451850.0,278413024734.0,352924626454.0,10908921044.0,144680224580.0,71743947078.0,11103130280.0,271565404591.0,343309351669.0,10321401300.0,135843611785.0,65817257974.0,8944808701.0,257991299621.0,323808557595.0,26.76,8.59,4.41,2025,사업보고서
021080,에이티넘인베스트,KOSDAQ,보통주,2185.0,2.1,104900000000.0,48000.0,149283.0,8.85,7.26,12.96,25094943255.0,70561999146.0,20652807408.0,31977878918.0,204508611843.0,225161419251.0,10844311939.0,51724939670.0,34216051995.0,13503630205.0,182633288838.0,216849340833.0,20080843033.0,135789250846.0,45423688238.0,24779485522.0,177308325899.0,222732014137.0,10.1,45.32,12.27,2025,사업보고서
290720,푸드나무,KOSDAQ,보통주,2725.0,-1.98,104000000000.0,38149.0,7064.0,0.32,-23.7,10.9,2030815890.0,86805706183.0,51458544992.0,-8152920653.0,35026768109.0,86485313101.0,-45472723233.0,120654159040.0,105926181736.0,-15344140525.0,2155995924.0,108082177660.0,-19992768396.0,154080183046.0,92676067233.0,-10700708491.0,23080911027.0,115756978260.0,146.91,-9.39,5.8,2025,사업보고서
018120,진로발효,KOSDAQ,보통주,16560.0,0.0,109600000000.0,6621.0,1414.0,0.54,11.08,13.65,12534904154.0,99783679254.0,8201489469.0,14013935309.0,94127896562.0,102329386031.0,10505171992.0,101456070092.0,9025980225.0,11536816557.0,88672511862.0,97698492087.0,6475436103.0,100068186172.0,12258161825.0,8055864375.0,78474696608.0,90732858433.0,8.71,14.04,13.32,2025,사업보고서
141000,비아트론,KOSDAQ,보통주,8840.0,1.26,107100000000.0,12115.0,50825.0,4.09,10.24,6.0,10423033083.0,65118567077.0,23599191945.0,9179576688.0,180346001638.0,203945193583.0,13388578269.0,58034681708.0,25867322224.0,6757920055.0,178206517409.0,204073839633.0,1683305622.0,28014037151.0,21783407942.0,-1682742208.0,165765669021.0,187549076963.0,13.09,14.1,5.78,2025,사업보고서
067990,도이치모터스,KOSDAQ,보통주,3770.0,1.07,110000000000.0,29182.0,89070.0,3.82,48.96,0.9,1708412083.0,2549096896332.0,1265494966676.0,40785780982.0,376319022342.0,1641813989018.0,-7657839265.0,2168435353922.0,1263992620117.0,25040690515.0,405329884974.0,1669322505091.0,11365704080.0,2195954335686.0,1140342989250.0,42771890724.0,432474345771.0,1572817335021.0,336.28,1.6,0.45,2025,사업보고서
123040,엠에스오토텍,KOSDAQ,보통주,1714.0,1.24,107300000000.0,62628.0,229770.0,1.2,-1.69,-43.22,-74931505717.0,1740551641926.0,1059482768924.0,31282863328.0,637407280758.0,1696890049682.0,100239082798.0,1777518816112.0,1038798891709.0,96301047824.0,702186237060.0,1740985128769.0,91656537648.0,2081763599500.0,1095888306426.0,174843700115.0,569253200198.0,1665141506624.0,166.22,1.8,-11.76,2025,사업보고서
120240,대정화금,KOSDAQ,보통주,14700.0,-0.61,105700000000.0,7190.0,2966.0,3.15,6.2,7.6,13549080816.0,108081231529.0,27068969267.0,11182354393.0,183636363420.0,210705332687.0,9681140947.0,92304424167.0,29106658909.0,8480140876.0,173048494224.0,202155153133.0,12959127696.0,93282650935.0,29707151148.0,10995939901.0,166621380350.0,196328531498.0,14.74,10.35,7.38,2025,사업보고서
039340,한국경제TV,KOSDAQ,보통주,4905.0,-0.1,107900000000.0,22000.0,8297.0,1.28,19.7,1.87,2790796028.0,,19434898396.0,-2375020915.0,147810166493.0,167245064889.0,8451296388.0,,20498131641.0,1130184199.0,151254264022.0,171752395663.0,10713481063.0,,26131260503.0,5130562122.0,175135120781.0,201266381284.0,13.15,,1.89,2025,사업보고서
105330,케이엔더블유,KOSDAQ,보통주,6700.0,0.9,107300000000.0,16020.0,22508.0,1.32,-9.4,-4.61,-5767358399.0,81058653134.0,145052996158.0,-2956124553.0,122064725377.0,267117721535.0,3441506852.0,78463634109.0,79475008582.0,-2285023523.0,128147463770.0,207622472352.0,2052430873.0,95369711653.0,26714947169.0,5220758004.0,125108652407.0,151823599576.0,118.83,-3.65,-4.72,2025,사업보고서
166480,코아스템켐온,KOSDAQ,보통주,2285.0,4.58,120800000000.0,52870.0,104308.0,1.18,-3.83,-51.72,-26833142831.0,20158947968.0,57197895120.0,-21222616625.0,55173429203.0,112371324323.0,-26252412534.0,28762459937.0,68863831145.0,-22019245376.0,48593356064.0,117457187209.0,-17671634878.0,33657156172.0,58990694040.0,-19675632871.0,19600629786.0,78591323826.0,103.67,-105.28,-48.63,2025,사업보고서
109740,디에스케이,KOSDAQ,보통주,4180.0,0.72,107500000000.0,25710.0,8776.0,0.95,-8.07,-13.77,-19800098307.0,43179030300.0,32898845776.0,-22721923765.0,115779936922.0,148678782698.0,-11421875330.0,22640427894.0,32926880491.0,-19700154271.0,133448708542.0,166375589033.0,3575821124.0,71500309073.0,21340056984.0,-9707377173.0,149529570101.0,170869627085.0,28.41,-52.62,-17.1,2025,사업보고서
059210,메타바이오메드,KOSDAQ,보통주,3865.0,-0.26,105000000000.0,27171.0,36684.0,5.33,6.29,10.1,10771544169.0,102951318559.0,61730262194.0,21428131922.0,124873491405.0,186603753599.0,22324863737.0,94036051029.0,81184863406.0,17221764638.0,96110218826.0,177295082232.0,9815413323.0,83100721820.0,57462375611.0,10747626419.0,72661881957.0,130124257568.0,49.43,20.81,8.63,2025,사업보고서
310200,애니플러스,KOSDAQ,보통주,2045.0,1.74,106700000000.0,52163.0,72136.0,2.17,12.17,10.39,14044673132.0,150299705151.0,143193477369.0,22683638558.0,128151638595.0,271345115964.0,18029079938.0,130975963475.0,131747055312.0,25139081598.0,123840833000.0,255587888312.0,10393572993.0,111346904329.0,98515906429.0,22862982635.0,101123636490.0,199639542919.0,111.74,15.09,10.96,2025,사업보고서
053700,삼보모터스,KOSDAQ,보통주,4040.0,2.02,107900000000.0,26716.0,113835.0,0.0,10.63,5.06,20266061263.0,1684582152379.0,918498055805.0,61729555951.0,419356617050.0,1337854672855.0,43826664737.0,1570625502210.0,827595481304.0,54271873657.0,381447737508.0,1209043218812.0,29804014257.0,1440557265080.0,718621177575.0,51648116490.0,318844674836.0,1037465852411.0,219.03,3.66,4.83,2025,사업보고서
052860,아이앤씨,KOSDAQ,보통주,6290.0,1.94,112400000000.0,17867.0,120801.0,2.08,50.32,14.03,4284956489.0,36878556322.0,17241195987.0,4050146283.0,35681190456.0,52922386443.0,-11991193465.0,23374281444.0,20808353151.0,-10673994878.0,30480555064.0,51288908215.0,46912304.0,64285596112.0,22747496214.0,1433685935.0,44505586945.0,67253083159.0,48.32,10.98,12.01,2025,사업보고서
051980,중앙첨단소재,KOSDAQ,보통주,1000.0,-1.96,111100000000.0,111092.0,485912.0,4.33,-50.0,-5.49,-5504612917.0,19809151653.0,23510402415.0,-4562905485.0,103808249073.0,127318651488.0,-76828193470.0,18691841435.0,27845314216.0,-7798426267.0,96668561797.0,124513876013.0,-48424231219.0,26295374091.0,67032732741.0,56864463.0,63485739992.0,130518472733.0,22.65,-23.03,-5.3,2025,사업보고서
063170,서울옥션,KOSDAQ,보통주,6100.0,0.33,108400000000.0,17774.0,45225.0,2.55,-17.84,-8.52,-8773726189.0,21334383653.0,123219057887.0,-3953230030.0,98253274161.0,221472332048.0,-9469037391.0,20599064531.0,104864570655.0,-3390242787.0,107677116211.0,212541686866.0,-7969020389.0,44965867806.0,79506073760.0,-3547805936.0,116763183075.0,196269256835.0,125.41,-18.53,-8.93,2025,사업보고서
474610,RF시스템즈,KOSDAQ,보통주,6670.0,-3.75,96100000000.0,14415.0,115074.0,8.16,14.6,11.29,5156507490.0,38174363248.0,33227357164.0,4056230151.0,49397231358.0,82624588522.0,-4104771699.0,32672118780.0,26907422911.0,1685721027.0,41983578027.0,68891000938.0,3907484195.0,32787110783.0,21754764084.0,1787123897.0,26792115089.0,48546879173.0,67.27,10.63,10.44,2025,사업보고서
051360,토비스,KOSDAQ,보통주,11940.0,4.01,115100000000.0,9642.0,20487.0,15.36,3.48,16.58,44730791654.0,640328783001.0,252821562942.0,57190661866.0,305258508835.0,558080071777.0,61303962036.0,623780683541.0,263594186747.0,58371879127.0,264555313031.0,528149499778.0,12895757017.0,447392253958.0,276401464410.0,25655751176.0,212507897758.0,488909362168.0,82.82,8.93,14.65,2025,사업보고서
336680,탑런토탈솔루션,KOSDAQ,보통주,2830.0,3.47,110800000000.0,39146.0,20570.0,0.82,47.17,3.64,6070558012.0,550111118017.0,363148890175.0,8900559497.0,193918916462.0,557067806637.0,19887697794.0,519654712241.0,268326304687.0,26040170887.0,184161404756.0,452487709443.0,22650979479.0,513876854406.0,281284705906.0,29680115727.0,94510684463.0,375795390369.0,187.27,1.62,3.13,2025,사업보고서
073560,우리손에프앤지,KOSDAQ,보통주,1536.0,0.39,106300000000.0,69238.0,40899.0,4.19,3.9,7.36,23595090660.0,287050419297.0,219592132141.0,32690978363.0,346558252095.0,566150384236.0,15581205158.0,292662888938.0,240414433817.0,27527356502.0,330049180209.0,570463614026.0,1708959906.0,279274037619.0,224124455946.0,4633067463.0,259778689633.0,483903145579.0,63.36,11.39,6.81,2025,사업보고서
100700,세운메디칼,KOSDAQ,보통주,2470.0,1.65,108200000000.0,43800.0,66406.0,2.73,7.79,8.01,12192825176.0,63656938818.0,9470610855.0,12700763051.0,154401223419.0,163871834274.0,12575205365.0,60150954758.0,7781973365.0,11376806206.0,149066155125.0,156848128490.0,15473940920.0,68246934042.0,8918878973.0,16920173786.0,137692773711.0,146611652684.0,6.13,19.95,7.9,2025,사업보고서
042510,라온시큐어,KOSDAQ,보통주,9030.0,5.99,100300000000.0,11106.0,301782.0,1.59,22.69,6.5,3551657406.0,63751052492.0,20391488370.0,2782270207.0,54097272526.0,74488760896.0,4108357384.0,62492539475.0,21031929083.0,1967382723.0,50475846205.0,71507775288.0,6047265641.0,51841445278.0,29709808858.0,-1653091109.0,45884951073.0,75594759931.0,37.69,4.36,6.57,2025,사업보고서
039560,다산네트웍스,KOSDAQ,보통주,2395.0,1.48,102700000000.0,42888.0,75085.0,6.32,-5.15,-2.72,4191427824.0,541777680410.0,271982031056.0,38479275179.0,343678805672.0,615660836728.0,-22209534699.0,337595735908.0,297697526320.0,-8120377575.0,323712093180.0,621409619500.0,-92872344591.0,92292591370.0,87207795627.0,-1251908380.0,301425718531.0,388633514158.0,79.14,7.1,1.22,2025,사업보고서
066590,스모트로닉,KOSDAQ,보통주,2450.0,0.0,94800000000.0,38678.0,62569.0,2.46,-128.95,-12.57,-11346574216.0,368608811121.0,189456014527.0,451203342.0,78689019518.0,268145034045.0,7140720916.0,354215329745.0,195858715283.0,9048785590.0,90228675226.0,286087390509.0,10205843113.0,347995612773.0,167654556551.0,8384697540.0,82339541703.0,249994098254.0,240.77,0.12,-14.42,2025,사업보고서
475580,에이럭스,KOSDAQ,보통주,7150.0,2.0,97400000000.0,13625.0,32916.0,1.47,-13.07,-18.34,-9423578292.0,63015993000.0,47831216040.0,-10473618909.0,45485255435.0,93316471475.0,2821957778.0,55042189003.0,5945532243.0,3004063592.0,56859872061.0,62805404304.0,3959967181.0,54845581406.0,8410733516.0,5027356557.0,28689183725.0,37099917241.0,105.16,-16.62,-20.72,2025,사업보고서
396470,워트,KOSDAQ,보통주,6310.0,0.48,101700000000.0,16120.0,69797.0,1.73,19.97,5.52,3568663895.0,15220856646.0,1995217283.0,2482696274.0,66041023876.0,68036241159.0,3391770084.0,15184230309.0,1922211500.0,2030777730.0,63278508345.0,65200719845.0,2209150781.0,12845576073.0,1527197265.0,1470379146.0,60688559658.0,62215756923.0,3.02,16.31,5.4,2025,사업보고서
338220,뷰노,KOSDAQ,보통주,5250.0,0.57,73500000000.0,14002.0,57124.0,1.33,-6.65,-17.3,-5779512013.0,34847834702.0,14274913529.0,-4933322116.0,36114528575.0,50389442104.0,-13018446504.0,25869420408.0,19488654983.0,-12450008523.0,30693774743.0,50182429726.0,-15626719889.0,13275892081.0,17536802020.0,-15675806109.0,5019368554.0,22556170574.0,39.53,-14.16,-16.0,2025,사업보고서
131030,옵투스제약,KOSDAQ,보통주,5720.0,-1.21,100900000000.0,17647.0,22908.0,3.99,7.12,7.36,11357810363.0,87161378628.0,26050949014.0,8875109028.0,165005598056.0,191056547070.0,10308425359.0,81904833952.0,22768475450.0,8587803350.0,143734917507.0,166503392957.0,10760361468.0,72426447150.0,15009466334.0,8186594736.0,134450876221.0,149460342555.0,15.79,10.18,6.88,2025,사업보고서
042500,링네트,KOSDAQ,보통주,4460.0,1.36,99400000000.0,22291.0,498569.0,5.7,10.18,9.65,10902152980.0,183074373611.0,49151351778.0,14313163865.0,119028949932.0,168180301710.0,12854326549.0,163904772518.0,40921908386.0,13690916486.0,106822305832.0,147744214218.0,12788780412.0,217699382445.0,55823929320.0,16347719605.0,96119462834.0,151943392154.0,41.29,7.82,9.16,2025,사업보고서
290740,액트로,KOSDAQ,보통주,11900.0,0.0,119800000000.0,10065.0,51741.0,12.34,10.08,10.37,7316690550.0,244938933154.0,50489322131.0,6578777793.0,73179375583.0,123668697714.0,1485089888.0,203084124613.0,44638506068.0,2416736264.0,69079314214.0,113717820282.0,5745559474.0,156846101861.0,50485528482.0,4692405185.0,68270109983.0,118755638465.0,68.99,2.69,10.0,2025,사업보고서
309960,LB인베스트먼트,KOSDAQ,보통주,4235.0,-1.05,98300000000.0,23217.0,27635.0,2.54,7.06,10.11,12433318960.0,26415002944.0,8759140500.0,9665347388.0,126962988014.0,135722128514.0,8577972938.0,30257378187.0,10619625110.0,10852356019.0,119034309285.0,129653934395.0,6421973511.0,27582188617.0,11578139740.0,8463269974.0,115441887021.0,127020026761.0,6.9,36.59,9.79,2025,사업보고서
074430,아미노로직스,KOSDAQ,보통주,1125.0,-4.58,99200000000.0,88140.0,149522.0,2.44,31.25,6.54,3521555424.0,22020233503.0,28184503025.0,3593847277.0,55993501590.0,84178004615.0,-1620020950.0,16790273164.0,5093830758.0,-2153048279.0,51695321418.0,56789152176.0,2436162713.0,20886622718.0,3257060208.0,1462016016.0,54411009074.0,57668069282.0,50.34,16.32,6.29,2025,사업보고서
071280,로체시스템즈,KOSDAQ,보통주,7480.0,13.85,114400000000.0,15297.0,461564.0,46.51,8.31,9.43,12257535043.0,124870173744.0,24599517454.0,14423291900.0,137770231156.0,162369748610.0,12113375809.0,160076968925.0,35218713930.0,19776572725.0,122250566787.0,157469280717.0,8866161027.0,105268915966.0,25151419340.0,11926044601.0,111629594572.0,136781013912.0,17.86,11.55,8.9,2025,사업보고서
362320,청담글로벌,KOSDAQ,보통주,4440.0,-0.22,91900000000.0,20693.0,30253.0,0.0,23.12,2.32,3075568993.0,217385486725.0,90193809291.0,5369440350.0,117162446576.0,207356255867.0,3269615509.0,234266029253.0,101967173925.0,6868476257.0,86418403565.0,188385577490.0,-1150055986.0,237778587521.0,47346177558.0,5736203424.0,66844783312.0,114190960870.0,76.98,2.47,2.63,2025,사업보고서
298540,더네이쳐홀딩스,KOSDAQ,보통주,6780.0,0.44,98200000000.0,14486.0,5052.0,8.67,-968.57,2.02,1024799100.0,477521854058.0,283181770690.0,6968044892.0,392722233598.0,675904004288.0,18991375049.0,516897055775.0,298690086300.0,30093846387.0,399624489570.0,698314575870.0,52424405163.0,548443577367.0,270883018769.0,66951645379.0,369287794008.0,640170812777.0,72.11,1.46,0.26,2025,사업보고서
079650,서산,KOSDAQ,보통주,6730.0,-11.1,134600000000.0,20000.0,6767749.0,1.08,-320.48,-1.41,-2845461469.0,45103016559.0,5496970497.0,-3330555325.0,101891974287.0,107388944784.0,-2459067607.0,35683765002.0,8356165388.0,-2494575557.0,103887324014.0,112243489402.0,1534293585.0,41252744468.0,7600380823.0,-1576866107.0,106318584145.0,113918964968.0,5.39,-7.38,-2.79,2025,사업보고서
053260,금강철강,KOSDAQ,보통주,6030.0,-5.63,112900000000.0,18720.0,922173.0,0.25,17.74,-0.05,-175082249.0,177224131863.0,24522929905.0,1502892079.0,126865530593.0,151388460498.0,6879569113.0,201084686267.0,35711648449.0,3808766502.0,128977992283.0,164689640732.0,4517373997.0,225362561244.0,25589985236.0,5290275022.0,126163570464.0,151753555700.0,19.33,0.85,-0.14,2025,사업보고서
357880,SKAI,KOSDAQ,보통주,1758.0,1.62,95300000000.0,54182.0,209629.0,0.96,-3.04,-129.35,-15069950433.0,,25230483597.0,-4391455139.0,13241668735.0,38472152332.0,-24789096345.0,,19352909023.0,-12065103096.0,11413848104.0,30766757127.0,-17105422489.0,,42443145364.0,-12390966240.0,17726898575.0,60170043939.0,190.54,,-113.81,2025,사업보고서
307930,컴퍼니케이,KOSDAQ,보통주,5990.0,0.5,93500000000.0,15610.0,32972.0,1.02,19.64,9.25,7240771662.0,21602359333.0,5492430988.0,9770230504.0,81997801035.0,87490232023.0,2090601512.0,15072826895.0,2787762410.0,3261640352.0,74576665529.0,77364427939.0,-5716324936.0,15858969653.0,5431676518.0,-4956484417.0,72039295185.0,77470971703.0,6.7,45.23,8.83,2025,사업보고서
006620,동구바이오제약,KOSDAQ,보통주,3605.0,2.71,102600000000.0,28465.0,64447.0,1.64,3.11,39.12,50172312639.0,242687805574.0,184190417288.0,9247532027.0,152159147146.0,336349564434.0,1990759749.0,249274859206.0,138612886712.0,12690585871.0,105447613672.0,244060500384.0,11808466179.0,215686305355.0,80658016725.0,14616047952.0,110444888505.0,191102905230.0,121.05,3.81,32.97,2025,사업보고서
086710,선진뷰티사이언스,KOSDAQ,보통주,7170.0,-0.55,87500000000.0,12203.0,9350.0,1.53,17.53,7.29,7316681919.0,80766128193.0,84824885457.0,6059554129.0,89023883504.0,173848768961.0,10433403002.0,79372060433.0,71265404882.0,10639844772.0,82819016937.0,154084421819.0,6668125849.0,72622359560.0,52936188744.0,9043651973.0,72835763403.0,125771952147.0,95.28,7.5,8.22,2025,사업보고서
487400,케이앤에스아이앤씨,KOSDAQ,보통주,7470.0,4.62,76600000000.0,10261.0,293794.0,0.81,-20.64,-27.72,,,,,,,,,,,,,,,,,,,,,,2025,사업보고서
246720,아스타,KOSDAQ,보통주,6070.0,0.0,99400000000.0,16381.0,0.0,1.07,-23.26,-49.41,-3303456542.0,2594819140.0,6266498062.0,-2589698780.0,9224398586.0,15490896648.0,-3863796752.0,3354706693.0,4411971853.0,-4018724616.0,4147828147.0,8559800000.0,-2813001653.0,3133234465.0,3536484472.0,-2723517456.0,6174937624.0,9711422096.0,67.93,-99.8,-35.81,2025,사업보고서
036220,오상헬스케어,KOSDAQ,보통주,6640.0,3.27,95000000000.0,14309.0,8242.0,1.16,-11.35,1.1,3106565420.0,128628728661.0,54886759478.0,2426328739.0,281318802819.0,336205562297.0,-11391203913.0,80488364604.0,8982220742.0,-24784976694.0,286017981301.0,295000202043.0,116664689672.0,355846882565.0,27256040100.0,142827493353.0,293290668466.0,320546708566.0,19.51,1.89,1.1,2025,사업보고서
380550,뉴로핏,KOSDAQ,보통주,7340.0,2.23,89500000000.0,12199.0,26354.0,7.21,-3.79,141.06,-22389140151.0,2615085161.0,7432206421.0,-16549206057.0,19452250106.0,26884456527.0,-15101403495.0,2216206143.0,61057246214.0,-14648713537.0,-51196996816.0,9860249398.0,5263083024.0,1562214285.0,59785185873.0,-11764169542.0,-36647861372.0,23137324501.0,38.21,-632.84,-115.1,2025,사업보고서
250060,모비스,KOSDAQ,보통주,3000.0,6.57,96500000000.0,32171.0,186301.0,3.28,-60.0,-3.07,-1052600280.0,5097704071.0,6341256757.0,-2935210411.0,33600316353.0,39941573110.0,9221357607.0,5026430528.0,15064285787.0,-2393806350.0,35078917575.0,50143203362.0,-4263808173.0,5443052907.0,19851769776.0,-2133500429.0,38808970916.0,58660740692.0,18.87,-57.58,-3.13,2025,사업보고서
005860,한일사료,KOSDAQ,보통주,2400.0,0.63,94600000000.0,39404.0,206623.0,3.16,17.27,3.94,6246145152.0,454852166662.0,44753644685.0,5861470994.0,164675146582.0,209428791267.0,3999186916.0,430978104202.0,48878105827.0,3696238401.0,160739241555.0,209617347382.0,114749245729.0,396938179132.0,82185348532.0,1767518597.0,160296918955.0,242482267487.0,27.18,1.29,3.79,2025,사업보고서
352090,스톰테크,KOSDAQ,보통주,3685.0,-0.41,99000000000.0,26873.0,23645.0,1.66,9.03,11.13,10208406747.0,69679394350.0,39088552363.0,11939381803.0,93820586823.0,132909139186.0,14354097123.0,66914685956.0,35061282723.0,12423879987.0,89652019610.0,124713302333.0,9766189478.0,55161763218.0,14869668186.0,11654525617.0,81865476368.0,96735144554.0,41.66,17.13,10.88,2025,사업보고서
083500,에프엔에스테크,KOSDAQ,보통주,11100.0,-0.27,92200000000.0,8306.0,91373.0,16.02,10.2,10.83,9159013551.0,73657803682.0,34374295778.0,10349896551.0,87501704869.0,121876000647.0,14567811473.0,88482201894.0,51435801712.0,8805382808.0,77478456565.0,128914258277.0,1439084726.0,38883827391.0,43447030049.0,2282069656.0,65150598998.0,108597629047.0,39.28,14.05,10.47,2025,사업보고서
002230,피에스텍,KOSDAQ,보통주,5050.0,0.0,93000000000.0,18421.0,32678.0,8.18,4.77,6.89,9133066474.0,97159784624.0,38405992136.0,5280658665.0,136478651040.0,174884643176.0,5635717619.0,80585330844.0,42959807699.0,3429511805.0,128541927309.0,171501735008.0,3903923412.0,69629912611.0,24381487923.0,851493802.0,129918232317.0,154299720240.0,28.14,5.44,6.69,2025,사업보고서
066790,씨씨에스,KOSDAQ,보통주,2205.0,0.0,97400000000.0,44152.0,0.0,0.31,-9.42,-30.3,-9074418424.0,18271161053.0,3542273767.0,-5020235846.0,25410925754.0,28953199521.0,-1073241178.0,18337213022.0,3524268696.0,-850011520.0,34485344178.0,38009612874.0,2534148486.0,19211399837.0,4013018555.0,453727360.0,27539470090.0,31552488645.0,13.94,-27.48,-35.71,2025,사업보고서
387690,레메디,KOSDAQ,보통주,15750.0,3.01,120100000000.0,7626.0,4099205.0,0.71,20.27,58.11,,,,,,,,,,,,,,,,,,,,,,2025,사업보고서
052420,오성첨단소재,KOSDAQ,보통주,9700.0,0.21,94500000000.0,9742.0,30422.0,0.0,0.52,12.48,32375989819.0,165707403024.0,60384833726.0,30123323165.0,282011153813.0,342395987539.0,11957054690.0,146409322250.0,54213809464.0,22224969722.0,242871977644.0,297085787108.0,12011849160.0,104942717935.0,62095845245.0,12725755629.0,227524676182.0,289620521427.0,21.41,18.18,11.48,2025,사업보고서
068240,다원시스,KOSDAQ,보통주,2530.0,0.0,96600000000.0,38163.0,0.0,5.46,-0.65,150.62,-196858061550.0,112089010367.0,1131585483741.0,-120677503877.0,-515641966971.0,615943516770.0,11913329273.0,301518095516.0,486801930998.0,7647289177.0,258928850724.0,745730781722.0,2898651008.0,357843609890.0,454201097137.0,19270866071.0,211184116550.0,665385213687.0,-219.45,-107.66,38.18,2025,사업보고서
040300,YTN,KOSDAQ,보통주,2000.0,0.25,95400000000.0,47677.0,11722.0,0.67,-11.17,-6.26,-14187613193.0,134193072979.0,119547415850.0,-13601524449.0,230446791526.0,349994207376.0,-18613552547.0,131178008252.0,128290969150.0,-26675495489.0,222602998256.0,350893967406.0,-4183934473.0,130469560840.0,109352836791.0,-9298901588.0,243414325918.0,352767162709.0,51.88,-10.14,-6.16,2025,사업보고서
049950,미래컴퍼니,KOSDAQ,보통주,10280.0,2.49,90600000000.0,8818.0,16279.0,3.19,-28.48,-21.99,-25002992021.0,40897794013.0,20462366842.0,-24695644553.0,101400835447.0,121863202289.0,-7141990639.0,67278649399.0,23182440140.0,-16814682582.0,126016245566.0,149198685706.0,3538825159.0,109474293439.0,22044959281.0,-1745963585.0,133249755442.0,155294714723.0,20.18,-60.38,-24.66,2025,사업보고서
088130,동아엘텍,KOSDAQ,보통주,5430.0,3.63,94900000000.0,17485.0,39934.0,10.39,4.3,33.57,96296070288.0,582437006389.0,260680198353.0,113231146332.0,241912580154.0,502592778507.0,-43319011846.0,178436625705.0,289075482157.0,14730354381.0,146971439993.0,436046922150.0,-10882919476.0,165117482966.0,103433316741.0,2242034538.0,188798258756.0,292231575497.0,107.76,19.44,39.81,2025,사업보고서
047560,이스트소프트,KOSDAQ,보통주,7270.0,1.68,85400000000.0,11753.0,36463.0,3.48,-6.18,-29.79,-20591952921.0,106793497959.0,130198912607.0,-18953916533.0,66310279980.0,196509192587.0,-14571880098.0,102456507554.0,110573917724.0,-13456406745.0,88514686814.0,199088604538.0,-11644670471.0,92481784434.0,101498605461.0,-8907053307.0,87153662909.0,188652268370.0,196.35,-17.75,-31.05,2025,사업보고서
205100,엑셈,KOSDAQ,보통주,1343.0,2.36,90700000000.0,67539.0,82999.0,6.95,3.48,5.54,8685692423.0,47763052042.0,18008388171.0,3651507130.0,140994601099.0,159002989270.0,10767697123.0,49411956418.0,15555922543.0,6588831119.0,131827578408.0,147383500951.0,10422416874.0,53889135871.0,14026280292.0,4912495133.0,118732061667.0,132758341959.0,12.77,7.65,6.16,2025,사업보고서
036010,아비코전자,KOSDAQ,보통주,7000.0,2.04,93000000000.0,13293.0,68054.0,19.71,7.58,8.5,9521504401.0,133852502966.0,36252895897.0,8313696930.0,116733026025.0,152985921922.0,-5822800534.0,120929975441.0,35327341595.0,-4876861940.0,107216639233.0,142543980828.0,-2373030276.0,125029847788.0,31790384569.0,-4711554747.0,113274877836.0,145065262405.0,31.06,6.21,8.16,2025,사업보고서
493330,지에프아이,KOSDAQ,보통주,13950.0,4.57,112200000000.0,8040.0,40319.0,1.36,-581.25,-7.94,-3583187233.0,44955710087.0,12112461164.0,6754673220.0,53016498980.0,65128960144.0,5212407236.0,24241505220.0,5485299847.0,5491339442.0,33295851100.0,38781150947.0,3778115587.0,18168646015.0,6132029432.0,2872250749.0,27198901377.0,33330930809.0,22.85,15.03,-6.76,2025,사업보고서
348350,위드텍,KOSDAQ,보통주,9490.0,0.74,92800000000.0,9774.0,4269.0,2.08,6.73,5.23,6444751123.0,57807030055.0,28598142223.0,5128627476.0,126497263951.0,155095406174.0,7068116236.0,43615814810.0,19707363250.0,965958231.0,120093146739.0,139800509989.0,6331922425.0,49561291840.0,20875531620.0,2424570894.0,115189545341.0,136065076961.0,22.61,8.87,5.09,2025,사업보고서
017650,대림제지,KOSDAQ,보통주,10700.0,-1.38,94000000000.0,8785.0,11234.0,3.56,15.71,2.3,6397679040.0,168837382045.0,45386818390.0,5280796436.0,282887637089.0,328274455479.0,13227141032.0,166263916267.0,43257538778.0,9834883741.0,274106778503.0,317364317281.0,18797086089.0,164383300566.0,49794959811.0,21826803766.0,262976449589.0,312771409400.0,16.04,3.13,2.26,2025,사업보고서
255440,야스,KOSDAQ,보통주,7170.0,3.31,93600000000.0,13058.0,54289.0,5.48,2.51,-4.07,-5509591896.0,34763681766.0,38287350928.0,-6464736287.0,133380862875.0,171668213803.0,-10539637663.0,28632024490.0,37816610253.0,-9659263709.0,137355569495.0,175172179748.0,-4047475709.0,41757472788.0,48275050937.0,-3586816497.0,155175900745.0,203450951682.0,28.71,-18.6,-4.13,2025,사업보고서
129920,대성하이텍,KOSDAQ,보통주,5400.0,6.09,87700000000.0,16249.0,68483.0,9.05,-5.64,-8.73,-6174743090.0,95216185446.0,123449059998.0,-2295340664.0,62581779264.0,186030839262.0,-12510719210.0,92831306875.0,123969416116.0,-13136615453.0,62626270426.0,186595686542.0,-7485693014.0,92797688898.0,114771598264.0,-6581048283.0,74099084362.0,188870682626.0,197.26,-2.41,-9.87,2025,사업보고서
013310,아진산업,KOSDAQ,보통주,2375.0,1.28,92200000000.0,38807.0,40623.0,3.3,7.29,6.83,23188461595.0,1008867839227.0,1190694613274.0,64357887312.0,347375200930.0,1538069814204.0,18609126718.0,776834397585.0,958150207137.0,32271930442.0,331684904235.0,1289835111372.0,51013403640.0,764289803909.0,717122850627.0,83852404913.0,291915725160.0,1009038575787.0,342.77,6.38,6.68,2025,사업보고서
217820,원익피앤이,KOSDAQ,보통주,2000.0,4.71,94900000000.0,47455.0,256730.0,3.39,-9.57,1.06,914994019.0,390690915662.0,213882448907.0,1397938282.0,102420064389.0,316302513296.0,-63680547712.0,294707929332.0,400426310522.0,-48747677799.0,79469360623.0,479895671145.0,-3647631708.0,306840170909.0,384375769030.0,2894014787.0,140063641803.0,524439410833.0,208.83,0.36,0.89,2025,사업보고서
091440,한울소재과학,KOSDAQ,보통주,2775.0,1.28,96100000000.0,34641.0,70134.0,0.63,-2.77,-89.37,-36532793581.0,13435067440.0,83828929506.0,-24598727272.0,36579528897.0,120408458403.0,-20079359167.0,17338602355.0,81382862006.0,-12946778962.0,47833006811.0,129215868817.0,-5763316678.0,37597363642.0,20584634115.0,-4053331724.0,22344516371.0,42929150486.0,229.17,-183.09,-99.87,2025,사업보고서
282720,금양그린파워,KOSDAQ,보통주,7360.0,1.38,89200000000.0,12120.0,3694.0,1.18,-94.36,0.02,18131770.0,264778674601.0,88672173419.0,427286876.0,95649815454.0,184321988873.0,-11161711577.0,243169597848.0,67604423315.0,-17128386918.0,93988482167.0,161592905482.0,19500858620.0,238857679141.0,76946934881.0,6051854924.0,107820913103.0,184767847984.0,92.71,0.16,0.02,2025,사업보고서
052460,아이크래프트,KOSDAQ,보통주,4890.0,7.47,71400000000.0,14608.0,341769.0,7.9,13.18,24.65,10143990865.0,206499542172.0,49028737967.0,8014943926.0,46778196760.0,95806934727.0,-845898036.0,100488003614.0,29021324257.0,1598422014.0,36091205895.0,65112530152.0,4591745863.0,138664496786.0,37525247049.0,5149045968.0,37893738811.0,75418985860.0,104.81,3.88,21.69,2025,사업보고서
125210,아모그린텍,KOSDAQ,보통주,5460.0,0.74,90100000000.0,16497.0,58556.0,7.37,16.9,7.77,5895865277.0,130600692643.0,108591191532.0,9383031410.0,81119853509.0,189711045041.0,2120431486.0,128565520649.0,103924509329.0,4470894722.0,70697445626.0,174621954955.0,13021008448.0,147600020643.0,103732668713.0,12286582302.0,68772918855.0,172505587568.0,133.87,7.18,7.27,2025,사업보고서
235980,메드팩토,KOSDAQ,보통주,2890.0,3.4,99100000000.0,34275.0,85879.0,4.34,-7.0,-24.7,-12810783521.0,3898477868.0,2681222550.0,-14018507792.0,45981935074.0,48663157624.0,-20140350644.0,0.0,3042065028.0,-21815962051.0,57743233567.0,60785298595.0,-35324785772.0,0.0,9565722078.0,-28757985751.0,70908663434.0,80474385512.0,5.83,-359.59,-27.86,2025,사업보고서
109610,에스와이,KOSDAQ,보통주,1894.0,0.69,92600000000.0,48907.0,42900.0,2.2,-6.81,-8.24,-15865691092.0,501552720795.0,230080617055.0,-6626642816.0,246988535638.0,477069152693.0,6321297109.0,561008736665.0,237505470307.0,21934910618.0,195875094118.0,433380564425.0,-9536409950.0,553670148803.0,230686364567.0,13557446896.0,195741981913.0,426428346480.0,93.15,-1.32,-6.42,2025,사업보고서
172670,에이엘티,KOSDAQ,보통주,9800.0,2.4,87800000000.0,8960.0,9959.0,7.46,-63.23,-9.22,-8866390769.0,48358194953.0,111906317183.0,-7394799659.0,93469155823.0,205375473006.0,-9243440543.0,36667038178.0,115323316556.0,-12207682757.0,102335546592.0,217658863148.0,5022563707.0,47687929129.0,90352233544.0,4895328861.0,107680749347.0,198032982891.0,119.73,-15.29,-9.49,2025,사업보고서
323990,박셀바이오,KOSDAQ,보통주,4580.0,2.0,106500000000.0,23257.0,129768.0,5.58,-7.15,-20.04,-13340022552.0,7056291555.0,5772045450.0,-15498287282.0,61131364216.0,66903409666.0,-10623545781.0,1898934365.0,4949899845.0,-15037699414.0,71994122333.0,76944022178.0,-10274078948.0,13723327.0,1486927570.0,-11507176671.0,83493267971.0,84980195541.0,9.44,-219.64,-21.82,2025,사업보고서
452190,한빛레이저,KOSDAQ,보통주,3735.0,-0.8,89300000000.0,23921.0,118555.0,3.44,25.07,8.3,2436274406.0,24246148416.0,11076813752.0,1962354931.0,30621986337.0,41698800089.0,-2105560594.0,18542373276.0,6360373671.0,-2563822865.0,28073736397.0,34434110068.0,-5570699061.0,22675958450.0,16316158313.0,645281713.0,23499166992.0,39815325305.0,36.17,8.09,7.96,2025,사업보고서
107600,새빗켐,KOSDAQ,보통주,15270.0,-0.97,86300000000.0,5650.0,8455.0,1.4,-6.67,-36.72,-18046897848.0,38390648152.0,37372645859.0,-9419303009.0,45355405610.0,82728051469.0,-10705893796.0,30336503327.0,41089844378.0,-6157119470.0,52953900833.0,94043745211.0,-1174895745.0,45990061261.0,35527916081.0,-4902529763.0,63069932435.0,98597848516.0,82.4,-24.54,-39.79,2025,사업보고서
156100,엘앤케이바이오,KOSDAQ,보통주,4240.0,9.84,94800000000.0,22351.0,126640.0,7.53,32.87,-37.05,-16791936621.0,38920486823.0,44848206486.0,715115654.0,38634658286.0,83482864772.0,9151483241.0,36092216494.0,47028020264.0,3077760407.0,36032999943.0,83061020207.0,-5239238609.0,29904806625.0,32175314100.0,2034331044.0,30586924007.0,62762238107.0,116.08,1.84,-43.46,2025,사업보고서
306620,지아이에스,KOSDAQ,보통주,1822.0,1.22,87400000000.0,47942.0,176856.0,1.78,-22.77,-9.24,-3648033893.0,75810672480.0,100447278187.0,1631644343.0,43071496236.0,143518774423.0,260684931.0,104451927574.0,83051233434.0,3625807851.0,59489235196.0,142540468630.0,-3361475164.0,86754563129.0,109398961007.0,2166554380.0,55168173547.0,164567134554.0,233.21,2.15,-8.47,2025,사업보고서
053580,웹케시,KOSDAQ,보통주,7230.0,3.14,93700000000.0,12954.0,36330.0,2.58,7.63,11.65,12460935288.0,74362089745.0,20229235584.0,13473558612.0,111220602941.0,131449838525.0,7185583126.0,73613340823.0,23554416041.0,13759558023.0,102328906099.0,125883322140.0,5607155360.0,73580456491.0,18425499797.0,13716962105.0,103320930843.0,121746430640.0,18.19,18.12,11.2,2025,사업보고서
357230,에이치피오,KOSDAQ,보통주,2140.0,0.0,88400000000.0,41293.0,9513.0,1.22,9.86,5.69,9009362462.0,258188615006.0,64899526772.0,13546055668.0,192195512789.0,257095039561.0,6431058456.0,242830801884.0,64641986065.0,7992532690.0,183470392062.0,248112378127.0,19076115306.0,232025910017.0,49193464049.0,22059569867.0,166328300394.0,215521764443.0,33.77,5.25,4.69,2025,사업보고서
317770,엑스페릭스,KOSDAQ,보통주,2360.0,0.0,86500000000.0,36644.0,43139.0,1.84,236.0,-28.23,-20430158922.0,21486557890.0,31520945808.0,-1407428509.0,89881399548.0,121402345356.0,-3363941919.0,14747157399.0,38438625756.0,-3247811080.0,58553196018.0,96991821774.0,-3713605408.0,11908780233.0,3719269102.0,-4183750286.0,56379133583.0,60098402685.0,35.07,-6.55,-22.73,2025,사업보고서
187790,나노,KOSDAQ,보통주,3060.0,6.99,94400000000.0,30841.0,120286.0,1.83,60.0,19.01,4852287056.0,85676337440.0,54359770269.0,5526387704.0,39884465530.0,94244235799.0,22070523755.0,88600534688.0,55616629999.0,1657604767.0,30712428760.0,86329058759.0,-5300247585.0,88076437797.0,59447260938.0,1622778490.0,8337759247.0,67785020185.0,136.29,6.45,12.17,2025,사업보고서
078140,대봉엘에스,KOSDAQ,보통주,7880.0,-1.25,87400000000.0,11087.0,9976.0,5.4,64.07,7.37,11942463517.0,102063530166.0,90046944948.0,7331523353.0,174913981694.0,264960926642.0,9686688886.0,93953561154.0,74720338532.0,9053878830.0,163992513947.0,238712852479.0,6181779860.0,87622205173.0,41693560002.0,3800763406.0,153226362940.0,194919922942.0,51.48,7.18,6.83,2025,사업보고서
209640,와이제이링크,KOSDAQ,보통주,3070.0,5.14,87300000000.0,28443.0,77337.0,4.48,10.81,-4.06,-3101243499.0,46072766900.0,49029727634.0,-3472858128.0,74489801386.0,123519529020.0,394384071.0,48533636570.0,37544914420.0,-1266842685.0,78181301428.0,115726215848.0,7054253615.0,48551207007.0,32023000452.0,9159287098.0,41284093488.0,73307093940.0,65.82,-7.54,-4.16,2025,사업보고서
040420,정상제이엘에스,KOSDAQ,보통주,5800.0,-0.34,90900000000.0,15678.0,7819.0,4.61,12.26,7.92,6639353826.0,103051215889.0,19778377048.0,9766490992.0,83431293381.0,103209670429.0,7606095746.0,105846169339.0,20399021945.0,10120657844.0,84192180559.0,104591202504.0,13314592399.0,113358989517.0,23520434519.0,16377319938.0,83943620319.0,107464054838.0,23.71,9.48,7.96,2025,사업보고서
093920,서원인텍,KOSDAQ,보통주,4890.0,0.82,91000000000.0,18600.0,2480.0,3.62,9.33,3.07,5531328093.0,194904120443.0,32649692728.0,3433147237.0,217213875092.0,249863567820.0,17636165234.0,223990808357.0,32774186513.0,9618779179.0,219457848437.0,252232034950.0,14514188510.0,250676113863.0,27054690928.0,12128659203.0,204908548760.0,231963239688.0,15.03,1.76,2.55,2025,사업보고서
023900,풍국주정,KOSDAQ,보통주,7260.0,1.26,91500000000.0,12600.0,2925.0,1.61,8.69,6.12,13406545078.0,163520042927.0,25579729287.0,16753616569.0,198164858003.0,223744587290.0,10543602993.0,156327300028.0,29184892511.0,12499304649.0,186053714812.0,215238607323.0,10826675534.0,168467096763.0,17230001935.0,11667462369.0,175955246892.0,193185248827.0,12.91,10.25,6.77,2025,사업보고서
226400,오스테오닉,KOSDAQ,보통주,4180.0,-1.53,86400000000.0,20662.0,32435.0,6.31,8.46,11.83,7498732160.0,45393099435.0,32851121650.0,8863962789.0,67577172704.0,100428294354.0,5649607026.0,34234509043.0,30595885707.0,6885710035.0,59324467784.0,89920353491.0,3657727000.0,27798503886.0,19862481390.0,4842541601.0,51876887913.0,71739369303.0,48.61,19.53,11.1,2025,사업보고서
443670,에스피소프트,KOSDAQ,보통주,4070.0,-1.21,97700000000.0,24011.0,1967654.0,1.9,25.44,5.85,3814377245.0,54483055562.0,11795214704.0,3617157415.0,67695074262.0,79490288966.0,302079255.0,45116928389.0,14195476715.0,3756814727.0,62653421779.0,76848898494.0,4377778679.0,35243425295.0,7614591128.0,4753100664.0,32726211551.0,40340802679.0,17.42,6.64,5.63,2025,사업보고서
413390,엠오티,KOSDAQ,보통주,7010.0,3.09,81200000000.0,11580.0,66529.0,1.88,14.45,5.9,3473305066.0,75453871276.0,59721506743.0,4409253600.0,60248616866.0,119970123609.0,6089601472.0,84857102424.0,52298959229.0,6498817068.0,57469072164.0,109768031393.0,2648740773.0,73729713909.0,59892425880.0,4304127334.0,33423853097.0,93316278977.0,99.13,5.84,5.76,2025,사업보고서
419050,삼기에너지솔루션즈,KOSDAQ,보통주,1689.0,5.5,96600000000.0,57196.0,1861844.0,1.27,-22.52,-12.89,-11073412972.0,144228757229.0,196446529641.0,5432802909.0,91666285982.0,288112815623.0,-4810043656.0,98706550002.0,183895407683.0,-6261933413.0,104242726812.0,288138134495.0,4753502565.0,90853536525.0,158427936927.0,744813594.0,102411538172.0,260839475099.0,214.31,3.77,-12.08,2025,사업보고서
263720,디앤씨미디어,KOSDAQ,보통주,7150.0,0.56,88800000000.0,12413.0,5339.0,1.75,9.01,8.7,7983639019.0,85471656697.0,21770740930.0,17336284379.0,95662210913.0,117432951843.0,10796993994.0,82640189187.0,27168502128.0,10855594988.0,88096738098.0,115265240226.0,3961963285.0,59807752732.0,17631986431.0,3473931160.0,81028417528.0,98660403959.0,22.76,20.28,8.35,2025,사업보고서
099750,이지케어텍,KOSDAQ,보통주,6660.0,4.72,91000000000.0,13659.0,24921.0,1.05,13.19,14.96,2292731362.0,72641489962.0,12092691630.0,2210930799.0,36630661362.0,48723352992.0,1207599128.0,67942814983.0,12046149016.0,236082310.0,34759842787.0,46805991803.0,-9586318172.0,73187504449.0,25103239859.0,-4120069782.0,34161070395.0,59264310254.0,33.01,3.04,6.26,2025,사업보고서
322180,LS티라유텍,KOSDAQ,보통주,4005.0,3.22,86100000000.0,21496.0,103158.0,2.63,-6.51,-15.4,-11408430827.0,58940727170.0,41314847677.0,-4293305447.0,70187707474.0,111502555151.0,-2023029686.0,57466908663.0,45155096386.0,-7912345095.0,38389333622.0,83544430008.0,-7718826334.0,54359306573.0,49547878496.0,-3849047367.0,13500598883.0,63048477379.0,58.86,-7.28,-16.25,2025,사업보고서
063080,컴투스홀딩스,KOSDAQ,보통주,13020.0,1.32,85900000000.0,6595.0,18938.0,1.64,4.54,4.44,37255821150.0,99211679155.0,266431014300.0,-6823638022.0,252511498171.0,518942512471.0,-42511418898.0,149291711524.0,330516825780.0,-50553975824.0,211441431476.0,541958257256.0,-14377051568.0,153105317491.0,322266227358.0,-3351588285.0,274367791087.0,596634018445.0,105.51,-6.88,14.75,2025,사업보고서
029480,광무,KOSDAQ,보통주,1427.0,2.0,85200000000.0,59719.0,36960.0,1.04,2.8,-12.98,-29092745553.0,7572016042.0,15513814009.0,-4228353350.0,215927181562.0,231440995571.0,104172205343.0,6526887723.0,49001163131.0,-4708785371.0,232201380502.0,281202543633.0,7280899975.0,24240060004.0,15898878531.0,-2607263511.0,112709546327.0,128608424858.0,7.18,-55.84,-13.47,2025,사업보고서
330730,스톤브릿지벤처스,KOSDAQ,보통주,4870.0,3.18,88700000000.0,18218.0,34222.0,2.42,3.79,12.36,11111516329.0,25549170407.0,8971915425.0,13461156317.0,93848611323.0,102820526748.0,2298290131.0,14175207477.0,7152897406.0,3373889240.0,85889350235.0,93042247641.0,6186941884.0,19002056584.0,9521034026.0,6440509588.0,88821588904.0,98342622930.0,9.56,52.69,11.84,2025,사업보고서
950130,엑세스바이오,KOSDAQ,보통주,2530.0,0.2,89000000000.0,35174.0,50053.0,4.75,-0.85,-13.6,-58410567.0,21976285.0,34462803.0,-44547579.0,389218302.0,423681105.0,-791702.0,82451940.0,60167297.0,-3101264.0,443813099.0,503980396.0,-4059161.0,267075591.0,80654035.0,16538993.0,455359999.0,536014034.0,8.85,-202.71,-15.01,2025,사업보고서
149980,하이로닉,KOSDAQ,보통주,4930.0,1.86,84800000000.0,17199.0,7994.0,1.2,21.25,4.8,3144099627.0,32086031399.0,7711055676.0,4102222097.0,63531190633.0,71242246309.0,-7079882568.0,31628770815.0,10176095160.0,-6351655349.0,68244331271.0,78420426431.0,8246188046.0,33731985488.0,6694743636.0,5270588753.0,72402865755.0,79097609391.0,12.14,12.79,4.95,2025,사업보고서
025950,동신건설,KOSDAQ,보통주,10250.0,2.5,86100000000.0,8400.0,15584.0,0.85,353.45,0.15,147365237.0,33382076965.0,12584593102.0,-2206114342.0,97318145440.0,109902738542.0,3001432622.0,68971328816.0,13919787688.0,585892436.0,98716253653.0,112636041341.0,7825488098.0,82743779233.0,21195938366.0,6340785950.0,96697553081.0,117893491447.0,12.93,-6.61,0.15,2025,사업보고서
182360,큐브엔터,KOSDAQ,보통주,5760.0,1.59,89500000000.0,15545.0,16091.0,3.5,-10.02,-3.27,-5858853002.0,87228103184.0,97353309309.0,-7261994709.0,160910368481.0,258263677790.0,16605800279.0,102595690090.0,111740423973.0,11977189218.0,158222325619.0,269962749592.0,11223257792.0,142272172633.0,73598839660.0,15423770911.0,79621130423.0,153219970083.0,60.5,-8.33,-3.64,2025,사업보고서
009300,삼아제약,KOSDAQ,보통주,14000.0,0.36,89200000000.0,6370.0,1738.0,2.83,8.46,5.78,12939815232.0,77799035965.0,18933915792.0,10978941145.0,228110771466.0,247044687258.0,22079574395.0,95580725368.0,28758074694.0,24466466167.0,219975767583.0,248733842277.0,21373935570.0,97211286212.0,30837700577.0,23500211536.0,200470212496.0,231307913073.0,8.3,14.11,5.67,2025,사업보고서
064800,포니링크,KOSDAQ,보통주,2555.0,-1.73,65300000000.0,25561.0,142410.0,3.41,-0.45,7.65,15848001424.0,44890555536.0,71608771885.0,-21120940401.0,216097181438.0,287705953323.0,-38391385535.0,61298105250.0,48377089151.0,-26158834950.0,198249734782.0,246626823933.0,-10535436181.0,71463724854.0,49425476669.0,-9331191935.0,148233395549.0,197658872218.0,33.14,-47.05,7.33,2025,사업보고서
089230,THE E&M,KOSDAQ,보통주,2010.0,0.55,79200000000.0,39421.0,173499.0,0.64,-2.26,-76.37,-19904674968.0,12340921889.0,62751438358.0,-8575907256.0,55322020897.0,118073459255.0,-13247088799.0,22196259181.0,47533273706.0,-7472181005.0,30083808764.0,77617082470.0,-32859944202.0,31702033259.0,55480174362.0,-7661900084.0,30917908748.0,86398083110.0,113.43,-69.49,-35.98,2025,사업보고서
048530,인트론바이오,KOSDAQ,보통주,2875.0,2.31,88800000000.0,30892.0,78457.0,2.49,-9.16,-11.66,-8958475726.0,5740240967.0,4448350459.0,-7903816761.0,69873495468.0,74321845927.0,-2591158397.0,6417829346.0,2601943129.0,-5237831390.0,83772673346.0,86374616475.0,-9695411846.0,9585444181.0,1880362151.0,-3284959245.0,96734229011.0,98614591162.0,6.37,-137.69,-12.82,2025,사업보고서
289930,웨이비스,KOSDAQ,보통주,6860.0,7.52,90200000000.0,13149.0,51375.0,7.85,1.68,4.24,1796345040.0,40706149797.0,59137523590.0,627434552.0,51216488478.0,110354012068.0,-5534774677.0,29395539959.0,33399603523.0,-4858390502.0,33624259710.0,67023863233.0,-15019485761.0,16889541506.0,37190225125.0,-9520135941.0,16836852682.0,54027077807.0,115.47,1.54,3.51,2025,사업보고서
221800,지구홀딩스,KOSDAQ,보통주,4050.0,1.25,66100000000.0,16319.0,45185.0,2.61,-10.38,-4.28,-1642048771.0,25593121755.0,10208599440.0,-2357982614.0,42302215887.0,52510815327.0,-2840499099.0,25040388758.0,10555405882.0,-3126636515.0,34427465466.0,44982871348.0,645895277.0,30792036515.0,11207980910.0,-1337992226.0,37991410209.0,49199391119.0,24.13,-9.21,-3.88,2025,사업보고서
032300,한국파마,KOSDAQ,보통주,8000.0,3.9,87300000000.0,10907.0,15268.0,1.89,-112.68,-3.77,-2640407217.0,87601377061.0,57854159227.0,-887328366.0,68786237217.0,126640396444.0,3791743101.0,81277283919.0,40945529859.0,6086466794.0,71441420171.0,112386950030.0,83763705.0,83240454815.0,52721842145.0,6269393301.0,68581531119.0,121303373264.0,84.11,-1.01,-3.84,2025,사업보고서
096240,크레버스,KOSDAQ,보통주,8650.0,-1.93,88600000000.0,10238.0,9339.0,2.84,9.69,15.15,4335623590.0,220916898961.0,134159962289.0,2244394585.0,45181104499.0,179341066788.0,6561585988.0,228168256909.0,157908908847.0,10316847050.0,40504687596.0,198413596443.0,15336827670.0,233485121718.0,170332593345.0,25216689470.0,45515644998.0,215848238343.0,296.94,1.02,9.6,2025,사업보고서
044990,에이치엔에스하이텍,KOSDAQ,보통주,11040.0,0.36,84800000000.0,7685.0,6183.0,2.81,6.94,8.51,8890504842.0,81886784499.0,12890110191.0,9664357626.0,102871621568.0,115761731759.0,14667012102.0,76160586579.0,8209323375.0,13370064318.0,106040600479.0,114249923854.0,30138955001.0,80551938241.0,8945416934.0,13956323764.0,87023079181.0,95968496115.0,12.53,11.8,8.64,2025,사업보고서
004650,창해에탄올,KOSDAQ,보통주,9400.0,0.0,86400000000.0,9191.0,7306.0,2.05,6.85,9.63,13089805455.0,122344462021.0,48940928107.0,15893046140.0,145650522709.0,194591450816.0,12442832974.0,137452411912.0,53589638347.0,17381138261.0,136498586059.0,190088224406.0,-3667131634.0,116422748457.0,63334311393.0,14583452329.0,128136520983.0,191470832376.0,33.6,12.99,8.99,2025,사업보고서
086960,MDS테크,KOSDAQ,보통주,1990.0,4.13,84600000000.0,42529.0,148158.0,2.56,3.96,6.12,6190210178.0,187705770904.0,68794084188.0,5813313438.0,143307893227.0,212101977415.0,6120966035.0,165579308474.0,89609396993.0,5944329911.0,149739546973.0,239348943966.0,500106319.0,155313875325.0,55465449209.0,8717565821.0,118635726503.0,174101175712.0,48.0,3.1,4.32,2025,사업보고서
478560,블랙야크아이앤씨,KOSDAQ,보통주,3130.0,-0.32,80800000000.0,25830.0,36173.0,1.61,8.41,-18.79,-5642121886.0,57257917035.0,58392551600.0,9279832558.0,38359287021.0,96751838621.0,6979196571.0,37685839673.0,9072924515.0,8298809997.0,22785010407.0,31857934922.0,6210218195.0,35201395775.0,9920426029.0,8062066318.0,11866532734.0,21786958763.0,152.23,16.21,-14.71,2025,사업보고서
432470,케이엔에스,KOSDAQ,보통주,9860.0,-1.2,86500000000.0,8772.0,73176.0,0.73,-34.36,-2.0,-1045377639.0,41230345116.0,32979107539.0,-1564000608.0,57136548329.0,90115655868.0,1962453780.0,26955762199.0,8805424598.0,807640617.0,54345616493.0,63151041091.0,3187843394.0,30041057028.0,16777455365.0,3963507564.0,44068479411.0,60845934776.0,57.72,-3.79,-1.83,2025,사업보고서
053350,이니텍,KOSDAQ,보통주,4260.0,-5.33,93800000000.0,22021.0,197162.0,2.44,-13.35,2.27,2831771821.0,32805743548.0,9206663666.0,-2393409573.0,138010252152.0,147216915818.0,2339841500.0,38881694487.0,7322345359.0,230825748.0,111099610408.0,118421955767.0,-302406969.0,45650974077.0,7263068785.0,-3543879108.0,112284330928.0,119547399713.0,6.67,-7.3,2.05,2025,사업보고서
058820,CMG제약,KOSDAQ,보통주,630.0,1.12,93300000000.0,148124.0,1054619.0,7.03,20.32,-5.15,-10077182181.0,105229184685.0,104406790270.0,-3692472431.0,201554734122.0,305961524392.0,2694712068.0,99099733323.0,113894697972.0,1020328528.0,189542119217.0,303436817189.0,6455349074.0,93906675105.0,51865516477.0,3036940781.0,190232688061.0,242098204538.0,51.8,-3.51,-5.0,2025,사업보고서
282620,기도산업,KOSDAQ,보통주,13300.0,3.34,77900000000.0,5861.0,153549.0,1.74,1.86,21.65,,,,,,,,,,,,,,,,,,,,,,2025,사업보고서
072020,중앙백신,KOSDAQ,보통주,9290.0,0.0,86000000000.0,9257.0,3455.0,2.54,11.11,5.89,6156817310.0,49068711762.0,17446693602.0,6478782030.0,105369001438.0,122815695040.0,6850008327.0,45592513653.0,19408142397.0,5758071423.0,103867274096.0,123275416493.0,5998119686.0,41867966000.0,19788298776.0,6993692576.0,99804215413.0,119592514189.0,16.56,13.2,5.84,2025,사업보고서
307870,비투엔,KOSDAQ,보통주,1342.0,1.9,99700000000.0,74299.0,1153186.0,0.76,-8.13,-36.66,-12215821766.0,14624545174.0,14151140628.0,-6746466061.0,31436385992.0,45587526620.0,-6925800390.0,25098141983.0,22623736494.0,-2632418271.0,34082123517.0,56705860011.0,-11980272260.0,32029523451.0,11941332386.0,-2400575678.0,16665795497.0,28607127883.0,45.02,-46.13,-38.86,2025,사업보고서
337930,젝시믹스,KOSDAQ,보통주,2645.0,1.54,78500000000.0,29676.0,61717.0,4.6,7.37,10.37,12235117889.0,274097320763.0,55795104753.0,17348590571.0,119590281938.0,175385386691.0,20928643611.0,271593945688.0,58195229340.0,24899176900.0,114464385959.0,172659615299.0,12226713691.0,232577084972.0,40194156501.0,18194216294.0,92907274100.0,133101430601.0,46.66,6.33,10.23,2025,사업보고서
950220,네오이뮨텍,KOSDAQ,보통주,2575.0,7.74,88100000000.0,34212.0,439397.0,0.98,-3.16,-63.04,-22356460.0,66673.0,15914900.0,-17732754.0,41265636.0,57180536.0,-29973262.0,124917.0,16166288.0,-29352453.0,28341372.0,44507660.0,-40910143.0,0.0,12141352.0,-42605742.0,58055198.0,70196550.0,38.57,-26596.6,-54.18,2025,사업보고서
130580,나이스디앤비,KOSDAQ,보통주,5590.0,-0.53,86100000000.0,15400.0,2549.0,44.67,5.84,11.69,12922453870.0,91363378272.0,22797581467.0,15432002768.0,115584979662.0,138382561129.0,18252824460.0,89663934603.0,23566249370.0,15782733685.0,105511378796.0,129077628166.0,10376813930.0,87910545223.0,21540596737.0,14191689686.0,90685561937.0,112226158674.0,19.72,16.89,11.18,2025,사업보고서
223250,드림씨아이에스,KOSDAQ,보통주,3395.0,2.88,83500000000.0,24600.0,25249.0,50.15,242.5,9.87,7508007182.0,66631382584.0,76044463677.0,5237820169.0,85796852557.0,161841316234.0,5412966126.0,58653219588.0,41983147641.0,5057419117.0,76555187296.0,118538334937.0,3857550745.0,47844017772.0,31696402732.0,1587789100.0,56931043140.0,88627445872.0,88.63,7.86,8.75,2025,사업보고서
033290,로젠,KOSDAQ,보통주,1524.0,0.26,85600000000.0,56156.0,7038.0,0.0,15.39,5.64,20690161338.0,793167527098.0,575730286996.0,22667516100.0,407265690489.0,982995977485.0,18428368635.0,808627030102.0,547823375343.0,33081155130.0,357468396579.0,905291771922.0,45123294554.0,808042562443.0,542255709034.0,34427006952.0,343595229942.0,885850938976.0,141.36,2.86,5.08,2025,사업보고서
054540,삼영엠텍,KOSDAQ,보통주,6550.0,2.34,85200000000.0,13000.0,34813.0,5.5,5.71,16.35,13124842847.0,118462119821.0,301285812697.0,10218600402.0,242829058510.0,544114871207.0,6041985878.0,118020767105.0,41663916063.0,10296876318.0,74221637248.0,115885553311.0,6211629419.0,95749467252.0,43217179669.0,5993640463.0,68364154816.0,111581334485.0,124.07,8.63,5.4,2025,사업보고서
201490,미투온,KOSDAQ,보통주,2615.0,0.0,85600000000.0,32724.0,1378524.0,1.88,70.68,0.52,3694782345.0,120923979226.0,22724850665.0,12612285137.0,242151323534.0,264876174199.0,4033470209.0,94315651595.0,51232842547.0,11811385928.0,239814560952.0,291047403499.0,17448868120.0,108995415070.0,35082469734.0,22131483080.0,225758446914.0,260840916648.0,9.38,10.43,1.53,2025,사업보고서
037030,파워넷,KOSDAQ,보통주,3175.0,3.93,81000000000.0,25513.0,175574.0,7.23,7.07,10.93,21335464443.0,447036915403.0,249310585867.0,24607601581.0,334503382800.0,583813968667.0,20817700361.0,322684545519.0,226628062624.0,13304929564.0,304155286145.0,530783348769.0,-196760382.0,186158775836.0,54646534512.0,7145653724.0,93667678890.0,148314213402.0,74.53,5.5,6.38,2025,사업보고서
302550,리메드,KOSDAQ,보통주,2755.0,3.96,83400000000.0,30275.0,23904.0,0.0,41.74,1.31,-35468721.0,24504879379.0,14445306691.0,725837577.0,39464187401.0,53909494092.0,7380754458.0,25554051153.0,18792725867.0,1121187641.0,40270228483.0,59062954350.0,319244646.0,18536134645.0,24265899936.0,-2859712374.0,30794429092.0,55060329028.0,36.6,2.96,-0.09,2025,사업보고서
066980,한성크린텍,KOSDAQ,보통주,1562.0,1.56,84000000000.0,53771.0,261527.0,0.97,-15.94,0.18,538591570.0,199851392139.0,93571552196.0,2839554722.0,63217056404.0,156788608600.0,-77910974429.0,155217241244.0,111872358663.0,-50733737756.0,64304487159.0,176176845822.0,1176485459.0,368427650987.0,149516302798.0,1361500813.0,133520202411.0,283036505209.0,148.02,1.42,0.85,2025,사업보고서
290660,다이나믹솔루션,KOSDAQ,보통주,1777.0,4.96,76100000000.0,42838.0,840925.0,0.0,-10.64,-26.67,-12304887873.0,16052919041.0,24613637515.0,-2902477230.0,53177608215.0,77791245730.0,-1467299019.0,17274593958.0,34104049972.0,-3406610231.0,38254128198.0,72358178170.0,-5540676042.0,26613904786.0,40262629468.0,-1778204164.0,31446129206.0,71708758674.0,46.29,-18.08,-23.14,2025,사업보고서
091120,이엠텍,KOSDAQ,보통주,4805.0,-0.1,82300000000.0,17133.0,20087.0,6.14,-5.37,-5.73,-11926036117.0,205089718714.0,143824302970.0,-19906021812.0,196709295272.0,340533598242.0,-44733935468.0,167587926897.0,139754175734.0,-30512910121.0,206460991702.0,346215167436.0,-12176030579.0,263450794415.0,161933342548.0,-14598659948.0,247640127451.0,409573469999.0,73.12,-9.71,-6.06,2025,사업보고서
019550,SBI인베스트먼트,KOSDAQ,보통주,1030.0,2.39,83500000000.0,81033.0,144129.0,5.99,5.63,6.56,9324127663.0,32707572126.0,6824921250.0,9323017602.0,146906983534.0,153731904784.0,11389847353.0,28682710829.0,4275651419.0,11742142586.0,137474408019.0,141750059438.0,8318470367.0,29276094479.0,6353032390.0,8539182950.0,126127403150.0,132480435540.0,4.65,28.5,6.35,2025,사업보고서
065450,빅텍,KOSDAQ,보통주,2720.0,1.49,80200000000.0,29496.0,276131.0,2.32,29.57,7.41,4402203493.0,82956728421.0,65614072623.0,4373560135.0,60617600789.0,126231673412.0,3819352513.0,71488568458.0,48933221134.0,1818525608.0,58249544422.0,107182765556.0,-4189360606.0,54928577801.0,41229721803.0,-4338006419.0,55585148111.0,96814869914.0,108.24,5.27,7.26,2025,사업보고서
049180,셀루메드,KOSDAQ,보통주,1009.0,0.0,84000000000.0,83226.0,0.0,1.71,25.23,-26.06,-2183736221.0,140194245644.0,52536254896.0,-5128510087.0,8393168150.0,60929423046.0,-31817240299.0,129139780664.0,61163767291.0,-6831631213.0,9060888051.0,70224655342.0,-37944614549.0,95552959605.0,43452929527.0,-10457800920.0,23017700223.0,66470629750.0,625.94,-3.66,-26.02,2025,사업보고서
090470,제이스로보틱스,KOSDAQ,보통주,4600.0,3.37,80400000000.0,17477.0,97001.0,1.22,-3.38,-16.55,-25386888362.0,30661005588.0,42025305252.0,-23665752868.0,135152299166.0,177177604418.0,-6173529415.0,63632960537.0,22472988993.0,-5783174958.0,163031557537.0,185504546530.0,-1518248345.0,72087353783.0,12735796735.0,-371089927.0,167522860360.0,180258657095.0,31.09,-77.19,-18.78,2025,사업보고서
215100,로보로보,KOSDAQ,보통주,4155.0,5.46,84500000000.0,20348.0,209532.0,1.95,-27.52,-4.48,-1352049472.0,13362404287.0,2103485860.0,-1959290758.0,29807802411.0,31911288271.0,-106796442.0,13494458497.0,2351424821.0,-1535515970.0,31049632648.0,33401057469.0,1420726608.0,14261192289.0,2266401147.0,220774308.0,31023837362.0,33290238509.0,7.06,-14.66,-4.54,2025,사업보고서
183490,엔지켐생명과학,KOSDAQ,보통주,990.0,0.0,83800000000.0,84640.0,0.0,2.82,-4.67,-12.17,-18092352977.0,67750824736.0,9825288149.0,-14336714154.0,138767174199.0,148592462348.0,-22087607114.0,77377688864.0,20261120319.0,-13193969766.0,161482820540.0,181743940859.0,-9402652311.0,76038893905.0,16918865199.0,-14356144695.0,194626642118.0,211545507317.0,7.08,-21.16,-13.04,2025,사업보고서
418470,KT밀리의서재,KOSDAQ,보통주,9650.0,-0.41,82700000000.0,8566.0,14070.0,7.66,5.42,20.03,15762338474.0,88189777012.0,23163106818.0,14370840675.0,86939652264.0,110102759082.0,11502934354.0,72598807189.0,17766820329.0,11001459438.0,70434280983.0,88201101312.0,14537918835.0,56572748963.0,21010083742.0,10406126329.0,57722093401.0,78732177143.0,26.64,16.3,18.13,2025,사업보고서
040160,누리플렉스,KOSDAQ,보통주,6810.0,3.03,82100000000.0,12056.0,24212.0,27.75,21.02,-8.81,-6665576227.0,101571127227.0,82909289571.0,-6086630452.0,70655470058.0,153564759629.0,-4404635225.0,129314325926.0,83896228795.0,-8153266432.0,77517809971.0,161414038766.0,2497486550.0,132719404842.0,69848146921.0,1980004088.0,82414633066.0,152262779987.0,117.34,-5.99,-9.43,2025,사업보고서
950250,테라뷰,KOSDAQ,보통주,2230.0,-0.45,79200000000.0,35518.0,91046.0,0.0,-8.23,-51.04,,,,,,,,,,,,,,,,,,,,,,2025,사업보고서
104460,디와이피엔에프,KOSDAQ,보통주,7580.0,0.53,79700000000.0,10518.0,4013.0,3.61,9.2,18.26,25381554158.0,396256361230.0,97051696049.0,28569091674.0,149816853694.0,246868549743.0,18177438115.0,281019021433.0,192550528357.0,24595400255.0,128220087780.0,320770616137.0,5701141419.0,144055577245.0,179314276979.0,8325039533.0,111943685498.0,291257962477.0,64.78,7.21,16.94,2025,사업보고서
137950,제이씨케미칼,KOSDAQ,보통주,4000.0,4.71,89100000000.0,22268.0,162487.0,4.49,12.66,-2.57,-5151995359.0,367542495747.0,237921556881.0,7718301971.0,144415569620.0,382337126501.0,5647002825.0,367319979259.0,173317617742.0,10689586342.0,158526610089.0,331844227831.0,21125249743.0,439247116474.0,139407382220.0,32297170191.0,160730994322.0,300138376542.0,164.75,2.1,-3.57,2025,사업보고서
185490,아이진,KOSDAQ,보통주,1990.0,2.58,86000000000.0,43230.0,105383.0,1.6,-4.22,-29.24,-19076813380.0,3566784886.0,13798979515.0,-9850606922.0,54252380829.0,68051360344.0,-12896280264.0,3355764039.0,14471232710.0,-13253741738.0,50834578908.0,65305811618.0,-22430389809.0,3125394060.0,13768696741.0,-27085530763.0,64334046639.0,78102743380.0,25.43,-276.18,-35.16,2025,사업보고서
487580,폴레드,KOSDAQ,보통주,3085.0,0.65,77700000000.0,25183.0,116980.0,6.09,6.92,26.65,,,,,,,,,,,,,,,,,,,,,,2025,사업보고서
102370,케이옥션,KOSDAQ,보통주,3240.0,1.25,83900000000.0,25888.0,49581.0,1.47,-32.08,-4.72,-6373903180.0,12286945631.0,89774945884.0,-4065280171.0,105382145980.0,195157091864.0,-7087667686.0,19457159438.0,89109027012.0,-4755565170.0,112011666946.0,201120693958.0,-6154263398.0,12154926530.0,87607022111.0,-4203376952.0,118743118052.0,206350140163.0,85.19,-33.09,-6.05,2025,사업보고서
0155E0,해치텍,KOSDAQ,보통주,12560.0,1.78,68900000000.0,5487.0,1491442.0,0.38,-6.47,-308.29,-8030310851.0,14078560558.0,6056409414.0,-2395446301.0,7969401622.0,14025811036.0,-54783119.0,16203638389.0,15045298564.0,-275476543.0,-2759785781.0,12285512783.0,,,13168890898.0,,-3051589576.0,10117301322.0,76.0,-17.01,-100.76,2025,사업보고서
054670,대한뉴팜,KOSDAQ,보통주,5650.0,0.18,81100000000.0,14355.0,9874.0,0.23,3.39,11.5,15257576095.0,202401496497.0,131235213123.0,11724632183.0,139948883795.0,271184096918.0,15467990700.0,202186716840.0,95846326423.0,18665072068.0,125438916498.0,221285242921.0,12541893733.0,204222610934.0,67571299904.0,18809277041.0,109355896475.0,176927196379.0,93.77,5.79,10.9,2025,사업보고서
038680,에스넷,KOSDAQ,보통주,3930.0,-0.25,78300000000.0,19913.0,93181.0,5.0,8.97,4.4,5026623942.0,457407231243.0,135130926049.0,10660299090.0,116250047762.0,251380973811.0,6663894423.0,449926579298.0,148705417328.0,10655980861.0,111323900915.0,260029318243.0,21100236482.0,477140534215.0,184904997491.0,14463119767.0,107842565793.0,292747563284.0,116.24,2.33,4.32,2025,사업보고서
045970,코아시아,KOSDAQ,보통주,3035.0,-3.96,79900000000.0,26315.0,67616.0,5.28,-13.31,-16.66,-19202865906.0,375129006470.0,238572655046.0,-2237980329.0,121752927985.0,360325583031.0,-63461100648.0,357809975395.0,244473205195.0,-39612427225.0,138611634129.0,383084839324.0,-40077871037.0,377629884303.0,215182439320.0,-25491183071.0,139760032142.0,354942471462.0,195.95,-0.6,-15.77,2025,사업보고서
007820,엠엑스로보틱스,KOSDAQ,보통주,3870.0,4.59,77500000000.0,20034.0,207933.0,2.79,-8.41,-14.48,-8170704297.0,149093596003.0,63663946901.0,-7950719981.0,52961296549.0,116625243450.0,11415261872.0,163228400060.0,49718887454.0,7056273197.0,59863173051.0,109582060505.0,-18653186692.0,173774167026.0,33139972716.0,-18809878235.0,48667047845.0,81807020561.0,120.21,-5.33,-15.43,2025,사업보고서
066430,아이로보틱스,KOSDAQ,보통주,2065.0,2.23,80900000000.0,39153.0,742195.0,3.04,73.75,3.93,1701370135.0,36426291956.0,7000717469.0,169877798.0,44073274890.0,51073992359.0,-487373509.0,36145453798.0,8665200550.0,934623490.0,42581711839.0,51246912389.0,2803850494.0,35778569046.0,12543916887.0,129522440.0,42980172141.0,55524089028.0,15.88,0.47,3.86,2025,사업보고서
270520,앱튼,KOSDAQ,보통주,3005.0,8.48,69600000000.0,23159.0,265741.0,0.0,-1.72,-26.69,-23431066466.0,16895496082.0,64874481177.0,-11156699603.0,95184341639.0,160058822816.0,-19832216623.0,18377623948.0,126031928545.0,-12752142085.0,80382732227.0,206414660772.0,-5498413887.0,20415365649.0,40640418979.0,-6546305546.0,57922449057.0,98562868036.0,68.16,-66.03,-24.62,2025,사업보고서
040910,아이씨디,KOSDAQ,보통주,4410.0,-1.12,80100000000.0,18174.0,4365.0,3.16,13.65,-1.95,-1982766035.0,197041477697.0,45920452939.0,4452297110.0,98476979759.0,144397432698.0,-28302351242.0,147615670947.0,94137693565.0,-26684100904.0,97012260053.0,191149953618.0,-41318140552.0,62273750997.0,79472898316.0,-39307816911.0,127183134375.0,206656032691.0,46.63,2.26,-2.01,2025,사업보고서
038110,에코플라스틱,KOSDAQ,보통주,2070.0,2.22,85200000000.0,41169.0,129926.0,1.9,4.94,0.68,1990934000.0,2562025593000.0,1337220609000.0,35744891000.0,359728114000.0,1696948724000.0,13213450000.0,2255119700000.0,1078900161000.0,32889283000.0,228274584000.0,1307174742000.0,43313990000.0,2160621915000.0,770529645000.0,72420508000.0,217828774000.0,988358417000.0,371.73,1.4,0.55,2025,사업보고서
067000,조이시티,KOSDAQ,보통주,1179.0,1.11,82400000000.0,69903.0,230566.0,2.93,-7.91,-10.14,-10384048003.0,140359841215.0,124942308399.0,5664758588.0,86292573354.0,211234881753.0,-6310040340.0,142849965435.0,133687577013.0,11614781723.0,96457584903.0,230145161916.0,7750177349.0,149618519176.0,134567284519.0,25330688881.0,107687927891.0,242255212410.0,144.79,4.04,-12.03,2025,사업보고서
217190,제너셈,KOSDAQ,보통주,6040.0,1.68,79400000000.0,13154.0,60242.0,5.54,431.43,1.86,947262337.0,56757244825.0,35305362761.0,1029264332.0,50207529938.0,85512892699.0,6120856735.0,68738086291.0,36518636446.0,6541441909.0,49863404872.0,86382041318.0,3596032748.0,56453761125.0,35354438566.0,3561812639.0,42427946688.0,77782385254.0,70.32,1.81,1.89,2025,사업보고서
175250,아이큐어,KOSDAQ,보통주,2100.0,-0.47,78900000000.0,37558.0,1822537.0,2.62,-3.64,-79.19,-34515264515.0,83384563119.0,66042515380.0,-11957366539.0,24457118167.0,90499633547.0,173120701.0,50578007492.0,74634060964.0,-15158841087.0,58983981565.0,133618042529.0,-32150539781.0,56806335194.0,109093603915.0,-22536494901.0,57750265703.0,166843869618.0,270.03,-14.34,-141.13,2025,사업보고서
198440,강동씨앤엘,KOSDAQ,보통주,1963.0,-6.3,119600000000.0,60932.0,3143830.0,0.51,178.45,0.49,655571383.0,71843117330.0,293498826724.0,7401631346.0,134446739782.0,427945566506.0,-7709972494.0,47382972250.0,305614614647.0,5550285074.0,134277570439.0,439892185086.0,-15839660122.0,50522976679.0,22362309597.0,-17209786249.0,92196180542.0,114558490139.0,218.3,10.3,0.49,2025,사업보고서
036640,HRS,KOSDAQ,보통주,4895.0,-0.1,80100000000.0,16355.0,12890.0,3.3,4.88,10.72,13525622447.0,78910003465.0,12890502969.0,13417972161.0,129649419557.0,142539922526.0,15109839930.0,80234100280.0,13170342931.0,14940303815.0,122643203451.0,135813546382.0,12106559396.0,78169020610.0,10999061294.0,12521004402.0,114507188074.0,125506249368.0,9.94,17.0,10.43,2025,사업보고서
100130,동국S&C,KOSDAQ,보통주,1348.0,0.6,77000000000.0,57143.0,102036.0,2.37,-4.32,-0.9,-1670905549.0,119684884783.0,70688671523.0,6944254857.0,185639285728.0,256327957251.0,-39766423586.0,165779489924.0,123334931270.0,-5534041323.0,187429252894.0,310764184164.0,-30266271436.0,178578529292.0,223262991133.0,-35262178928.0,249338999169.0,472601990302.0,38.08,5.8,-0.9,2025,사업보고서
412540,제일엠앤에스,KOSDAQ,보통주,3935.0,0.0,81100000000.0,20601.0,0.0,0.77,-6.92,103.17,-15701718128.0,151265078664.0,539536019480.0,-7242041704.0,-11462673871.0,528073345609.0,-121503849953.0,247486444077.0,342334702797.0,-129616247330.0,-18976273158.0,323358429639.0,-4363338273.0,143172829242.0,171716870848.0,1763146035.0,49682214085.0,221399084933.0,-4706.89,-4.79,136.98,2025,사업보고서
463020,뉴엔AI,KOSDAQ,보통주,8420.0,2.68,75700000000.0,8987.0,44948.0,1.2,150.36,-2.83,-1055000000.0,18819000000.0,4138000000.0,-1109000000.0,53479000000.0,57617000000.0,-5620000000.0,19716000000.0,8691000000.0,429000000.0,21226000000.0,29917000000.0,1105000000.0,17880000000.0,19919000000.0,1476000000.0,10177000000.0,30096000000.0,7.74,-5.89,-1.97,2025,사업보고서
0017J0,세미티에스,KOSDAQ,보통주,2545.0,0.2,76700000000.0,30151.0,159543.0,1.7,-7.11,21.92,,,,,,,,,,,,,,,,,,,,,,2025,사업보고서
115440,우리넷,KOSDAQ,보통주,7180.0,3.91,77500000000.0,10794.0,36932.0,6.1,-61.37,3.91,3666403847.0,75505437184.0,34971573408.0,1948798815.0,99934405073.0,134905978481.0,20166019303.0,131594866213.0,44818891310.0,20066971703.0,93216897138.0,138035788448.0,5693282759.0,119069644043.0,46189226647.0,8480464711.0,76375473694.0,122564700341.0,34.99,2.58,3.67,2025,사업보고서
101330,모베이스,KOSDAQ,보통주,3540.0,3.21,81900000000.0,23147.0,43762.0,3.13,2.69,3.39,21240680356.0,1371327433599.0,618384941946.0,41798202536.0,464752868592.0,1083137810538.0,36809435555.0,1301706118161.0,641883297584.0,53329574430.0,452374050053.0,1094257347637.0,20439594740.0,1262831655164.0,613843321364.0,40278032257.0,405367979399.0,1019211300763.0,133.06,3.05,4.57,2025,사업보고서
078890,가온그룹,KOSDAQ,보통주,4105.0,1.86,75600000000.0,18425.0,37046.0,7.24,12.04,5.35,5805294229.0,517549509670.0,277814924388.0,12525753701.0,122555336522.0,400370260910.0,-56081780766.0,489342386438.0,333668246254.0,-41889972825.0,114897682454.0,448565928708.0,-18630121481.0,536374631144.0,315920374330.0,-18858458417.0,172286797000.0,488207171330.0,226.69,2.42,4.74,2025,사업보고서
214680,디알텍,KOSDAQ,보통주,960.0,0.0,80100000000.0,83477.0,0.0,1.5,-6.49,-32.14,-24029449944.0,116304065586.0,125114012916.0,-13893567667.0,76765000755.0,201879013671.0,-19290835020.0,97559283895.0,106545006762.0,-12105281060.0,72801278974.0,179346285736.0,-2062455667.0,92438893337.0,79424235063.0,-148835330.0,84594301542.0,164018536605.0,162.98,-11.95,-31.3,2025,사업보고서
131370,알서포트,KOSDAQ,보통주,1517.0,0.07,80800000000.0,53267.0,43381.0,19.35,-108.36,1.85,1800272319.0,48845260894.0,13231822289.0,2393373710.0,96579207673.0,109811029962.0,3061063628.0,47528312054.0,24577817031.0,3678242611.0,95908197041.0,120486014072.0,7287209640.0,50411451721.0,9818491973.0,7927568472.0,92656462692.0,102474954665.0,13.7,4.9,1.86,2025,사업보고서
365330,에스와이스틸텍,KOSDAQ,보통주,1509.0,0.94,75700000000.0,50171.0,273381.0,5.11,-10.78,-2.87,-2097980072.0,97366909837.0,25491487288.0,-2674919975.0,95895022709.0,121386509997.0,6090690225.0,116983649755.0,29914233897.0,8104394275.0,50091423607.0,80005657504.0,10819988624.0,119756583109.0,33715330018.0,14600825047.0,46233163956.0,79948493974.0,26.58,-2.75,-2.19,2025,사업보고서
451250,삐아,KOSDAQ,보통주,7500.0,0.27,76700000000.0,10226.0,9358.0,1.33,10.93,10.98,4755699163.0,67972288390.0,7910387301.0,4469488208.0,44448188220.0,52358575521.0,608046992.0,57644750090.0,8683789105.0,5539629101.0,42172060122.0,50855849227.0,7736717524.0,38273480005.0,4364943809.0,4166440942.0,27249595992.0,31614539801.0,17.8,6.58,10.7,2025,사업보고서
105740,디케이락,KOSDAQ,보통주,7860.0,-1.38,79900000000.0,10169.0,52080.0,8.49,5.29,5.03,6736447825.0,128751186498.0,89761371914.0,11069921406.0,136447285917.0,226208657831.0,2120074674.0,98422315910.0,65837012281.0,-188420188.0,131860480496.0,197697492777.0,11552198451.0,111449391562.0,58505568027.0,11788299787.0,132885926579.0,191391494606.0,65.78,8.6,4.94,2025,사업보고서
0011A0,액스비스,KOSDAQ,보통주,8320.0,4.79,77700000000.0,9334.0,24669.0,5.24,13.75,21.4,5010740442.0,56573055392.0,44308778632.0,4306996816.0,28108135420.0,72416914052.0,3185024840.0,55659539835.0,45353618117.0,2415830751.0,18721107609.0,64074725726.0,-8958967385.0,50578762171.0,62708811790.0,2220795919.0,-5830958855.0,56877852935.0,157.64,7.61,17.83,2025,사업보고서
066700,테라젠이텍스,KOSDAQ,보통주,2120.0,0.0,78800000000.0,37152.0,47072.0,2.27,62.35,8.44,11745645157.0,271589661726.0,98458194186.0,10213036661.0,159170179367.0,257628373553.0,-39280684356.0,249625346187.0,106458788275.0,12499643437.0,130544378780.0,237003167055.0,28391891575.0,216470152266.0,90202681263.0,11183987586.0,152932537660.0,243135218923.0,61.86,3.76,7.38,2025,사업보고서
045660,에이텍,KOSDAQ,보통주,9420.0,1.95,77800000000.0,8260.0,7111.0,6.15,-13.14,0.47,393882122.0,160212667134.0,73314416127.0,8698700770.0,98998407785.0,172312823912.0,15539121912.0,45526630657.0,63521532625.0,2075095975.0,99542508830.0,163064041455.0,4797327164.0,3704107982.0,12270260806.0,-712489950.0,91831190909.0,104101451715.0,74.06,5.43,0.4,2025,사업보고서
079810,APS이노베이션,KOSDAQ,보통주,4015.0,4.02,86400000000.0,21528.0,234577.0,2.5,7.23,0.05,89566093.0,73985134062.0,54215796380.0,2549522798.0,166275999886.0,220491796266.0,18199973047.0,146374220970.0,72555345274.0,5356271874.0,164980316718.0,237535661992.0,1014837778.0,127353695998.0,89255104736.0,1747811023.0,145331798494.0,234586903230.0,32.61,3.45,0.05,2025,사업보고서
053280,예스24,KOSDAQ,보통주,3155.0,-0.16,78900000000.0,25000.0,6866.0,1.06,-8.28,-5.84,-10691535132.0,626469569759.0,325318210656.0,2935557140.0,171686643473.0,497004854129.0,1128380073.0,671142964555.0,253738460026.0,16277578701.0,180928083148.0,434666543174.0,-4207721581.0,657116323157.0,229360710004.0,7216836033.0,219960671676.0,449321381680.0,189.48,0.47,-6.23,2025,사업보고서
012700,리드코프,KOSDAQ,보통주,2985.0,0.51,78200000000.0,26195.0,5133.0,2.66,7.48,3.15,11743653124.0,387709979454.0,643423352777.0,10946322046.0,460835683196.0,1104259035973.0,9644734020.0,420479804663.0,479256035802.0,21553070940.0,419403616336.0,898659652138.0,8970479721.0,490568153950.0,499709105626.0,-13522408361.0,420312520677.0,920021626303.0,139.62,2.82,2.55,2025,사업보고서
263800,데이타솔루션,KOSDAQ,보통주,4745.0,2.93,77000000000.0,16225.0,174462.0,2.64,20.02,3.03,1047352268.0,103815906948.0,33204081905.0,1217275135.0,35210451269.0,68414533174.0,235638157.0,110082857620.0,37902801240.0,58404986.0,34017774839.0,71920576079.0,1609123225.0,99260952857.0,45648802271.0,1263533953.0,33543938392.0,79192740663.0,94.3,1.17,2.97,2025,사업보고서
039980,폴라리스AI,KOSDAQ,보통주,5400.0,1.5,77700000000.0,14381.0,285991.0,0.0,-20.53,-0.82,-782993644.0,43636226860.0,11975090572.0,-4689716221.0,94977924384.0,106953014956.0,1115089782.0,53068929661.0,20301407746.0,-1311143643.0,95658472076.0,115959879822.0,611301755.0,59435979925.0,22139686817.0,1458860744.0,73402149267.0,95541836084.0,12.61,-10.75,-0.82,2025,사업보고서
251120,바이오에프디엔씨,KOSDAQ,보통주,9000.0,1.47,78300000000.0,8696.0,5071.0,10.93,12.21,10.03,6666197113.0,19179051492.0,3651985383.0,6252759756.0,69797615119.0,73449600502.0,4500920347.0,16066431824.0,4184249316.0,4852581238.0,63131418006.0,67315667322.0,4500920347.0,15592090130.0,4195606130.0,5034000925.0,58616934674.0,62812540804.0,5.23,32.6,9.55,2025,사업보고서
011370,서한,KOSDAQ,보통주,3890.0,1.43,78500000000.0,20179.0,12676.0,4.2,4.12,5.54,28933183371.0,645114465728.0,692797708080.0,62554266987.0,536829488203.0,1229627196283.0,13151917393.0,749383130637.0,856069323147.0,26460995446.0,508503327163.0,1364572650310.0,49885509131.0,621658295698.0,727754758694.0,25105632693.0,438894392504.0,1166649151198.0,129.05,9.7,5.39,2025,사업보고서
389030,지니너스,KOSDAQ,보통주,1688.0,-1.29,66500000000.0,39392.0,556348.0,4.08,-2.95,-110.87,-17373136628.0,10483373195.0,30247494170.0,-11671177578.0,9101612449.0,39349106619.0,-12273288856.0,6455439519.0,10851904782.0,-12259520415.0,22237105916.0,33089010698.0,-9684235393.0,6967191605.0,6040833675.0,-10078616482.0,34485425829.0,40526259504.0,332.33,-111.33,-190.88,2025,사업보고서
037760,쎄니트,KOSDAQ,보통주,2400.0,1.05,81200000000.0,33833.0,10515.0,0.32,-39.34,-5.64,-5912613979.0,126987862521.0,124739376485.0,-1083487980.0,97853173944.0,222592550429.0,-735941642.0,132439879532.0,100924174709.0,3260971781.0,100002060924.0,200926235633.0,3809519283.0,140357557191.0,102405815230.0,4922899481.0,101771442479.0,204177257709.0,127.48,-0.85,-6.04,2025,사업보고서
381620,제닉스로보틱스,KOSDAQ,보통주,5980.0,5.28,78400000000.0,13118.0,52962.0,1.27,-10.24,-13.87,-7324139547.0,22665261675.0,24706490018.0,-12312906714.0,48410434390.0,73116924408.0,6045541164.0,63469561784.0,23241355070.0,4305827720.0,57234879991.0,80476235061.0,3131959943.0,61300434302.0,38810955753.0,3188518338.0,20184687613.0,58995643366.0,51.04,-54.33,-15.13,2025,사업보고서
124560,태웅로직스,KOSDAQ,보통주,2000.0,-0.25,77400000000.0,38721.0,14400.0,3.5,-42.55,-2.13,-5038817772.0,1117280899434.0,306987513537.0,2249987075.0,255206681780.0,562194195317.0,31380018892.0,1043843729660.0,280791177854.0,40823079725.0,254411368031.0,535202545885.0,27124922143.0,770338854461.0,190732952585.0,36036019361.0,224516596882.0,415249549467.0,120.29,0.2,-1.97,2025,사업보고서
065510,휴비츠,KOSDAQ,보통주,7080.0,0.43,77000000000.0,10878.0,7877.0,3.3,-79.55,-4.5,-4940420274.0,118043310694.0,112885082404.0,5553331465.0,111870123539.0,224755205943.0,8364298114.0,117875139902.0,100346019736.0,13333966220.0,121786740601.0,222132760337.0,9580936152.0,117736981654.0,84546315373.0,16380287595.0,116598356452.0,201144671825.0,100.91,4.7,-4.42,2025,사업보고서
475430,키스트론,KOSDAQ,보통주,4170.0,3.09,74400000000.0,17848.0,53286.0,2.45,5.36,5.16,8813079265.0,69316361099.0,24741974137.0,7395126735.0,189693796893.0,214435771030.0,8777258522.0,68954759345.0,27974532114.0,5900745440.0,151915761990.0,179890294104.0,2371113218.0,55936042068.0,31570185917.0,3732843201.0,158375441534.0,189945627451.0,13.04,10.67,4.65,2025,사업보고서
058400,KNN,KOSDAQ,보통주,6030.0,0.67,79900000000.0,13243.0,7710.0,0.0,2.34,5.02,11304202453.0,68506931399.0,17815370402.0,3194305734.0,228499251450.0,246314621852.0,8113827411.0,68852610544.0,15947931350.0,4512857207.0,220397227061.0,236345158411.0,8448732785.0,66077800047.0,14606204611.0,6091666941.0,215469110394.0,230075315005.0,7.8,4.66,4.95,2025,사업보고서
347890,엠엑스온,KOSDAQ,보통주,4535.0,0.89,77200000000.0,17013.0,7489.0,1.09,32.86,2.32,-2841134911.0,62254825120.0,73860879343.0,-5826030134.0,121868289790.0,195729169133.0,6391715059.0,36793434766.0,5026553066.0,5639583621.0,73041434047.0,78067987113.0,6315801759.0,33020955073.0,4572149548.0,5611354850.0,72446439932.0,77018589480.0,60.61,-9.36,-2.33,2025,사업보고서
058630,엠게임,KOSDAQ,보통주,4075.0,1.62,76500000000.0,18773.0,47101.0,11.47,5.66,12.28,15998837791.0,91740255110.0,20350240424.0,17554792432.0,136893851017.0,157244091441.0,15659142806.0,83424998963.0,24624223713.0,12838678865.0,124269961035.0,148894184748.0,21768758250.0,81633381472.0,34307434148.0,21314431594.0,113905135701.0,148212569849.0,14.87,19.14,11.69,2025,사업보고서
067170,오텍,KOSDAQ,보통주,2580.0,-2.82,70800000000.0,27461.0,211341.0,1.7,-3.41,-7.3,-7955918301.0,852138652064.0,373324508146.0,-2263272785.0,135669153641.0,508993661787.0,-31653622453.0,909232399803.0,414517767804.0,-14876996743.0,128171941645.0,542689709449.0,-20694574767.0,959746785770.0,445626038304.0,-9765027665.0,162727131537.0,608353169841.0,275.17,-0.27,-5.86,2025,사업보고서
024880,케이피에프,KOSDAQ,보통주,3870.0,1.57,77200000000.0,19942.0,13829.0,4.68,4.32,7.74,19044705002.0,743913803698.0,340420130636.0,35395892551.0,328829389364.0,669249520000.0,23988869831.0,768851420182.0,406379277195.0,42854145455.0,255987732230.0,662367009425.0,22184693204.0,809653196526.0,419152588993.0,47252640807.0,234014768285.0,653167357278.0,103.52,4.76,5.79,2025,사업보고서
076610,해성옵틱스,KOSDAQ,보통주,1209.0,1.51,71600000000.0,59236.0,485762.0,0.43,-33.58,-59.72,-2803733581.0,160334996562.0,117524974430.0,-6736974833.0,28250834207.0,145775808637.0,-18409383116.0,108529760932.0,97835140688.0,-13393025046.0,19416582809.0,117251723497.0,-16752080817.0,121168837228.0,72680221092.0,3992341370.0,43421082080.0,116101303172.0,416.01,-4.2,-9.92,2025,사업보고서
382840,원준,KOSDAQ,보통주,4990.0,1.22,76200000000.0,15272.0,19683.0,1.68,-2.43,-11.68,-13147391994.0,149100259243.0,68078527840.0,6978485543.0,105850631620.0,173929159460.0,3739132676.0,149851159615.0,127196548684.0,12429006864.0,119195867997.0,246392416681.0,5589942616.0,137256469129.0,81256972053.0,4641272604.0,119253004443.0,200509976496.0,64.32,4.68,-12.42,2025,사업보고서
033560,블루콤,KOSDAQ,보통주,4685.0,-0.11,80100000000.0,17100.0,5176.0,1.6,10.39,9.92,16367706695.0,5807047814.0,30736283838.0,648160365.0,170150120680.0,200886404518.0,2375536109.0,5090080785.0,41556378285.0,3251273086.0,159950750116.0,201507128401.0,-2745537561.0,32770353181.0,16983924284.0,-7712405819.0,157472383038.0,174456307322.0,18.06,11.16,9.62,2025,사업보고서
253840,수젠텍,KOSDAQ,보통주,4450.0,3.13,74500000000.0,16743.0,207993.0,1.86,-3.24,-26.89,-23492165269.0,9416857906.0,21669257792.0,-18820144482.0,76544321616.0,98213579408.0,-15370010711.0,10097082997.0,10345572670.0,-22021742938.0,97295411802.0,107640984472.0,-17378269964.0,7132305545.0,20732164467.0,-22758094888.0,112454854893.0,133187019360.0,28.31,-199.86,-30.69,2025,사업보고서
205470,휴마시스,KOSDAQ,보통주,3310.0,2.95,81700000000.0,24675.0,68223.0,0.0,-5.45,-7.03,-21730084468.0,30113048982.0,91655213486.0,-10553041476.0,235375972881.0,327031186367.0,-35565926982.0,25413315020.0,82812472510.0,-10558581287.0,249103577877.0,331916050387.0,-55424406377.0,13827303630.0,59980834866.0,-52354977793.0,287326533909.0,347307368775.0,38.94,-35.04,-9.23,2025,사업보고서
091590,남화토건,KOSDAQ,보통주,7680.0,3.09,90200000000.0,11740.0,813076.0,1.26,8.2,6.57,11032098286.0,72692437385.0,22648949241.0,3750421857.0,177340037550.0,199988986791.0,7580868783.0,56667089060.0,24868336421.0,-2000605756.0,167835662011.0,192703998432.0,-10419187515.0,71796422978.0,28299853696.0,-4374625832.0,160892957337.0,189192811033.0,12.77,5.16,6.22,2025,사업보고서
080010,이상네트웍스,KOSDAQ,보통주,7320.0,-1.08,72000000000.0,9835.0,4277.0,5.1,4.83,10.8,20627143731.0,103782678478.0,30050701090.0,22916857559.0,171843672819.0,201894373909.0,16612744146.0,97795704809.0,33501938562.0,20737331918.0,156687600008.0,190189538570.0,8314837916.0,82291210125.0,35182446106.0,15142638295.0,145158023694.0,180340469800.0,17.49,22.08,12.0,2025,사업보고서
265560,영화테크,KOSDAQ,보통주,6890.0,0.73,73700000000.0,10690.0,5466.0,1.83,2.54,22.82,19041489175.0,108613630588.0,25714341100.0,18042145824.0,92721058189.0,118435399289.0,14023169268.0,94827257434.0,32711319638.0,15387822768.0,74360416307.0,107071735945.0,6098020491.0,64920252518.0,23751408121.0,5013561602.0,62649712229.0,86401120350.0,27.73,16.61,20.54,2025,사업보고서
214260,라파스,KOSDAQ,보통주,7980.0,0.13,71200000000.0,8922.0,10428.0,0.0,-13.0,-14.96,-4741726030.0,30987892335.0,44364124196.0,-3033552891.0,30713793370.0,75077917566.0,-5799509037.0,27215365204.0,44462976816.0,-3463000040.0,31631778237.0,76094755053.0,-9248213114.0,27935888378.0,68096348509.0,-4050017651.0,32308257995.0,100404606504.0,144.44,-9.79,-15.44,2025,사업보고서
351320,넥사다이내믹스,KOSDAQ,보통주,3725.0,16.41,110600000000.0,29699.0,2245370.0,3.65,-9.34,-62.93,-14237494956.0,13012868322.0,36978469045.0,-9464402135.0,21280333572.0,58258802617.0,-9354907649.0,8530280572.0,32724741271.0,-6372753338.0,20410008437.0,53134749708.0,-7432903278.0,16140524956.0,20834362034.0,-6510961171.0,21806319252.0,42640681286.0,173.77,-72.73,-66.9,2025,사업보고서
047820,초록뱀미디어,KOSDAQ,보통주,3085.0,-0.16,75400000000.0,24454.0,6072.0,0.0,22.52,1.06,3082266719.0,172196784377.0,86029097571.0,2832527153.0,288881562360.0,374910659931.0,45764736527.0,210272629603.0,74154398989.0,-15381767378.0,285755701541.0,359910100530.0,-90043121382.0,241315820444.0,123230325680.0,-297207783.0,342544780708.0,465775106388.0,29.78,1.64,1.07,2025,사업보고서
073640,테라사이언스,KOSDAQ,보통주,654.0,0.0,76100000000.0,116379.0,0.0,0.57,-4.45,-45.12,-17243640695.0,14134317596.0,27689902094.0,-10140123497.0,28620402424.0,56310304518.0,-28192130583.0,17272994116.0,24012419820.0,-9361160215.0,46952842781.0,70965262601.0,-5048693638.0,23076476627.0,28521418086.0,-4453736515.0,55237888750.0,83759306836.0,96.75,-71.74,-60.25,2025,사업보고서
225530,HC보광산업,KOSDAQ,보통주,2110.0,-0.24,76700000000.0,36339.0,5054.0,0.57,234.44,-2.6,-2492104615.0,38493462752.0,83320266646.0,-4871625215.0,91943542228.0,175263808874.0,5238946053.0,63877146203.0,79412181298.0,8863028851.0,99733465686.0,179145646984.0,16662368432.0,85460172473.0,70540296233.0,18912752031.0,95177679024.0,165717975257.0,90.62,-12.66,-2.71,2025,사업보고서
0218L0,네오뷰,KOSDAQ,보통주,13350.0,2.69,70400000000.0,5276.0,13903.0,16.18,,,,,,,,,,,,,,,,,,,,,,,,2025,사업보고서
900260,로스웰,KOSDAQ,보통주,1755.0,1.27,80800000000.0,46030.0,3789.0,57.47,2.47,7.29,99491915.0,3818232561.0,3327560029.0,56436923.0,1388082706.0,4715642735.0,91781317.0,2693371318.0,3825329005.0,103270506.0,1271381216.0,5096710221.0,81348549.0,1969978518.0,1131694799.0,78950986.0,1170119561.0,2301814360.0,239.72,1.48,7.17,2025,사업보고서
371950,풍원정밀,KOSDAQ,보통주,3250.0,0.0,74000000000.0,22780.0,22323.0,0.47,-3.29,-133.88,-23583226913.0,32363366118.0,68002826029.0,-19933760853.0,12331131763.0,80333957792.0,-34728835335.0,49263385713.0,73449734513.0,-18248147075.0,22899409078.0,96349143591.0,-21842154341.0,43054017785.0,45123137173.0,-21932415342.0,57696814035.0,102819951208.0,551.47,-61.59,-191.25,2025,사업보고서
483350,딜리셔스,KOSDAQ,보통주,2900.0,4.32,64200000000.0,22153.0,491811.0,1.36,15.43,-3.25,,,,,,,,,,,,,,,,,,,,,,2025,사업보고서
234300,에스트래픽,KOSDAQ,보통주,3190.0,0.63,86800000000.0,27208.0,52382.0,2.64,-55.96,4.84,4946488369.0,168238551225.0,70616576429.0,8956631429.0,102238654167.0,172855230596.0,5966862224.0,189044828063.0,90933776898.0,11312230078.0,98462042879.0,189395819777.0,16699535561.0,147172546236.0,92325391783.0,17379683944.0,94239902118.0,186565293901.0,69.07,5.32,4.84,2025,사업보고서
900300,오가닉티코스메틱,KOSDAQ,보통주,3630.0,-5.59,74700000000.0,20580.0,178180.0,0.0,-0.57,-28.74,-388563337.0,926741227.0,295598906.0,-310836113.0,1303549594.0,1599148500.0,-251018328.0,870730681.0,328669612.0,-340461210.0,1333476411.0,1662146023.0,-433639803.0,965440088.0,452858094.0,-402150318.0,1428561291.0,1881419385.0,22.68,-33.54,-29.81,2025,사업보고서
173130,오파스넷,KOSDAQ,보통주,5720.0,2.14,74600000000.0,13046.0,27233.0,4.52,5.7,21.36,12014819475.0,233294461420.0,84171888777.0,14044634082.0,64897251625.0,149069140402.0,9646943701.0,192885362327.0,83392851408.0,10651501416.0,54678187355.0,138071038763.0,10460499457.0,224980562132.0,79280265503.0,13950555536.0,46713504488.0,125993769991.0,129.7,6.02,18.51,2025,사업보고서
067370,선바이오,KOSDAQ,보통주,6020.0,-1.15,73500000000.0,12214.0,13300.0,0.3,17.1,9.99,2793422112.0,13672512814.0,31808345743.0,5036101422.0,28871767419.0,60680113162.0,-104381117.0,8682778981.0,33939038507.0,-533240318.0,27078173797.0,61017212304.0,4606741847.0,12291883598.0,19558016698.0,5192339957.0,28105454889.0,47663471587.0,110.17,36.83,9.68,2025,사업보고서
208140,정다운,KOSDAQ,보통주,2290.0,-0.43,74800000000.0,32684.0,12445.0,1.85,11.01,4.6,6073965603.0,160876384094.0,83457416181.0,6751825397.0,131581024573.0,215038440754.0,11795334186.0,181956736442.0,85468491642.0,14696194346.0,134157768612.0,219626260254.0,32677793000.0,185491756008.0,73423148782.0,35750469426.0,122936530546.0,196359679328.0,63.43,4.2,4.62,2025,사업보고서
128660,피제이메탈,KOSDAQ,보통주,2985.0,-0.17,74000000000.0,24803.0,52934.0,2.36,5.14,10.63,8456846673.0,348957303218.0,87354113370.0,12226661140.0,77065891341.0,164420004711.0,1054292151.0,254485502212.0,58641666118.0,9170810482.0,72158559109.0,130800225227.0,12628222827.0,229349317992.0,58999336906.0,5254157097.0,74830214441.0,133829551347.0,113.35,3.5,10.97,2025,사업보고서
246960,SCL사이언스,KOSDAQ,보통주,2235.0,-0.89,76000000000.0,34017.0,41833.0,0.51,-22.35,-19.69,-4119586925.0,22010565275.0,56425790512.0,-3397893668.0,23498354073.0,79924144585.0,-3730136086.0,4737116055.0,8540100536.0,-3660680722.0,15517324182.0,24057424718.0,-5025557886.0,1322103893.0,11255033391.0,-4017181890.0,18902868464.0,30157901855.0,240.13,-15.44,-17.53,2025,사업보고서
212710,아이에스티이,KOSDAQ,보통주,7130.0,1.86,69300000000.0,9715.0,43032.0,7.33,-54.85,-30.74,-4529475166.0,32220867462.0,40834895137.0,-5840989125.0,20549344192.0,61384239329.0,558002264.0,41086620121.0,44136544360.0,637671808.0,8921065626.0,53057609986.0,-129460889.0,27196582574.0,42725486486.0,-710436523.0,4790827601.0,47516314087.0,198.72,-18.13,-22.04,2025,사업보고서
389140,포바이포,KOSDAQ,보통주,5100.0,4.08,72800000000.0,14270.0,25078.0,2.02,-6.66,-29.76,-10958570907.0,,35592702967.0,-7396321550.0,40187645583.0,75780348550.0,-12295790748.0,,28490873991.0,-13890623243.0,30511070120.0,59001944111.0,-20571978089.0,,24777618753.0,-16258350170.0,42236092311.0,67013711064.0,88.57,,-27.27,2025,사업보고서
170030,현대공업,KOSDAQ,보통주,4795.0,1.27,73600000000.0,15340.0,13319.0,4.85,3.19,7.53,11845401245.0,367911083613.0,97395984038.0,12311914178.0,161956557293.0,259352541331.0,12881683635.0,326887589851.0,70525483125.0,10879629207.0,152758061105.0,223283544230.0,13113866217.0,307539845202.0,85827210174.0,15398581275.0,143827879628.0,229655089802.0,60.14,3.35,7.31,2025,사업보고서
060590,씨티씨바이오,KOSDAQ,보통주,3110.0,1.63,75200000000.0,24181.0,48055.0,1.76,10.0,4.55,3240507175.0,123769377291.0,70511657291.0,6249530909.0,72723708112.0,143235365403.0,-5220439233.0,119876739034.0,84068036867.0,-5013536241.0,69620419955.0,153688456822.0,-15587896686.0,137878037215.0,90417497450.0,-4578130667.0,75444321166.0,165861818616.0,96.96,5.05,4.46,2025,사업보고서
0156T0,에이치엘지노믹스,KOSDAQ,보통주,8900.0,1.14,69300000000.0,7782.0,89791.0,0.91,6.32,10.65,,,,,,,,,,,,,,,,,,,,,,2025,사업보고서
052900,KX하이텍,KOSDAQ,보통주,968.0,1.89,74200000000.0,76668.0,423129.0,6.49,4.7,3.45,4289110778.0,126276082558.0,67367517196.0,5356558422.0,139310692581.0,206678209777.0,9683911922.0,132265152493.0,80511698119.0,9205894920.0,128004681877.0,208516379996.0,4738525433.0,154677245205.0,77979473727.0,8121158891.0,117169796465.0,195149270192.0,48.36,4.24,3.08,2025,사업보고서
294630,서남,KOSDAQ,보통주,2865.0,4.95,75900000000.0,26499.0,129371.0,0.71,-16.01,-45.18,-3975023682.0,3386486863.0,6854975483.0,-3857862253.0,9740700074.0,16595675557.0,-3943049036.0,1405653733.0,4194871261.0,-4466955298.0,7857811178.0,12052682439.0,-11253726653.0,6390911562.0,4419952103.0,-3093888012.0,11013595899.0,15433548002.0,70.37,-113.92,-40.81,2025,사업보고서
041930,SY동아,KOSDAQ,보통주,4975.0,-0.5,75600000000.0,15200.0,108451.0,1.45,4.56,15.64,27339709171.0,403410122226.0,119719246661.0,17184950683.0,187996650804.0,307715897465.0,14440956246.0,383208579476.0,138134501225.0,18392989463.0,166499916479.0,304634417704.0,14364167395.0,368722029928.0,154085382724.0,21636085181.0,153973358117.0,308058740841.0,63.68,4.26,14.54,2025,사업보고서
094860,네오리진,KOSDAQ,보통주,1460.0,1.32,77500000000.0,53110.0,115915.0,62.34,-5.43,-41.8,-11084432029.0,31047398409.0,16192654798.0,-4614678656.0,23693510204.0,39886165002.0,-5278152384.0,34966200761.0,14335760948.0,-5981300341.0,30364282023.0,44700042971.0,-6296205257.0,18516075845.0,11584616669.0,-2578618080.0,34638556531.0,46223173200.0,68.34,-14.86,-46.78,2025,사업보고서
004590,한국가구,KOSDAQ,보통주,5080.0,1.6,76200000000.0,15000.0,29199.0,4.11,5.46,7.46,14265168240.0,141617438014.0,52834824190.0,17534529185.0,199860325623.0,252695149813.0,15985694911.0,128719457546.0,49950369076.0,17822858597.0,189349446404.0,239299815480.0,11017349911.0,102947090163.0,45981625058.0,12426948013.0,176181199670.0,222162824728.0,26.44,12.38,7.14,2025,사업보고서
048910,대원미디어,KOSDAQ,보통주,6320.0,2.43,79500000000.0,12579.0,30519.0,3.21,8.58,5.51,5433501522.0,342849675064.0,97269394332.0,9950399426.0,134729532630.0,231998926962.0,-1557986248.0,256364073040.0,75792952468.0,1616163472.0,130220166170.0,206013118638.0,8893323684.0,316061909775.0,78688200819.0,13806865689.0,134256343506.0,212944544325.0,72.2,2.9,4.03,2025,사업보고서
017480,삼현철강,KOSDAQ,보통주,4780.0,-1.34,73800000000.0,15443.0,16561.0,3.98,7.06,3.24,6345443768.0,217962237638.0,20420877690.0,5099289480.0,197035888347.0,217456766037.0,5508284894.0,223661506913.0,21674155923.0,3559859456.0,195194764606.0,216868920529.0,10414244126.0,262437778010.0,26850104016.0,9727719983.0,194512419340.0,221362523356.0,10.36,2.34,3.22,2025,사업보고서
084730,팅크웨어,KOSDAQ,보통주,6360.0,1.11,70700000000.0,11109.0,85459.0,2.67,-2.84,-12.76,-21245311030.0,536585727369.0,152603082016.0,15891936463.0,217265378887.0,369868460903.0,19004215473.0,489824351259.0,182890363709.0,26634442904.0,229927996733.0,412818360442.0,24578921470.0,421393415248.0,187045799307.0,36120312163.0,209290271582.0,396336070889.0,70.24,2.96,-9.78,2025,사업보고서
377480,마음AI,KOSDAQ,보통주,9850.0,3.03,70000000000.0,7110.0,23465.0,0.08,-14.03,-38.67,-7660349196.0,9786361142.0,28196132829.0,-6375714178.0,26095408701.0,54291541530.0,-8679568878.0,7773951858.0,36413443879.0,-7118425314.0,13239152383.0,49652596262.0,-5555549863.0,10223567292.0,35568979690.0,-3856539651.0,20056198421.0,55625178111.0,108.05,-65.15,-29.36,2025,사업보고서
204840,지엘팜텍,KOSDAQ,보통주,5300.0,0.38,82200000000.0,15510.0,52856.0,1.09,-757.14,0.06,12489192.0,35267864179.0,28895351488.0,268476227.0,19918857122.0,48814208610.0,-2337462825.0,26047952258.0,22772408440.0,-1767871568.0,19667919316.0,42440327756.0,-3748514692.0,26033025366.0,27585965273.0,-3228012102.0,12282299531.0,39868264804.0,145.07,0.76,0.06,2025,사업보고서
011320,유니크,KOSDAQ,보통주,3760.0,0.67,72600000000.0,19321.0,1189.0,2.73,5.14,8.28,10793921594.0,430183306362.0,163404228757.0,14423859541.0,136292926455.0,299697155212.0,7716473797.0,374799680024.0,143542089120.0,8349128566.0,124570304919.0,268112394039.0,6384161750.0,328952037421.0,134017031625.0,9343700254.0,117319843771.0,251336875396.0,119.89,3.35,7.92,2025,사업보고서
217330,싸이토젠,KOSDAQ,보통주,3015.0,0.0,69700000000.0,23130.0,55162.0,2.06,-6.61,-29.34,-12339826935.0,26054851084.0,26247322257.0,-8163323622.0,35992833603.0,62240155860.0,-17116101889.0,10910643036.0,23535092605.0,-10665601019.0,48942969389.0,72478061994.0,-15769500591.0,3184360751.0,21094677058.0,-11791605783.0,53355392642.0,74450069700.0,72.92,-31.33,-34.28,2025,사업보고서
085670,뉴프렉스,KOSDAQ,보통주,3010.0,2.38,73700000000.0,24501.0,32605.0,3.43,7.32,8.38,8799101802.0,154135605019.0,56057829584.0,9232969756.0,108408558959.0,164466388543.0,16094565582.0,175942140361.0,64746084487.0,14641487232.0,101536606263.0,166282690750.0,6786904308.0,195106479561.0,88935086229.0,10326596687.0,73123882467.0,162058968696.0,51.71,5.99,8.12,2025,사업보고서
088390,이녹스,KOSDAQ,보통주,7950.0,-1.24,74600000000.0,9386.0,2930.0,0.77,2.65,12.9,20676131657.0,59112838075.0,116113077995.0,6527989280.0,207947092864.0,324060170859.0,-23769120704.0,56165047988.0,99891248034.0,6481262444.0,217962394230.0,317853642264.0,-14014259351.0,61697133222.0,102429714899.0,5139441784.0,235637465257.0,338067180156.0,55.84,11.04,9.94,2025,사업보고서
234030,싸이닉솔루션,KOSDAQ,보통주,2970.0,0.68,70100000000.0,23605.0,34799.0,4.42,16.69,6.2,1770374325.0,154563595625.0,27179754048.0,2512181957.0,36545999573.0,63725753621.0,5520534620.0,167426001716.0,28915489520.0,5269821651.0,19257669808.0,48173159328.0,1634299768.0,138229852107.0,30403094477.0,4861050201.0,12865519102.0,43268613579.0,74.37,1.63,4.84,2025,사업보고서
019540,일지테크,KOSDAQ,보통주,5320.0,0.76,71900000000.0,13514.0,45598.0,8.08,1.5,26.7,45671698856.0,855062638987.0,454605219909.0,48024207512.0,191810835973.0,646416055882.0,22508316666.0,757295076969.0,425065450648.0,24446601603.0,150332698154.0,575398148802.0,32300041824.0,628485714969.0,404874893413.0,35416248406.0,122665876218.0,527540769631.0,237.01,5.62,23.81,2025,사업보고서
096350,대창솔루션,KOSDAQ,보통주,1875.0,-0.21,69100000000.0,36855.0,161226.0,3.09,133.93,-22.5,-7776073880.0,59877251686.0,105830492215.0,-143752494.0,36002694837.0,141833187052.0,-2710495317.0,61398550420.0,102592307267.0,436761175.0,32836239020.0,135428546287.0,2800892925.0,71715102822.0,93059260511.0,5596489348.0,35762324305.0,128821584816.0,293.95,-0.24,-21.6,2025,사업보고서
142280,녹십자엠에스,KOSDAQ,보통주,3215.0,2.55,77000000000.0,23963.0,593941.0,0.91,-32.81,8.57,3460965761.0,108413453299.0,44144546721.0,2887175599.0,46365369985.0,90509916706.0,3396435104.0,103852287192.0,44545776353.0,2334698730.0,43428750520.0,87974526873.0,1876754309.0,94010675488.0,53605865713.0,1800722614.0,36923477377.0,90529343090.0,95.21,2.66,7.46,2025,사업보고서
010280,아이티센엔텍,KOSDAQ,보통주,5540.0,3.36,72200000000.0,13025.0,24020.0,0.0,1.7,26.23,21994420714.0,572026600945.0,220476875721.0,20871338299.0,99119956817.0,319596832538.0,10782856517.0,441775895300.0,191998031013.0,9437606751.0,76820561835.0,268818592848.0,4953045944.0,392451834235.0,136059779037.0,8408970900.0,64984261170.0,201044040207.0,222.43,3.65,22.19,2025,사업보고서
303810,동국생명과학,KOSDAQ,보통주,2280.0,-0.22,72900000000.0,31984.0,33810.0,2.23,14.62,7.32,8658257416.0,130343747512.0,86261353485.0,13045359378.0,131365571744.0,217626925229.0,2244730442.0,131816122285.0,86433362545.0,11916090535.0,105224367242.0,191657729787.0,4166744337.0,120161205350.0,110424564254.0,8529558699.0,68704336850.0,179128901104.0,65.67,10.01,6.59,2025,사업보고서
054040,한국컴퓨터,KOSDAQ,보통주,4505.0,0.67,72400000000.0,16071.0,9594.0,2.53,2.79,13.04,20548001570.0,417773004030.0,132581967749.0,22860563344.0,164487981737.0,297069949486.0,13592680354.0,421024908274.0,31692086340.0,12158093987.0,150727500186.0,182419586526.0,21694707920.0,371742901465.0,31439032151.0,23801779319.0,142254353178.0,173693385329.0,80.6,5.47,12.49,2025,사업보고서
171120,라이온켐텍,KOSDAQ,보통주,2010.0,0.5,72200000000.0,35902.0,27997.0,3.26,4.32,6.28,5014392098.0,130272114072.0,28176095886.0,11372279646.0,138937996950.0,167114092836.0,6005463379.0,141812364396.0,21357950543.0,9376303589.0,131589916258.0,152947866801.0,4987742388.0,130782710870.0,41748163134.0,7794782921.0,129206180950.0,170954344084.0,20.28,8.73,3.61,2025,사업보고서
020710,시공테크,KOSDAQ,보통주,3665.0,0.83,73500000000.0,20048.0,50305.0,0.0,2.56,17.77,30496371993.0,168394146947.0,53874371312.0,15079911549.0,185646750696.0,239521122008.0,30473197115.0,147145562711.0,69660883794.0,6430715556.0,157532416867.0,227193300661.0,8314649221.0,134871392216.0,44405673610.0,5608277410.0,132020451544.0,176426125154.0,29.02,8.96,16.43,2025,사업보고서
360070,탑머티리얼,KOSDAQ,보통주,8290.0,0.12,67900000000.0,8192.0,6310.0,0.0,-1.9,-24.51,-30695078622.0,23130641417.0,78222106639.0,-35202548419.0,109300410495.0,187522517134.0,-8155155442.0,106078637083.0,66250993343.0,-7210322259.0,141198932460.0,207449925803.0,17572091128.0,122198212216.0,47661067852.0,13789507906.0,155585835429.0,203246903281.0,71.57,-152.19,-28.08,2025,사업보고서
041910,폴라리스AI파마,KOSDAQ,보통주,5350.0,0.38,71100000000.0,13283.0,18687.0,1.56,5.04,4.66,6160941850.0,55543076772.0,60001724511.0,3188673368.0,135927147012.0,195928871523.0,3947862011.0,59602371962.0,5868228211.0,175958626.0,128582659933.0,134450888144.0,3823642695.0,64214830710.0,6266010563.0,5343807014.0,115632727351.0,121898737914.0,44.14,5.74,4.53,2025,사업보고서
024830,세원물산,KOSDAQ,보통주,8480.0,-2.19,70800000000.0,8350.0,438.0,1.88,5.2,4.79,18617920533.0,211615991165.0,88669141260.0,3056732966.0,396089897357.0,484759038617.0,21970864940.0,230905196586.0,94018268394.0,1341678298.0,381410293871.0,475428562265.0,12732951871.0,193044822258.0,105729475569.0,5906879018.0,356738255896.0,462467731465.0,22.39,1.44,4.7,2025,사업보고서
000440,중앙에너비스,KOSDAQ,보통주,11900.0,2.5,74100000000.0,6227.0,23257.0,2.95,-73.91,-2.09,-1115438841.0,49592330053.0,2987397109.0,-1743958445.0,52007260586.0,54994657695.0,-943603348.0,49810930913.0,3915805410.0,-1746232659.0,54559923135.0,58475728545.0,-251207664.0,55473865404.0,4503843144.0,-739276625.0,57029289526.0,61533132670.0,5.74,-3.52,-2.14,2025,사업보고서
302430,이노메트리,KOSDAQ,보통주,7230.0,0.28,71100000000.0,9833.0,211113.0,0.67,-18.4,-6.97,-4296143015.0,38567691701.0,17456935022.0,-5703408531.0,59546013642.0,77002948664.0,-1466571087.0,52996048556.0,13874286492.0,-7228086313.0,63757426697.0,77631713189.0,7806187062.0,83783909848.0,22436817991.0,8208876108.0,64078147118.0,86514965109.0,29.32,-14.79,-7.21,2025,사업보고서
030960,양지사,KOSDAQ,보통주,4790.0,5.27,76500000000.0,15980.0,156287.0,0.85,-43.15,-0.85,-1594939332.0,55863645104.0,17728771610.0,-6079582443.0,188169295596.0,205898067206.0,4447676402.0,58151137977.0,8200872568.0,155995335.0,188662073277.0,196862945845.0,1218541612.0,62134749172.0,9264864861.0,-6918702465.0,185477215065.0,194742079926.0,9.42,-10.88,-0.85,2025,사업보고서
0117P0,피스피스스튜디오,KOSDAQ,보통주,5640.0,1.26,79900000000.0,14169.0,125241.0,2.34,5.94,13.41,10953517729.0,117880193768.0,29309452449.0,16726342280.0,113222450788.0,142531903237.0,17006962590.0,113777075467.0,71295362680.0,28158260397.0,55860576214.0,127155938894.0,19095217588.0,72159452533.0,48948210481.0,25684958177.0,36572512920.0,85520723401.0,25.89,14.19,9.67,2025,사업보고서
228670,레이,KOSDAQ,보통주,4640.0,-3.23,72600000000.0,15640.0,38997.0,0.59,7.53,4.19,467155984.0,111322950252.0,117444967378.0,-9787646631.0,74795464934.0,192240432312.0,-63327050976.0,79842593595.0,129796541508.0,-44253559054.0,74418634726.0,204215176234.0,-3047690982.0,145881865235.0,128356138897.0,6118370428.0,131196233958.0,259552372855.0,157.02,-8.79,0.62,2025,사업보고서
067570,엔브이에이치코리아,KOSDAQ,보통주,1683.0,-0.12,71000000000.0,42170.0,115339.0,1.21,-1.99,-5.99,-44968793033.0,1623889869779.0,1243932064622.0,-21869863594.0,335214226437.0,1579146291059.0,20397339627.0,1587354171741.0,1123011489928.0,67582834510.0,391980785900.0,1514992275828.0,10563619788.0,1371412851857.0,946708000857.0,62917271907.0,358471036486.0,1305179037343.0,371.09,-1.35,-13.41,2025,사업보고서
234920,자이글,KOSDAQ,보통주,5310.0,0.0,71800000000.0,13531.0,0.0,0.49,-39.63,-24.54,-5372796926.0,8229529017.0,30511658409.0,-3655835248.0,19207653488.0,49719311897.0,-6766744924.0,12070713092.0,30063398365.0,-4893935821.0,24580450414.0,54643848779.0,-10361829092.0,4144292300.0,20399256115.0,-8667430931.0,31347195338.0,51746451453.0,158.85,-44.42,-27.97,2025,사업보고서
332370,아이디피,KOSDAQ,보통주,5360.0,-2.55,71100000000.0,13274.0,1478.0,1.13,7.34,15.7,10315001841.0,49083311500.0,5139592967.0,10876410311.0,69264710631.0,74404303598.0,11515159250.0,46525695543.0,5720182206.0,11083090078.0,62551704524.0,68271886730.0,6017003629.0,36366131477.0,2590066110.0,5531281025.0,54424660270.0,57014726380.0,7.42,22.16,14.89,2025,사업보고서
012790,신일제약,KOSDAQ,보통주,6050.0,0.5,72500000000.0,11986.0,13745.0,3.09,11.31,5.04,7530936932.0,80563639511.0,17139283370.0,7385520844.0,152349592013.0,169488875383.0,14300644572.0,89440459441.0,19355663176.0,15221696388.0,146505712284.0,165861375460.0,13641351348.0,89135208847.0,17564556997.0,13991301307.0,134895027871.0,152459584868.0,11.25,9.17,4.94,2025,사업보고서
261780,아리바이오랩,KOSDAQ,보통주,2635.0,1.54,76300000000.0,28956.0,257575.0,0.0,-4.92,-81.07,-16044489542.0,158616000.0,17922501075.0,-14271049992.0,11859049755.0,29781550830.0,-10138367704.0,370658340.0,19525695415.0,-7696424811.0,27722306690.0,47248002105.0,-1749497491.0,294124200.0,9702161093.0,-6419346568.0,35416951840.0,45119112933.0,151.13,-8997.23,-135.29,2025,사업보고서
0015S0,페스카로,KOSDAQ,보통주,6830.0,2.4,67400000000.0,9867.0,6703.0,3.21,15.14,5.37,2563129231.0,16627916707.0,4762666364.0,879442201.0,60993311146.0,65755977510.0,-7871985030.0,14318646783.0,4248211927.0,1323324284.0,34405093640.0,38653305567.0,-975912935.0,11964878068.0,15778331629.0,3466102345.0,-662925925.0,15115405704.0,7.81,5.29,4.2,2025,사업보고서
083790,CG인바이츠,KOSDAQ,보통주,888.0,5.34,68300000000.0,76894.0,135742.0,2.23,177.6,-3.46,-12512263343.0,27391445369.0,105433901901.0,-23757345761.0,118675172720.0,224109074621.0,-51809412540.0,7253270324.0,139666301076.0,-38813380435.0,120799008597.0,260465309673.0,-50041783082.0,4878663471.0,97822548338.0,-30912972988.0,145292993240.0,243115541578.0,88.84,-86.73,-10.54,2025,사업보고서
066310,큐에스아이,KOSDAQ,보통주,7030.0,1.88,65200000000.0,9272.0,16729.0,8.98,10.14,2.94,2515736234.0,23282562121.0,5607884969.0,293849147.0,87411694721.0,93019579690.0,3253438320.0,21363283641.0,4600959753.0,1184535478.0,83942667086.0,88543626839.0,2711545378.0,18687093091.0,5255229501.0,-4243012697.0,82474951356.0,87730180857.0,6.42,1.26,2.88,2025,사업보고서
104040,디에스엠,KOSDAQ,보통주,2485.0,-0.6,66600000000.0,26814.0,22682.0,0.35,34.51,2.38,2015700512.0,28477611667.0,116727508215.0,-7925464915.0,114447710855.0,231175219070.0,-6388160251.0,16199845777.0,62907240366.0,-6314333272.0,54968067285.0,117875307651.0,-8915253131.0,14374704463.0,58938185389.0,-7890544167.0,53453764340.0,112391949729.0,101.99,-27.83,1.76,2025,사업보고서
033130,디지틀조선,KOSDAQ,보통주,1840.0,0.11,68300000000.0,37115.0,23023.0,1.95,7.08,6.06,5413837419.0,39901898759.0,15284733173.0,5508704439.0,92171626810.0,107456359983.0,3754845737.0,36955034215.0,10025032610.0,2364890239.0,87962696909.0,97987729519.0,3324754728.0,36571550723.0,10719723032.0,2174982408.0,85169357553.0,95889080585.0,16.58,13.81,5.87,2025,사업보고서
006140,피제이전자,KOSDAQ,보통주,4750.0,2.15,70600000000.0,14865.0,35308.0,3.06,6.07,6.88,9354291863.0,178552370684.0,58673275674.0,10959713371.0,139385026826.0,198058302500.0,9221466937.0,169298930720.0,59154475387.0,10781292288.0,132706434963.0,191860910350.0,6110513294.0,166844087220.0,61428061419.0,7413259937.0,125268768026.0,186696829445.0,42.09,6.14,6.71,2025,사업보고서
347000,센코,KOSDAQ,보통주,1900.0,0.9,71800000000.0,37811.0,82778.0,2.48,9.6,9.97,4715209101.0,36725295188.0,13538294485.0,2504690284.0,57785865835.0,71324160320.0,2529398796.0,35862109477.0,24482719170.0,2718008245.0,42534289163.0,67017008333.0,-1161720602.0,33952242199.0,27595872033.0,2245775452.0,42028696921.0,69624568954.0,23.43,6.82,8.16,2025,사업보고서
277880,티에스아이,KOSDAQ,보통주,3575.0,0.0,70900000000.0,19843.0,47513.0,2.71,4.92,3.08,3865215742.0,264652706977.0,176987461932.0,8245032951.0,125950419202.0,302937881134.0,29340169510.0,271986540655.0,240704512502.0,15629831816.0,125388685329.0,366093197831.0,-4889773980.0,261126660091.0,246129936881.0,1992444395.0,97410021883.0,343539958764.0,140.52,3.12,3.07,2025,사업보고서
140070,서플러스글로벌,KOSDAQ,보통주,2020.0,1.1,74700000000.0,36988.0,52321.0,1.48,-3.43,-7.88,-14604380977.0,208410779850.0,245948170193.0,-11696354740.0,179993103337.0,425941273530.0,4853749104.0,251619315953.0,259244713388.0,14156543996.0,192879863183.0,452124576571.0,5556667415.0,166034852561.0,155076180016.0,13032683453.0,189123599423.0,344199779439.0,136.64,-5.61,-8.11,2025,사업보고서
331380,포커스에이아이,KOSDAQ,보통주,1892.0,0.48,69200000000.0,36561.0,13309.0,0.84,-4.48,-54.55,-10262167430.0,45308322646.0,25519833192.0,-10202525900.0,21145508087.0,46665341279.0,-11016006047.0,58183819225.0,32134138324.0,-5088308912.0,16482968776.0,48617107100.0,2467813093.0,59458221600.0,13684253265.0,2646343421.0,22772750995.0,36457004260.0,120.69,-22.52,-48.53,2025,사업보고서
054620,APS,KOSDAQ,보통주,3850.0,3.91,70800000000.0,18394.0,31111.0,2.48,7.03,-1.76,-8682466159.0,84866669022.0,158666294535.0,-6849442482.0,218524484186.0,377190778721.0,-3446806024.0,93965013528.0,187494650134.0,-22637555084.0,225714445727.0,413209095861.0,14042768425.0,41047387923.0,141705881287.0,-18603977383.0,224655106911.0,366360988198.0,72.61,-8.07,-3.97,2025,사업보고서
153710,옵티팜,KOSDAQ,보통주,4795.0,-0.42,70300000000.0,14670.0,3001.0,0.85,-37.76,-9.48,-2499218512.0,22344530941.0,15368914293.0,-2414037437.0,25400412495.0,40769326788.0,-2356570952.0,19636227402.0,15983394832.0,-2451780486.0,27335443686.0,43318838518.0,-2436687425.0,17372567556.0,14131027831.0,-2630945406.0,25144342754.0,39275370585.0,60.51,-10.8,-9.84,2025,사업보고서
096250,와이즈넛,KOSDAQ,보통주,5630.0,2.93,66500000000.0,11815.0,14246.0,0.0,22.79,2.94,1752786177.0,34730241834.0,6318867361.0,113589771.0,67709501190.0,74028368551.0,3050746409.0,34920657325.0,6609646859.0,1702832524.0,51354121489.0,57963768348.0,4267209666.0,35172218324.0,6668353225.0,3456887664.0,48740402203.0,55408755428.0,9.33,0.33,2.59,2025,사업보고서
417790,트루엔,KOSDAQ,보통주,7180.0,0.7,75200000000.0,10468.0,21811.0,4.04,6.56,11.61,12101567873.0,49113803516.0,5052412407.0,13254533775.0,109398350578.0,114450762985.0,14367074153.0,53601363798.0,6388453377.0,15456790394.0,99145086021.0,105533539398.0,10964127346.0,47174831935.0,6012635640.0,11387643245.0,89508351418.0,95520987058.0,4.62,26.99,11.06,2025,사업보고서
417970,모델솔루션,KOSDAQ,보통주,10700.0,4.09,68400000000.0,6397.0,8415.0,3.39,7.72,9.82,6828952696.0,76502212442.0,25099054628.0,8072429287.0,72297011293.0,97396065921.0,5288329830.0,68034064510.0,23582534005.0,4187449334.0,66807759995.0,90390294000.0,2501200705.0,64718955728.0,23590976761.0,2180729196.0,61521968157.0,85112944918.0,34.72,10.55,9.45,2025,사업보고서
061250,화일약품,KOSDAQ,보통주,9530.0,3.7,80200000000.0,8418.0,30383.0,0.0,16.93,-0.11,-233014526.0,100817433496.0,6288608408.0,-2279702034.0,206871423140.0,213160031548.0,6481446234.0,119764041995.0,12194304647.0,755138695.0,203415490923.0,215609795570.0,3863241674.0,122541219912.0,11547841151.0,2047403532.0,174453635220.0,186001476371.0,3.04,-2.26,-0.11,2025,사업보고서
049080,기가레인,KOSDAQ,보통주,7740.0,0.91,65700000000.0,8488.0,141263.0,0.0,-6.5,-23.44,-11576835378.0,40331425989.0,52238900865.0,-12476369703.0,43711752459.0,95950653324.0,-6009261460.0,41689699551.0,42044127753.0,-7351590541.0,49107342860.0,91151470613.0,-11236781231.0,44294520242.0,29187474545.0,-11774175563.0,55223833035.0,84411307580.0,119.51,-30.93,-26.48,2025,사업보고서
026150,특수건설,KOSDAQ,보통주,3835.0,0.66,67300000000.0,17546.0,14982.0,2.16,-2.3,-20.11,-18207454391.0,149021253222.0,107120955829.0,-31645095019.0,87949810347.0,195070766176.0,5391687825.0,212529706481.0,109672540490.0,8752187155.0,108690980816.0,218363521306.0,-2274301049.0,232863674296.0,93695222963.0,2490709395.0,103614332563.0,197309555526.0,121.8,-21.24,-20.7,2025,사업보고서
002800,신신제약,KOSDAQ,보통주,4610.0,1.1,69900000000.0,15170.0,47886.0,3.77,5.19,13.21,9282489579.0,113778253746.0,62977141426.0,10790159371.0,74520122561.0,137497263987.0,4811443128.0,106387869012.0,63915345101.0,6890119518.0,65568741039.0,129484086140.0,4646161084.0,102585576212.0,62318878216.0,6003846310.0,62090423782.0,124409301998.0,84.51,9.48,12.46,2025,사업보고서
072950,빛샘전자,KOSDAQ,보통주,8380.0,2.44,67500000000.0,8053.0,111160.0,1.46,6.0,9.57,7725885000.0,120858537424.0,32911197986.0,8989504942.0,84233400618.0,117144598604.0,5164688686.0,85120717267.0,25392876876.0,5073498356.0,75863710102.0,101256586978.0,4110965601.0,74104681649.0,11528021594.0,3667606421.0,71680145895.0,83208167489.0,39.07,7.44,9.17,2025,사업보고서
024740,한일단조,KOSDAQ,보통주,2060.0,0.24,67800000000.0,32897.0,76073.0,6.01,10.79,1.09,1866767149.0,126595207214.0,110810927285.0,3519821207.0,143466979670.0,254277906955.0,6685577427.0,139379274208.0,126998345989.0,8288832921.0,137967291659.0,264965637648.0,7759017223.0,178166776876.0,133939428178.0,15168146222.0,123667798176.0,257607226354.0,77.24,2.78,1.3,2025,사업보고서
460940,피앤에스로보틱스,KOSDAQ,보통주,5010.0,3.09,67400000000.0,13455.0,53833.0,1.44,50.61,6.61,2749973250.0,7639478060.0,1862889657.0,1002406502.0,43227279822.0,45090169479.0,2322442516.0,7105295087.0,1375444091.0,1616767299.0,39956175750.0,41331619841.0,1410469786.0,6009352447.0,1468835872.0,1319755337.0,7703525764.0,9172361636.0,4.31,13.12,6.36,2025,사업보고서
388870,파로스아이바이오,KOSDAQ,보통주,5160.0,1.57,66800000000.0,12946.0,30811.0,1.78,-7.04,101.81,-10756653748.0,,15942556867.0,-11507092762.0,13925701441.0,29868258308.0,-10560177402.0,,1014822179.0,-12601090336.0,18613510107.0,19628332286.0,-8858360895.0,,1341046482.0,-10116681013.0,28349203036.0,29690249518.0,114.48,,-77.24,2025,사업보고서
038460,바이오스마트,KOSDAQ,보통주,2685.0,1.51,67900000000.0,25275.0,60580.0,7.19,5.16,6.59,8986071392.0,482775592982.0,122224107708.0,22569241564.0,187656992454.0,309881100162.0,1055302880.0,484309653002.0,106394119610.0,20235103005.0,156448510624.0,262842630234.0,16179096192.0,456164440535.0,138430849671.0,10085424100.0,121632083727.0,260062933398.0,65.13,4.67,4.79,2025,사업보고서
175140,아고스,KOSDAQ,보통주,2465.0,-0.6,61500000000.0,24944.0,12487.0,1.69,-5.5,-43.7,-18404800514.0,55491024215.0,20679866009.0,-11628884044.0,41251282260.0,61931148269.0,-16180130887.0,42683052327.0,18805406095.0,-6588215168.0,43240937356.0,62046343451.0,-14836196965.0,38503045776.0,8426820612.0,-7993587338.0,42150321632.0,50577142244.0,50.13,-20.96,-44.62,2025,사업보고서
451220,아이엠티,KOSDAQ,보통주,8310.0,3.1,65400000000.0,7875.0,9326.0,3.32,19.19,3.26,973094821.0,32943967760.0,36397016226.0,158667407.0,30718404330.0,67115420556.0,-3624370599.0,13565444020.0,26036659631.0,-2161112622.0,28650434959.0,54687094590.0,-2327481928.0,6469805221.0,3719898899.0,-2238560925.0,26555558612.0,30275457511.0,118.49,0.48,3.17,2025,사업보고서
196490,디에이테크놀로지,KOSDAQ,보통주,6090.0,0.0,69100000000.0,11352.0,0.0,2.23,-19.84,93.93,-8651483041.0,33322099931.0,49716182730.0,-6461214449.0,-10796120771.0,38920061959.0,-59105394140.0,41656306155.0,67164748959.0,-16542616377.0,-7625435463.0,59539313496.0,-58695295845.0,89534954324.0,99001589781.0,-41997505895.0,45841146938.0,144842736719.0,-460.5,-19.39,80.14,2025,사업보고서
043610,KT지니뮤직,KOSDAQ,보통주,1197.0,1.44,69600000000.0,58115.0,33177.0,1.31,-2.27,-17.81,-18503026823.0,302854406475.0,115358661861.0,16168923135.0,207050760657.0,322409422518.0,-13772161745.0,301615219228.0,126359852209.0,12193400754.0,226071386353.0,352431238562.0,21732575666.0,307040865232.0,169794185697.0,15360755595.0,237826236609.0,407620422306.0,55.72,5.34,-8.94,2025,사업보고서
162300,신스틸,KOSDAQ,보통주,2105.0,0.0,87300000000.0,41471.0,8199749.0,0.71,72.59,1.61,1335862834.0,352171696187.0,115255724386.0,3047366796.0,85084073449.0,200339797835.0,6510677498.0,386554918254.0,148614738124.0,10467207712.0,81088075825.0,229702813949.0,6418329247.0,323817908414.0,113579121984.0,13051719126.0,71389274485.0,184968396469.0,135.46,0.87,1.57,2025,사업보고서
457600,벡트,KOSDAQ,보통주,5040.0,-4.36,69100000000.0,13708.0,393609.0,3.02,-14.0,-22.56,-5219410465.0,44543769991.0,21531412922.0,-3428667822.0,18506855890.0,40038268812.0,-2279495812.0,64679463948.0,28048966915.0,-1284400658.0,23785229084.0,51834195999.0,2256162987.0,68878478835.0,28637563070.0,4023095491.0,13007200383.0,41644763453.0,116.34,-7.7,-28.2,2025,사업보고서
0007J0,인벤테라,KOSDAQ,보통주,8190.0,3.8,64400000000.0,7866.0,6791.0,3.88,-6.36,-45.55,-8046662733.0,0.0,1151422268.0,-8604318705.0,14266661288.0,15418083556.0,-6043225681.0,0.0,1189625139.0,-6368829413.0,21066388302.0,22256013441.0,-3112698989.0,0.0,791003489.0,-3475063815.0,8064934064.0,8855937553.0,8.07,-inf,-56.4,2025,사업보고서
950200,소마젠,KOSDAQ,보통주,3440.0,0.0,66200000000.0,19236.0,228195.0,0.0,30.99,-10.28,-2906844.0,41619339.0,16772862.0,-1585454.0,17920929.0,34693791.0,-4568897.0,32012115.0,17108518.0,-3834331.0,20603069.0,37711587.0,-3365726.0,24723776.0,9578182.0,-2721409.0,25009334.0,34587516.0,93.59,-3.81,-16.22,2025,사업보고서
092040,아미코젠,KOSDAQ,보통주,1013.0,2.74,71600000000.0,70655.0,401260.0,2.58,-3.22,-27.61,-30365909971.0,41981406105.0,136003539429.0,-17138823540.0,95859455162.0,231862994591.0,-50882676607.0,173604673969.0,171129822267.0,-7051211028.0,123097071618.0,294226893885.0,-20689758261.0,159904289100.0,248124178136.0,2056140831.0,218973832303.0,467098010439.0,141.88,-40.82,-31.68,2025,사업보고서
049550,잉크테크,KOSDAQ,보통주,3470.0,-0.14,68000000000.0,19606.0,8214.0,0.84,9.16,3.25,2507200190.0,77533529802.0,79823556747.0,802230273.0,78249120853.0,158072677600.0,3081799846.0,73936788021.0,82986549158.0,2711079872.0,75910504676.0,158897053834.0,3712235622.0,62809011384.0,63985226272.0,3845772380.0,73242511395.0,137227737667.0,102.01,1.03,3.2,2025,사업보고서
048430,유라테크,KOSDAQ,보통주,6130.0,-3.16,70600000000.0,11520.0,81255.0,1.9,9.34,7.39,11035969535.0,197253919651.0,31184481992.0,1814073099.0,153659294393.0,184843776385.0,13358257740.0,201350449443.0,32660648453.0,10506324936.0,145230052803.0,177890701256.0,17263249540.0,209704070807.0,31341018110.0,6031551193.0,133923591947.0,165264610057.0,20.29,0.92,7.18,2025,사업보고서
110790,크리스에프앤씨,KOSDAQ,보통주,2945.0,-0.67,69000000000.0,23431.0,3517.0,0.77,-12.12,3.55,-4627247122.0,311944979108.0,422663280854.0,-4726548434.0,423201627658.0,845864908512.0,-25139633211.0,331280497035.0,300850115856.0,12138780100.0,358338390482.0,659188506338.0,23232945009.0,367042824810.0,318694811959.0,46109132297.0,371336241438.0,690031053397.0,99.87,-1.52,-1.09,2025,사업보고서
041460,한국전자인증,KOSDAQ,보통주,3560.0,2.3,67600000000.0,19000.0,25365.0,3.44,11.87,7.47,4662899834.0,36746209552.0,21739139118.0,6726887202.0,64688853208.0,86427992326.0,3951063529.0,37086529359.0,20837523086.0,4724845238.0,60613999564.0,81451522650.0,2374830638.0,38340871020.0,19371479775.0,3140593441.0,53768698184.0,73140177959.0,33.61,18.31,7.21,2025,사업보고서
457370,한켐,KOSDAQ,보통주,7900.0,5.19,63700000000.0,8067.0,509103.0,0.12,16.63,10.09,5772631861.0,33895952208.0,6381493648.0,4851744563.0,59311400906.0,65692894554.0,5767064455.0,36697456129.0,7878898904.0,6537056387.0,55126264145.0,63005163049.0,4160972900.0,26940818816.0,10212029630.0,5021083704.0,20704458205.0,30916487835.0,10.76,14.31,9.73,2025,사업보고서
137080,나래나노텍,KOSDAQ,보통주,6500.0,3.17,69600000000.0,10710.0,9005.0,2.41,1.12,41.46,39961132181.0,54497281414.0,82402146015.0,-8838370335.0,116347588796.0,198749734811.0,-17141317761.0,40425966058.0,96986732045.0,-22108083244.0,76445170865.0,173431902910.0,-13283478372.0,52925517541.0,79498678630.0,-14991082577.0,93554411953.0,173053090583.0,70.82,-16.22,34.35,2025,사업보고서
100030,인지소프트,KOSDAQ,보통주,20200.0,0.5,66300000000.0,3284.0,11489.0,1.17,0.93,35.1,21388023078.0,18922277464.0,13464976471.0,2340366939.0,69533310943.0,82998287414.0,2621873580.0,18889773419.0,9536903643.0,1061876158.0,52349899208.0,61886802851.0,5351637807.0,24205105067.0,10171235459.0,3809480517.0,53293130601.0,63464366060.0,19.36,12.37,30.76,2025,사업보고서
081150,티플랙스,KOSDAQ,보통주,2670.0,0.38,64800000000.0,24268.0,50332.0,6.74,19.49,2.03,3197393388.0,209235195605.0,77704003095.0,5237447536.0,157413558818.0,235117561913.0,1361488806.0,207497762012.0,71543314188.0,4794518806.0,158437482533.0,229980796721.0,-2234754466.0,251061348197.0,77338769351.0,-1532496395.0,157685266832.0,235024036183.0,49.36,2.5,2.03,2025,사업보고서
222110,팬젠,KOSDAQ,보통주,4995.0,0.5,67500000000.0,13515.0,738.0,7.19,59.46,7.48,2050626610.0,13416632780.0,2776156154.0,1506235749.0,29924129056.0,32700285210.0,943686868.0,14672686810.0,5635969023.0,1020165959.0,24908713346.0,30544682369.0,-4488830770.0,7315125370.0,8175177800.0,-4225497054.0,12565977838.0,20741155638.0,9.28,11.23,6.85,2025,사업보고서
331740,아우토크립트,KOSDAQ,보통주,6510.0,2.2,63500000000.0,9751.0,9005.0,2.21,-7.77,-61.13,-12522926447.0,25479479430.0,38504110007.0,-13519713490.0,30575894170.0,69080004177.0,-49338598956.0,23280563555.0,46756776273.0,-18043625428.0,10314599977.0,57071376250.0,-36571066154.0,21975554262.0,125299447463.0,-24482780788.0,-71568384440.0,53731063023.0,125.93,-53.06,-40.96,2025,사업보고서
179530,애드바이오텍,KOSDAQ,보통주,2515.0,0.0,68200000000.0,27117.0,119446.0,1.1,-12.09,-32.78,-3328584528.0,12897074444.0,34867636152.0,-3500860014.0,13539795951.0,48407432103.0,-8986981644.0,11136245199.0,20099314045.0,-4117316777.0,2975017910.0,23074331955.0,-5431863549.0,10471949613.0,17246118019.0,-4762402527.0,10847110244.0,28093228263.0,257.52,-27.14,-24.58,2025,사업보고서
109860,동일금속,KOSDAQ,보통주,7870.0,7.81,71600000000.0,9100.0,1316.0,0.0,16.57,3.25,5048337819.0,91706521874.0,24741605505.0,1432358491.0,156147052796.0,180888658301.0,7247388664.0,85984630205.0,21444668627.0,617915159.0,154917546149.0,176362214776.0,318836223.0,110445489877.0,11278490091.0,12368057822.0,150584456845.0,161862946936.0,15.85,1.56,3.23,2025,사업보고서
439580,블루엠텍,KOSDAQ,보통주,2110.0,5.71,71400000000.0,33847.0,211472.0,3.79,16.88,-9.81,-4512664602.0,185905308362.0,65125004164.0,-1970924664.0,44839435847.0,109964440011.0,-4802079400.0,133286175797.0,68525258761.0,-6895864010.0,47137038657.0,115662297418.0,-2342124913.0,113852749147.0,46821484953.0,1343769502.0,45414636871.0,92236121824.0,145.24,-1.06,-10.06,2025,사업보고서
036000,예림당,KOSDAQ,보통주,2895.0,-0.69,66700000000.0,23034.0,12233.0,1.8,7.03,66.78,126194760137.0,10258304518.0,44853453680.0,-1420156697.0,255846469750.0,300699923430.0,-21965161735.0,11805914064.0,18909811159.0,361237050.0,178095978305.0,197005789464.0,18123216785.0,20547570037.0,25288303939.0,-2748546902.0,201457425251.0,226745729190.0,17.53,-13.84,49.32,2025,사업보고서
136150,원일티엔아이,KOSDAQ,보통주,7480.0,1.91,62700000000.0,8381.0,1953.0,1.03,90.12,-4.89,-2062052930.0,29616648801.0,16566710846.0,-1750050697.0,48234568877.0,64801279723.0,7870548000.0,42188062019.0,36865545694.0,6379519927.0,36119491241.0,72985036935.0,1809813425.0,41879647335.0,33636111360.0,2862562476.0,28253569322.0,61889680682.0,34.35,-5.91,-4.28,2025,사업보고서
032850,비트컴퓨터,KOSDAQ,보통주,3775.0,-0.4,62800000000.0,16623.0,17455.0,4.77,8.1,10.24,7331074645.0,35982573670.0,8950486914.0,5860958671.0,73801114825.0,82751601739.0,7469215601.0,37074736160.0,9198182499.0,6669762420.0,70400839060.0,79599021559.0,5598840253.0,33458508904.0,13892787589.0,6219477487.0,66214265693.0,80107053282.0,12.13,16.29,9.93,2025,사업보고서
456070,이엔셀,KOSDAQ,보통주,5550.0,2.78,61200000000.0,11030.0,10815.0,4.0,-3.1,-36.79,-16107525267.0,5258687306.0,24309226938.0,-17902877551.0,39403689769.0,63712916707.0,-15209838652.0,7209317184.0,7576848671.0,-15683109888.0,48168165273.0,55745013944.0,-5053520475.0,10525886941.0,5964818965.0,-11755056969.0,38016331844.0,43981150809.0,61.69,-340.44,-40.88,2025,사업보고서
168330,내츄럴엔도텍,KOSDAQ,보통주,2190.0,5.29,69500000000.0,31755.0,12704.0,1.24,-42.94,-12.59,-3619828561.0,22226566086.0,12582148425.0,-3294850349.0,23246435860.0,35828584285.0,-4076722514.0,22263243100.0,6471299968.0,-3768292469.0,26866264421.0,33337564389.0,-5633398813.0,18790261455.0,6259978794.0,-4081101947.0,30942986935.0,37202965729.0,54.13,-14.82,-15.57,2025,사업보고서
123420,위메이드플레이,KOSDAQ,보통주,6270.0,0.97,65200000000.0,10401.0,5830.0,3.6,6.01,7.38,20972196606.0,125264827354.0,39732541289.0,10743666754.0,277045614078.0,316778155367.0,24494199009.0,120411951651.0,148901084851.0,1053500210.0,255312199617.0,404213284468.0,4328399509.0,121678519778.0,163418705543.0,-436034591.0,228172745344.0,391591450887.0,14.34,8.58,7.57,2025,사업보고서
014970,삼륭물산,KOSDAQ,보통주,4400.0,-0.34,65200000000.0,14825.0,6890.0,1.8,10.35,11.04,6044698736.0,94256105408.0,43008799684.0,6517348342.0,56816177031.0,99824976715.0,-5600075706.0,94049530822.0,47010456513.0,5786457572.0,51948026743.0,98958483256.0,2026435971.0,86280033374.0,44514987516.0,1178662628.0,60193769809.0,104708757325.0,75.7,6.91,10.64,2025,사업보고서
396270,넥스트칩,KOSDAQ,보통주,2045.0,7.63,67300000000.0,32887.0,169351.0,2.89,-5.89,-118.34,-15957608043.0,39653511990.0,40131061235.0,-12936402244.0,18154814920.0,58285876155.0,-20690269942.0,32252135197.0,46735669385.0,-18439060319.0,8813567704.0,55549237089.0,-26703134425.0,16154132649.0,40577693022.0,-22516720475.0,29337103246.0,69914796268.0,221.05,-32.62,-87.9,2025,사업보고서
111710,남화산업,KOSDAQ,보통주,3355.0,1.36,69100000000.0,20588.0,135615.0,1.21,10.42,3.56,6671954168.0,16771010459.0,13428371224.0,4093920849.0,188892832196.0,202321203420.0,10932648469.0,20703099096.0,13614434932.0,8010834824.0,186304469469.0,199918904401.0,17655540121.0,24670582732.0,13348928568.0,11794142261.0,179722931969.0,193071860537.0,7.11,24.41,3.53,2025,사업보고서
318160,셀바이오휴먼텍,KOSDAQ,보통주,6420.0,-0.47,59900000000.0,9338.0,14737.0,5.06,5.67,16.91,8695012384.0,51066196366.0,29454528580.0,9317112607.0,59003003695.0,88457532275.0,4378731243.0,28418645601.0,6493151730.0,4036756741.0,46411684485.0,52904836215.0,-1857096179.0,27324211009.0,8633700249.0,3149395754.0,44562705949.0,53196406198.0,49.92,18.25,14.74,2025,사업보고서
321370,센서뷰,KOSDAQ,보통주,1116.0,4.49,78800000000.0,70622.0,1036873.0,3.06,-4.39,-94.38,-15196657061.0,19015844360.0,23520655167.0,-11557754187.0,13028038000.0,36548693167.0,-17836483829.0,15601876294.0,23540531300.0,-15785555200.0,19174026284.0,42714557584.0,-18332110830.0,8462919584.0,14308429902.0,-18044346431.0,13941156789.0,28249586691.0,180.54,-60.78,-116.65,2025,사업보고서
004780,대륙제관,KOSDAQ,보통주,4200.0,0.84,66800000000.0,15903.0,26826.0,4.64,6.07,5.93,9182251388.0,266562442241.0,51535381359.0,10302316583.0,158845227533.0,210380608892.0,11514610974.0,274659400896.0,54713699917.0,15817274927.0,150827898725.0,205541598642.0,13070229189.0,271101699009.0,54128253328.0,15623149185.0,141674942499.0,195803195827.0,32.44,3.86,5.78,2025,사업보고서
061040,알에프텍,KOSDAQ,보통주,7500.0,1.63,67900000000.0,9048.0,6650.0,0.0,-1.71,-13.41,-30470680477.0,266007649510.0,221393790005.0,-25187617236.0,186036634076.0,407430424081.0,-20271299819.0,358323498458.0,234286685009.0,1811663755.0,222319836471.0,456606521480.0,1527784712.0,314378116170.0,190507492849.0,5039500595.0,235145871484.0,425653364333.0,119.01,-9.47,-16.38,2025,사업보고서
032540,TJ미디어,KOSDAQ,보통주,3595.0,3.01,75100000000.0,20897.0,10887.0,0.64,19.43,4.72,3987130396.0,94434815353.0,43555422694.0,3288098329.0,83790803211.0,127346225905.0,4645604047.0,91871741553.0,39385858847.0,4664208620.0,85335199600.0,124721058447.0,4704446606.0,96398616294.0,41482880061.0,6331171872.0,86088812046.0,127571692107.0,51.98,3.48,4.76,2025,사업보고서
039010,현대에이치티,KOSDAQ,보통주,7930.0,5.17,68400000000.0,8625.0,86753.0,3.31,94.4,10.29,10623056170.0,153333115485.0,35120777972.0,7014916588.0,106825759600.0,141946537572.0,13933553612.0,168906637340.0,39759697355.0,11055985739.0,99707900228.0,139467597583.0,-1288757056.0,131416440859.0,37241546307.0,-844612836.0,87430933706.0,124672480013.0,32.88,4.57,9.94,2025,사업보고서
382480,지아이텍,KOSDAQ,보통주,1627.0,-0.06,64000000000.0,39357.0,43384.0,3.72,15.06,1.08,949955735.0,36219713807.0,32451871620.0,1123640164.0,97135145636.0,129587017256.0,6161704848.0,37765720123.0,30125265271.0,3042896512.0,99990135625.0,130115400896.0,7212755774.0,36622011346.0,22128963485.0,4499921853.0,91544322597.0,113673286082.0,33.41,3.1,0.98,2025,사업보고서
411080,샌즈랩,KOSDAQ,보통주,4205.0,2.44,64200000000.0,15268.0,116774.0,1.6,-34.19,-1.08,-465465403.0,11612082342.0,3746798859.0,-1770367370.0,54268839431.0,58015638290.0,-2300516765.0,8296932833.0,2719348198.0,-3709115101.0,47635079222.0,50354427420.0,438727045.0,11721914034.0,5743080985.0,-883678732.0,40619230679.0,46362311664.0,6.9,-15.25,-0.86,2025,사업보고서
147760,피엠티,KOSDAQ,보통주,3155.0,2.44,63100000000.0,20000.0,38406.0,3.97,-3.27,-112.95,-22477252523.0,25287736817.0,44591774346.0,-20395564718.0,8865142227.0,53456916573.0,-14229761878.0,24393115333.0,29086727290.0,-13100490473.0,30934647285.0,60021374575.0,-5550874255.0,33042724100.0,23085008745.0,-5266408445.0,45342451484.0,68427460229.0,503.0,-80.65,-253.55,2025,사업보고서
365660,레몬헬스케어,KOSDAQ,보통주,4465.0,-0.78,60100000000.0,13456.0,719449.0,0.07,-23.88,14.48,,,,,,,,,,,,,,,,,,,,,,2025,사업보고서
005670,푸드웰,KOSDAQ,보통주,6490.0,2.04,64900000000.0,10000.0,16698.0,2.88,4.85,9.9,11994177686.0,320327563488.0,121880728360.0,18353038542.0,116152610961.0,238033339321.0,10944983833.0,272990916857.0,116716235832.0,13926410674.0,119796236379.0,236512472211.0,8183316059.0,228487093117.0,112285287768.0,8286725452.0,108222008027.0,220507295795.0,104.93,5.73,10.33,2025,사업보고서
216050,인크로스,KOSDAQ,보통주,5220.0,2.96,63700000000.0,12199.0,41628.0,5.93,5.57,9.59,11986480201.0,50489819501.0,164742175073.0,11511543082.0,129997941332.0,294740116405.0,9732538554.0,48816848300.0,163700618383.0,10029764213.0,120023471243.0,283724089626.0,12636625725.0,46817787159.0,98918270214.0,12638559830.0,114422411715.0,213340681929.0,126.73,22.8,9.22,2025,사업보고서
424960,스마트레이더시스템,KOSDAQ,보통주,3930.0,-0.25,64800000000.0,16485.0,11193.0,3.54,-7.57,-16.84,-2967261645.0,9397297026.0,14565691058.0,-5269843048.0,19116845142.0,33682536200.0,-6459495580.0,4736694422.0,16012228448.0,-6755603570.0,16134564723.0,32146793171.0,-5098204568.0,4075934941.0,4422853849.0,-5372878506.0,21642924635.0,26065778484.0,76.19,-56.08,-15.52,2025,사업보고서
043650,국순당,KOSDAQ,보통주,3555.0,1.57,63500000000.0,17858.0,97236.0,1.45,15.0,2.66,6249698082.0,67498883797.0,19229282736.0,-831886128.0,239131902635.0,258361185371.0,1348643011.0,68818650537.0,22120337760.0,-2278660878.0,234202854046.0,256323191806.0,6397628143.0,70483966911.0,18952975744.0,4464546772.0,234348349227.0,253301324971.0,8.04,-1.23,2.61,2025,사업보고서
241690,유니테크노,KOSDAQ,보통주,2660.0,-0.93,65100000000.0,24471.0,24400.0,1.78,-532.0,-2.33,-3216997000.0,107159702000.0,102431940000.0,2054515000.0,137325889000.0,239757829000.0,10631179000.0,105133809000.0,91677587000.0,8116952000.0,139377142000.0,231054729000.0,9119874000.0,101893976000.0,83683576000.0,11443597000.0,126023614000.0,209707190000.0,74.59,1.92,-2.34,2025,사업보고서
039420,케이엘넷,KOSDAQ,보통주,2710.0,-1.28,62200000000.0,22947.0,27103.0,10.42,7.59,14.85,10056284512.0,47574645489.0,9129024739.0,10482717697.0,67238004068.0,76367028807.0,8939508181.0,50168319447.0,6319226718.0,9970528422.0,60163966769.0,66483193487.0,8140484550.0,50929305246.0,6610789256.0,8308199713.0,55979004707.0,62589793963.0,13.58,22.03,14.96,2025,사업보고서
443250,레뷰코퍼레이션,KOSDAQ,보통주,5900.0,-1.5,63800000000.0,10810.0,6924.0,1.32,12.02,11.37,6412796165.0,56457817420.0,37802917595.0,8878960891.0,51626016131.0,89428933726.0,6646727148.0,47824065330.0,37065281713.0,7702894518.0,47560267506.0,84625549219.0,3388171076.0,38654512948.0,24539395715.0,4319924310.0,54315426659.0,78854822374.0,73.22,15.73,12.42,2025,사업보고서
303360,프로티아,KOSDAQ,보통주,5000.0,-4.58,64400000000.0,12880.0,43894.0,1.78,11.71,15.72,4471384227.0,15120258908.0,2334354790.0,3721214679.0,30698312884.0,33032667674.0,2442123882.0,10514547438.0,1651268712.0,1501866324.0,26207201144.0,27858469856.0,462940443.0,8227847326.0,1608524686.0,164092703.0,23527247072.0,25135771758.0,7.6,24.61,14.57,2025,사업보고서
070300,퀀텀레일,KOSDAQ,보통주,1568.0,4.88,55700000000.0,35525.0,193078.0,4.77,-5.79,0.89,-498302509.0,18537408816.0,19202051596.0,1902204247.0,32085393396.0,51287444992.0,-16289593205.0,10747200049.0,3334635904.0,-2176868091.0,20922099577.0,24256735481.0,-2787452493.0,34762870874.0,24018143271.0,-118173951.0,24930288834.0,48948432105.0,59.85,10.26,-1.55,2025,사업보고서
062970,한국첨단소재,KOSDAQ,보통주,1911.0,3.3,54500000000.0,28544.0,440445.0,0.0,-26.92,-134.86,-12761902790.0,3580740155.0,5404462265.0,-3415077910.0,13036448237.0,18440910502.0,-14301215550.0,6504557437.0,25963260245.0,-4796341251.0,5442439510.0,31405699755.0,-4027424144.0,14413036040.0,17090340389.0,-3022997841.0,7303818039.0,24394158428.0,41.46,-95.37,-97.89,2025,사업보고서
208370,셀바스헬스케어,KOSDAQ,보통주,2455.0,0.82,63200000000.0,25741.0,27794.0,4.23,7.26,5.77,3889027539.0,30824695858.0,7863037948.0,-161563032.0,71125172624.0,78988210572.0,3151898805.0,31702268070.0,6422724040.0,3273928848.0,63800621523.0,70223345563.0,5169790540.0,29812771015.0,6583287371.0,3345879719.0,60096936646.0,66680224017.0,11.06,-0.52,5.47,2025,사업보고서
122350,삼기,KOSDAQ,보통주,1730.0,4.91,66300000000.0,38339.0,2005034.0,2.14,-5.29,-6.39,-10341658663.0,570538736376.0,500772512933.0,8276856990.0,162484193952.0,663256706885.0,-3195873591.0,542109881986.0,456434934499.0,5143132074.0,173141507270.0,629576441769.0,8267468161.0,537441450272.0,423885237583.0,7809072777.0,171181121739.0,595066359322.0,308.2,1.45,-6.36,2025,사업보고서
299660,셀리드,KOSDAQ,보통주,2415.0,0.42,71200000000.0,29503.0,787741.0,0.47,-2.6,-19.25,-12069197070.0,8841828282.0,36662722115.0,-11343055983.0,74206585788.0,110869307903.0,-12259048237.0,4165091858.0,24883365624.0,-11980498848.0,51203097973.0,76086463597.0,-11611435383.0,,23426981106.0,-12197950643.0,40495260881.0,63922241987.0,49.41,-128.29,-16.26,2025,사업보고서
010240,흥국,KOSDAQ,보통주,5400.0,0.19,63200000000.0,11706.0,19677.0,7.0,3.99,10.73,12200254265.0,137023822812.0,17357042871.0,14897684207.0,118271584276.0,135628627147.0,10550352220.0,128710756347.0,17120947567.0,8787500672.0,109182934489.0,126303882056.0,13179429229.0,149383250987.0,22960027159.0,15801950015.0,99311298106.0,122271325265.0,14.68,10.87,10.32,2025,사업보고서
039020,이건홀딩스,KOSDAQ,보통주,2660.0,0.57,60100000000.0,22585.0,8704.0,1.57,49.26,-2.58,-11321473587.0,447114517033.0,375638601706.0,-1242672630.0,358775219214.0,734413820920.0,-16095775861.0,497372679636.0,420866008971.0,6560017886.0,365048917851.0,785914926822.0,-10820215245.0,458516755984.0,422775689722.0,3234973770.0,371300728273.0,794076417995.0,104.7,-0.28,-3.16,2025,사업보고서
448710,코츠테크놀로지,KOSDAQ,보통주,11260.0,1.17,59500000000.0,5285.0,13826.0,4.45,7.59,14.8,7373569399.0,68114262512.0,67177229017.0,8315271995.0,53810521200.0,120987750217.0,8173801652.0,64980786918.0,20843955882.0,9479311051.0,45813477719.0,66657433601.0,7013193567.0,51299936158.0,28066561913.0,8801179354.0,36587114533.0,64653676446.0,124.84,12.21,13.7,2025,사업보고서
064240,홈캐스트,KOSDAQ,보통주,1800.0,2.74,62400000000.0,34694.0,41501.0,1.75,25.0,0.03,-2170364078.0,97996130553.0,4874015034.0,-2875702947.0,84453238945.0,89327253979.0,-3777146266.0,61489142717.0,24434856445.0,1380415490.0,96392027098.0,120826883543.0,-11451646952.0,63698211791.0,28196026416.0,-10191709757.0,99443350512.0,127639376928.0,5.77,-2.93,-2.57,2025,사업보고서
054300,팬스타엔터프라이즈,KOSDAQ,보통주,1145.0,0.26,66300000000.0,57871.0,263343.0,0.79,-49.78,-2.17,-1574633226.0,67161013598.0,60610781763.0,-2792354525.0,88338513386.0,148949295149.0,3641343497.0,62890324809.0,43308471970.0,285290046.0,56580631903.0,99889103873.0,275201691.0,69113153048.0,43040623088.0,1627809942.0,52635301329.0,95675924417.0,68.61,-4.16,-1.78,2025,사업보고서
060310,3S,KOSDAQ,보통주,1137.0,1.52,60300000000.0,53059.0,45905.0,2.44,-10.06,-11.64,-10007067780.0,29022184967.0,25264350857.0,-5831286169.0,49524691112.0,74789041969.0,2605084717.0,43595351592.0,15350773617.0,1164030344.0,48440167995.0,63790941612.0,1431602721.0,41857755025.0,21680745544.0,2180508808.0,45954754301.0,67635499845.0,51.01,-20.09,-20.21,2025,사업보고서
001840,이화공영,KOSDAQ,보통주,2215.0,0.0,62600000000.0,28257.0,0.0,0.57,-50.34,28.15,2127318484.0,115190727605.0,41524391539.0,3290259291.0,8944846439.0,50469237978.0,-23097589856.0,128285209250.0,47797054386.0,-19773295608.0,6169437970.0,53966492356.0,-11398775234.0,140247647863.0,62962300318.0,-13442148620.0,20385490025.0,83347790343.0,464.23,2.86,23.78,2025,사업보고서
187420,HLB제넥스,KOSDAQ,보통주,1969.0,1.81,64300000000.0,32645.0,101114.0,1.04,6.35,69.85,22897764050.0,43370322639.0,81081221305.0,1205667836.0,54747368252.0,135828589557.0,-17932729839.0,35429798360.0,118040313790.0,-1876477095.0,28221292788.0,146261606578.0,-721746907.0,27008338286.0,71501106171.0,-9463584731.0,26361794715.0,97862900886.0,148.1,2.78,41.82,2025,사업보고서
059270,해성에어로보틱스,KOSDAQ,보통주,5380.0,3.26,60100000000.0,11165.0,38366.0,4.41,85.4,0.37,147852255.0,15077935821.0,3417650571.0,-621169905.0,39644756762.0,43062407333.0,-527898145.0,14938117848.0,2763870392.0,-715715116.0,39468301619.0,42232172011.0,-778286866.0,13683022145.0,3763698146.0,-1495253980.0,39890235852.0,43653933998.0,8.62,-4.12,0.37,2025,사업보고서
412350,레이저쎌,KOSDAQ,보통주,5150.0,-2.83,75200000000.0,14603.0,294659.0,3.96,-4.25,-65.99,-16207102764.0,4684448307.0,24354911364.0,-13546745061.0,18571628960.0,42926540324.0,-8496805459.0,4015870540.0,17026480959.0,-9208984969.0,28464357483.0,45490838442.0,-182193510.0,6026961356.0,3367264644.0,-5779730382.0,36712517354.0,40079781998.0,131.14,-289.19,-87.27,2025,사업보고서
044340,위닉스,KOSDAQ,보통주,3335.0,1.06,59600000000.0,17873.0,77681.0,1.6,-0.42,-11.63,-18329560589.0,369536034092.0,341658555887.0,-60672282687.0,146073604094.0,487732159981.0,-44414592012.0,351198769369.0,190635424085.0,-5876177856.0,169215408498.0,359850832583.0,10001085199.0,375301296669.0,154263685536.0,6520613635.0,209562112219.0,363825797755.0,233.89,-16.42,-12.55,2025,사업보고서
094850,참좋은여행,KOSDAQ,보통주,4285.0,1.78,60000000000.0,14000.0,9502.0,2.93,5.09,11.69,10838435982.0,,71810392156.0,9782339403.0,99111448279.0,170921840435.0,3118589677.0,,67417303798.0,1996021746.0,86292445404.0,153709749202.0,7210677391.0,,58853571328.0,6419133670.0,84529311745.0,143382883073.0,72.45,,10.94,2025,사업보고서
294090,이오플로우,KOSDAQ,보통주,1490.0,0.0,62300000000.0,41809.0,0.0,20.89,0.93,30.93,-42385040356.0,3669588357.0,180348527618.0,-22237706207.0,-143972708570.0,36375819048.0,-194632880922.0,5241463027.0,174009907041.0,-70290393129.0,-124983868274.0,49026038767.0,-62315059227.0,6589217470.0,21812465624.0,-39367250537.0,58875180058.0,80687645682.0,-125.27,-606.0,29.44,2025,사업보고서
049470,비트플래닛,KOSDAQ,보통주,2505.0,4.59,59000000000.0,23545.0,221995.0,23.8,-2.94,-19.04,-9317933727.0,24840691127.0,9903195567.0,-4520162297.0,61636707624.0,71539903191.0,-1133046487.0,36140603651.0,5780776747.0,250139319.0,36244466847.0,42025243594.0,-8550147988.0,43394810189.0,29726968671.0,-6836136966.0,37600775039.0,67327743710.0,16.07,-18.2,-15.12,2025,사업보고서
082210,옵트론텍,KOSDAQ,보통주,1682.0,1.33,58800000000.0,34963.0,12095.0,9.53,-2.57,-30.51,-21961403673.0,195737407796.0,170267345597.0,-3109868683.0,58457672152.0,228725017749.0,26311306032.0,217958467760.0,144593713579.0,-4446631400.0,80335932234.0,224929645813.0,1891086185.0,232998725724.0,221503631976.0,10080731496.0,19665402782.0,241169034759.0,291.27,-1.59,-37.57,2025,사업보고서
100590,머큐리,KOSDAQ,보통주,3400.0,1.34,58300000000.0,17140.0,35325.0,6.72,-9.63,-2.07,-2350058754.0,123866036266.0,34217686322.0,-734399940.0,142125276922.0,176342963244.0,-1505529043.0,134308402060.0,27997947412.0,-886508422.0,98929937049.0,126927884461.0,3306709387.0,153627118426.0,37447678379.0,4941134141.0,100702172095.0,138149850474.0,24.08,-0.59,-1.65,2025,사업보고서
420570,제이투케이바이오,KOSDAQ,보통주,9440.0,0.11,55200000000.0,5847.0,27782.0,2.04,9.5,8.21,2672839617.0,32966351938.0,4292593237.0,2919837694.0,33771585023.0,38064178260.0,-1671350008.0,33129185725.0,4622898012.0,3626063517.0,31343522014.0,35966420026.0,4798353526.0,28472272288.0,4203754128.0,5606828782.0,17811486522.0,22015240650.0,12.71,8.86,7.91,2025,사업보고서
320000,한울반도체,KOSDAQ,보통주,10000.0,-0.79,69100000000.0,6914.0,226508.0,0.0,-2.54,-62.29,-21923567730.0,11462850473.0,84587573848.0,-5048215532.0,45602364372.0,130189938220.0,-20849809108.0,9453392037.0,13893934545.0,-4397605316.0,37529726599.0,51423661144.0,1561754324.0,15967468488.0,14604937804.0,392035396.0,24284435614.0,38889373418.0,185.49,-44.04,-48.08,2025,사업보고서
419080,엔젯,KOSDAQ,보통주,5050.0,3.06,54900000000.0,10872.0,107662.0,0.0,-8.97,-19.24,-7162642357.0,5414590946.0,9027828661.0,-6280321650.0,34407774390.0,43435603051.0,-3501930933.0,6259950733.0,5338600879.0,-6533825381.0,40683937704.0,46022538583.0,337153821.0,12072705251.0,4613513083.0,-2118261206.0,48254054783.0,52867567866.0,26.24,-115.99,-20.82,2025,사업보고서
033320,제이씨현시스템,KOSDAQ,보통주,3105.0,-0.48,59400000000.0,19114.0,40364.0,3.89,7.59,7.83,9300860963.0,313838926730.0,41750309529.0,7700344786.0,120930117733.0,162680427262.0,2075616755.0,263899696592.0,44561045533.0,3642816002.0,111629256770.0,156190302303.0,-2580074415.0,211562471795.0,36916659794.0,-5577757014.0,109553640016.0,146470299810.0,34.52,2.45,7.69,2025,사업보고서
323350,다원넥스뷰,KOSDAQ,보통주,7410.0,10.1,59400000000.0,8011.0,70859.0,7.4,11.78,20.38,3478603269.0,26936831479.0,13536833741.0,4029710027.0,18819964051.0,32356797792.0,-4142393753.0,18702143953.0,12703052668.0,1279144925.0,15316367358.0,28019420026.0,88646838.0,10653525632.0,13106467231.0,-640963410.0,3783475775.0,16889943006.0,71.93,14.96,18.48,2025,사업보고서
065170,비엘팜텍,KOSDAQ,보통주,2125.0,3.16,59300000000.0,27914.0,539093.0,1.37,-3.6,-104.4,-16787131379.0,6505728145.0,10267791546.0,-2824543861.0,7927379255.0,18195170801.0,-5716866331.0,8805510735.0,12189936816.0,-3215815024.0,24268209604.0,36458146420.0,141624798.0,24525172959.0,13002438493.0,-6793361869.0,31799361482.0,44801799975.0,129.52,-43.42,-211.76,2025,사업보고서
016250,SGC E&C,KOSDAQ,보통주,11900.0,3.12,59900000000.0,5037.0,2271.0,1.73,-1.49,-18.8,-74826698792.0,1342032374780.0,1031815625701.0,52749511611.0,332124592183.0,1363940217884.0,-49045624796.0,1205586883178.0,981780706262.0,10557121015.0,316976813622.0,1298757519884.0,-34090257429.0,1863679592064.0,641642480364.0,-21587161938.0,218336577155.0,859979057519.0,310.67,3.93,-22.53,2025,사업보고서
459550,알트,KOSDAQ,보통주,2535.0,-1.36,63900000000.0,25221.0,16903013.0,0.91,-47.83,13.12,5077668978.0,112948434552.0,14151869222.0,8966761577.0,48265565806.0,62417435028.0,12225730631.0,127611954492.0,22493933645.0,15304461201.0,29124777517.0,51618711162.0,9520168872.0,85244264915.0,31396193175.0,11987901042.0,2277547083.0,33673740258.0,29.32,7.94,10.52,2025,사업보고서
357580,아모센스,KOSDAQ,보통주,4955.0,5.43,58400000000.0,11790.0,88497.0,7.16,-28.15,1.17,497100618.0,122140313384.0,93881064902.0,5321549322.0,43248138728.0,137129203630.0,1739247152.0,134155017976.0,82388134656.0,7163114384.0,41408363051.0,123796497707.0,-1422864416.0,87453532398.0,74719119928.0,796067214.0,36445242723.0,111164362651.0,217.08,4.36,1.15,2025,사업보고서
203400,에이비온,KOSDAQ,보통주,676.0,0.0,60900000000.0,90101.0,0.0,4.44,-1.82,-60.24,-29063465701.0,880135981.0,12209680442.0,-19372142403.0,68362172547.0,80571852989.0,-43381471015.0,759683815.0,35652041942.0,-34065757010.0,28130267229.0,63782309171.0,-29210914232.0,1274306821.0,34694566011.0,-31251887851.0,9979423261.0,44673989272.0,17.86,-2201.04,-42.51,2025,사업보고서
155650,와이엠씨,KOSDAQ,보통주,3140.0,1.29,59600000000.0,18974.0,5511.0,4.63,11.85,1.15,1112866985.0,172777352555.0,55396216625.0,4574071584.0,124049373661.0,179445590286.0,6698784153.0,167730074166.0,48140253441.0,6896735854.0,124011266083.0,172151519524.0,14806555748.0,204633201126.0,46346854472.0,15769934518.0,122689499340.0,169036353812.0,44.66,2.65,0.9,2025,사업보고서
050960,수산아이앤티,KOSDAQ,보통주,8950.0,0.56,60400000000.0,6751.0,4019.0,1.44,8.26,5.85,5222937542.0,30711816841.0,7427590133.0,5096939062.0,91231924543.0,98659514676.0,4430990723.0,26671468809.0,4261187861.0,5669736256.0,87363598594.0,91624786455.0,4713704925.0,23886469827.0,13170341771.0,6465621370.0,85016979454.0,98187321225.0,8.14,16.6,5.72,2025,사업보고서
291230,컴투스엔,KOSDAQ,보통주,2535.0,0.0,60900000000.0,24011.0,84571.0,35.53,-3.86,-13.76,-3835962954.0,,18538860016.0,-3047747525.0,28866072406.0,47404932422.0,-847119070.0,,19531207981.0,-4146171578.0,32703308836.0,52234516817.0,-2977154285.0,,20993138574.0,-3695829980.0,33537609705.0,54530748279.0,64.22,,-13.29,2025,사업보고서
067920,이글루,KOSDAQ,보통주,5330.0,1.91,58600000000.0,10996.0,19426.0,4.83,-166.56,-0.05,3629261620.0,,40703811271.0,16009426307.0,141551024661.0,182254835932.0,6239692822.0,,15938665712.0,6068314076.0,80784037031.0,96722702743.0,7277688440.0,,18072860450.0,7536587106.0,76369944189.0,94442804639.0,28.76,,2.56,2025,사업보고서
037440,희림,KOSDAQ,보통주,4385.0,2.33,61000000000.0,13922.0,387213.0,5.4,8.05,9.22,7815926548.0,231872921949.0,124305551829.0,9141380776.0,87492992013.0,211798543842.0,13428368271.0,240961112012.0,126168801730.0,15279029083.0,82129572177.0,208298373907.0,6377486209.0,228652275391.0,120217837288.0,7376354550.0,73289489307.0,193507326595.0,142.07,3.94,8.93,2025,사업보고서
333620,엔시스,KOSDAQ,보통주,5300.0,1.92,58300000000.0,10998.0,4530.0,1.24,-28.96,-11.74,-6837709811.0,48836076321.0,33583612484.0,-6107499104.0,51324209874.0,84907822358.0,9984931301.0,62899277479.0,34349534572.0,10451267534.0,63838367427.0,98187901999.0,2249342340.0,51226329598.0,38909304386.0,1854221965.0,57739605510.0,96648909896.0,65.43,-12.51,-13.32,2025,사업보고서
008370,원풍,KOSDAQ,보통주,4990.0,-0.4,59900000000.0,12000.0,1322.0,1.29,6.35,7.63,7042101323.0,87635177741.0,5484775134.0,6596349826.0,93074333556.0,98559108690.0,7106011150.0,79609134649.0,6735545572.0,4547912675.0,91578044945.0,98313590517.0,6730910232.0,73785384649.0,7010332473.0,4553856379.0,89217617752.0,96227950225.0,5.89,7.53,7.57,2025,사업보고서
191420,테고사이언스,KOSDAQ,보통주,7580.0,0.4,61500000000.0,8109.0,1074.0,1.66,-4.76,-13.97,-7020567700.0,5940717263.0,27833224252.0,-4424453340.0,50327707914.0,78160932166.0,3316180150.0,6759059331.0,2826935112.0,-2230301029.0,49688436018.0,52515371130.0,-2343049936.0,7772408575.0,2584660414.0,-1187951702.0,46325615337.0,48910275751.0,55.3,-74.48,-13.95,2025,사업보고서
214270,FSN,KOSDAQ,보통주,1320.0,1.93,59700000000.0,45252.0,41589.0,0.0,-3.23,-31.13,-15863077578.0,272289535445.0,285156223703.0,30518488142.0,94111097121.0,379267320824.0,-60942952307.0,185400336138.0,229458262905.0,11081071741.0,96097527325.0,325555790230.0,-24785408918.0,139427020037.0,115169039811.0,-3937067297.0,93485599208.0,208654639019.0,303.0,11.21,-16.86,2025,사업보고서
003310,대주산업,KOSDAQ,보통주,1682.0,1.33,59500000000.0,35392.0,165976.0,9.58,9.29,6.92,6758876148.0,100983295727.0,35263950746.0,10635427841.0,111857383937.0,147121334683.0,8315526894.0,106038654753.0,27901796683.0,10025103418.0,83509903825.0,111411700508.0,10149663332.0,105014557386.0,34658284670.0,7684213963.0,76679356737.0,111337641407.0,31.53,10.53,6.04,2025,사업보고서
089850,유비벨록스,KOSDAQ,보통주,4175.0,0.97,61500000000.0,14730.0,4199.0,3.5,-10.33,-5.39,-19417272148.0,667887213186.0,289690175450.0,21457139332.0,262308669468.0,551998844918.0,25102422549.0,607104912645.0,288326299597.0,34097053288.0,268936544132.0,557262843729.0,31021929101.0,543627601474.0,284485268387.0,49345273375.0,244455779295.0,528941047682.0,110.44,3.21,-7.4,2025,사업보고서
294140,레몬,KOSDAQ,보통주,2280.0,3.17,56800000000.0,24915.0,11040.0,1.36,-4.53,-112.59,-12098901003.0,7456806685.0,16496530389.0,-7144548463.0,9091778381.0,25588308770.0,-4684326075.0,7288230562.0,7821513209.0,-6283333118.0,12251661595.0,20073174804.0,-9140096883.0,10477073411.0,11608987235.0,-11688879337.0,16900047110.0,28509034345.0,181.44,-95.81,-133.08,2025,사업보고서
0004V0,엔비알모션,KOSDAQ,보통주,5510.0,10.2,60700000000.0,11010.0,282405.0,4.42,-3.62,-46.09,-12248659118.0,63094455574.0,51914124032.0,-3928308472.0,34393461523.0,86307585555.0,-7585281126.0,63840713113.0,59418975027.0,-4103208096.0,18763042607.0,78182017634.0,-4902566843.0,68085761791.0,84321280522.0,2562491003.0,-3984655938.0,80336624584.0,150.94,-6.23,-35.61,2025,사업보고서
348150,고바이오랩,KOSDAQ,보통주,2910.0,2.65,56500000000.0,19419.0,10672.0,2.8,-11.88,-18.0,-6971875295.0,69291602991.0,41988501817.0,-9651442284.0,49268471249.0,91256973066.0,-4616840729.0,68358643666.0,46618414365.0,-6905195709.0,55477113362.0,102095527727.0,-15157847947.0,33138037063.0,52803920782.0,-18458047336.0,61818987825.0,114622908607.0,85.22,-13.93,-14.15,2025,사업보고서
049480,오픈베이스,KOSDAQ,보통주,1840.0,0.0,57800000000.0,31422.0,131316.0,5.42,5.05,8.85,7617261041.0,233127039094.0,80978909834.0,7921212000.0,98852194251.0,179831104085.0,7665420994.0,226290328234.0,81339565266.0,6662223972.0,91777592145.0,173117157411.0,5761787731.0,204046578956.0,76102607820.0,6605459348.0,94598967274.0,170701575094.0,81.92,3.4,7.71,2025,사업보고서
464490,쿼드메디슨,KOSDAQ,보통주,4895.0,-0.1,56200000000.0,11482.0,22432.0,3.97,-5.17,-32.69,-6931050748.0,,20379824402.0,-6383954523.0,30799200591.0,51179024993.0,-4968140984.0,,20498173571.0,-4449177465.0,11599995750.0,32098169321.0,-9758504978.0,,16256229877.0,-9519292923.0,8963053381.0,25219283258.0,66.17,,-22.5,2025,사업보고서
053620,태양,KOSDAQ,보통주,7000.0,-0.71,60200000000.0,8600.0,4155.0,1.17,3.63,6.27,11852137502.0,140352455497.0,27986996452.0,2393104820.0,194225613837.0,222212610289.0,8262165663.0,152238218507.0,36291093347.0,2166789978.0,184080999897.0,220372093244.0,7311246954.0,157015527356.0,34844682126.0,6539290228.0,178639851898.0,213484534024.0,14.41,1.71,6.1,2025,사업보고서
039610,화성밸브,KOSDAQ,보통주,5710.0,1.06,59400000000.0,10410.0,68228.0,2.84,2855.0,-2.08,-1966197176.0,81448684458.0,34412736553.0,-1648107800.0,94374776670.0,128787513223.0,7102994731.0,91263944666.0,36314952018.0,7963490108.0,94538169255.0,130853121273.0,8066489164.0,91550544835.0,41804329358.0,10029597192.0,88520680631.0,130325009989.0,36.46,-2.02,-2.08,2025,사업보고서
033230,인성정보,KOSDAQ,보통주,1068.0,-0.28,54000000000.0,50515.0,53170.0,5.68,10.37,-3.83,-5110969690.0,342737745051.0,139244683144.0,-4277168410.0,88222698174.0,227467381318.0,-9407606826.0,359586930378.0,143002358063.0,-4745951116.0,89035521479.0,232037879542.0,-807384630.0,365240558331.0,164212643862.0,5213314477.0,75861349612.0,240073993474.0,157.83,-1.25,-5.79,2025,사업보고서
126880,제이엔케이글로벌,KOSDAQ,보통주,2495.0,1.01,57800000000.0,23168.0,22850.0,2.47,13.2,1.57,2920964149.0,147293291891.0,92327709562.0,3154251457.0,158563502656.0,250891212218.0,91485896501.0,138638063472.0,162869719117.0,3642140063.0,213688715590.0,376558434707.0,3784089620.0,166706283422.0,178767911883.0,4137698750.0,114224682526.0,292992594409.0,58.23,2.14,1.84,2025,사업보고서
045340,토탈소프트,KOSDAQ,보통주,6900.0,0.29,59000000000.0,8558.0,20834.0,7.79,5.84,26.65,8530313073.0,27495025159.0,18427270081.0,9358080745.0,36561371290.0,54988641371.0,6102855252.0,20710124860.0,15321958860.0,5168962830.0,27447605550.0,42769564410.0,3778710831.0,16054188977.0,13121683640.0,3606002868.0,21851054730.0,34972738370.0,50.4,34.04,23.33,2025,사업보고서
352910,오비고,KOSDAQ,보통주,4950.0,3.77,62600000000.0,12638.0,14341.0,0.83,-71.74,-5.61,-2985516028.0,33534744897.0,14776355932.0,-3724419135.0,35624642914.0,50400998846.0,-1666051579.0,14420899025.0,4636229446.0,-2694159066.0,35183056439.0,39819285885.0,399387070.0,15073316970.0,4210667725.0,-536638038.0,36789220085.0,40999887810.0,41.48,-11.11,-8.38,2025,사업보고서
263600,덕우전자,KOSDAQ,보통주,3605.0,3.44,57400000000.0,15930.0,10019.0,2.75,2.28,6.68,6494166800.0,176946596890.0,126807279016.0,1578114079.0,109229155480.0,236036434496.0,-404636029.0,160950428993.0,104141110872.0,-991839128.0,105384988284.0,209526099156.0,-8566887248.0,154774103033.0,102203691051.0,-8839197194.0,104865362508.0,207069053559.0,116.09,0.89,5.95,2025,사업보고서
036090,위지트,KOSDAQ,보통주,1361.0,8.53,57900000000.0,42551.0,6481980.0,1.07,14.63,5.7,23960937834.0,483026164741.0,273852682113.0,25839567046.0,406073934521.0,679926616634.0,12883719682.0,357440585776.0,248303123863.0,13821384825.0,367808745691.0,616111869554.0,-24058585535.0,35232358333.0,73480064661.0,3654906386.0,183753964412.0,257234029073.0,67.44,5.35,5.9,2025,사업보고서
226340,본느,KOSDAQ,보통주,5740.0,0.7,48200000000.0,8390.0,945834.0,0.0,-3.41,-36.03,-15890992024.0,46013164919.0,20257783821.0,-8329529377.0,36079740409.0,56337524230.0,-9379026994.0,68713049924.0,29796528514.0,1722488557.0,51700690641.0,81497219155.0,499562054.0,72910268640.0,47647746421.0,6736412730.0,39684788987.0,87332535408.0,56.15,-18.1,-44.04,2025,사업보고서
095270,웨이브일렉트로,KOSDAQ,보통주,4120.0,4.3,59200000000.0,14372.0,22697.0,5.59,23.54,2.79,1116715320.0,80532556275.0,49855365250.0,-1641658533.0,53084735312.0,102940100562.0,-6433306739.0,78043596827.0,36124443322.0,1852688009.0,50786372105.0,86910815427.0,610224448.0,77983771830.0,26417196771.0,2351681126.0,57392006879.0,83809203650.0,93.92,-2.04,2.1,2025,사업보고서
215360,우리산업,KOSDAQ,보통주,6470.0,0.62,59100000000.0,9132.0,7453.0,3.32,2.79,12.2,14210042480.0,532037735923.0,218815945934.0,18673812723.0,123376072478.0,342192018412.0,13294680103.0,510572103789.0,212593689790.0,14962515848.0,111941804730.0,324535494520.0,17804515460.0,462150813837.0,211139955119.0,20470002830.0,100891689298.0,312031644417.0,177.36,3.51,11.52,2025,사업보고서
065530,와이어블,KOSDAQ,보통주,1190.0,0.42,56900000000.0,47839.0,43691.0,1.58,9.37,5.91,4548328306.0,75539040453.0,61557471692.0,5475687606.0,78046877601.0,139604349293.0,2991443653.0,79443281962.0,63068578657.0,3825295756.0,75888338837.0,138956917494.0,2340417818.0,72569201277.0,67055007910.0,2884007077.0,75288833134.0,142343841044.0,78.87,7.25,5.83,2025,사업보고서
024910,경창산업,KOSDAQ,보통주,1589.0,1.21,56900000000.0,35819.0,21747.0,3.38,-4.02,-17.23,-21541167890.0,705339667803.0,372501884371.0,7343548529.0,118926059199.0,491427943570.0,3422323160.0,638045034346.0,343896888038.0,9641239878.0,141577609443.0,485474497481.0,8828533627.0,667253963817.0,356822542403.0,21036204670.0,149914846824.0,506737389227.0,313.22,1.04,-18.11,2025,사업보고서
066670,디티씨,KOSDAQ,보통주,3165.0,-0.78,59200000000.0,18692.0,12896.0,1.16,10.88,2.3,-1417482547.0,188618668917.0,56241221272.0,-1764737678.0,248771521313.0,305012742585.0,2168541382.0,11884203638.0,5995316909.0,2438222634.0,162151584222.0,168146901131.0,3652036386.0,34642468435.0,5201266974.0,1995972667.0,160769044466.0,165970311440.0,22.61,-0.94,-0.57,2025,사업보고서
460870,에스엠씨지,KOSDAQ,보통주,2915.0,-0.17,58500000000.0,20073.0,24881.0,2.22,14.72,3.83,1332673758.0,55788407335.0,29525946557.0,4942762556.0,41673728786.0,71199675343.0,-2059601228.0,54570953170.0,36621259469.0,4446809134.0,27954695259.0,64575954728.0,370650202.0,37371272626.0,54551305023.0,2749272811.0,7339525749.0,61890830772.0,70.85,8.86,3.2,2025,사업보고서
027050,코리아나,KOSDAQ,보통주,1310.0,0.69,52400000000.0,40000.0,30771.0,3.54,-5.85,-9.07,-7746558039.0,73677182497.0,15240117748.0,-4394234092.0,83730620641.0,98970738389.0,783926037.0,82451674673.0,21456985570.0,440823327.0,86322556896.0,107779542466.0,1767236217.0,86049461423.0,26686326034.0,935688865.0,85804319951.0,112490645985.0,18.2,-5.96,-9.25,2025,사업보고서
099520,DGI,KOSDAQ,보통주,1284.0,0.0,58100000000.0,45282.0,0.0,0.93,75.53,-13.39,-3300509726.0,25172528475.0,6477539018.0,-3299650687.0,22894239855.0,29371778873.0,1199573522.0,21360983111.0,2651843419.0,503079763.0,26020457464.0,28672300883.0,-5034579008.0,13391973891.0,2909496778.0,-4392338334.0,25487496835.0,28396993613.0,28.29,-13.11,-14.42,2025,사업보고서
459100,위츠,KOSDAQ,보통주,4050.0,-2.29,54500000000.0,13466.0,16019.0,4.73,21.66,4.5,2849973932.0,168722438145.0,112403156301.0,2590955061.0,45871646743.0,158274803044.0,1547745715.0,90763923263.0,57023099153.0,2176132257.0,40851655676.0,97874754829.0,7611556263.0,99533806983.0,47959404180.0,10254455371.0,25573707314.0,73533111494.0,245.04,1.54,6.21,2025,사업보고서
273640,와이엠텍,KOSDAQ,보통주,5140.0,1.58,56400000000.0,10966.0,5060.0,2.3,24.71,5.65,3172504831.0,29109108272.0,2962795126.0,1743145251.0,57066471350.0,60029266476.0,4877591478.0,30912078450.0,3575096226.0,4315265949.0,55157005021.0,58732101247.0,6678073165.0,34880929940.0,1663608439.0,5960659671.0,59262744895.0,60926353334.0,5.19,5.99,5.56,2025,사업보고서
033310,엠투엔,KOSDAQ,보통주,1469.0,-0.54,58700000000.0,39972.0,265494.0,1.52,20.4,-0.41,-596488882.0,86549524568.0,47727821654.0,2768344830.0,144064847339.0,191792668993.0,3514797943.0,91210150195.0,36432640493.0,3743595073.0,145007320232.0,181439960725.0,3239297722.0,76995441504.0,41057777376.0,3209549957.0,142778918738.0,183836696114.0,33.13,3.2,-0.41,2025,사업보고서
053160,프리엠스,KOSDAQ,보통주,10090.0,3.06,60500000000.0,6000.0,13343.0,0.44,-315.31,1.42,898559736.0,23135895576.0,8989772215.0,388174443.0,71220492844.0,80210265059.0,-1454278755.0,17695269012.0,5437889220.0,-2345870685.0,55320903486.0,60758792706.0,733953593.0,22943695630.0,4950524172.0,-12327579.0,59555853917.0,64506378089.0,12.62,1.68,1.26,2025,사업보고서
007370,진양제약,KOSDAQ,보통주,4020.0,0.12,56800000000.0,14135.0,11032.0,3.06,2.43,15.93,22286848623.0,120686230379.0,107952317080.0,2526241951.0,159856760223.0,267809077303.0,29694145830.0,113332121347.0,107695873551.0,11708434539.0,119877794627.0,227573668178.0,12340410866.0,93708173984.0,31148856512.0,8682140059.0,88757763330.0,119906619842.0,67.53,2.09,13.94,2025,사업보고서
014470,부방,KOSDAQ,보통주,1006.0,-0.3,60400000000.0,60052.0,58402.0,1.33,,1.37,2327596992.0,319483898417.0,77659367967.0,1752619977.0,172102811041.0,249762179008.0,11519268610.0,336461943123.0,148492977426.0,4873277070.0,168774792056.0,317267769482.0,-26004983702.0,331046894011.0,142502944671.0,-342355688.0,157370343494.0,299873288165.0,45.12,0.55,1.35,2025,사업보고서
263690,디알젬,KOSDAQ,보통주,5080.0,-0.39,57500000000.0,11326.0,6356.0,15.61,4.69,7.59,6779174100.0,102746224632.0,29853435596.0,9025067950.0,92112395885.0,121965831481.0,10147180810.0,104005797536.0,35355543515.0,8850376907.0,86645972621.0,122001516136.0,9190879315.0,112916729575.0,49092232215.0,10071371388.0,79320915593.0,128413147808.0,32.41,8.78,7.36,2025,사업보고서
024950,삼천리자전거,KOSDAQ,보통주,4640.0,0.87,57500000000.0,12400.0,38835.0,2.11,10.74,6.14,11578403106.0,175559935938.0,126069511150.0,12425252616.0,172928900993.0,298998412143.0,1642308771.0,161167353566.0,121637359365.0,3013641806.0,159696654483.0,281334013848.0,6200377346.0,106783297522.0,113999836979.0,-6290389338.0,157350843465.0,271350680444.0,72.9,7.08,6.7,2025,사업보고서
228340,동양파일,KOSDAQ,보통주,4110.0,4.05,82200000000.0,20000.0,6239625.0,1.21,,-6.1,-7267277851.0,55925560654.0,6007774217.0,-4747883002.0,115534508913.0,121542283130.0,-5272778481.0,56562644985.0,5650956966.0,-4415778041.0,122795161178.0,128446118144.0,5167432439.0,71057300475.0,7197048288.0,4492854477.0,128081693365.0,135278741653.0,5.2,-8.49,-6.29,2025,사업보고서
347860,알체라,KOSDAQ,보통주,1270.0,2.83,53500000000.0,42154.0,44256.0,5.58,-18.96,-17.29,-2535514739.0,,13811109427.0,-10249280632.0,22159326869.0,35970436296.0,-9948029690.0,,10681530215.0,-10431928553.0,7074682430.0,17756212645.0,-26776024648.0,,27981825975.0,-18520484457.0,8209804991.0,36191630966.0,62.33,,-11.44,2025,사업보고서
010470,오리콤,KOSDAQ,보통주,4850.0,0.31,58100000000.0,11975.0,1244.0,4.08,7.4,6.11,7759059933.0,227707531798.0,113401505293.0,8920342751.0,130184728018.0,243586233311.0,9821120755.0,214862595221.0,99116689061.0,12000246476.0,123798623997.0,222915313058.0,9834734868.0,218556326262.0,119474710565.0,12169646947.0,117779850145.0,237254560710.0,87.11,3.92,5.96,2025,사업보고서
408470,한패스,KOSDAQ,보통주,5220.0,3.78,55200000000.0,10572.0,69592.0,4.58,52.2,94.2,6605238463.0,66448336065.0,79802895488.0,8228502898.0,42089645407.0,121892540895.0,4402536782.0,55296543626.0,113742988112.0,5177607612.0,-28065281844.0,85677706268.0,-9075078392.0,29010735475.0,81834488352.0,2126074777.0,-33687994046.0,48146494306.0,189.6,12.38,15.69,2025,사업보고서
025550,한국선재,KOSDAQ,보통주,2125.0,-0.47,54200000000.0,25514.0,22709.0,4.66,-40.87,0.27,3691230046.0,219400375461.0,185850990415.0,8174673980.0,149489393551.0,335340383966.0,483021355.0,223448269998.0,135738033014.0,6030464438.0,145690333298.0,281428366312.0,-1448912760.0,248447837494.0,126693388619.0,5122217251.0,144027875725.0,270721264344.0,124.32,3.73,2.47,2025,사업보고서
042110,에스씨디,KOSDAQ,보통주,1071.0,0.19,51800000000.0,48330.0,70548.0,54.89,23.8,4.78,6396027001.0,216137192300.0,38187525135.0,6306089494.0,136466659399.0,174654184534.0,8394908260.0,213975488961.0,38211802801.0,9343430903.0,130969306396.0,169181109197.0,4842340331.0,193993189983.0,45130413513.0,5747990585.0,121558955546.0,166689369059.0,27.98,2.92,4.69,2025,사업보고서
241790,티이엠씨씨엔에스,KOSDAQ,보통주,6160.0,0.0,61600000000.0,10003.0,18914.0,3.45,43.69,3.78,4261418654.0,168040555596.0,52174977812.0,8997572785.0,115899925727.0,168074903539.0,8737451309.0,193531706663.0,45865974770.0,5924767490.0,115264648667.0,161130623437.0,11996857605.0,140336756639.0,83040785617.0,13324269282.0,108350668337.0,191391453954.0,45.02,5.35,3.68,2025,사업보고서
053270,구영테크,KOSDAQ,보통주,2040.0,0.74,55900000000.0,27410.0,16486.0,2.22,1.94,15.87,22566030710.0,426181253496.0,556537908510.0,24310734730.0,153971153931.0,710509062441.0,18215888025.0,377361299120.0,254019330410.0,28853581117.0,130500728510.0,384520058920.0,18644442897.0,357438435431.0,210493412482.0,28953283159.0,106572543729.0,317065956211.0,361.46,5.7,14.66,2025,사업보고서
054930,유신,KOSDAQ,보통주,18550.0,-0.8,55600000000.0,3000.0,8444.0,3.45,4.7,6.95,10520353724.0,385502385861.0,184067916525.0,9243765481.0,155133439685.0,339201356210.0,24422836243.0,339578152680.0,145806561042.0,5813013246.0,147724393781.0,293530954823.0,20095002637.0,341055308847.0,109980709501.0,18309702869.0,126955852855.0,236936562356.0,118.65,2.4,6.78,2025,사업보고서
288180,케이피항공산업,KOSDAQ,보통주,7100.0,1.87,52500000000.0,7393.0,14890.0,1.23,-3.98,9.42,1555118442.0,53907682893.0,64841997234.0,2639165522.0,17115469636.0,81957466870.0,3017525608.0,49650973727.0,53156353279.0,3489018770.0,15901099490.0,69057452769.0,140024789.0,34568675428.0,42213060168.0,861199663.0,13009159330.0,55222219498.0,378.85,4.9,9.09,2025,사업보고서
370090,퓨런티어,KOSDAQ,보통주,6550.0,1.24,56000000000.0,8557.0,77103.0,7.83,-11.18,-13.92,-6153662668.0,12143538944.0,3393304600.0,-7162779864.0,41159537109.0,44552841709.0,62568815.0,25341103329.0,3361567717.0,-3750655671.0,47270392777.0,50631960494.0,7523544559.0,46546986730.0,11051663326.0,7162414199.0,49025312462.0,60076975788.0,8.24,-58.98,-14.95,2025,사업보고서
036670,삼양케이씨아이,KOSDAQ,보통주,5110.0,-0.2,55000000000.0,10760.0,5556.0,3.22,6.58,7.99,9742698115.0,116839597551.0,18698156436.0,10893690098.0,125529500726.0,144227657162.0,14713152964.0,110184780128.0,17689482768.0,15021799262.0,118486995967.0,136176478735.0,11000382558.0,109946107606.0,12878898221.0,10271822174.0,106426921490.0,119305819711.0,14.9,9.32,7.76,2025,사업보고서
040610,SG&G,KOSDAQ,보통주,3160.0,0.96,53900000000.0,17044.0,17248.0,3.1,0.56,6.82,27196934295.0,47697024082.0,72105910159.0,3673192861.0,416653416833.0,488759326992.0,16183278060.0,50762457794.0,72885525628.0,6411588800.0,380538565211.0,453424090839.0,19973349922.0,41898698934.0,65028660275.0,2952730625.0,345773485129.0,410802145404.0,17.31,7.7,6.53,2025,사업보고서
097800,윈팩,KOSDAQ,보통주,1920.0,-0.41,52400000000.0,27290.0,28973.0,0.69,-6.69,-21.22,-13690777763.0,75547662067.0,67784183679.0,-14289046752.0,62880479225.0,130664662904.0,-29995408633.0,74141469775.0,76950766295.0,-23272387288.0,66159050654.0,143109816949.0,-33297722051.0,86205142343.0,102782750114.0,-22857360132.0,46724273483.0,149507023597.0,107.8,-18.91,-21.77,2025,사업보고서
251630,브이원텍,KOSDAQ,보통주,3490.0,2.35,55600000000.0,15943.0,8078.0,1.55,-7.47,-8.48,-14860827000.0,49002332510.0,78966004677.0,-12829010735.0,126474019382.0,205440024059.0,-7311116646.0,72731874427.0,58480374101.0,-4360100575.0,139767466933.0,198247841034.0,-3535929929.0,81783667519.0,71005962229.0,1976702270.0,132983436302.0,203989398531.0,62.44,-26.18,-11.75,2025,사업보고서
036120,서울평가정보,KOSDAQ,보통주,1690.0,0.3,59400000000.0,35145.0,44753.0,1.92,8.85,23.39,6794963948.0,41257827184.0,6341056775.0,6757649441.0,35417366085.0,41758422860.0,2689556045.0,38082158968.0,6082804675.0,5160192153.0,30646847797.0,36729652472.0,438984978.0,34374009972.0,5779908848.0,401056866.0,29109456407.0,34889365255.0,17.9,16.38,19.19,2025,사업보고서
053050,지에스이,KOSDAQ,보통주,1881.0,0.86,56400000000.0,29988.0,108214.0,4.25,14.25,4.05,3875066779.0,170081007923.0,137250162259.0,7343399498.0,97054867631.0,234305029890.0,3563205849.0,155623291724.0,143987661707.0,4907764603.0,94393841257.0,238381502964.0,5588427804.0,168759675446.0,116790565002.0,4381368023.0,92608584705.0,209399149707.0,141.42,4.32,3.99,2025,사업보고서
340930,성원에너텍,KOSDAQ,보통주,806.0,0.0,55500000000.0,68876.0,0.0,1.81,-1.86,-54.26,-24841310025.0,60014953095.0,125539039189.0,-2713122013.0,50198254103.0,175737293292.0,-28707577238.0,59689568831.0,127389796975.0,-16722746774.0,41372702804.0,168762499779.0,-13224110578.0,38507805865.0,104670482838.0,-10108980369.0,69840197411.0,174510680249.0,250.09,-4.52,-49.49,2025,사업보고서
046940,우원개발,KOSDAQ,보통주,2900.0,-0.68,52400000000.0,18074.0,55092.0,6.85,1.22,36.78,47967126385.0,376349352125.0,107405281394.0,67188905596.0,156744707848.0,264149989242.0,736066386.0,302842776436.0,125052749886.0,2826256917.0,104083386524.0,229136136410.0,1475092795.0,252508569423.0,88246329358.0,1357980797.0,103249669859.0,191495999217.0,68.52,17.85,30.6,2025,사업보고서
347740,피엔케이피부임상연구센타,KOSDAQ,보통주,1813.0,-1.04,54400000000.0,30011.0,12210.0,1.68,14.62,5.95,4603567132.0,22783129250.0,6041989390.0,3940175380.0,80482365597.0,86524354987.0,5700830958.0,17846810010.0,5183743743.0,2582128221.0,76855781105.0,82039524848.0,4700385271.0,14842604136.0,3167700967.0,1378893865.0,74239464762.0,77407165729.0,7.51,17.29,5.72,2025,사업보고서
452400,이닉스,KOSDAQ,보통주,6210.0,1.8,56300000000.0,9071.0,15844.0,1.57,77.62,0.2,232103908.0,122587961259.0,20313613519.0,-1001257059.0,120909330361.0,141222943880.0,999052739.0,104517963672.0,16268360739.0,-1535209709.0,121761353035.0,138029713774.0,11019334056.0,118889585648.0,11636375321.0,10785623995.0,80795201543.0,92431576864.0,16.8,-0.82,0.19,2025,사업보고서
104620,노랑풍선,KOSDAQ,보통주,3150.0,1.45,53000000000.0,16811.0,19010.0,2.79,42.57,-7.36,-3009766251.0,119704117734.0,84785862147.0,2238783517.0,40250998045.0,125036860192.0,-5003668297.0,131914391956.0,98526147967.0,-6546408621.0,36617171277.0,135143319244.0,5694821504.0,98612582467.0,64990569262.0,6616430893.0,40289799862.0,105280369124.0,210.64,1.87,-7.48,2025,사업보고서
217480,에스디생명공학,KOSDAQ,보통주,499.0,0.0,54800000000.0,109733.0,0.0,1.67,-7.92,-25.18,-7490121078.0,30069469569.0,18098469395.0,-6324592211.0,29903311467.0,48001780862.0,-14761589278.0,34471256404.0,30890607117.0,-9237953365.0,29796961150.0,60687568267.0,-6006820648.0,46942769396.0,31012941552.0,-13655499521.0,45109672439.0,76122613991.0,60.52,-21.03,-25.05,2025,사업보고서
225190,LK삼양,KOSDAQ,보통주,821.0,0.0,57900000000.0,70468.0,0.0,1.09,-2.62,-60.81,-18585289310.0,21406322851.0,11998863506.0,-16851147157.0,33266848088.0,45265711594.0,-1452921703.0,32015353229.0,15517135164.0,-3226899816.0,27859628765.0,43376763929.0,728588894.0,39031722713.0,9471676463.0,-1129207533.0,30111451699.0,39583128162.0,36.07,-78.72,-55.87,2025,사업보고서
453860,에이에스텍,KOSDAQ,보통주,8300.0,0.24,53500000000.0,6444.0,12675.0,13.19,-7.48,3.73,2152432735.0,24560444117.0,49029351954.0,-110160686.0,58938013486.0,107967365440.0,9484754881.0,42571531296.0,33025994208.0,8701050630.0,56467986191.0,89493980399.0,6822113177.0,47339369988.0,23040718951.0,9168234660.0,46800270950.0,69840989901.0,83.19,-0.45,3.65,2025,사업보고서
435570,에르코스,KOSDAQ,보통주,7140.0,0.0,54400000000.0,7617.0,2662.0,0.85,-33.06,-13.38,-6192840721.0,35627647458.0,45786519440.0,270154345.0,53888856012.0,99675375452.0,934388418.0,36460997416.0,48126956374.0,3236046170.0,38708319583.0,86835275957.0,433637938.0,33014860198.0,42703755739.0,3083556267.0,31212559077.0,73916314816.0,84.96,0.76,-11.49,2025,사업보고서
192250,케이사인,KOSDAQ,보통주,7240.0,0.56,51200000000.0,7067.0,6356.0,4.1,9.6,2.68,2163155381.0,,75387677369.0,2895367155.0,121456775368.0,196844452737.0,434449529.0,,75970473102.0,1305701592.0,115471431811.0,191441904913.0,4782669676.0,,77325821860.0,4264060017.0,108670779501.0,185996601361.0,62.07,,1.78,2025,사업보고서
104540,코렌텍,KOSDAQ,보통주,3965.0,-0.75,53200000000.0,13407.0,4426.0,3.54,7.9,8.33,6969212084.0,100428537181.0,82762690834.0,9116352215.0,89164555663.0,171927246497.0,-1323785129.0,85594233813.0,101820364664.0,3374728854.0,84451939181.0,186272303845.0,5134788012.0,92046040615.0,101006385110.0,7052267458.0,86121178399.0,187127563509.0,92.82,9.08,7.82,2025,사업보고서
080720,한국유니온제약,KOSDAQ,보통주,2410.0,0.0,192400000000.0,79851.0,0.0,0.06,-0.47,419.43,-30819985600.0,36378273562.0,68737497881.0,-17231756552.0,-22901456031.0,45836041850.0,-20916235534.0,51279935387.0,66704369294.0,-13494317826.0,8205251467.0,74909620761.0,-18156298294.0,63169009710.0,64101317609.0,-5232981270.0,30323978638.0,94425296247.0,-300.14,-47.37,134.58,2025,사업보고서
105760,포스뱅크,KOSDAQ,보통주,5180.0,0.78,52800000000.0,10191.0,18746.0,3.75,4.52,4.96,3778818411.0,91426124049.0,19315394627.0,3383511927.0,78407352054.0,97722746681.0,5402835559.0,77082362573.0,14501242937.0,2982842395.0,73844522020.0,88345764957.0,7530047880.0,79284386397.0,21688130032.0,8430180763.0,40145417672.0,61833547704.0,24.63,3.7,4.82,2025,사업보고서
262260,에이프로,KOSDAQ,보통주,3380.0,-0.59,51000000000.0,15078.0,54111.0,4.3,-5.79,-7.36,-10753173019.0,147079619081.0,266205685597.0,-5834695693.0,61311020172.0,327516705769.0,2756715526.0,200156427991.0,341590068482.0,3361263638.0,73062732650.0,414652801132.0,12068248422.0,235952253023.0,174138991216.0,15513720687.0,72258160990.0,246397152206.0,434.19,-3.97,-17.54,2025,사업보고서
088910,동우팜투테이블,KOSDAQ,보통주,2095.0,0.96,53900000000.0,25722.0,60004.0,6.18,1.66,12.55,28230586523.0,325457698211.0,42612674715.0,13151439758.0,239575129663.0,282187804378.0,-7834123643.0,303120132139.0,56835047223.0,-4309798679.0,211330375706.0,268165422929.0,26412957543.0,349164108766.0,71456218202.0,21126989607.0,219770652881.0,291226871083.0,17.79,4.04,11.78,2025,사업보고서
060570,드림어스컴퍼니,KOSDAQ,보통주,3950.0,2.73,58500000000.0,14820.0,4265.0,2.18,75.96,1.79,2601411618.0,224997032269.0,78810681898.0,593044495.0,143882546422.0,222693228320.0,-17773265429.0,225062659788.0,100603886390.0,-3154088947.0,146696788904.0,247300675294.0,-2901527269.0,228994334078.0,71571467930.0,-3345466256.0,164877230857.0,236448698787.0,54.77,0.26,1.81,2025,사업보고서
311690,CJ 바이오사이언스,KOSDAQ,보통주,3985.0,-0.13,52100000000.0,13065.0,2694.0,2.79,-2.33,-36.54,-24004990285.0,3692528456.0,18698200224.0,-24785824846.0,53639266970.0,72337467194.0,-32837724111.0,3466535834.0,21853224711.0,-34241072033.0,77756531694.0,99609756405.0,-22912847165.0,5575053720.0,19632694113.0,-32056613825.0,71495691643.0,91128385756.0,34.86,-671.24,-44.75,2025,사업보고서
117670,알파칩스,KOSDAQ,보통주,8160.0,0.74,54400000000.0,6662.0,4069.0,0.87,116.57,-3.89,-1476107720.0,82279635343.0,17517635300.0,-2043739015.0,42319220290.0,59836855590.0,-8438473770.0,85271882741.0,19444640819.0,-1414572482.0,33547495615.0,52992136434.0,-23028082927.0,79873110316.0,23060264322.0,-2778151380.0,34716692225.0,57776956547.0,41.39,-2.48,-3.49,2025,사업보고서
170790,파이오링크,KOSDAQ,보통주,8340.0,0.0,53400000000.0,6397.0,6984.0,4.29,8.15,8.98,7518493045.0,65634922825.0,15064938798.0,5402528991.0,84767876421.0,99832815219.0,5398126882.0,58295777255.0,10966586424.0,2592014379.0,82805356522.0,93771942946.0,10571460055.0,59017753144.0,12604460967.0,9004175813.0,80582111825.0,93186572792.0,17.77,8.23,8.87,2025,사업보고서
291650,츌립앤사이언스,KOSDAQ,보통주,1655.0,-1.66,50500000000.0,30520.0,12076.0,20.12,-3.07,-32.13,-8621566462.0,3504924224.0,12874762987.0,-7800955574.0,28230771052.0,41105534039.0,-8702303134.0,1082811701.0,6544648163.0,-7051549394.0,25436323691.0,31980971854.0,-13601504427.0,243186322.0,17056722072.0,-12206656526.0,15478896907.0,32535618979.0,45.61,-222.57,-30.54,2025,사업보고서
056360,코위버,KOSDAQ,보통주,5170.0,0.58,50600000000.0,9797.0,26333.0,3.32,18.01,2.43,3470240657.0,62599540297.0,25523102724.0,306265207.0,158499321346.0,184022424070.0,-4074396606.0,46836215609.0,24442609577.0,-7634892172.0,126647805083.0,151090414660.0,798680040.0,83354203788.0,34031017375.0,-2603185111.0,131938420851.0,165969438226.0,16.1,0.49,2.19,2025,사업보고서
094940,푸른로보틱스,KOSDAQ,보통주,6770.0,4.8,56600000000.0,8361.0,197347.0,1.54,-29.96,-1.6,-654437099.0,23475613984.0,8233893526.0,-1012981315.0,36974375855.0,45208269381.0,2006241439.0,34770823435.0,9181159260.0,2282906138.0,38271157901.0,47452317161.0,2594065276.0,32289721635.0,12131048001.0,1851969768.0,38313833096.0,50444881097.0,22.27,-4.32,-1.77,2025,사업보고서
314140,알피바이오,KOSDAQ,보통주,6260.0,2.12,54300000000.0,8666.0,17094.0,1.96,8.07,4.47,4682267278.0,136218902142.0,49057928489.0,5086682831.0,107197789834.0,156255718323.0,-907124572.0,123966689440.0,57196304183.0,-693640784.0,102303102155.0,159499406338.0,5437253181.0,151046484340.0,63471178301.0,6622747030.0,102746535753.0,166217714054.0,45.76,3.73,4.37,2025,사업보고서
238090,앤디포스,KOSDAQ,보통주,1764.0,3.4,53800000000.0,30490.0,1097.0,1.06,13.57,5.64,5247273837.0,50413982329.0,13173323959.0,4813971171.0,95452893902.0,108626217861.0,-31061269193.0,52450485422.0,15627026017.0,1950936711.0,90250499149.0,105877525166.0,-13798116487.0,48851357806.0,16310112338.0,-2843603665.0,124813207460.0,141123319798.0,13.8,9.55,5.5,2025,사업보고서
039240,경남스틸,KOSDAQ,보통주,1907.0,0.21,51400000000.0,26980.0,51857.0,3.28,9.44,4.1,4632837436.0,357139177502.0,45196455211.0,5957941620.0,113953171961.0,159149627172.0,7454872058.0,395490089089.0,55480787738.0,9448034025.0,112221946535.0,167702734273.0,8552078509.0,390306288912.0,53872478312.0,10725528763.0,107882238048.0,161754716360.0,39.66,1.67,4.07,2025,사업보고서
092300,현우산업,KOSDAQ,보통주,2520.0,-0.98,50800000000.0,20150.0,188480.0,7.09,3.11,6.86,7564030213.0,237355479103.0,86473206378.0,11038824119.0,114063496230.0,200536702608.0,8344172831.0,206191625380.0,82249693825.0,7747628957.0,106627031967.0,188876725792.0,10385847756.0,237301218620.0,102280881595.0,13909700885.0,100485208125.0,202766089720.0,75.81,4.65,6.63,2025,사업보고서
027830,대성창투,KOSDAQ,보통주,904.0,-1.09,48800000000.0,54000.0,72667.0,3.35,9.13,0.32,314240688.0,9251631072.0,533127371.0,796603028.0,99093654026.0,99626781397.0,13845986262.0,20088466445.0,1701297672.0,10238452840.0,98779413338.0,100480711010.0,2178250798.0,12363265555.0,1388535684.0,2052559665.0,84933427076.0,86321962760.0,0.54,8.61,0.32,2025,사업보고서
317530,에피소드컴퍼니,KOSDAQ,보통주,2980.0,5.11,52100000000.0,17495.0,5720.0,0.29,-5.16,-36.06,-6321233881.0,5683497607.0,6889406510.0,-3555910328.0,21262279994.0,28151686504.0,-4895289645.0,5677574243.0,6279297819.0,-3610777923.0,12062624773.0,18341922592.0,-5522902385.0,8483510899.0,6225832586.0,-3677587098.0,5798047330.0,12023879916.0,32.4,-62.57,-29.73,2025,사업보고서
376290,씨유테크,KOSDAQ,보통주,2915.0,-0.17,51500000000.0,17658.0,1118.0,70.25,4.76,1.18,1363685620.0,216513076154.0,14536970813.0,5419934689.0,114403704563.0,128940675376.0,13568095066.0,284171371287.0,22957679007.0,11493672748.0,117443932305.0,140401611312.0,918638875.0,172928955346.0,43805022302.0,2171604116.0,100525446384.0,144330468686.0,12.71,2.5,1.19,2025,사업보고서
217500,러셀,KOSDAQ,보통주,1584.0,2.59,50400000000.0,31812.0,41477.0,3.43,46.59,-4.8,-5080779930.0,27069629521.0,11991519569.0,-5172521330.0,53447773981.0,65439293550.0,4197081329.0,37480561135.0,18217200953.0,2044102591.0,59359965615.0,77577166568.0,1506707474.0,44710882827.0,18467189072.0,1871561870.0,56086107499.0,74553296571.0,22.44,-19.11,-9.51,2025,사업보고서
299170,더블유에스아이,KOSDAQ,보통주,1227.0,0.57,50900000000.0,41511.0,59494.0,5.91,-61.35,-7.19,-3494309836.0,51706061278.0,24197071441.0,3915666692.0,62665664020.0,86862735461.0,1240603071.0,40411341295.0,39661338317.0,3850124651.0,45737242581.0,85398580898.0,2825836566.0,30877345387.0,20192691021.0,3342668803.0,40336377531.0,60529068552.0,38.61,7.57,-5.58,2025,사업보고서
046210,HLB파나진,KOSDAQ,보통주,1122.0,0.18,51100000000.0,45528.0,40691.0,1.55,-15.58,-4.21,-3126246524.0,15049529734.0,20501001982.0,-3439822349.0,72435426475.0,92936428457.0,-2085569084.0,13196916435.0,33483031304.0,-1361875528.0,76127573307.0,109610604611.0,-4815635557.0,12252030565.0,27340872741.0,-1839301535.0,63572923436.0,90913796177.0,28.3,-22.86,-4.32,2025,사업보고서
0013V0,삼진식품,KOSDAQ,보통주,4990.0,-0.4,49500000000.0,9919.0,29654.0,2.54,8.63,22.34,5193811657.0,109497527234.0,41363890566.0,5955739965.0,41706863212.0,83070753778.0,1018512620.0,96399989498.0,56262711400.0,4844863318.0,4505347407.0,60768058807.0,-369172838.0,84643432083.0,46926142331.0,2209084768.0,1348254870.0,48274397201.0,99.18,5.44,12.45,2025,사업보고서
317830,에스피시스템스,KOSDAQ,보통주,4550.0,1.68,49000000000.0,10774.0,54431.0,5.02,-9.7,-11.61,-5290272362.0,61613225016.0,34040754108.0,-764490123.0,64895060949.0,98935815057.0,-2195097029.0,71042045308.0,32143422467.0,-2798232547.0,66428307411.0,98571729878.0,419160638.0,60478372061.0,31947167455.0,-303597650.0,68977117028.0,100924284483.0,52.46,-1.24,-8.15,2025,사업보고서
256630,포인트엔지니어링,KOSDAQ,보통주,4340.0,0.12,50300000000.0,11599.0,765.0,0.59,-9.82,-8.53,-5923156168.0,35964832400.0,25381158847.0,832014951.0,66720667601.0,92101826448.0,1354156605.0,31012488636.0,25477393167.0,-1307393171.0,72400589327.0,97877982494.0,-6543076534.0,26151553519.0,27076149247.0,-8971675103.0,70887967390.0,97964116637.0,38.04,2.31,-8.88,2025,사업보고서
043710,코스리거글로벌,KOSDAQ,보통주,3245.0,5.7,56200000000.0,17313.0,4911.0,0.3,-3.63,-23.35,-8741946880.0,35668112160.0,187175503199.0,-8331635222.0,39274472511.0,226449975710.0,5380854570.0,17503985049.0,11100747241.0,-3050235452.0,39130111997.0,50230859238.0,-3296462085.0,20963908578.0,10477000564.0,-7194561087.0,26912382591.0,37389383155.0,476.58,-23.36,-22.26,2025,사업보고서
219550,디와이디,KOSDAQ,보통주,1235.0,2.83,51100000000.0,41379.0,9774.0,5.74,61.75,-136.29,-13721981070.0,44903125580.0,19824958829.0,-489699688.0,10119205180.0,29944164009.0,-59121080022.0,37382987970.0,20054769044.0,-49609839.0,10017002892.0,30071771936.0,-19074765695.0,28464604767.0,37304062193.0,-3321192612.0,39024595795.0,76328657988.0,195.91,-1.09,-135.6,2025,사업보고서
019990,에너토크,KOSDAQ,보통주,4850.0,0.21,47300000000.0,9756.0,12146.0,12.89,-15.06,-10.4,-4132294288.0,23532183911.0,7882959281.0,-4104952324.0,37874935245.0,45757894526.0,482808942.0,25161078103.0,3097017450.0,83992820.0,41589875023.0,44686892473.0,-939423866.0,26943911903.0,5605776757.0,-881692461.0,40178308557.0,45784085314.0,20.81,-17.44,-10.91,2025,사업보고서
015710,코콤,KOSDAQ,보통주,2915.0,-0.68,51100000000.0,17530.0,4326.0,1.86,14.95,4.48,5712743042.0,95770916172.0,19962093505.0,2999271369.0,130914947775.0,150877041280.0,2402516215.0,104993315733.0,25442771784.0,3727784568.0,123985810890.0,149428582674.0,3030553227.0,100488220566.0,18984524907.0,1911182143.0,123113752019.0,142098276926.0,15.25,3.13,4.36,2025,사업보고서
391710,코닉오토메이션,KOSDAQ,보통주,1132.0,0.09,48200000000.0,42620.0,28019.0,0.91,-8.91,-11.44,-2900443112.0,30100048633.0,23698821253.0,-2741701591.0,24593341543.0,48292162796.0,1023995819.0,55510910029.0,13112062563.0,45433465.0,26114656893.0,39226719456.0,2337095178.0,27347504225.0,16471765827.0,1842558733.0,26173693471.0,42645459298.0,96.36,-9.11,-11.79,2025,사업보고서
315640,딥노이드,KOSDAQ,보통주,1764.0,1.67,51800000000.0,29372.0,50630.0,2.82,-3.33,-45.24,-10747895228.0,7471991050.0,11974723790.0,-10557394860.0,28478883938.0,40453607728.0,-9077685388.0,10847380732.0,12932503941.0,-10095677184.0,19041473121.0,31973977062.0,-6737065539.0,1933065857.0,7246314846.0,-6726839518.0,27177742341.0,34424057187.0,42.05,-141.29,-37.74,2025,사업보고서
071670,에이테크솔루션,KOSDAQ,보통주,5070.0,1.4,50700000000.0,10000.0,13744.0,1.73,-41.56,0.53,330058000.0,305490060000.0,234362281000.0,611284000.0,88888724000.0,323251005000.0,395925000.0,289527428000.0,192411725000.0,492317000.0,87837651000.0,280249376000.0,1358565000.0,268503739000.0,183341619000.0,3937259000.0,86466087000.0,269807706000.0,263.66,0.2,0.37,2025,사업보고서
463480,모티브링크,KOSDAQ,보통주,4000.0,2.3,49600000000.0,12390.0,19577.0,1.84,-17.02,-0.4,-112694601.0,67411311418.0,27277572457.0,-1723075249.0,36716879052.0,63994451509.0,1753388839.0,61738933021.0,24315542656.0,1721683537.0,19717592554.0,44033135210.0,4254081148.0,82917299058.0,29429543069.0,4519568757.0,17578389567.0,47007932636.0,74.29,-2.56,-0.31,2025,사업보고서
060560,HC홈센타,KOSDAQ,보통주,1996.0,-0.2,50700000000.0,25388.0,11891.0,1.74,-1.53,-13.14,-23844012309.0,298824352914.0,289168385077.0,-18513534433.0,207195553840.0,496363938917.0,5798177352.0,369039055143.0,247386183081.0,12312167768.0,240399458701.0,487785641782.0,31027488204.0,427496922550.0,214316328169.0,39719633111.0,230442745341.0,444759073510.0,139.56,-6.2,-11.51,2025,사업보고서
393970,대진첨단소재,KOSDAQ,보통주,2825.0,0.0,50400000000.0,17851.0,0.0,3.88,-1.4,-67.38,-40062664122.0,84513320058.0,100136465420.0,-20362494152.0,51781654354.0,151918119774.0,-372824483.0,88992921600.0,81222804320.0,5988654548.0,61757430308.0,142980234628.0,352188815.0,64645726523.0,66796489693.0,987270023.0,55689253807.0,122485743500.0,193.38,-24.09,-77.37,2025,사업보고서
246690,TS인베스트먼트,KOSDAQ,보통주,2125.0,3.66,50500000000.0,23778.0,84467.0,0.45,5.61,8.19,7001554457.0,19617531648.0,26808781551.0,9022853755.0,98364184868.0,125172966419.0,-2421387065.0,17597059268.0,8435390155.0,-3001864633.0,87211026207.0,95646416362.0,11967082163.0,26165566670.0,18989846957.0,14300519265.0,89845180457.0,108835027414.0,27.25,45.99,7.12,2025,사업보고서
260930,씨티케이,KOSDAQ,보통주,2460.0,-2.38,47600000000.0,19342.0,66060.0,3.82,-3.29,-4.6,-7326955831.0,89230284535.0,110480945380.0,-5666299231.0,146347679475.0,256828624855.0,-3746380469.0,83598956255.0,34661036271.0,134939173.0,156518215203.0,191179251474.0,6230656497.0,88916001181.0,31215275974.0,2740146615.0,158492395433.0,189707671407.0,75.49,-6.35,-5.01,2025,사업보고서
014950,삼익제약,KOSDAQ,보통주,6760.0,19.22,68100000000.0,10068.0,8790580.0,0.78,-42.25,-1.25,-754888317.0,60020414513.0,16238307359.0,3272885603.0,68984915354.0,85223222713.0,3522194507.0,55857374361.0,12356758129.0,3677956161.0,51951945269.0,64308703398.0,2969268109.0,51228980608.0,10696940098.0,2796199375.0,48335195224.0,59032135322.0,23.54,5.45,-1.09,2025,사업보고서
340810,시선AI,KOSDAQ,보통주,3900.0,1.96,54400000000.0,13949.0,201239.0,2.95,-5.44,-122.89,-15336171320.0,13970253305.0,19782311315.0,-11271052457.0,15392811496.0,35175122811.0,-10660375208.0,14447002396.0,19069258164.0,-10440188251.0,10095629742.0,29164887906.0,-9628112240.0,14100761179.0,21938675743.0,-9771154270.0,20628537910.0,42567213653.0,128.52,-80.68,-99.63,2025,사업보고서
038010,제일테크노스,KOSDAQ,보통주,5370.0,0.0,48300000000.0,9000.0,7633.0,4.53,3.69,7.27,10221141565.0,133579370211.0,36978482744.0,7141802513.0,142536370399.0,179514853143.0,20975529937.0,183926463645.0,44757110209.0,20689010701.0,132702407274.0,177459517483.0,26048029783.0,242901053183.0,81700928079.0,35183174756.0,113749623335.0,195450551414.0,25.94,5.35,7.17,2025,사업보고서
109080,옵티시스,KOSDAQ,보통주,8220.0,1.36,46300000000.0,5636.0,3511.0,2.26,9.05,7.7,4422657240.0,25727162593.0,6053042209.0,4514146425.0,59182595685.0,65235637894.0,4739341728.0,23757537224.0,4516667810.0,2705388303.0,55704589845.0,60221257655.0,2307328888.0,21994615123.0,5646715433.0,831109475.0,52430677657.0,58077393090.0,10.23,17.55,7.47,2025,사업보고서
317850,대모,KOSDAQ,보통주,5810.0,0.69,48400000000.0,8324.0,17124.0,3.78,21.05,4.0,1893744903.0,40730717139.0,16680468860.0,1910158830.0,48126743303.0,64807212163.0,131919431.0,41319031078.0,15046298985.0,116803828.0,46459470438.0,61505769423.0,-244027673.0,44410624430.0,16796593993.0,-378452195.0,46347732881.0,63144326874.0,34.66,4.69,3.93,2025,사업보고서
122310,제노레이,KOSDAQ,보통주,3360.0,-0.74,48900000000.0,14554.0,2204.0,1.96,18.77,0.89,628482519.0,108042067262.0,47477455965.0,-243289025.0,83750694061.0,131228150026.0,-2536540303.0,106981860603.0,38166895927.0,6509094243.0,85277562527.0,123444458454.0,12356204108.0,97897440573.0,28736501348.0,12757041199.0,95533182650.0,124269683998.0,56.69,-0.23,0.75,2025,사업보고서
037950,엘컴텍,KOSDAQ,보통주,2900.0,0.52,49000000000.0,16890.0,18480.0,0.56,9.39,3.05,1964475179.0,46291152553.0,12725765691.0,2217156372.0,74596055967.0,87321821658.0,4539527002.0,57384537439.0,10698031336.0,3555446608.0,72515491814.0,83213523150.0,2203840185.0,56635889299.0,7827937060.0,2126026610.0,68193496001.0,76021433061.0,17.06,4.79,2.63,2025,사업보고서
317690,퀀타매트릭스,KOSDAQ,보통주,2460.0,3.58,49500000000.0,20135.0,24763.0,18.31,-2.72,-83.64,-19460421098.0,3688305345.0,12666981253.0,-15555988855.0,40005489818.0,52672471071.0,-20168600441.0,2497118525.0,20295852520.0,-16148156516.0,6530650499.0,26826503019.0,-21556016716.0,3117941523.0,4546307773.0,-22448003344.0,18119805856.0,22666113629.0,31.66,-421.77,-48.64,2025,사업보고서
068330,일신바이오,KOSDAQ,보통주,1120.0,0.0,49500000000.0,44216.0,50043.0,3.07,8.24,7.65,4793275029.0,14530428309.0,3788323135.0,4546087339.0,64796478119.0,68584801254.0,3811741959.0,10817961079.0,3490285518.0,2262143402.0,60449710729.0,63939996247.0,6232490537.0,16437046608.0,3554043522.0,6214358152.0,57063990371.0,60618033893.0,5.85,31.29,7.4,2025,사업보고서
179900,유티아이,KOSDAQ,보통주,2365.0,12.62,51000000000.0,21569.0,603640.0,9.61,-2.53,-53.43,-37389766928.0,19972205414.0,148840446866.0,-48310857293.0,65449545040.0,214289991906.0,-22739003198.0,18560210791.0,86087550491.0,-32244174319.0,74552206980.0,160639757471.0,-29567648376.0,19361163288.0,83611367761.0,-19731810602.0,17215221507.0,100826589268.0,227.41,-241.89,-57.13,2025,사업보고서
199550,레이저옵텍,KOSDAQ,보통주,3555.0,9.55,52800000000.0,14846.0,149726.0,1.98,-6.76,-40.82,-10743980996.0,25695436108.0,14369905575.0,-12044971203.0,22181523899.0,36551429474.0,-783254818.0,33037915734.0,14888370468.0,-196045064.0,30461354342.0,45349724810.0,16781543.0,34352053954.0,9732104439.0,4480826362.0,20077919483.0,29810023922.0,64.78,-46.88,-48.44,2025,사업보고서
063440,SM Life Design,KOSDAQ,보통주,1029.0,0.0,46600000000.0,45319.0,34094.0,2.42,9.03,8.52,5496856845.0,53324973138.0,6211416337.0,4575636524.0,67255542581.0,73466958918.0,4870454585.0,44780387467.0,7706707879.0,3526292536.0,61795348671.0,69502056550.0,4738244746.0,47318501515.0,6477943192.0,2685360549.0,57007605133.0,63485548325.0,9.24,8.58,8.17,2025,사업보고서
053450,세코닉스,KOSDAQ,보통주,3080.0,-0.81,45600000000.0,14793.0,36214.0,6.17,-1.3,3.44,4982219601.0,434869078123.0,163139713808.0,3006279897.0,141745386933.0,304885100741.0,9978400264.0,462708965937.0,145355651539.0,14423020838.0,137353782046.0,282709433585.0,11379208943.0,502361137353.0,162210920578.0,16166026744.0,123265087134.0,285476007712.0,115.09,0.69,3.51,2025,사업보고서
440290,HB인베스트먼트,KOSDAQ,보통주,1748.0,-0.06,48100000000.0,27506.0,18513.0,1.12,8.53,6.98,6140289348.0,17401010000.0,6153643301.0,7258048422.0,88644163964.0,94797807265.0,6036570873.0,15154239893.0,4564019381.0,6494612538.0,87347518196.0,91911537577.0,8880952160.0,20516634627.0,6898165490.0,10605665105.0,58439464323.0,65337629813.0,6.94,41.71,6.93,2025,사업보고서
145170,노브랜드,KOSDAQ,보통주,2750.0,0.36,46500000000.0,16908.0,10991.0,1.96,9.11,3.3,5081682077.0,602167956744.0,253526525481.0,13339654120.0,153664391585.0,407190917066.0,-16973328241.0,546244869159.0,239670939580.0,17574240012.0,154232023266.0,393902962846.0,842349469.0,459102124440.0,175102315604.0,10483622528.0,97851708227.0,272954023831.0,164.99,2.22,3.31,2025,사업보고서
321260,프로이천,KOSDAQ,보통주,1649.0,1.85,46500000000.0,28192.0,61755.0,6.6,4.91,9.39,3916817486.0,31533846355.0,5247236440.0,2771555590.0,42926368267.0,48173604707.0,5601382311.0,36028044979.0,5621583825.0,1177001330.0,40525546121.0,46147129946.0,3447951116.0,33363102492.0,6966399500.0,1468893907.0,36888606967.0,43855006467.0,12.22,8.79,9.12,2025,사업보고서
065130,탑엔지니어링,KOSDAQ,보통주,2865.0,1.06,45900000000.0,16004.0,23750.0,4.28,-4.74,-21.16,-45662339345.0,798498300100.0,203875637612.0,-35218756971.0,288247576792.0,492123214404.0,4558860614.0,815419033739.0,255698116320.0,-7468707032.0,341466277016.0,597164393336.0,22088083412.0,959380436380.0,232048661852.0,21906235140.0,330002709644.0,562051371496.0,70.73,-4.41,-15.84,2025,사업보고서
053980,오상자이엘,KOSDAQ,보통주,2500.0,-0.4,47500000000.0,18983.0,47465.0,2.58,4.13,9.73,10369359295.0,136351809586.0,37919176325.0,11001351015.0,109086671345.0,147005847670.0,6356780945.0,116919394819.0,32184715064.0,7970359555.0,104064859018.0,136249574082.0,23869358371.0,103285811808.0,37542175295.0,6343563755.0,95845375038.0,133387550333.0,34.76,8.07,9.51,2025,사업보고서
082660,코스나인,KOSDAQ,보통주,480.0,0.0,47800000000.0,99641.0,0.0,0.71,-2.29,-68.6,,,,,,,-19463045883.0,9745770767.0,16944357845.0,-8285302600.0,22079843272.0,39024201117.0,-5878202869.0,9608034644.0,17442563836.0,-6528555949.0,34666123728.0,52108687564.0,,,,2025,사업보고서
143540,영우디에스피,KOSDAQ,보통주,1046.0,4.6,46700000000.0,44600.0,68465.0,2.3,4.55,19.84,5557387299.0,80504197379.0,38394939061.0,5907340652.0,30149263610.0,68544202671.0,-3943467235.0,59066008257.0,43714563812.0,-4973701551.0,24759391285.0,68473955097.0,-12902152107.0,47814660587.0,42417319053.0,-11093300758.0,28688524971.0,71105844024.0,127.35,7.34,18.43,2025,사업보고서
418250,시큐레터,KOSDAQ,보통주,6550.0,0.0,47600000000.0,7272.0,0.0,0.62,-19.26,-81.34,-4287634762.0,1168573306.0,1474484905.0,-4286950415.0,3650863442.0,5125348347.0,-9435751464.0,1411766617.0,4024049864.0,-7263579966.0,6891666077.0,10915715941.0,-5756975659.0,2173321638.0,2901838434.0,-5884657526.0,16095325470.0,18997163904.0,40.39,-366.85,-117.44,2025,사업보고서
099410,동방선기,KOSDAQ,보통주,3375.0,1.96,47200000000.0,14000.0,31420.0,3.09,4.13,17.34,7949293780.0,41878629483.0,17091025912.0,9289358838.0,49838946052.0,66929971964.0,6043898882.0,35715981658.0,18263355673.0,4081910540.0,41834341932.0,60097697605.0,4796478572.0,27307982909.0,10756095924.0,3414161413.0,35087554489.0,45843650413.0,34.29,22.18,15.95,2025,사업보고서
340360,다보링크,KOSDAQ,보통주,1015.0,0.89,52800000000.0,52063.0,230038.0,0.61,-7.36,-38.06,-5010451268.0,63202011258.0,25526891943.0,-1900705989.0,15160825696.0,40687717639.0,-5638514587.0,65921266384.0,16917361778.0,-1651019238.0,11171165486.0,28088527264.0,-1777785274.0,75369137413.0,20153903465.0,-907830665.0,16809680073.0,36963583538.0,168.37,-3.01,-33.05,2025,사업보고서
384470,코어라인소프트,KOSDAQ,보통주,2490.0,-0.2,44700000000.0,17947.0,32666.0,3.64,-3.29,-132.77,-14496260923.0,,22620549245.0,-13444847755.0,18172083684.0,40792632929.0,-14137902346.0,,21000777346.0,-13779081599.0,3664069400.0,24664846746.0,-14082727158.0,,4152280428.0,-11656276687.0,11709660743.0,15861941171.0,124.48,,-79.77,2025,사업보고서
023440,제이스코홀딩스,KOSDAQ,보통주,521.0,0.0,47000000000.0,90143.0,0.0,1.5,-1.77,-61.93,-32026327159.0,41057598387.0,61208928935.0,-8478166770.0,54838306820.0,116047235755.0,-26718018879.0,28367530826.0,56844124351.0,-14685650467.0,49051398352.0,105895522703.0,-24383417124.0,55349435845.0,65145719325.0,-8360586051.0,62779004730.0,127924724055.0,111.62,-20.65,-58.4,2025,사업보고서
317870,엔바이오니아,KOSDAQ,보통주,5170.0,1.17,45700000000.0,8842.0,14884.0,3.78,-5.92,-27.16,-11251943706.0,14278768705.0,46723746771.0,-6221608041.0,35620910970.0,82344657741.0,-2115801848.0,14224121375.0,19337545595.0,-2108771552.0,45552083927.0,64889629522.0,-3932306012.0,14654775506.0,21718060388.0,-205229109.0,42026470714.0,63744531102.0,131.17,-43.57,-31.59,2025,사업보고서
471820,셀로맥스사이언스,KOSDAQ,보통주,4055.0,-0.98,45800000000.0,11303.0,946.0,0.67,15.3,6.49,3090252293.0,22183949136.0,3989936546.0,2835403592.0,46918021815.0,50907958361.0,3817248249.0,21630336194.0,4578609271.0,5500520367.0,44521657843.0,49100267114.0,4499299543.0,19309523033.0,2712573825.0,4618736755.0,30114697955.0,32827271780.0,8.5,12.78,6.59,2025,사업보고서
072470,우리산업홀딩스,KOSDAQ,보통주,2400.0,1.69,45300000000.0,18887.0,10250.0,1.71,3.78,8.0,18970302428.0,705003098505.0,298319400408.0,34240369035.0,211572587232.0,509891987640.0,1328333380.0,645259102794.0,290849708346.0,15025930892.0,198190430170.0,489040138516.0,15174927692.0,575273528400.0,282337228973.0,21263010301.0,196411418989.0,478748647962.0,141.0,4.86,8.97,2025,사업보고서
361570,알비더블유,KOSDAQ,보통주,1580.0,1.35,45400000000.0,28743.0,20833.0,3.94,11.53,-6.88,-3822576836.0,46476881443.0,114089652583.0,169191031.0,67535169672.0,181624822255.0,-11494490662.0,62519905445.0,94044015202.0,-12208367924.0,70096262266.0,164140277468.0,-5537504670.0,91434324727.0,96166871900.0,-2247765168.0,85853377557.0,182020249457.0,168.93,0.36,-5.66,2025,사업보고서
129890,앱코,KOSDAQ,보통주,1014.0,1.0,46200000000.0,45546.0,69076.0,2.43,8.82,10.8,6409461559.0,83427579554.0,41649306993.0,3176674216.0,62115790077.0,103765097070.0,4702254982.0,93368353634.0,41189716951.0,4819241502.0,56617240558.0,97806957509.0,1808299189.0,98938963953.0,37811042333.0,2154943774.0,57913084843.0,95724127176.0,67.05,3.81,10.32,2025,사업보고서
227950,엔투텍,KOSDAQ,보통주,1319.0,0.08,45500000000.0,34508.0,85340.0,0.37,4.24,17.7,18963126197.0,28763646487.0,21295368275.0,9439321153.0,127709935824.0,149005304099.0,-25257893808.0,13614360273.0,7034986595.0,-3521641514.0,86567527434.0,93602514029.0,11125550062.0,13054534556.0,7929782604.0,-3315350440.0,112343680329.0,120273462933.0,16.67,32.82,14.85,2025,사업보고서
476040,오가노이드사이언스,KOSDAQ,보통주,6630.0,1.22,43700000000.0,6586.0,31831.0,7.11,-2.38,-76.89,-15738981251.0,2406581881.0,12349551955.0,-16200194886.0,24844371523.0,37193923478.0,-11535516685.0,1953269926.0,10599709820.0,-12234968461.0,15292631108.0,25892340928.0,-38868144428.0,1591048390.0,110024038247.0,-9794834388.0,-77268635096.0,32755403151.0,49.71,-673.16,-63.35,2025,사업보고서
136410,아셈스,KOSDAQ,보통주,4070.0,-0.25,44800000000.0,11019.0,15386.0,2.27,6.9,12.97,8981921131.0,60272993631.0,40985904186.0,12001220205.0,73935530029.0,114921434215.0,6128185864.0,57174933309.0,40018301870.0,9224205328.0,66760271892.0,106778573762.0,3266063362.0,47734640838.0,39462438291.0,6008991810.0,61288371015.0,100750809306.0,55.43,19.91,12.15,2025,사업보고서
094970,제이엠티,KOSDAQ,보통주,2725.0,0.0,45600000000.0,16748.0,34741.0,5.25,2.24,10.13,15902327664.0,200224698801.0,86124162454.0,13141453551.0,183875615875.0,269999778329.0,10589559309.0,164020138293.0,70313255653.0,5283739326.0,175396662305.0,245709917958.0,23247725390.0,122737483734.0,63642163792.0,14826526543.0,158150354173.0,221792517965.0,46.84,6.56,8.65,2025,사업보고서
163280,에어레인,KOSDAQ,보통주,3550.0,0.0,48300000000.0,13603.0,23241.0,4.15,6.99,4.22,2800297219.0,28075652732.0,42482207479.0,3088719631.0,68875247902.0,111357455381.0,1976091478.0,24499902644.0,18428638491.0,1871004711.0,64006308597.0,82434947088.0,-15060340871.0,16343932414.0,11131656111.0,240058771.0,34090920968.0,45222577079.0,61.68,11.0,4.07,2025,사업보고서
051390,YW,KOSDAQ,보통주,3890.0,0.0,44200000000.0,11355.0,920.0,2.3,9.09,6.15,5078203629.0,16537865424.0,13357339838.0,5777257381.0,84366794544.0,97724134382.0,4267815405.0,16535952409.0,15715960280.0,5435769480.0,80811326954.0,96527287234.0,5339132030.0,36985666180.0,17693677203.0,6475058909.0,79878666158.0,97572343361.0,15.83,34.93,6.02,2025,사업보고서
229000,젠큐릭스,KOSDAQ,보통주,1866.0,0.76,43700000000.0,23428.0,49400.0,2.03,-4.91,-47.25,-7386196311.0,7548219535.0,15738508034.0,-6567914795.0,16368985990.0,32107494024.0,-4147842273.0,5133768897.0,15147394717.0,-8529370119.0,14896659415.0,30044054132.0,-20139383953.0,2600317668.0,21498605085.0,-11158545309.0,12003304356.0,33501909441.0,96.15,-87.01,-45.12,2025,사업보고서
198080,캐프,KOSDAQ,보통주,2150.0,0.47,46300000000.0,21535.0,25553.0,3.65,2.23,15.73,19466979034.0,295201227543.0,89669851344.0,24273352321.0,131606937510.0,221276788854.0,19077047786.0,314860003676.0,106163651756.0,19953699021.0,115905879188.0,222069530944.0,3304542495.0,235656834157.0,107855570616.0,5917198377.0,92969067960.0,200824638576.0,68.13,8.22,14.79,2025,사업보고서
081180,쎄크,KOSDAQ,보통주,5040.0,5.44,44500000000.0,8826.0,28429.0,6.04,-7.26,-13.51,-3785478918.0,59205964528.0,48626031963.0,-3064318083.0,35370638620.0,83996670583.0,2066870180.0,53931372723.0,57574142347.0,1335945972.0,20570027396.0,78144169743.0,-6934358155.0,50435649742.0,87065406142.0,240189665.0,-13185039952.0,73880366190.0,137.48,-5.18,-10.7,2025,사업보고서
224110,에이텍모빌리티,KOSDAQ,보통주,8880.0,3.74,45100000000.0,5080.0,7426.0,3.99,-341.54,0.99,684538859.0,64276763286.0,25762777323.0,6170645077.0,69533305940.0,95296083263.0,19676978755.0,42823602334.0,47921792734.0,2831449626.0,98593618162.0,146515410896.0,11044491704.0,37302333193.0,77721820820.0,2306897404.0,98129741278.0,175851562098.0,37.05,9.6,0.98,2025,사업보고서
189980,흥국에프엔비,KOSDAQ,보통주,1174.0,-0.42,47100000000.0,40138.0,30975.0,2.78,10.67,8.1,7986681935.0,99378439543.0,125716028441.0,8532024436.0,100057262078.0,225773290519.0,5197334782.0,102624064718.0,123960968622.0,10742388621.0,97122319579.0,221083288201.0,8685706175.0,101121012105.0,113464411433.0,10258667370.0,98960039044.0,212424450477.0,125.64,8.59,7.98,2025,사업보고서
072990,에이치시티,KOSDAQ,보통주,3100.0,2.82,44900000000.0,14498.0,13461.0,8.22,51.67,6.68,5222087765.0,107526581029.0,84753947276.0,8273465990.0,96795003570.0,181548950846.0,5331546969.0,94405219158.0,72766686801.0,11206401358.0,94429724105.0,167196410906.0,6206847837.0,74110894233.0,57346175798.0,8012436386.0,83744359907.0,141090535705.0,87.56,7.69,5.39,2025,사업보고서
286750,나노실리칸첨단소재,KOSDAQ,보통주,2595.0,1.37,41600000000.0,16014.0,67775.0,0.92,-5.0,-25.42,-5563397400.0,5976639350.0,17552823277.0,-6580662725.0,27420315152.0,44973138429.0,238348937.0,5278777668.0,11736763346.0,-3439815714.0,16345270555.0,28082033901.0,-6284184495.0,6459076533.0,19063286755.0,-2482020008.0,9704114921.0,28767401676.0,64.01,-110.11,-20.29,2025,사업보고서
048770,TPC로보틱스,KOSDAQ,보통주,3965.0,30.0,62200000000.0,15698.0,1859689.0,3.96,-40.88,-6.61,-2518598014.0,86327967145.0,69326212676.0,-2300461955.0,37400187205.0,106726399881.0,-4793191853.0,86444286561.0,71020222337.0,-2479613149.0,42206403781.0,113226626118.0,-7129220884.0,86177095415.0,68469142075.0,-5157696134.0,45677572998.0,114146715073.0,185.36,-2.66,-6.73,2025,사업보고서
127710,아시아경제,KOSDAQ,보통주,1025.0,2.09,45200000000.0,44049.0,11458.0,0.14,-33.06,3.39,3108611329.0,73144595774.0,240008283034.0,5479447146.0,92608881308.0,332617164342.0,-76758413928.0,77972576476.0,279876278163.0,-35165441020.0,90900770634.0,370777048797.0,-23452151830.0,93135610392.0,384741200319.0,-28489053783.0,168912034018.0,553653234337.0,259.16,7.49,3.36,2025,사업보고서
114450,그린생명과학,KOSDAQ,보통주,2330.0,-0.21,46600000000.0,20000.0,53955.0,2.34,6.33,0.3,110132143.0,40339622036.0,16575877035.0,204292480.0,38287814733.0,54863691768.0,1561955365.0,24860636227.0,9224015117.0,376909432.0,35747597395.0,44971612512.0,-16357737235.0,22369480277.0,7874427156.0,-4643025625.0,35954000899.0,43828428055.0,43.29,0.51,0.29,2025,사업보고서
277070,린드먼아시아,KOSDAQ,보통주,3120.0,-1.27,42700000000.0,13692.0,5677.0,1.31,62.4,5.01,2988899431.0,7432097638.0,5622283632.0,3602841246.0,60209731444.0,65832015076.0,3360735403.0,9094055307.0,10769819103.0,4209661938.0,59210971083.0,69980790186.0,3677471296.0,9667503356.0,10408040871.0,3400246788.0,56397998529.0,66806039400.0,9.34,48.48,4.96,2025,사업보고서
307280,원바이오젠,KOSDAQ,보통주,6070.0,-1.62,43100000000.0,7095.0,12390.0,2.26,5.15,16.55,6459097224.0,35244285942.0,5001859947.0,7926377772.0,42623539953.0,47625399900.0,5338692987.0,30439668570.0,4001792967.0,6406557277.0,37267525192.0,41269318159.0,5960986356.0,29614740095.0,10278715703.0,7122657150.0,32624769872.0,42903485575.0,11.73,22.49,15.15,2025,사업보고서
159580,제로투세븐,KOSDAQ,보통주,2195.0,0.92,44000000000.0,20033.0,11306.0,2.65,9.76,4.2,3450005048.0,70954645139.0,8392650134.0,2515500922.0,83357527171.0,91750177305.0,500048293.0,66894426050.0,9254491987.0,1526092598.0,80798908142.0,90053400129.0,963997669.0,69412990004.0,7880863231.0,2324081274.0,81537381780.0,89418245011.0,10.07,3.55,4.14,2025,사업보고서
382150,온코크로스,KOSDAQ,보통주,3455.0,0.14,45100000000.0,13046.0,45938.0,1.81,-6.39,-52.79,-8928714245.0,,15584971328.0,-8805364006.0,13372292787.0,28957264115.0,-6483143556.0,,2091053364.0,-6919893247.0,20456925689.0,22547979053.0,-4214429550.0,,1098997838.0,-6566877252.0,16486811038.0,17585808876.0,116.55,,-66.77,2025,사업보고서
052790,액토즈소프트,KOSDAQ,보통주,4085.0,2.0,44600000000.0,10925.0,9054.0,52.84,0.86,12.77,31665500645.0,69927864483.0,122371104600.0,28586567849.0,256932617211.0,379303721811.0,7440603025.0,79646602856.0,132396117534.0,29466439863.0,239167345744.0,371563463278.0,34035088213.0,89363311393.0,109500266294.0,42439379218.0,248737368705.0,358237634999.0,47.63,40.88,12.32,2025,사업보고서
066130,하츠,KOSDAQ,보통주,3450.0,0.58,44200000000.0,12800.0,9362.0,2.05,5.84,8.0,9065170328.0,176939282893.0,42455353844.0,10354345313.0,116727116785.0,159182470629.0,8880676863.0,186549537819.0,48142320209.0,10713401256.0,109992119742.0,158134439951.0,6004414153.0,154622787162.0,42267051648.0,6282289333.0,101765594941.0,144032646589.0,36.37,5.85,7.77,2025,사업보고서
189860,서전기전,KOSDAQ,보통주,4195.0,0.84,40700000000.0,9699.0,51468.0,2.94,3.83,19.86,6938627021.0,68106757182.0,30481820489.0,-8800092301.0,38400077930.0,68881898419.0,1083310880.0,63335667930.0,31961322330.0,612300391.0,31475500021.0,63436822351.0,-3742368393.0,43269003267.0,24247643553.0,-3459108384.0,30352827008.0,54600470561.0,79.38,-12.92,18.07,2025,사업보고서
050120,ES큐브,KOSDAQ,보통주,3225.0,-3.01,43700000000.0,13564.0,5417.0,2.64,9.19,-2.32,-2052118271.0,13932072968.0,7120890572.0,-12834092193.0,91327959805.0,98448850377.0,909488673.0,16172075695.0,4509174709.0,-3743000293.0,85901731483.0,90410906192.0,-27938425125.0,63333992892.0,5267023017.0,10789653339.0,82525973843.0,87792996860.0,7.8,-92.12,-2.25,2025,사업보고서
178780,일월지엠엘,KOSDAQ,보통주,2415.0,2.55,45000000000.0,18639.0,14214.0,1.17,10.45,14.03,5285241292.0,33906273181.0,6367313668.0,2037248444.0,41920149953.0,48287463621.0,7481543328.0,39329981900.0,12727277864.0,4331569122.0,33445815007.0,46173092871.0,-6577475613.0,28583603983.0,24944320834.0,-372507494.0,13378941795.0,38323262629.0,15.19,6.01,12.61,2025,사업보고서
461030,아이엠비디엑스,KOSDAQ,보통주,2910.0,-1.69,41700000000.0,14335.0,17127.0,6.12,-5.42,-27.54,-7933872386.0,5328626310.0,1955274040.0,-8664254150.0,25164597637.0,27119871677.0,-9576690038.0,3406964929.0,1593263955.0,-10611580142.0,32454192299.0,34047456254.0,-10416435627.0,4026931213.0,1498178008.0,-7768838247.0,8322586421.0,9820764429.0,7.77,-162.6,-31.53,2025,사업보고서
288330,파라택시스코리아,KOSDAQ,보통주,416.0,0.0,44100000000.0,106081.0,0.0,51.78,-1.35,-88.61,-32239564842.0,,27041242655.0,-15153803090.0,43789604699.0,70830847354.0,-19932969236.0,,5927588110.0,-19008362312.0,27564663503.0,33492251613.0,-42455262384.0,,13495836955.0,-40349292514.0,20726096649.0,34221933604.0,61.75,,-73.62,2025,사업보고서
208860,다산디엠씨,KOSDAQ,보통주,1303.0,0.0,44200000000.0,33950.0,0.0,0.96,-15.51,-13.05,-6737113012.0,113733785377.0,57214090937.0,2762848941.0,55598948423.0,112813039360.0,3249177349.0,11214636407.0,6932404992.0,1789120145.0,52184972888.0,59117377880.0,-6034420330.0,4941175060.0,22583836840.0,-2990583502.0,8339213489.0,30923050329.0,102.9,2.43,-12.12,2025,사업보고서
0010V0,제이피아이헬스케어,KOSDAQ,보통주,8750.0,0.23,44700000000.0,5105.0,3504.0,0.99,6.21,10.02,4842276008.0,48466916636.0,19327686029.0,4859402764.0,63050499393.0,82378185422.0,5552550795.0,45053480051.0,24476147053.0,3938248315.0,41375829781.0,65851976834.0,6339075203.0,45411777642.0,16254707885.0,6570159572.0,37351857679.0,53606565564.0,30.65,10.03,7.68,2025,사업보고서
190650,코리아에셋투자증권,KOSDAQ,보통주,6810.0,0.29,43500000000.0,6388.0,737.0,1.55,7.42,5.94,7731258329.0,268468292390.0,306140349807.0,10250470717.0,97520053886.0,403660403693.0,5807380067.0,217257677789.0,204390355523.0,7874736407.0,93016376971.0,297406732494.0,-2767135839.0,223010003597.0,278673833408.0,-2084466717.0,88308634956.0,366982468364.0,313.93,3.82,7.93,2025,사업보고서
373200,엑스플러스,KOSDAQ,보통주,1703.0,1.31,42600000000.0,25043.0,45509.0,1.23,-4.94,-13.56,-2289404338.0,10076623856.0,36560095078.0,-5155503426.0,20694488391.0,57254583469.0,-2111265607.0,10426581859.0,14723596918.0,-3890823088.0,10547147216.0,25270744134.0,-8552100362.0,9776117626.0,27872054450.0,-3703454492.0,5014599333.0,32886653783.0,176.67,-51.16,-11.06,2025,사업보고서
073110,엘엠에스,KOSDAQ,보통주,5050.0,1.51,44900000000.0,8896.0,3027.0,1.04,14.47,-16.2,-12129886806.0,69574137851.0,77459151590.0,-9620928001.0,72842138049.0,150301289639.0,-4615725822.0,67710083550.0,78958609319.0,-3669989407.0,76890624536.0,155849233855.0,-13058262669.0,75763936341.0,74478676352.0,-8603018728.0,82584343410.0,157063019762.0,106.34,-13.83,-16.65,2025,사업보고서
007680,대원,KOSDAQ,보통주,3365.0,0.15,44500000000.0,13223.0,5703.0,0.67,-23.21,-2.99,-8497939186.0,112122269871.0,230174715710.0,-13753624316.0,279287904146.0,509462619856.0,2630758754.0,277180783733.0,193280670250.0,198437423.0,287991061779.0,481271732029.0,-57366416559.0,436092001499.0,186996049591.0,-61997670665.0,299536869081.0,486532918672.0,82.41,-12.27,-3.04,2025,사업보고서
466410,사이냅소프트,KOSDAQ,보통주,8810.0,-0.56,44400000000.0,5037.0,2968.0,2.6,7.85,8.53,5703045689.0,13472225245.0,2363447599.0,4673775543.0,69715491197.0,72078938796.0,5990121681.0,13252818490.0,5636736100.0,5074253584.0,64022017860.0,69658753960.0,6214843502.0,12723597799.0,7659685485.0,6433406838.0,33365599424.0,41025284909.0,3.39,34.69,8.18,2025,사업보고서
261520,이지스,KOSDAQ,보통주,4925.0,1.97,50600000000.0,10278.0,133817.0,2.22,-6.71,-11.93,-4807683600.0,21250116427.0,18527947100.0,-6798876860.0,48927876186.0,67455823286.0,3125609503.0,30275625425.0,22329830960.0,2387692657.0,31702224943.0,54032055903.0,3392018406.0,21406057623.0,25581589469.0,3004525128.0,15441982818.0,41023572287.0,37.87,-31.99,-9.83,2025,사업보고서
082850,우리바이오,KOSDAQ,보통주,897.0,0.0,43500000000.0,48457.0,0.0,5.95,12.46,-4.5,-10172625674.0,1043962208896.0,500573695663.0,952487589.0,261344306918.0,761918002581.0,8226500902.0,1237198398100.0,340613000867.0,15204543439.0,269204173918.0,609817174785.0,18946395938.0,1263943782342.0,334437555341.0,25996237350.0,251102846685.0,585540402026.0,191.54,0.09,-3.89,2025,사업보고서
083550,케이엠,KOSDAQ,보통주,3305.0,0.76,44800000000.0,13556.0,10602.0,2.37,9.66,3.26,4195379338.0,135414355363.0,49040407621.0,-392654872.0,130843390261.0,179883797882.0,-2371645196.0,131141520286.0,51317811526.0,-3432179664.0,127101963620.0,178419775146.0,-3658022973.0,127779372841.0,46894394681.0,-7742068380.0,127903008806.0,174797403487.0,37.48,-0.29,3.21,2025,사업보고서
258610,케일럼,KOSDAQ,보통주,1194.0,0.76,43600000000.0,36485.0,32434.0,1.5,74.62,-5.5,-2747929354.0,81698394490.0,34350062520.0,-813473054.0,45524288713.0,79874351233.0,2240683324.0,97331264354.0,42494865453.0,2774801050.0,47556066571.0,90050932024.0,-48873520830.0,84547280407.0,64824133583.0,-4408723587.0,31323105760.0,96147239343.0,75.45,-1.0,-6.04,2025,사업보고서
263020,디케이앤디,KOSDAQ,보통주,3140.0,0.0,43400000000.0,13836.0,22771.0,5.23,3.96,10.53,8651450191.0,142586770560.0,29680020604.0,12227468175.0,81093613543.0,110773634147.0,7439683686.0,112541798310.0,30379030861.0,8469647590.0,76627415270.0,107006446131.0,7584444716.0,89793446871.0,25623832131.0,8159350105.0,68810827679.0,94434659810.0,36.6,8.58,10.67,2025,사업보고서
218150,미래생명자원,KOSDAQ,보통주,2070.0,-0.24,42300000000.0,20416.0,94511.0,3.29,-12.11,-7.76,-2989604139.0,67554559835.0,16210903210.0,-1442979294.0,42752818381.0,58963721591.0,-419728670.0,62453269047.0,18237359146.0,183738401.0,45671928034.0,63909287180.0,359209934.0,60015912443.0,7430362056.0,20185933.0,44160153160.0,51590515216.0,37.92,-2.14,-6.99,2025,사업보고서
460470,아이빔테크놀로지,KOSDAQ,보통주,2840.0,4.03,42900000000.0,15119.0,19998.0,1.3,-16.05,-12.91,-3802595585.0,4375864077.0,2590288331.0,-4153030940.0,27637468000.0,30227756331.0,-4003437567.0,3564282688.0,3612233016.0,-4309493276.0,31274449418.0,34886682434.0,-5043515600.0,4495088983.0,3713812974.0,-2905069801.0,12817310580.0,16531123554.0,9.37,-94.91,-13.76,2025,사업보고서
355690,에이텀,KOSDAQ,보통주,4820.0,3.21,46100000000.0,9570.0,189817.0,1.61,-5.8,-122.92,-8464069912.0,70426120972.0,58737312757.0,-6541146635.0,14125127280.0,72862440037.0,-2245308301.0,20439957292.0,26870161626.0,-2611209633.0,12129396549.0,38999558175.0,-4723721519.0,38503123303.0,25550363763.0,-4148645895.0,15383860066.0,40934223829.0,415.84,-9.29,-59.92,2025,사업보고서
479960,위너스일렉,KOSDAQ,보통주,6100.0,1.67,43500000000.0,7126.0,3446.0,1.99,10.23,14.15,4651356101.0,31246643473.0,9170633498.0,5271316700.0,40746349313.0,49916982811.0,2471336634.0,26357463329.0,8610012386.0,2925395100.0,24983892506.0,33593904892.0,3018844553.0,27635509945.0,9422900657.0,3456692215.0,25341430049.0,34764330706.0,22.51,16.87,11.42,2025,사업보고서
059100,아이컴포넌트,KOSDAQ,보통주,6900.0,-1.0,48800000000.0,7071.0,10866.0,8.53,4.66,14.37,6006632805.0,34649217419.0,15177414254.0,6040285030.0,44338586542.0,59516000796.0,3293747618.0,37099175885.0,18821748687.0,2596972420.0,39285492875.0,58107241562.0,-2687949203.0,27349339969.0,21850664432.0,-2149500566.0,36102028402.0,57952692834.0,34.23,17.43,13.55,2025,사업보고서
131400,이브이첨단소재,KOSDAQ,보통주,855.0,3.89,51000000000.0,59592.0,1481794.0,1.31,-6.33,-17.09,-21574684330.0,58957039857.0,33728954687.0,-3175789091.0,102653297601.0,136382252288.0,-8294278981.0,81920209500.0,28397342198.0,2566102422.0,115640404640.0,144037746838.0,1560226018.0,62797170564.0,13984078691.0,-5770212015.0,120428984931.0,134413063622.0,32.86,-5.39,-21.02,2025,사업보고서
065500,오리엔트정공,KOSDAQ,보통주,1139.0,0.18,40700000000.0,35743.0,70316.0,5.01,-113.9,4.63,1797218259.0,157135799037.0,58664765136.0,912420409.0,39625585221.0,98290350357.0,-10544121.0,173404473713.0,61402956677.0,1221458629.0,38036984275.0,99439940952.0,-5683606424.0,162809370321.0,56699920182.0,1976608644.0,37596113390.0,94296033572.0,148.05,0.58,4.54,2025,사업보고서
199480,뱅크웨어글로벌,KOSDAQ,보통주,3940.0,1.55,40200000000.0,10197.0,59051.0,7.17,-145.93,-14.99,-2763085639.0,63448191187.0,29340184765.0,-4381350455.0,17941800217.0,47281984982.0,-14229718280.0,50200792001.0,33015965120.0,-14933898549.0,18913586715.0,51929551835.0,-7978634776.0,72913766913.0,34878056332.0,-4556157069.0,10185805180.0,45063861512.0,163.53,-6.91,-15.4,2025,사업보고서
424980,마이크로투나노,KOSDAQ,보통주,8290.0,4.02,49100000000.0,5919.0,47440.0,4.24,-18.93,-17.64,-4949620378.0,22228158731.0,24230690398.0,-3409038192.0,25841956542.0,50072646940.0,-7860260576.0,10151471769.0,22466655453.0,-9548635130.0,30272634823.0,52739290276.0,-7835162200.0,9370216743.0,20064341813.0,-12572002087.0,33444667375.0,53509009188.0,93.76,-15.34,-19.15,2025,사업보고서
037230,한국팩키지,KOSDAQ,보통주,1413.0,0.36,42100000000.0,29800.0,8009.0,2.21,12.85,5.19,5691742442.0,224078895876.0,107540492966.0,9944566716.0,111884714485.0,219425207451.0,1242963263.0,225600709096.0,118744684966.0,6793927118.0,107632455374.0,226377140340.0,4089789989.0,228068585477.0,119728591521.0,8550618324.0,107832187183.0,227560778704.0,96.12,4.44,5.09,2025,사업보고서
150900,파수AI,KOSDAQ,보통주,3545.0,2.75,41500000000.0,11704.0,25967.0,8.32,7.59,7.25,2720521326.0,46676052578.0,10741238758.0,2535965884.0,38072391484.0,48813630242.0,4613363673.0,46103328375.0,13536638959.0,3900271332.0,36655903275.0,50192542234.0,4471762763.0,42663565494.0,11933783551.0,3814974790.0,34994086298.0,46927869849.0,28.21,5.43,7.15,2025,사업보고서
373160,데이원컴퍼니,KOSDAQ,보통주,3000.0,-0.99,41400000000.0,13807.0,3891.0,0.67,12.77,13.74,4739762970.0,123860403525.0,36422750619.0,4571578722.0,45351035800.0,81773786419.0,-1611173207.0,127680095673.0,37338401136.0,-286759540.0,23665561742.0,61003962878.0,-7907327155.0,116589559474.0,135460299377.0,1122169574.0,-63858803273.0,71601496104.0,80.31,3.69,10.45,2025,사업보고서
273060,와이즈버즈,KOSDAQ,보통주,864.0,0.0,42500000000.0,49144.0,0.0,12.21,6.91,3.85,1861695079.0,45521333566.0,139815271003.0,7575499963.0,49914239292.0,189729510295.0,2129498624.0,30787809743.0,134212040210.0,2305243307.0,47697384478.0,181909424688.0,842932802.0,13858493766.0,51567692431.0,218773844.0,45636461171.0,97204153602.0,280.11,16.64,3.73,2025,사업보고서
123010,MSDI,KOSDAQ,보통주,2355.0,0.21,47600000000.0,20216.0,139626.0,0.0,-168.21,-11.59,-3288387344.0,38376486409.0,19866141471.0,207964299.0,26418953011.0,46285094482.0,-14598337804.0,39350756447.0,22127991297.0,-6879326731.0,30341358941.0,52469350238.0,-12225996329.0,32289441722.0,30271026033.0,-10123065895.0,45534706824.0,75805732857.0,75.2,0.54,-12.45,2025,사업보고서
238120,얼라인드,KOSDAQ,보통주,2865.0,-0.35,40700000000.0,14218.0,2131.0,2.67,8.87,8.01,2911419463.0,16015916140.0,20633406025.0,2442895493.0,37161351742.0,57794757767.0,4128033777.0,15777579149.0,8780660106.0,2779561522.0,35494356134.0,44275016240.0,3236017811.0,15214698591.0,9620379015.0,3337080633.0,31311482652.0,40931861667.0,55.52,15.25,7.83,2025,사업보고서
140520,대창스틸,KOSDAQ,보통주,2005.0,0.25,42300000000.0,21109.0,9008.0,1.05,6.49,1.91,2856401397.0,398574191699.0,104590994993.0,3355298284.0,149292697908.0,253883692901.0,763448315.0,402449365609.0,112754873595.0,2965845039.0,149468828236.0,262223701831.0,2110280841.0,419753133733.0,106677372273.0,5729081726.0,151785446944.0,258462819217.0,70.06,0.84,1.91,2025,사업보고서
450330,하스,KOSDAQ,보통주,5020.0,0.6,41100000000.0,8187.0,649.0,1.15,-264.21,3.37,1547936962.0,16590608547.0,8469879095.0,902809034.0,46383792405.0,54853671500.0,1791316210.0,16164621818.0,9425134857.0,1237994803.0,45455861038.0,54880995895.0,1795726428.0,16039074617.0,14031677528.0,1613779678.0,15150961744.0,29182639272.0,18.26,5.44,3.34,2025,사업보고서
089790,제이티,KOSDAQ,보통주,4785.0,-6.18,49400000000.0,10316.0,396664.0,7.76,4.26,-0.4,-389841482.0,38378522208.0,35690562843.0,-2197169362.0,64259677321.0,99950240164.0,4173268666.0,48945752594.0,26448875151.0,436399549.0,64705698769.0,91154573920.0,5492095891.0,47160458803.0,29692934958.0,2959841947.0,59789991736.0,89482926694.0,55.54,-5.72,-0.61,2025,사업보고서
196300,HLB펩,KOSDAQ,보통주,4345.0,3.08,41300000000.0,9494.0,8025.0,1.14,-12.67,-4.13,-642465594.0,4961730622.0,28073796410.0,-7320194555.0,25734059307.0,53807855717.0,-6793360308.0,6229007020.0,11136832951.0,-5439522485.0,5381363924.0,16518196875.0,-9079389198.0,5610913009.0,10475025927.0,-6716761081.0,10519978075.0,20995004002.0,109.09,-147.53,-2.5,2025,사업보고서
014190,원익큐브,KOSDAQ,보통주,1293.0,4.27,45800000000.0,35395.0,406250.0,4.34,6.99,2.59,2804729011.0,284760572162.0,39683480324.0,3308620898.0,110126193585.0,149809673909.0,2675445879.0,286805365033.0,46489578459.0,3564610646.0,106877322123.0,153366900582.0,4952400910.0,244376147023.0,35299849270.0,5600959959.0,104200640115.0,139500489385.0,36.03,1.16,2.55,2025,사업보고서
002290,삼일기업공사,KOSDAQ,보통주,3365.0,0.0,41700000000.0,12400.0,4754.0,5.2,7.03,9.62,6838447857.0,85177109801.0,24522490488.0,7394157183.0,73281158486.0,97803648974.0,5844472345.0,112650084355.0,17142535708.0,5653268035.0,68922710629.0,86065246337.0,3839135431.0,78639206759.0,11649114113.0,3104213935.0,65248238284.0,76897352397.0,33.46,8.68,9.33,2025,사업보고서
222420,쎄노텍,KOSDAQ,보통주,840.0,-0.83,40700000000.0,48419.0,82774.0,4.01,10.37,3.77,1348808906.0,35638307740.0,43766494406.0,3169827293.0,37041355357.0,80807849763.0,-2525300979.0,31548983520.0,52770828605.0,954775109.0,34566952642.0,87337781247.0,-5354149001.0,31111152868.0,59937088492.0,-1056389909.0,37197880292.0,97134968784.0,118.16,8.89,3.64,2025,사업보고서
052220,iMBC,KOSDAQ,보통주,1777.0,0.45,40900000000.0,23000.0,6875.0,3.69,27.34,-9.19,-5433678446.0,40045648499.0,9670195937.0,-7632134757.0,57375645280.0,67045841217.0,2012796967.0,45442807948.0,10686520563.0,634528436.0,63065794367.0,73752314930.0,2136461793.0,46303655129.0,13611010517.0,1156866116.0,60397488583.0,74008499100.0,16.85,-19.06,-9.47,2025,사업보고서
189690,포시에스,KOSDAQ,보통주,1540.0,0.39,42100000000.0,27322.0,14523.0,1.7,6.53,6.1,4545416888.0,32888839235.0,5536070399.0,4399159063.0,75173355253.0,80709425652.0,4719316033.0,31301738037.0,4276786385.0,4518043682.0,74132096332.0,78408882717.0,5214042224.0,33247383815.0,3316829990.0,5159258368.0,70691214853.0,74008044843.0,7.36,13.38,6.05,2025,사업보고서
084650,랩지노믹스,KOSDAQ,보통주,500.0,0.0,37100000000.0,74240.0,0.0,1.54,-0.72,-35.18,-64374532597.0,88161338250.0,80527296935.0,-53516541797.0,149622136414.0,230149433349.0,-23904093010.0,85898310580.0,79347973546.0,-18490511780.0,216314157965.0,295662131511.0,-5245806989.0,71076267854.0,85314336888.0,-6922971451.0,228142698615.0,313457035503.0,53.82,-60.7,-43.02,2025,사업보고서
072770,멤레이비티,KOSDAQ,보통주,887.0,-1.33,36800000000.0,41512.0,423611.0,0.12,-1.8,-39.59,-20634456405.0,89629369374.0,95274434067.0,-2807340148.0,47815572617.0,143090006684.0,-14879022141.0,130144952679.0,85915174235.0,-2820596330.0,58687302975.0,144602477210.0,-9127435828.0,89999273324.0,73686972552.0,-2038608597.0,73018624674.0,146705597226.0,199.25,-3.13,-43.15,2025,사업보고서
900250,크리스탈신소재,KOSDAQ,보통주,1154.0,0.7,41300000000.0,35815.0,63592.0,22.5,-5.63,-0.54,-9105398.0,353228450.0,174886418.0,54183226.0,2451068149.0,2625954567.0,44846555.0,334162693.0,171083285.0,72586372.0,2434612433.0,2605695718.0,50125489.0,345514301.0,122775470.0,88491709.0,2121915614.0,2244691084.0,7.14,15.34,-0.37,2025,사업보고서
043910,자연과환경,KOSDAQ,보통주,3535.0,1.87,40100000000.0,11339.0,48080.0,1.14,-7.93,-7.65,-6960160561.0,37308755838.0,44499268759.0,-3976303162.0,87697194070.0,132196462829.0,-3412890148.0,40733432025.0,47136178638.0,-2118667121.0,94896641536.0,142032820174.0,3980147171.0,69712373567.0,49289614874.0,4532296408.0,78150509494.0,127440124368.0,50.74,-10.66,-7.94,2025,사업보고서
038070,서린바이오,KOSDAQ,보통주,4265.0,-0.12,39700000000.0,9301.0,6691.0,2.06,43.08,0.87,573749467.0,77091299573.0,32746261160.0,691623464.0,86051686774.0,118797947934.0,3140248205.0,75410358630.0,14652341210.0,952670448.0,86872474357.0,101524815567.0,-2323066287.0,89569472309.0,28860665933.0,2494508388.0,85239244091.0,114099910024.0,38.05,0.9,0.67,2025,사업보고서
056700,신화인터텍,KOSDAQ,보통주,1422.0,0.0,41400000000.0,29135.0,28006.0,1.79,-474.0,3.5,3359544726.0,229135522771.0,71096602990.0,9095918206.0,97651106576.0,168747709566.0,844620883.0,247444120137.0,94941502880.0,5808525393.0,94290334344.0,189231837224.0,-16210719341.0,177452861811.0,90267264331.0,-15543220654.0,91497445183.0,181764709514.0,72.81,3.97,3.44,2025,사업보고서
042940,상지건설,KOSDAQ,보통주,6000.0,0.5,41000000000.0,6829.0,15197.0,0.0,-2.6,-14.41,-13494889254.0,18611908600.0,115783456554.0,-6846100596.0,99473010250.0,215256466804.0,-26742551168.0,20428414745.0,112766265971.0,-21767056471.0,87832389195.0,200598655166.0,37164662294.0,173869290148.0,121898866316.0,32464309346.0,107661699930.0,229560566246.0,116.4,-36.78,-13.57,2025,사업보고서
234100,폴라리스세원,KOSDAQ,보통주,2840.0,1.43,41500000000.0,14602.0,5585.0,0.0,16.42,0.23,2969287782.0,242634611034.0,72793883006.0,3350311645.0,382742011272.0,455535894278.0,13824022504.0,204644289190.0,73146502333.0,1153387563.0,329802618193.0,402949120526.0,12208328147.0,160350478984.0,51974849567.0,7363703486.0,237374060776.0,289348910343.0,19.02,1.38,0.78,2025,사업보고서
086060,진바이오텍,KOSDAQ,보통주,4865.0,-0.31,41900000000.0,8611.0,6275.0,2.72,11.42,7.15,3788812150.0,90788971774.0,20637782938.0,3922055781.0,54995936095.0,75633719033.0,2865233580.0,82959224586.0,21015937239.0,3843590214.0,50972317837.0,71988255076.0,2591395931.0,79476916086.0,17712144989.0,3952505473.0,48304747597.0,66016892586.0,37.53,4.32,6.89,2025,사업보고서
413640,비아이매트릭스,KOSDAQ,보통주,5930.0,7.23,42700000000.0,7207.0,52665.0,2.63,52.95,7.64,2394499300.0,31448256831.0,16352843090.0,866128864.0,32000443267.0,48353286357.0,3683027486.0,30866150941.0,18017467163.0,2026649857.0,30658461818.0,48675928981.0,-1796339294.0,25855874322.0,14105844077.0,-2700550603.0,27416683717.0,41522527794.0,51.1,2.75,7.48,2025,사업보고서
038060,루멘스,KOSDAQ,보통주,824.0,0.0,39600000000.0,48103.0,52761.0,5.14,-51.5,-6.12,-6651372956.0,175538081725.0,50173363972.0,-5026078971.0,105936884258.0,156110248230.0,8836564928.0,174227991930.0,56878008806.0,-1620317061.0,111439312894.0,168317321700.0,4005286642.0,171236881677.0,48651958356.0,2742020759.0,97803951319.0,146455909675.0,47.36,-2.86,-6.28,2025,사업보고서
290670,대보마그네틱,KOSDAQ,보통주,5820.0,-0.34,45700000000.0,7858.0,14277.0,1.37,-1.29,-100.32,-35500569163.0,26147290618.0,29522562910.0,-10443217543.0,17975697812.0,47498260722.0,-15756810425.0,28393852143.0,29274470576.0,-9797081300.0,52801268379.0,82075738955.0,-8197570773.0,39999530917.0,28424068260.0,126782002.0,69698234481.0,98122302741.0,164.24,-39.94,-197.49,2025,사업보고서
256150,한독크린텍,KOSDAQ,보통주,4800.0,0.21,40300000000.0,8395.0,2428.0,1.78,8.71,4.76,2729846992.0,69443700454.0,6571897015.0,2816572692.0,57888574336.0,64460471351.0,3620845956.0,68243493085.0,6156643067.0,3495586060.0,56769464758.0,62926107825.0,5342078773.0,65070075098.0,6135168643.0,5207688406.0,57021495225.0,63156663868.0,11.35,4.06,4.72,2025,사업보고서
263810,상신전자,KOSDAQ,보통주,2530.0,-0.2,40300000000.0,15925.0,3766.0,1.22,19.61,3.49,1733999762.0,129139555836.0,33892499454.0,2562993642.0,52782381508.0,86674880962.0,2405392791.0,124971626613.0,39556478591.0,2128294838.0,46676934755.0,86233413346.0,2238253315.0,109703758730.0,45495845742.0,1544294604.0,43400780149.0,88896625891.0,64.21,1.98,3.29,2025,사업보고서
088280,쏘닉스,KOSDAQ,보통주,2375.0,0.0,41100000000.0,17306.0,34924.0,21.15,-8.45,-17.95,-6897645313.0,18205980616.0,17632019502.0,-6660877218.0,34926456265.0,52558475767.0,-2236556337.0,16978336210.0,15011381591.0,-4539450342.0,41942779528.0,56954161119.0,-5118917407.0,13813256246.0,14311487769.0,-5165198707.0,44277656891.0,58589144660.0,50.48,-36.59,-19.75,2025,사업보고서
278650,HLB바이오스텝,KOSDAQ,보통주,2505.0,3.51,43700000000.0,17432.0,20112.0,0.55,-2.37,-18.22,-20255126405.0,74050095463.0,54638250766.0,-8616559710.0,100937113380.0,155575364146.0,-9692630823.0,58168784882.0,51515000068.0,-12965447083.0,116813821085.0,168328821153.0,-54238693.0,52814062371.0,68141448662.0,-1276200671.0,103572995860.0,171714444522.0,54.13,-11.64,-20.07,2025,사업보고서
033340,좋은사람들,KOSDAQ,보통주,551.0,-11.84,53400000000.0,96951.0,25885938.0,3.66,-3.8,-24.09,-13727597471.0,72599453889.0,27544991653.0,-6083580532.0,57351805861.0,84896797514.0,340681081.0,90184220097.0,24223487527.0,1297148979.0,56613382228.0,80836869755.0,2779833091.0,82568061629.0,20773903084.0,1288396956.0,56305235670.0,77079138754.0,48.03,-8.38,-23.94,2025,사업보고서
261200,덴티스,KOSDAQ,보통주,2595.0,1.57,41000000000.0,15810.0,6344.0,3.39,29.16,-27.9,-16472552238.0,114245201119.0,163315134266.0,-10413973139.0,45793085409.0,209108219675.0,2271211975.0,114283327326.0,156316552515.0,-446195829.0,57930431474.0,214246983989.0,2550399236.0,94334674935.0,130229959090.0,428688410.0,57409173250.0,187639132340.0,356.64,-9.12,-35.97,2025,사업보고서
101240,씨큐브,KOSDAQ,보통주,3510.0,0.29,39900000000.0,11357.0,6764.0,15.28,3.5,9.27,9450565420.0,56519406165.0,26057704948.0,10172022142.0,115503165591.0,141560870539.0,9264688423.0,60146725509.0,27316067738.0,10214678160.0,88472909167.0,115788976905.0,3425389123.0,51101481903.0,15100622449.0,5030755309.0,77045053160.0,92145675609.0,22.56,18.0,8.18,2025,사업보고서
043340,에쎈테크,KOSDAQ,보통주,854.0,1.18,40600000000.0,47500.0,14725.0,0.58,21.9,1.47,378063506.0,57909045929.0,41274538027.0,1969736357.0,25901616236.0,67176154263.0,-2939404175.0,54374002353.0,46539906703.0,-383134727.0,25515992730.0,72055899433.0,-9547067333.0,47640536056.0,51696254345.0,-7219558488.0,28455396905.0,80151651250.0,159.35,3.4,1.46,2025,사업보고서
086040,바이오톡스텍,KOSDAQ,보통주,2390.0,-1.04,38100000000.0,15958.0,5469.0,2.21,-9.56,2.9,-1573458618.0,47016636307.0,99675535883.0,-4809780531.0,31931310047.0,131606845930.0,-12657042300.0,41341487921.0,101665656163.0,-8878598647.0,34525463278.0,136191119441.0,-8950335753.0,32630975729.0,98801411149.0,-8187050049.0,48234830494.0,147036241643.0,312.16,-10.23,-4.93,2025,사업보고서
452200,민테크,KOSDAQ,보통주,1598.0,0.25,38900000000.0,24333.0,22473.0,1.76,-13.21,-7.75,-2513751293.0,21016073455.0,22032339617.0,-8799971500.0,33792704185.0,55825043802.0,-14458214856.0,20859463181.0,37658565400.0,-10963161064.0,31065285887.0,68723851287.0,-8503802513.0,17547074779.0,26269131758.0,-6601201688.0,15149257899.0,41418389657.0,65.2,-41.87,-7.44,2025,사업보고서
104200,NHN벅스,KOSDAQ,보통주,2685.0,6.13,39800000000.0,14828.0,62653.0,2.58,-9.23,-11.6,-6220761280.0,44899287200.0,16120788290.0,-734987723.0,50686615310.0,66807403600.0,-12674134869.0,52070939126.0,19597854396.0,357425932.0,56597115571.0,76194969967.0,-5071080902.0,56843263266.0,21653285204.0,803513553.0,68985905841.0,90639191045.0,31.8,-1.64,-12.27,2025,사업보고서
064090,인크레더블버즈,KOSDAQ,보통주,798.0,0.0,39700000000.0,49743.0,0.0,1.68,-2.28,-36.93,-30204179171.0,7211902064.0,4164222638.0,-6078614066.0,66794693845.0,70958916483.0,18974004067.0,4560824449.0,2992954318.0,-3535124234.0,96775331381.0,99768285699.0,-6989588143.0,6900744761.0,23944740441.0,-568633743.0,36292846437.0,60237586878.0,6.23,-84.29,-45.22,2025,사업보고서
097870,효성오앤비,KOSDAQ,보통주,4590.0,0.33,39000000000.0,8490.0,3310.0,2.48,60.39,3.61,2894458281.0,24387108990.0,11511064644.0,3468755895.0,79305779608.0,90816844252.0,4519720639.0,28058111140.0,13584981350.0,4257502727.0,78442296698.0,92027278048.0,1234203965.0,29660837674.0,14169137931.0,719539173.0,73753155765.0,87922293696.0,14.51,14.22,3.65,2025,사업보고서
025880,케이씨피드,KOSDAQ,보통주,2355.0,0.43,39400000000.0,16716.0,41053.0,14.0,3.8,13.67,10572524879.0,121771141803.0,19318619085.0,12181785331.0,81031601235.0,100350220320.0,7008925175.0,102958912967.0,31333125574.0,8096615873.0,71970230488.0,103303356062.0,6709822680.0,92576838916.0,32449685394.0,6049004344.0,66216719623.0,98666405017.0,23.84,10.0,13.05,2025,사업보고서
066900,디에이피,KOSDAQ,보통주,1725.0,-0.35,39200000000.0,22745.0,2332.0,0.31,0.75,-145.63,-64776389429.0,543196073695.0,576197511000.0,-57819484914.0,-20771452028.0,555426058972.0,-43316520208.0,488847196080.0,317074444808.0,-30397142801.0,45291472751.0,362365917559.0,-16111873633.0,403492017530.0,229431009409.0,-13064221797.0,92026168415.0,321457177824.0,-2773.99,-10.64,311.85,2025,사업보고서
046310,백금T&A,KOSDAQ,보통주,2225.0,-0.67,36500000000.0,16419.0,7571.0,4.21,12.86,5.86,7068375685.0,148922256530.0,24103092894.0,6790460254.0,102185785261.0,126288878155.0,17666511720.0,152492730341.0,33465794313.0,12733328552.0,98982547200.0,132448341513.0,18683426462.0,170733617690.0,41296296720.0,17094548304.0,98048651155.0,139344947875.0,23.59,4.56,6.92,2025,사업보고서
171010,램테크놀러지,KOSDAQ,보통주,2650.0,0.57,37900000000.0,14299.0,18915.0,3.86,-4.79,-19.08,-8366143548.0,42682293992.0,62587743660.0,-954464956.0,39722844084.0,102310587744.0,-2556801309.0,44501337692.0,56418154213.0,-1652887365.0,47994453035.0,104412607248.0,-2869461764.0,42975926481.0,43810496579.0,-2952414219.0,48588203889.0,92398700468.0,157.56,-2.24,-21.06,2025,사업보고서
122690,서진오토모티브,KOSDAQ,보통주,1674.0,-0.71,38600000000.0,23079.0,9347.0,1.69,-2.74,-20.69,-23040075800.0,2941851720462.0,1622441753401.0,26809316912.0,415482211025.0,2037923964426.0,11044705938.0,2589137132700.0,1308207013725.0,36521257119.0,274348121957.0,1582555135682.0,38345370639.0,2451930583574.0,985539423108.0,73758587434.0,260623799479.0,1246163222587.0,390.5,0.91,-5.55,2025,사업보고서
049830,승일,KOSDAQ,보통주,6400.0,0.16,39200000000.0,6132.0,2392.0,0.89,12.33,1.68,2515267980.0,141548185822.0,35589533394.0,2276369777.0,150395672349.0,185985205743.0,3660604619.0,144432917013.0,27764563377.0,2285444380.0,148613037489.0,176377600866.0,417448069.0,141948416534.0,27703493220.0,597884268.0,145468335980.0,173171829200.0,23.66,1.61,1.67,2025,사업보고서
153460,네이블,KOSDAQ,보통주,5910.0,0.0,38600000000.0,6530.0,1838.0,0.0,43.46,7.33,2519056847.0,19189105647.0,4832475016.0,2612476125.0,36110486644.0,40942961660.0,1285339884.0,17200064065.0,3358685134.0,385146720.0,32637620429.0,35996305563.0,-1435198081.0,13443862679.0,2940434911.0,-2100774254.0,31302783808.0,34243218719.0,13.38,13.61,6.98,2025,사업보고서
060850,영림원소프트랩,KOSDAQ,보통주,4675.0,0.21,38000000000.0,8131.0,1763.0,1.47,15.18,12.62,6376701835.0,79883113261.0,35978941726.0,4219231934.0,53887987314.0,89866929040.0,3279507418.0,62553419730.0,20489490852.0,2221478070.0,47916065970.0,68405556822.0,3768556802.0,55510670316.0,14521112308.0,2890955672.0,44458297296.0,58979409604.0,66.77,5.28,11.83,2025,사업보고서
044960,이글벳,KOSDAQ,보통주,3185.0,2.25,40300000000.0,12642.0,32271.0,2.29,7.39,7.85,3945607362.0,43323059369.0,12070191293.0,4259691487.0,51911928142.0,63982119435.0,3705275819.0,41716632056.0,12647300570.0,3466835816.0,48589838956.0,61237139526.0,2975898312.0,42793696742.0,13136322515.0,3325250849.0,45343016348.0,58479338863.0,23.25,9.83,7.6,2025,사업보고서
019770,서연탑메탈,KOSDAQ,보통주,3340.0,1.37,38900000000.0,11650.0,4756.0,1.91,3.63,9.64,9298678233.0,207061838044.0,81995311276.0,11911500625.0,100747904560.0,182743215836.0,9308387287.0,182361573211.0,57578319381.0,9257114848.0,92206476327.0,149784795708.0,8094037350.0,173052825577.0,56970747412.0,6949154558.0,84625309260.0,141596056672.0,81.39,5.75,9.23,2025,사업보고서
250000,보라티알,KOSDAQ,보통주,5750.0,-0.17,38800000000.0,6751.0,818.0,2.29,-19.62,0.25,230165154.0,102296135358.0,137134465259.0,9147418119.0,88959346570.0,226093811829.0,9493061912.0,91394354884.0,76020437712.0,12803289403.0,93152883708.0,169173321420.0,9455736791.0,76914485270.0,20244709879.0,13072198389.0,83900597638.0,104145307517.0,154.15,8.94,0.26,2025,사업보고서
219420,링크제니시스,KOSDAQ,보통주,3230.0,0.78,37000000000.0,11470.0,8759.0,4.7,7.92,6.29,2837637177.0,16975060498.0,4720232289.0,1218849843.0,47955243760.0,52675476049.0,-670234853.0,13103612792.0,4034929017.0,-79622763.0,45004307047.0,49039236064.0,1399546409.0,14193832035.0,2902150817.0,1398347384.0,44982653485.0,47884804302.0,9.84,7.18,5.92,2025,사업보고서
221840,하이즈항공,KOSDAQ,보통주,2040.0,1.24,38100000000.0,18701.0,4716.0,1.37,9.76,5.28,2358001754.0,84621119162.0,71666989448.0,4601007049.0,45064314215.0,116731303663.0,-9082713921.0,86545570784.0,73585477618.0,-2233544512.0,40195442189.0,113780919807.0,-7615245398.0,80764375263.0,71919042408.0,-4542965438.0,51356385778.0,123275428186.0,159.03,5.44,5.23,2025,사업보고서
100660,서암기계공업,KOSDAQ,보통주,3140.0,1.95,39600000000.0,12600.0,14989.0,1.73,17.44,1.8,1204628626.0,46501236360.0,14796067035.0,44269957.0,67983547512.0,82779614547.0,395705556.0,42371013550.0,8345745602.0,-1293990084.0,65515973819.0,73861719421.0,1926790260.0,45836974166.0,10108969604.0,613607689.0,65693871503.0,75802841107.0,21.76,0.1,1.77,2025,사업보고서
014570,고려제약,KOSDAQ,보통주,3500.0,0.0,38500000000.0,11000.0,4436.0,2.8,25.93,8.08,6512029112.0,62508834676.0,11246687509.0,6913176836.0,83071767586.0,94318455095.0,2995105179.0,73001424478.0,10781299945.0,9138456105.0,78106002539.0,88887302484.0,-4916772792.0,81374983430.0,12618965065.0,18025892026.0,77090082740.0,89709047805.0,13.54,11.06,7.84,2025,사업보고서
051490,나라엠앤디,KOSDAQ,보통주,2690.0,0.37,38200000000.0,14200.0,12717.0,3.02,149.44,5.12,4682126563.0,184633171553.0,160688195969.0,-79792483.0,107962708316.0,268650904285.0,1995484499.0,203815719224.0,150528581224.0,4980741468.0,105569758987.0,256098340211.0,8917757016.0,231000548728.0,144059865192.0,10711609456.0,105125029162.0,249184894354.0,148.84,-0.04,4.34,2025,사업보고서
263770,유에스티,KOSDAQ,보통주,1648.0,1.79,39100000000.0,23700.0,2115.0,1.38,10.36,2.97,2444180763.0,57966763324.0,4882097728.0,2332295667.0,82782430849.0,87664528577.0,5378073377.0,73202022857.0,9071432527.0,6724128881.0,81737477149.0,90808909676.0,11713553021.0,99142525265.0,21864784851.0,14064443990.0,78710669672.0,100575454523.0,5.9,4.02,2.95,2025,사업보고서
186230,그린플러스,KOSDAQ,보통주,3515.0,-0.28,38400000000.0,10920.0,23028.0,2.61,-4.86,-26.4,-13031925780.0,105715000362.0,59379176168.0,-952225545.0,37440292849.0,96819469017.0,256264567.0,87683082859.0,55133061257.0,2486072224.0,46218737381.0,101351798638.0,-15330090789.0,58874226647.0,51145221626.0,-8208007400.0,46100968488.0,97246190114.0,158.6,-0.9,-34.81,2025,사업보고서
177900,쓰리에이로직스,KOSDAQ,보통주,3840.0,0.92,37000000000.0,9628.0,13782.0,3.15,-13.38,-7.47,-3607181939.0,14494595306.0,21221742502.0,-2686355904.0,47197174990.0,68418917492.0,8561586080.0,18114302063.0,23259078855.0,1749439298.0,49349891560.0,72608970415.0,-18877062903.0,14159386419.0,29657732074.0,-7952755115.0,20402563737.0,50060295811.0,44.96,-18.53,-7.64,2025,사업보고서
042040,케이피엠테크,KOSDAQ,보통주,4625.0,3.01,40100000000.0,8671.0,7628.0,0.0,-0.29,-22.28,-30909860530.0,76924052907.0,80674502533.0,-17154337059.0,62494163001.0,143168665534.0,-40365492366.0,28643942128.0,76121024209.0,-4562035338.0,92354839235.0,168475863444.0,-8941162078.0,45501203395.0,49061791741.0,-14460083741.0,125390566287.0,174452358028.0,129.09,-22.3,-49.46,2025,사업보고서
090410,덕신이피씨,KOSDAQ,보통주,3950.0,0.13,36400000000.0,9217.0,24315.0,0.0,-70.54,1.24,1402989472.0,106458504421.0,80838067627.0,-103937097.0,125181784511.0,206019852138.0,11212161954.0,146564092289.0,34943943293.0,10727288982.0,125106376737.0,160050320030.0,24087745660.0,218078494407.0,64336545968.0,28946846479.0,113952501527.0,178289047495.0,64.58,-0.1,1.12,2025,사업보고서
321820,아티스트컴퍼니,KOSDAQ,보통주,2625.0,9.38,40900000000.0,15591.0,95829.0,0.69,-10.89,4.12,1120755257.0,46650140282.0,32024074331.0,-3958696884.0,39618840235.0,71642914566.0,-7814275067.0,21265284097.0,29302511044.0,-3148114885.0,23289400124.0,52591911168.0,-5249483391.0,21272385828.0,33245393614.0,-3277590268.0,27980014127.0,61225407741.0,80.83,-8.49,2.83,2025,사업보고서
065440,이루온,KOSDAQ,보통주,1335.0,0.07,36400000000.0,27275.0,56814.0,11.64,-37.08,3.17,1601011967.0,61561302031.0,26798263868.0,1534602028.0,50822139635.0,77620403503.0,5633005499.0,68518749923.0,24393764908.0,3096647847.0,51057917508.0,75451682416.0,3732909406.0,56033528386.0,19309299181.0,3034532431.0,45087845505.0,64397144686.0,52.73,2.49,3.15,2025,사업보고서
221980,케이디켐,KOSDAQ,보통주,9360.0,0.21,37800000000.0,4035.0,806.0,1.39,4.48,3.45,3505025588.0,62897420640.0,25481586188.0,6968496197.0,102574828140.0,128056414328.0,5386914490.0,62416153464.0,31037412823.0,7468869804.0,100896412058.0,131933824881.0,5315844858.0,59145786358.0,23890935640.0,6252594408.0,99558536247.0,123449471887.0,24.84,11.08,3.42,2025,사업보고서
184230,SGA솔루션즈,KOSDAQ,보통주,1845.0,1.37,34700000000.0,18834.0,27929.0,0.0,1.82,45.29,16993688445.0,61635674499.0,99019662120.0,14823977696.0,52975686623.0,151995348743.0,-9938302906.0,42923546759.0,53430319451.0,-4106882203.0,50181252648.0,103611572099.0,64437134.0,46123796210.0,34776783841.0,1179299740.0,57069941362.0,91846725203.0,186.92,24.05,32.08,2025,사업보고서
369370,블리츠웨이엔터테인먼트,KOSDAQ,보통주,3630.0,0.0,36200000000.0,9974.0,8270.0,6.38,-3.72,-55.21,-13445998991.0,30205067026.0,22531660204.0,-9049022194.0,18097697751.0,40629357955.0,-8028412938.0,36265077360.0,22019109341.0,-6620604948.0,31493146550.0,53512255891.0,-10041181452.0,8939744033.0,15502537947.0,-8087740075.0,28096214484.0,43598752431.0,124.5,-29.96,-74.3,2025,사업보고서
057540,옴니시스템,KOSDAQ,보통주,590.0,-1.34,35000000000.0,59394.0,69205.0,0.96,19.03,-0.18,-154257056.0,99068053730.0,20141507809.0,1017421978.0,110144242163.0,130285749972.0,6716727588.0,109089220616.0,22525119670.0,5953983907.0,110002936000.0,132528055670.0,587883688.0,91429089280.0,18049933443.0,305260364.0,103383570970.0,121433504413.0,18.29,1.03,-0.14,2025,사업보고서
263700,케어랩스,KOSDAQ,보통주,1910.0,0.95,37100000000.0,19414.0,10792.0,2.8,-5.08,32.8,19511556173.0,,32799460993.0,-2876942728.0,74631215926.0,107430676919.0,-19669705817.0,,88278881761.0,-4462290019.0,54977853938.0,143256735699.0,-23867142092.0,,87134923961.0,-11598829454.0,75066028603.0,162200952564.0,43.95,,26.14,2025,사업보고서
208710,포톤,KOSDAQ,보통주,2585.0,1.97,34100000000.0,13180.0,28370.0,4.3,26.65,-12.54,-6360335882.0,128735265761.0,45133809911.0,-45904604.0,47575057513.0,92708867424.0,-9610856320.0,135706326881.0,45048982368.0,-3415404843.0,53849624313.0,98898606681.0,-13725866240.0,123469141449.0,50618029059.0,-3261884829.0,57532194409.0,108150223468.0,94.87,-0.04,-13.37,2025,사업보고서
050860,아세아텍,KOSDAQ,보통주,1706.0,-0.06,38400000000.0,22500.0,3401.0,1.12,43.74,2.12,2770072482.0,113296319206.0,66796164285.0,3987776535.0,129646925868.0,196443090153.0,4611938817.0,123825860518.0,65562804907.0,6386005621.0,131554905245.0,197117710152.0,9589973230.0,123630723741.0,43917189124.0,11873245292.0,130550074148.0,174467263272.0,51.52,3.52,2.14,2025,사업보고서
016600,큐캐피탈,KOSDAQ,보통주,2515.0,0.2,35100000000.0,13962.0,7378.0,0.0,16.02,1.75,2443908856.0,,44009518140.0,3786548770.0,141177026258.0,185186544398.0,1780079162.0,,41325954768.0,2823146335.0,138094113910.0,179420068678.0,7066505278.0,,34621108325.0,10471000716.0,135505525815.0,170126634140.0,31.17,,1.73,2025,사업보고서
123570,이엠넷,KOSDAQ,보통주,1658.0,0.55,36900000000.0,22276.0,387.0,27.67,17.83,2.06,1850271907.0,32260399959.0,38092489462.0,274223860.0,99180287482.0,137272776944.0,5912210018.0,36311366788.0,40267553966.0,4757884465.0,98483500746.0,138751054712.0,3916975656.0,35018281188.0,32404935546.0,3665773146.0,93763769598.0,126168705144.0,38.41,0.85,1.87,2025,사업보고서
046390,삼화네트웍스,KOSDAQ,보통주,2125.0,-0.47,36700000000.0,17269.0,9360.0,0.69,-38.64,-1.49,-872142430.0,37266321862.0,9192035048.0,-1547996543.0,58944756777.0,68136791825.0,1864664671.0,46719353180.0,9640994792.0,671031251.0,58451565408.0,68092560200.0,-1241295451.0,62368852039.0,27208931846.0,-1822762592.0,56295148099.0,83504079945.0,15.59,-4.15,-1.48,2025,사업보고서
318410,비비씨,KOSDAQ,보통주,6570.0,1.39,36500000000.0,5555.0,3425.0,2.53,3.63,7.02,5461632264.0,51648442504.0,12138391757.0,6192519840.0,80014045016.0,92152436773.0,3763975247.0,60662023995.0,13511504341.0,5729097034.0,76796619525.0,90308123866.0,5364831664.0,53601594101.0,11098532399.0,4460279509.0,76533986117.0,87632518516.0,15.17,11.99,6.83,2025,사업보고서
352700,씨앤투스,KOSDAQ,보통주,1451.0,0.28,38100000000.0,26277.0,16962.0,1.58,-3.15,-5.02,-7837911458.0,67177456978.0,11414755134.0,-5751223811.0,150089804392.0,161504559526.0,1959677876.0,72986615933.0,8574473841.0,1401980012.0,161525588973.0,170100062814.0,3307187799.0,78037214136.0,8646854947.0,-744270435.0,162675594677.0,171322449624.0,7.61,-8.56,-5.22,2025,사업보고서
397810,애드포러스,KOSDAQ,보통주,6680.0,-4.84,34500000000.0,5161.0,1609.0,1.06,-14.78,-7.4,-1923223564.0,30598804671.0,9815343032.0,2421167532.0,37761007537.0,47576350569.0,3190686526.0,31742025289.0,5340103774.0,3054453370.0,22269999562.0,27610103336.0,2669064507.0,34796142671.0,6704648159.0,2112041123.0,18657514619.0,25362162778.0,25.99,7.91,-5.09,2025,사업보고서
475460,미트박스,KOSDAQ,보통주,8170.0,2.9,46100000000.0,5647.0,100512.0,3.67,15.33,6.43,1736391210.0,,60970579069.0,2906042515.0,37665906986.0,98636486055.0,1122866208.0,,33046815536.0,3119147742.0,17181275904.0,50228091440.0,3486095440.0,,28218019849.0,2601553297.0,15975872689.0,44193892538.0,161.87,,4.61,2025,사업보고서
215380,콜마바이오텍,KOSDAQ,보통주,2160.0,2.86,36400000000.0,16830.0,26066.0,7.7,29.59,-21.03,-5546594984.0,37587048396.0,63417157164.0,-3904140658.0,23377942347.0,86795099511.0,225298687.0,43199732726.0,65326105204.0,1784598077.0,29372956885.0,94699062089.0,-5053734964.0,38615630587.0,76360531780.0,-4459664719.0,21972072471.0,98332604251.0,271.27,-10.39,-23.73,2025,사업보고서
387570,파인메딕스,KOSDAQ,보통주,6650.0,-0.45,37400000000.0,5626.0,8738.0,1.22,-62.15,-9.44,-1877915520.0,9522704304.0,6517660100.0,-2580325297.0,19003394878.0,25521054978.0,-24152328.0,9960360985.0,6114217920.0,-29192239.0,20784222124.0,26898440044.0,1175867954.0,10154094544.0,5903936425.0,873577931.0,12622330000.0,18526266425.0,34.3,-27.1,-9.88,2025,사업보고서
290120,DH오토리드,KOSDAQ,보통주,2245.0,-0.22,35500000000.0,15825.0,8819.0,1.18,1.95,15.03,13578696108.0,355590427771.0,203147784252.0,21921482734.0,110824788397.0,313972572649.0,2299311736.0,270395042990.0,174719863771.0,16539456188.0,97526194232.0,272246058003.0,-7545547060.0,235592265722.0,119832562579.0,15774631616.0,84915629684.0,204748192263.0,183.31,6.16,12.25,2025,사업보고서
006920,모헨즈,KOSDAQ,보통주,3390.0,-2.02,37000000000.0,10920.0,80636.0,2.47,-18.03,-8.74,-3504529410.0,81161016764.0,21362443356.0,-2959160872.0,38428016642.0,59790459998.0,2047974314.0,100477953541.0,23729841073.0,2730347492.0,45176237539.0,68906078612.0,9939969459.0,111406314393.0,26596615337.0,12140843614.0,42203319621.0,68799934958.0,55.59,-3.65,-9.12,2025,사업보고서
260660,알리코제약,KOSDAQ,보통주,2460.0,-0.61,37700000000.0,15327.0,36114.0,4.2,-13.23,-0.77,-605347880.0,201203501691.0,93640665587.0,989238752.0,78203226347.0,171843891934.0,-5358050733.0,190435818369.0,92683700268.0,-5159033074.0,79679418062.0,172363118330.0,3060924198.0,187154507589.0,84402305332.0,3072523514.0,89075116531.0,173477421863.0,119.74,0.49,-0.77,2025,사업보고서
173940,에프엔씨엔터,KOSDAQ,보통주,2120.0,-1.85,32600000000.0,15393.0,9943.0,1.58,-3.19,-47.06,-11814272838.0,102369210132.0,90654539117.0,-613888084.0,19519805910.0,110174345027.0,-6652959786.0,86224155388.0,87565409135.0,-4181824362.0,30815021182.0,118380430317.0,-8280174528.0,90077565427.0,75774662897.0,-8009234336.0,36019724025.0,111794386922.0,464.42,-0.6,-60.52,2025,사업보고서
045060,오공,KOSDAQ,보통주,2135.0,2.4,36200000000.0,16942.0,9495.0,3.55,4.11,4.67,5623660962.0,160071597465.0,24970051200.0,5621625226.0,122962547316.0,147932598516.0,8004820821.0,163010096967.0,26199836102.0,8641421649.0,117943211419.0,144143047521.0,8967177614.0,158428134529.0,28166218518.0,10179683278.0,111359863941.0,139526082459.0,20.31,3.51,4.57,2025,사업보고서
284620,카이노스메드,KOSDAQ,보통주,1087.0,0.0,36000000000.0,33087.0,0.0,9.84,-5.69,-530.5,-7784641682.0,1171631910.0,2014368502.0,-6438933559.0,4603006458.0,6617374960.0,-12190154740.0,590366156.0,4867942729.0,-12327872668.0,5873845423.0,10741788152.0,-15239257166.0,267311985.0,5213982602.0,-16811614766.0,15771123397.0,20985105999.0,43.76,-549.57,-169.12,2025,사업보고서
024120,KB오토시스,KOSDAQ,보통주,3100.0,1.47,35600000000.0,11500.0,6401.0,7.18,4.52,3.27,3898066071.0,214995786079.0,137484310903.0,8530895852.0,119123847057.0,256608157960.0,2944074933.0,210230561356.0,121719436593.0,4634464789.0,118982873164.0,240702309757.0,1062706995.0,203726077936.0,116128617012.0,4044593163.0,108776621734.0,224905238746.0,115.41,3.97,3.27,2025,사업보고서
393210,토마토시스템,KOSDAQ,보통주,2295.0,-0.43,35800000000.0,15615.0,10855.0,2.94,143.44,-7.46,-2777547635.0,27263988093.0,32380499537.0,-2372933027.0,24729795963.0,57110295500.0,-1824489661.0,21621873977.0,7802773979.0,-3405522868.0,27391957711.0,35194731690.0,3289307797.0,26572393885.0,7754960451.0,2824665460.0,29774904789.0,37529865240.0,130.94,-8.7,-11.23,2025,사업보고서
196450,코아시아씨엠,KOSDAQ,보통주,790.0,0.0,35800000000.0,45320.0,0.0,1.75,14.91,5.53,2714886428.0,258196765549.0,63703657689.0,5272336211.0,64819840534.0,128523498223.0,-18728785831.0,267335829059.0,78535747594.0,-9539985493.0,64661547308.0,143197294902.0,-22096208864.0,293967118507.0,82155322935.0,-13048229886.0,71867027835.0,154022350770.0,98.28,2.04,4.19,2025,사업보고서
052600,한네트,KOSDAQ,보통주,2995.0,0.5,34600000000.0,11564.0,11868.0,2.51,7.94,9.44,3649227185.0,26825732603.0,11827315012.0,4372759936.0,39715539512.0,51542854524.0,3427670222.0,25897668830.0,16469765998.0,4204357759.0,37564318670.0,54034084668.0,2464394752.0,24893455015.0,13555885165.0,3332116674.0,36621921271.0,50177806436.0,29.78,16.3,9.19,2025,사업보고서
068940,셀피글로벌,KOSDAQ,보통주,778.0,0.0,35700000000.0,45913.0,0.0,1.75,-3.28,-75.41,-10567028684.0,35505883136.0,15531322898.0,-3428445028.0,10246368914.0,25777691812.0,-1825289437.0,33712530431.0,10201129283.0,-1707181447.0,17778813569.0,27979942852.0,234658557.0,34548050084.0,14305660962.0,2059022012.0,18629823105.0,32935484067.0,151.58,-9.66,-103.13,2025,사업보고서
204020,그리티,KOSDAQ,보통주,1877.0,-0.05,36500000000.0,19451.0,17677.0,2.32,7.11,5.67,4689154942.0,201717579283.0,58806883528.0,7852792954.0,83447448139.0,142254331667.0,9689498818.0,194740127235.0,21676334394.0,12310141430.0,81191885667.0,102868220061.0,8401316076.0,176102433452.0,18247141388.0,11123087525.0,75712625702.0,93959767090.0,70.47,3.89,5.62,2025,사업보고서
408900,스튜디오미르,KOSDAQ,보통주,1123.0,-6.42,36800000000.0,32753.0,60449.0,3.44,-561.5,-3.71,-1433907191.0,16391297221.0,4097424867.0,-2145865828.0,38558193124.0,42655617991.0,108524281.0,17570718243.0,4262178443.0,-1902218175.0,39425419414.0,43687597857.0,2503754270.0,23161814202.0,3823664901.0,861046653.0,36852474557.0,40676139458.0,10.63,-13.09,-3.72,2025,사업보고서
035460,기산텔레콤,KOSDAQ,보통주,2305.0,1.54,34400000000.0,14920.0,35946.0,5.87,2.97,8.36,5795563458.0,99473228556.0,63756412256.0,8077508374.0,66477259910.0,130233672166.0,8091301786.0,93077993766.0,60515604403.0,4946654869.0,52763147472.0,113278751875.0,3796639092.0,73884674502.0,44084421553.0,4410201203.0,43558676309.0,87643097862.0,95.91,8.12,8.72,2025,사업보고서
332290,누보,KOSDAQ,보통주,897.0,0.0,35600000000.0,39696.0,0.0,3.01,6.27,3.37,1025564321.0,104182653188.0,50224885446.0,4118169007.0,34728041326.0,84952926772.0,3032630134.0,99022099930.0,52551499602.0,3670848605.0,26191560973.0,78743060575.0,-5988194091.0,82156943249.0,59910199051.0,-2277203205.0,23211903691.0,83122102742.0,144.62,3.95,2.95,2025,사업보고서
203450,유니온바이오메트릭스,KOSDAQ,보통주,2520.0,0.6,35500000000.0,14079.0,6215.0,8.7,28.64,4.82,2010982691.0,51324033067.0,21075197806.0,1020779717.0,41492608191.0,62567805997.0,4948747893.0,56745519416.0,28940730601.0,2842274156.0,41981218783.0,70921949384.0,3068889338.0,51382692333.0,20379725105.0,1567912626.0,39837085942.0,60216811047.0,50.79,1.99,4.85,2025,사업보고서
206400,베노티앤알,KOSDAQ,보통주,733.0,-0.27,27500000000.0,37510.0,86234.0,0.0,-1.87,-28.49,-24026574843.0,4774718589.0,7087644750.0,-5361474305.0,71852595478.0,78940240228.0,-3592597930.0,25295387824.0,9484815643.0,-9704012940.0,95260737568.0,104745553211.0,-7919789348.0,9916844608.0,42769653287.0,-7013194952.0,80187917127.0,122957570414.0,9.86,-112.29,-33.44,2025,사업보고서
081580,성우전자,KOSDAQ,보통주,2305.0,1.54,35700000000.0,15508.0,9189.0,3.04,3.74,11.53,12084961675.0,182738934318.0,45060814856.0,3982695738.0,114310165183.0,159370980039.0,-4193161657.0,146900969431.0,51954023951.0,-5094733278.0,103466485657.0,155420509608.0,-490479253.0,149212401734.0,42058416435.0,-4460396786.0,107641500379.0,149699916814.0,39.42,2.18,10.57,2025,사업보고서
270870,뉴트리,KOSDAQ,보통주,3865.0,-0.13,34800000000.0,8995.0,1801.0,0.75,7.4,-2.3,-2562602978.0,101087982676.0,31579408332.0,-2268458829.0,105103580763.0,136682989095.0,4695777391.0,121972837610.0,31587706913.0,4932707984.0,107742964205.0,139330671118.0,4665537648.0,151377308327.0,31385390585.0,10523447198.0,101346447644.0,132731838229.0,30.05,-2.24,-2.44,2025,사업보고서
263050,유틸렉스,KOSDAQ,보통주,959.0,0.0,35300000000.0,36835.0,0.0,12.58,-1.73,-86.65,-25791369617.0,10294911483.0,25410175083.0,-18918617361.0,15786887305.0,41197062388.0,-29498584759.0,9526610583.0,24046058326.0,-26508412156.0,42465058141.0,66511116467.0,-28342103922.0,131654000.0,9509069569.0,-29783867707.0,63195703249.0,72704772818.0,160.96,-183.77,-163.37,2025,사업보고서
032960,동일기연,KOSDAQ,보통주,2055.0,1.99,36200000000.0,17593.0,5710.0,0.52,3.74,9.99,6539782517.0,21551039836.0,4268053582.0,-61855477.0,64351207971.0,68619261553.0,775074054.0,24110354370.0,3817701443.0,191505571.0,65553492348.0,69371193791.0,2184904681.0,25234856762.0,3778647167.0,422580762.0,64201050239.0,67979697406.0,6.63,-0.29,10.16,2025,사업보고서
133750,메가엠디,KOSDAQ,보통주,1510.0,0.07,35300000000.0,23407.0,1657.0,3.26,6.99,4.22,2789882419.0,34591356901.0,16864949267.0,1813813179.0,66389264980.0,83254214247.0,3783322758.0,36491420174.0,21608477324.0,2236373524.0,65778680169.0,87387157493.0,-3197186339.0,36041389502.0,22467422753.0,-3939064553.0,62244149884.0,84711572637.0,25.4,5.24,4.2,2025,사업보고서
348080,큐라티스,KOSDAQ,보통주,2745.0,2.43,35200000000.0,12828.0,19353.0,0.74,-1.15,-91.68,-29672988846.0,2456943982.0,10472077406.0,-10334975249.0,44258664629.0,54730742035.0,-26266861490.0,373796810.0,26169347181.0,-19719416068.0,20476536398.0,46645883579.0,-16989797179.0,1030058265.0,31079146259.0,-16931835655.0,36123170444.0,67202316703.0,23.66,-420.64,-67.04,2025,사업보고서
057030,YBM넷,KOSDAQ,보통주,2125.0,-0.7,34700000000.0,16313.0,6082.0,2.67,18.81,3.05,1601615624.0,51834368698.0,27699292382.0,949990702.0,52422064133.0,80121356515.0,3173794686.0,58329367193.0,28896977621.0,2793912411.0,52472420359.0,81369397980.0,5066856947.0,60480863497.0,30226244610.0,5121862757.0,51732464691.0,81958709301.0,52.84,1.83,3.06,2025,사업보고서
039290,인포뱅크,KOSDAQ,보통주,3840.0,0.52,33400000000.0,8694.0,1085.0,0.36,-42.2,-6.18,-4692305630.0,135095512373.0,29309366998.0,-4204611365.0,67481457860.0,96790824858.0,-3737164281.0,136860866539.0,25145453411.0,-5132517508.0,71781907237.0,96927360648.0,5947155161.0,136861270491.0,22905482654.0,-2199591258.0,77867357020.0,100772839674.0,43.43,-3.11,-6.95,2025,사업보고서
026040,제이에스티나,KOSDAQ,보통주,2630.0,4.16,43400000000.0,16504.0,580060.0,2.82,5.7,4.26,1826602025.0,72242575120.0,9899636266.0,706459594.0,45414945394.0,55314581660.0,-1495491944.0,74433968530.0,10324689099.0,-2602941211.0,40336305103.0,50660994202.0,792213904.0,75362474833.0,11354771469.0,-582699119.0,43226632598.0,54581404067.0,21.8,0.98,4.02,2025,사업보고서
317240,TS트릴리온,KOSDAQ,보통주,1105.0,0.18,32200000000.0,29177.0,46237.0,0.0,368.33,-7.36,-2008590829.0,26033520171.0,26801929580.0,25672167.0,29025933485.0,55827863065.0,-4994806205.0,29682251187.0,33411038188.0,688185096.0,25527420417.0,58938458605.0,-2849346684.0,39984448895.0,50051890133.0,708439381.0,25341054445.0,75392944578.0,92.34,0.1,-6.92,2025,사업보고서
446840,지슨,KOSDAQ,보통주,3165.0,-6.22,34900000000.0,11017.0,23899.0,0.73,-3.84,-170.85,-10729222613.0,11295873816.0,11755276031.0,-6643920486.0,7570393059.0,19325669090.0,-2061783804.0,13575700648.0,10117149929.0,-1765184839.0,4989686762.0,15106836691.0,1104898556.0,13761869663.0,8136202037.0,1641574970.0,6775446569.0,14911648606.0,155.28,-58.82,-141.73,2025,사업보고서
045510,정원엔시스,KOSDAQ,보통주,1093.0,2.82,34400000000.0,31480.0,53830.0,0.85,15.18,2.53,1124813659.0,200903241754.0,45906535980.0,1940787939.0,45097051809.0,91003587789.0,946162596.0,194450099685.0,49546010021.0,1561853299.0,43972238150.0,93518248171.0,1700753038.0,179751794283.0,48833455110.0,2845827453.0,43026075554.0,91859530664.0,101.79,0.97,2.49,2025,사업보고서
226330,신테카바이오,KOSDAQ,보통주,1450.0,1.05,35200000000.0,24258.0,199451.0,0.96,-2.53,-61.27,-17378023885.0,3429231736.0,14755693293.0,-10764609170.0,31779056306.0,46534749599.0,-7213184096.0,120887133.0,18771721887.0,-14269530180.0,24943253107.0,43714974994.0,-11397644740.0,123405804.0,21688347914.0,-12276297771.0,31228289972.0,52916637886.0,46.43,-313.91,-54.68,2025,사업보고서
432430,와이랩,KOSDAQ,보통주,2065.0,-1.9,34100000000.0,16508.0,9984.0,8.72,-4.82,-21.79,-8629634182.0,37069228892.0,9807071946.0,-8738323305.0,30992701092.0,40799773038.0,-9501595225.0,23979462480.0,14664899334.0,-9506594816.0,39398520091.0,54063419425.0,-6088783916.0,18647928922.0,14166641778.0,-5249268024.0,32123143775.0,46289785553.0,31.64,-23.57,-27.84,2025,사업보고서
065950,웰크론,KOSDAQ,보통주,1167.0,0.17,32900000000.0,28231.0,53964.0,2.21,-2.57,-35.99,-49159619501.0,268959790113.0,268727294021.0,-11117631837.0,60396738066.0,329124032087.0,-11813448940.0,329117322759.0,270925455535.0,2171617203.0,111140749464.0,382066204999.0,-8643580613.0,425883974254.0,158783985563.0,4848405004.0,122803953909.0,281587939472.0,444.94,-4.13,-81.39,2025,사업보고서
363250,진시스템,KOSDAQ,보통주,4040.0,0.25,34400000000.0,8508.0,1787.0,0.97,-2.94,-88.15,-14669081849.0,381356664.0,6648143357.0,-9690374140.0,7747362799.0,14395506156.0,-9528705018.0,1207760282.0,8020852624.0,-10115923491.0,21881212184.0,29902064808.0,-8059011085.0,897027724.0,8244358773.0,-9484494700.0,30683631792.0,38927990565.0,85.81,-2541.03,-189.34,2025,사업보고서
064480,브리지텍,KOSDAQ,보통주,2775.0,0.36,33200000000.0,11952.0,6971.0,7.02,8.36,1.1,512953736.0,49677044033.0,15480542037.0,310443458.0,46678531023.0,62159073060.0,-2763378114.0,43561219140.0,21058995211.0,-3254900758.0,46826828659.0,67885823870.0,3573686700.0,53543737975.0,23366669775.0,4162931035.0,50551044284.0,73917714059.0,33.16,0.62,1.1,2025,사업보고서
066360,체리부로,KOSDAQ,보통주,1378.0,0.07,33000000000.0,23976.0,17793.0,1.92,1.67,27.0,28600328366.0,405435680279.0,188303595191.0,28482167050.0,138803839705.0,327107434896.0,-9045542765.0,382879314695.0,191460328817.0,2865451143.0,105774024835.0,297234353652.0,15002486690.0,399000340104.0,173979701549.0,21020113354.0,109773777204.0,283753478753.0,135.66,7.03,20.6,2025,사업보고서
060540,에스에이티,KOSDAQ,보통주,1374.0,3.39,35900000000.0,26133.0,97026.0,1.59,4.18,0.77,476278858.0,159732944193.0,58778323063.0,3911394506.0,103025580932.0,161803903995.0,2096174442.0,155077385580.0,60590877932.0,3352273044.0,104609540544.0,165200418476.0,1381080363.0,152150451912.0,63543703504.0,4710762930.0,102723342597.0,166267046101.0,57.05,2.45,0.46,2025,사업보고서
121890,에스디시스템,KOSDAQ,보통주,2680.0,1.9,35600000000.0,13291.0,72351.0,16.72,-65.37,11.22,1274391507.0,28793598189.0,8175107345.0,1101090892.0,11975981936.0,20151089281.0,-1827230154.0,18063667400.0,6958317874.0,-2164578073.0,10736913669.0,17695231543.0,2637243723.0,21295259282.0,2592383039.0,1026101676.0,12018690353.0,14611073392.0,68.26,3.82,10.64,2025,사업보고서
376980,원티드랩,KOSDAQ,보통주,3080.0,1.48,30100000000.0,9766.0,2823.0,1.41,15.1,3.42,1281578575.0,38173738651.0,23012918042.0,1019795155.0,38500740062.0,61513658104.0,-1233996648.0,36742962222.0,13693854799.0,-817999396.0,36494506299.0,50188361098.0,1404464810.0,39668183099.0,12161732555.0,1573389396.0,34824150155.0,46985882710.0,59.77,2.67,3.33,2025,사업보고서
220180,폴라리스AI핸디,KOSDAQ,보통주,1385.0,-2.05,33100000000.0,23931.0,3213.0,0.98,12.48,1.12,641990801.0,31443569900.0,11873465269.0,-481396412.0,78286573728.0,90160038997.0,597764468.0,28374934326.0,15227963727.0,-1990002220.0,68580078119.0,83808041846.0,1706373527.0,26120903057.0,7160691080.0,-967385251.0,67982313651.0,75143004731.0,15.17,-1.53,0.82,2025,사업보고서
033540,파라텍,KOSDAQ,보통주,3240.0,-1.82,33900000000.0,10449.0,5873.0,0.0,-1.11,-24.06,-21966727115.0,173929893426.0,99288120142.0,-13742254235.0,80165864691.0,179453984833.0,1672621209.0,278014723065.0,111936257615.0,3715297497.0,102457490863.0,214393748478.0,-15241244085.0,218410558493.0,106761951897.0,-16022379951.0,98682663075.0,205444614972.0,123.85,-7.9,-27.4,2025,사업보고서
335810,프리시젼바이오,KOSDAQ,보통주,1557.0,1.3,34200000000.0,21950.0,2721.0,0.18,-4.27,-34.29,-10022814571.0,19925825433.0,20307576836.0,-5381489055.0,32766713543.0,53074290379.0,-7305106423.0,19134127922.0,26341377407.0,-5366154453.0,25697646208.0,52039023615.0,-4490309990.0,20391168324.0,30450657951.0,-4810588506.0,32027458683.0,62478116634.0,61.98,-27.01,-30.59,2025,사업보고서
465480,인스피언,KOSDAQ,보통주,3400.0,-2.3,34500000000.0,10138.0,8429.0,1.64,4.15,4.92,2675778404.0,20022055489.0,4952783655.0,2549541617.0,56020552219.0,60973335874.0,4209746695.0,19035192738.0,5443722406.0,3784285683.0,52658747693.0,58102470099.0,5055914187.0,16083457507.0,5890147827.0,4032584823.0,18924935884.0,24815083711.0,8.84,12.73,4.78,2025,사업보고서
109820,진매트릭스,KOSDAQ,보통주,1647.0,0.12,33600000000.0,20394.0,71763.0,1.52,-183.0,-10.0,-1834404223.0,10643335004.0,9800184248.0,-679131166.0,17471146528.0,27271330776.0,-3748057576.0,10018845652.0,9230964851.0,-1641652319.0,19227336451.0,28458301302.0,-894937562.0,9814502688.0,8205695292.0,-2548038790.0,23148242027.0,31353937319.0,56.09,-6.38,-10.5,2025,사업보고서
075130,플랜티넷,KOSDAQ,보통주,2090.0,1.7,33700000000.0,16122.0,47037.0,3.38,209.0,3.19,1916862391.0,45612921206.0,13736673976.0,3260980299.0,81430859862.0,95167533838.0,3166281036.0,36676622317.0,14741400008.0,2139964516.0,81649925585.0,96391325593.0,2386066846.0,33066451624.0,13584146046.0,1271312159.0,78309478833.0,91893624879.0,16.87,7.15,2.35,2025,사업보고서
007530,와이엠,KOSDAQ,보통주,1578.0,-1.25,35100000000.0,22254.0,8117.0,0.3,12.14,4.6,2501423167.0,177146007940.0,95884416711.0,3985939641.0,52662327353.0,148546744064.0,5194571032.0,172201380432.0,100319913271.0,6107538725.0,56084246992.0,156404160263.0,946982627.0,166290447686.0,93523650307.0,4161939690.0,43640005937.0,137163656244.0,182.07,2.25,4.75,2025,사업보고서
127980,화인써키트,KOSDAQ,보통주,2800.0,3.13,33200000000.0,11841.0,3145.0,1.1,700.0,-9.44,-3773767740.0,81789735978.0,38705995870.0,-1485021320.0,43530510157.0,82236506027.0,4666652027.0,85921268349.0,55948153111.0,4514922845.0,51810027096.0,107758180207.0,5207564915.0,69222343617.0,57542716323.0,4317041782.0,48223115451.0,105765831774.0,88.92,-1.82,-8.67,2025,사업보고서
033170,시그네틱스,KOSDAQ,보통주,1784.0,0.39,30600000000.0,17146.0,71164.0,1.17,-3.75,-30.16,-18307910647.0,103046699790.0,54919582967.0,-23831622389.0,52210190801.0,107129773768.0,-50919811313.0,118150985037.0,36104675030.0,-25833789534.0,69202668200.0,105307343230.0,-15429078420.0,185484580200.0,35447149386.0,-14999228872.0,117935343728.0,153382493114.0,105.19,-23.13,-35.07,2025,사업보고서
159910,에코글로우,KOSDAQ,보통주,3185.0,-0.31,33300000000.0,10467.0,353.0,1.05,-6.95,-34.81,-5676066324.0,9924758012.0,17070215651.0,-3938193208.0,19702522309.0,36772737960.0,-6109718959.0,8448884978.0,10949936943.0,-4637960377.0,12912141631.0,23862078574.0,-9438493811.0,13468747533.0,9226239588.0,-6532554188.0,18027212637.0,27253452225.0,86.64,-39.68,-28.81,2025,사업보고서
148930,에이치와이티씨,KOSDAQ,보통주,3290.0,1.39,33500000000.0,10175.0,3959.0,0.78,1.31,5.47,3446508255.0,30085095751.0,10777954935.0,-3167778087.0,64741421174.0,75519376109.0,2606689959.0,32321393845.0,10464298286.0,423595579.0,61363778564.0,71828076850.0,5604619686.0,40628539637.0,11438813542.0,3567640026.0,60056353135.0,71495166677.0,16.65,-10.53,5.32,2025,사업보고서
239890,피엔에이치테크,KOSDAQ,보통주,3550.0,4.57,35300000000.0,9936.0,26468.0,3.2,12.12,5.32,2870442435.0,,11617785713.0,,55596139735.0,67213925448.0,3386842164.0,,19066665070.0,,52265913016.0,71332578086.0,5621975904.0,,21200420874.0,,49895104304.0,71095525178.0,20.9,,5.16,2025,사업보고서
476080,M83,KOSDAQ,보통주,4010.0,2.17,32400000000.0,8077.0,10816.0,1.97,-8.55,-14.17,-8856110682.0,132396372517.0,49752879265.0,-8966649833.0,43810478586.0,93563357851.0,2819860069.0,58163355345.0,24512099821.0,1454115192.0,50862233733.0,75374333554.0,5682166027.0,42112864549.0,9911967759.0,4367827952.0,22532395469.0,32444363228.0,113.56,-6.77,-20.21,2025,사업보고서
419120,산돌,KOSDAQ,보통주,2370.0,0.42,33700000000.0,14223.0,16832.0,2.92,15.39,6.19,3641532622.0,19968415924.0,15747652554.0,4454706035.0,59884888453.0,75632541007.0,5010166133.0,15749076719.0,17255937856.0,2861974351.0,56673137178.0,73929075034.0,2843498738.0,14186687039.0,11501354731.0,2781120402.0,53945186164.0,65446540895.0,26.3,22.31,6.08,2025,사업보고서
021650,한국큐빅,KOSDAQ,보통주,1993.0,-0.3,32600000000.0,16351.0,1174.0,4.47,8.34,4.78,4617518631.0,227225841275.0,64587176741.0,7932698423.0,98498540003.0,163085716744.0,9701104111.0,252147530422.0,76692752955.0,11435096474.0,94773911753.0,171466664708.0,8263592527.0,252096865048.0,86798137225.0,10647846417.0,86496301389.0,173294438614.0,65.57,3.49,4.69,2025,사업보고서
417860,오브젠,KOSDAQ,보통주,6870.0,0.44,32300000000.0,4707.0,19798.0,1.49,2.9,-30.51,-3165668440.0,24017071711.0,42816919440.0,267873584.0,10790742138.0,53607661578.0,-3283326948.0,15201656072.0,19487136976.0,-4149694322.0,9994676312.0,29481813288.0,-5409311254.0,16986316908.0,10834698307.0,-5830265264.0,8204417607.0,19039115914.0,396.79,1.12,-29.34,2025,사업보고서
049120,파인디앤씨,KOSDAQ,보통주,3080.0,-2.69,32700000000.0,10602.0,9807.0,0.0,-1.41,-50.63,-22166511093.0,65794225834.0,56421519829.0,-4081726342.0,52026944493.0,108448464322.0,-2578196397.0,65008896548.0,69998089080.0,-744531246.0,35530819136.0,105528908216.0,-10154869634.0,43483821914.0,78519298181.0,-9622396864.0,29722753275.0,108242051456.0,108.45,-6.2,-42.61,2025,사업보고서
064520,테크엘,KOSDAQ,보통주,1520.0,1.33,34000000000.0,22351.0,3873.0,0.54,-17.47,-4.81,-4665162841.0,18149684065.0,5744662832.0,-5603781420.0,94575406668.0,100320069500.0,-472095276.0,25301712621.0,4763259906.0,-375456095.0,99389175172.0,104152435078.0,5504254842.0,21928276515.0,29204304512.0,-4543780279.0,80841200570.0,110045505082.0,6.07,-30.88,-4.93,2025,사업보고서
452300,캡스톤파트너스,KOSDAQ,보통주,2300.0,1.1,32600000000.0,14170.0,25266.0,6.61,11.44,6.9,2303879405.0,7473416657.0,6380699206.0,2339031606.0,34368307875.0,40749007081.0,1833331822.0,9692753598.0,4799942830.0,2195664243.0,32378631334.0,37178574164.0,-4315191604.0,9508927375.0,5207743605.0,-2432527988.0,31025122392.0,36232865997.0,18.57,31.3,6.7,2025,사업보고서
464280,티디에스팜,KOSDAQ,보통주,5910.0,1.55,32700000000.0,5530.0,44309.0,3.25,6.34,10.52,4274532711.0,27620873511.0,11366943387.0,3765191759.0,42784767057.0,54151710444.0,3717805295.0,27518775933.0,10656332980.0,3729663529.0,38504239728.0,49160572708.0,4687961787.0,30049355329.0,11025465311.0,5016415167.0,22944543039.0,33970008350.0,26.57,13.63,9.99,2025,사업보고서
348030,모비릭스,KOSDAQ,보통주,2925.0,-1.18,28100000000.0,9604.0,39333.0,1.09,-12.24,-21.22,-11353105771.0,39684702560.0,3442709583.0,-8922905730.0,48680603616.0,52123313199.0,-11916549520.0,55879953791.0,4973192964.0,-9391129937.0,58346558447.0,63319751411.0,-4864471317.0,90794664557.0,6611246026.0,-1524499350.0,72261887971.0,78873133997.0,7.07,-22.48,-23.32,2025,사업보고서
434480,모니터랩,KOSDAQ,보통주,2665.0,7.24,32800000000.0,12310.0,12959.0,3.3,17.08,1.75,668916167.0,19168619599.0,12339301852.0,943352791.0,38478768084.0,50818069936.0,2080063052.0,14909186498.0,7137920860.0,-643806101.0,37525814632.0,44663735492.0,-1368578967.0,14186630550.0,6580014594.0,7200025.0,35374725461.0,41954740055.0,32.07,4.92,1.74,2025,사업보고서
311390,네오크레마,KOSDAQ,보통주,2420.0,-0.41,30600000000.0,12654.0,45416.0,3.57,13.15,4.14,5173058511.0,81943689101.0,35506290852.0,5408789313.0,146330521389.0,181836812241.0,930237096.0,40313599873.0,35316636730.0,-690734776.0,143021367673.0,178338004403.0,-4957875150.0,24866771855.0,32274810933.0,278868999.0,38861472689.0,71136283622.0,24.26,6.6,3.54,2025,사업보고서
296640,이노에이엑스,KOSDAQ,보통주,6140.0,-0.97,31800000000.0,5178.0,4595.0,1.92,6.12,7.72,2584444014.0,22932750118.0,6392361983.0,921645948.0,34158925461.0,40551287444.0,3071755261.0,23706726437.0,14202184346.0,2396374785.0,32759317309.0,46961501655.0,34782575.0,15510863452.0,4236289061.0,-1240608765.0,30142173465.0,34378462526.0,18.71,4.02,7.57,2025,사업보고서
128540,에코캡,KOSDAQ,보통주,1164.0,0.17,31100000000.0,26690.0,46703.0,2.68,3.15,-2.27,-2461825276.0,151845506167.0,58364524996.0,-3158109336.0,108181328604.0,166545853600.0,20304775566.0,138529396394.0,82308062830.0,19597268599.0,108847850618.0,191155913448.0,2078833952.0,135901878758.0,68690955714.0,3950847298.0,89945220213.0,158636175927.0,53.95,-2.08,-2.28,2025,사업보고서
037330,인지디스플레,KOSDAQ,보통주,732.0,2.81,32100000000.0,43885.0,27460.0,4.89,5.81,3.38,9748402010.0,721813553316.0,268755952380.0,17103063887.0,213421934141.0,482177886521.0,-1264609446.0,732669239767.0,282546920953.0,10929198494.0,201666714763.0,484213635716.0,11293287529.0,687269080649.0,268788541305.0,5257045876.0,201113124566.0,469901665871.0,125.93,2.37,4.57,2025,사업보고서
263920,휴엠앤씨,KOSDAQ,보통주,3215.0,-1.23,31500000000.0,9809.0,2518.0,0.71,9.89,3.51,1571021628.0,52307212214.0,16284927798.0,2482783901.0,45513233667.0,61798161465.0,3400596889.0,47228709530.0,17995564144.0,4946737259.0,44028272684.0,62023836828.0,10308405045.0,48425321550.0,14542086903.0,4841527449.0,40494439398.0,55036526301.0,35.78,4.75,3.45,2025,사업보고서
469750,아이비젼웍스,KOSDAQ,보통주,983.0,0.41,33900000000.0,34456.0,40444.0,1.79,36.41,-1.09,-391704232.0,23001097577.0,10446802659.0,-390839029.0,36101183051.0,46547985710.0,-4591098656.0,35170486748.0,13315213008.0,2385026314.0,35900038202.0,49215251210.0,2669040303.0,23241688823.0,16733369512.0,2771094857.0,17953846470.0,34687215982.0,28.94,-1.7,-1.09,2025,사업보고서
089150,케이씨티,KOSDAQ,보통주,1876.0,1.79,32200000000.0,17150.0,12348.0,4.36,14.89,7.95,2770864474.0,23089563975.0,19826140647.0,4034569150.0,35937295251.0,55763435898.0,876166366.0,11668311681.0,19364683433.0,1607430147.0,33815647168.0,53180330601.0,1156287172.0,16147530629.0,18972149811.0,2169315930.0,34111476434.0,53083626245.0,55.17,17.47,7.71,2025,사업보고서
025440,DH오토웨어,KOSDAQ,보통주,3390.0,-0.29,33100000000.0,9756.0,4715.0,11.25,-1.9,-42.36,-23455447959.0,494366222632.0,297166404746.0,-4915767138.0,52886977118.0,350053381864.0,-2401231473.0,371930569811.0,215596992098.0,1896227254.0,57845390838.0,273442382936.0,650913185.0,393131714023.0,107744859035.0,2775900843.0,69546501070.0,177291360105.0,561.89,-0.99,-44.35,2025,사업보고서
071850,캐스텍코리아,KOSDAQ,보통주,1293.0,1.33,31400000000.0,24261.0,1325.0,1.69,-5.99,-31.63,-21320914893.0,155324721018.0,128334571702.0,-6273778201.0,55383790353.0,183718362055.0,-9413953869.0,158512372176.0,130718524327.0,-10019542792.0,79429451204.0,210147975531.0,-16101857829.0,172901541864.0,152993733460.0,-9205389585.0,73938725703.0,226932459163.0,231.72,-4.04,-38.5,2025,사업보고서
053950,경남제약,KOSDAQ,보통주,1920.0,-2.74,37700000000.0,19620.0,308321.0,0.0,-2.03,-8.06,-9006666812.0,55944199110.0,47330631548.0,-1731949461.0,108299757887.0,155630389435.0,8642493242.0,60792073200.0,51360765294.0,-942820720.0,115223111871.0,166583877165.0,-22227795040.0,59303484058.0,76776858469.0,-3586713557.0,89832324827.0,166609183296.0,43.7,-3.1,-8.32,2025,사업보고서
254120,자비스,KOSDAQ,보통주,1048.0,-0.95,32200000000.0,30754.0,35093.0,2.81,-7.18,-14.78,-4116708029.0,27895397844.0,13243825983.0,-3919944239.0,24730238529.0,37974064512.0,1195982566.0,37612263527.0,10534376696.0,1205824137.0,28757686508.0,39292063204.0,-3958044137.0,28708310774.0,18499743445.0,840610301.0,27498479480.0,45998222925.0,53.55,-14.05,-16.65,2025,사업보고서
131090,시큐브,KOSDAQ,보통주,4215.0,0.96,32300000000.0,7658.0,5150.0,6.38,7.03,9.84,4698796110.0,13438054169.0,3323461394.0,4313922657.0,49629200916.0,52952662310.0,3027423444.0,12075656393.0,2634226873.0,3420835998.0,45897760141.0,48531987014.0,5786793032.0,14445671814.0,4069633650.0,4453118488.0,44845315325.0,48914948975.0,6.7,32.1,9.47,2025,사업보고서
038950,파인디지털,KOSDAQ,보통주,3130.0,0.0,32000000000.0,10211.0,363.0,6.42,-26.08,-1.23,-1215379073.0,62850108669.0,8340267107.0,-4583231436.0,95052431957.0,103392699064.0,-1590396936.0,70801421344.0,11025018903.0,-4578073462.0,96542256056.0,107567274959.0,1971061225.0,87726787052.0,9424407198.0,-660156613.0,97526442341.0,106950849539.0,8.77,-7.29,-1.28,2025,사업보고서
200780,비씨월드제약,KOSDAQ,보통주,3020.0,-0.82,32200000000.0,10666.0,7730.0,1.22,-11.1,-6.62,-3142932405.0,75799976796.0,104299319451.0,1996621516.0,72501955411.0,176801274862.0,-3316347968.0,74814338700.0,100302537550.0,1499910278.0,76010380831.0,176312918381.0,2892308747.0,75110698903.0,104241328387.0,6365158872.0,79869460299.0,184110788686.0,143.86,2.63,-4.33,2025,사업보고서
099220,SDN,KOSDAQ,보통주,511.0,0.0,32200000000.0,62944.0,0.0,2.78,-46.45,-2.43,-2002458152.0,87454044091.0,78074646406.0,464354660.0,75360903585.0,153435549991.0,-28472977351.0,84360674220.0,93151501807.0,-6504940998.0,62442792772.0,155594294579.0,-8692189897.0,75692041591.0,93161943289.0,-7646386868.0,93202018442.0,186363961731.0,103.6,0.53,-2.66,2025,사업보고서
068050,팬엔터테인먼트,KOSDAQ,보통주,1186.0,0.0,32800000000.0,27694.0,14191.0,3.24,-5.49,-10.57,-8127844936.0,35178107167.0,55978132897.0,-3472070031.0,62206568679.0,118184701576.0,-3104498821.0,34688548303.0,50986182977.0,128869846.0,70640864187.0,121627047164.0,7575647925.0,123810641441.0,30238963684.0,4374570966.0,80772598114.0,111011561798.0,89.99,-9.87,-13.07,2025,사업보고서
089140,넥스턴앤롤코리아,KOSDAQ,보통주,2130.0,0.24,32600000000.0,15316.0,26558.0,1.37,-2.16,-7.13,-2348922332.0,70440930511.0,118396989737.0,2281825045.0,222512651055.0,340909640792.0,-13004514136.0,31640413075.0,96413013564.0,-1245982417.0,136623964919.0,233036978483.0,9680993019.0,41257657896.0,105980575830.0,1267041584.0,138013718152.0,243994293982.0,53.21,3.24,-1.06,2025,사업보고서
099390,브레인즈컴퍼니,KOSDAQ,보통주,3890.0,0.91,31900000000.0,8208.0,3545.0,4.56,4.66,9.81,4557849663.0,25086446300.0,6002806270.0,2110371551.0,54138121953.0,60140928223.0,4551943678.0,26585842652.0,5315221358.0,3600013187.0,50479733877.0,55794955235.0,5088493669.0,25819289874.0,7687700368.0,3338149750.0,48186025337.0,55873725705.0,11.09,8.41,8.42,2025,사업보고서
207760,미스터블루,KOSDAQ,보통주,2515.0,-7.2,41800000000.0,16616.0,806844.0,1.1,-3.29,-37.47,-18558584565.0,67463445141.0,26302769084.0,-2457410069.0,40409084890.0,66711853974.0,-16743234375.0,70341804726.0,36159143615.0,-13552961926.0,58693479737.0,94852623352.0,-11228581159.0,74126065820.0,59546875225.0,694659937.0,55616161388.0,115163036613.0,65.09,-3.64,-45.93,2025,사업보고서
318020,포인트모바일,KOSDAQ,보통주,2700.0,2.47,33200000000.0,12301.0,4693.0,3.13,2.37,5.63,2853185386.0,87204429934.0,43142332217.0,3006771217.0,51876228905.0,95018561122.0,1588577978.0,77295579606.0,32398975496.0,-1407880306.0,49503300407.0,81902275903.0,4843412566.0,80027251877.0,20352519395.0,4638590860.0,46636257044.0,66988776439.0,83.16,3.45,5.5,2025,사업보고서
087600,픽셀플러스,KOSDAQ,보통주,3955.0,1.02,32300000000.0,8167.0,1126.0,0.0,-9.99,-3.83,-3298324515.0,42707711339.0,22286170747.0,-5629969304.0,84702175180.0,106988345927.0,3473100186.0,53481912534.0,18703864916.0,846348242.0,87590390086.0,106294255002.0,-429659133.0,50670581353.0,21756253350.0,-6280835584.0,84009589263.0,105765842613.0,26.31,-13.18,-3.89,2025,사업보고서
037370,EG,KOSDAQ,보통주,3605.0,1.26,31100000000.0,8625.0,5303.0,2.79,-17.0,-2.02,-7676978839.0,62750627943.0,128430847610.0,-2165701772.0,23166205179.0,151597052789.0,-6749248974.0,65213324318.0,125171960584.0,-5466140843.0,26779987984.0,151951948568.0,-20564802530.0,61797981915.0,116424640808.0,-14353005712.0,33034482357.0,149459123165.0,554.39,-3.45,-33.14,2025,사업보고서
105550,엣지파운드리,KOSDAQ,보통주,1874.0,-0.27,29300000000.0,15661.0,58692.0,0.85,-1.44,15.29,15697205127.0,36390814582.0,48657485617.0,-15540147816.0,128436737300.0,177094222917.0,-18010933694.0,37297599228.0,54699678473.0,-5071599504.0,76862215138.0,131561893611.0,-21329840306.0,37040201905.0,48168048296.0,-4835961140.0,56134877719.0,104302926015.0,37.88,-42.7,12.22,2025,사업보고서
033830,티비씨,KOSDAQ,보통주,1685.0,-0.24,31900000000.0,18907.0,22650.0,0.0,11.16,2.93,3799296059.0,42691388395.0,5961241021.0,1484573947.0,131331061306.0,137292302327.0,3802312247.0,40284018896.0,7645164007.0,1456314716.0,127976372285.0,135621536292.0,6194310171.0,43505868968.0,7854020250.0,4137402175.0,126363358471.0,134217378721.0,4.54,3.48,2.89,2025,사업보고서
290090,트윔,KOSDAQ,보통주,4265.0,1.19,31700000000.0,7441.0,650.0,0.6,-224.47,-4.36,-3100819229.0,21040468279.0,6473667041.0,-4083362675.0,62807488523.0,69281155564.0,1626157240.0,29281443941.0,6145787244.0,601607786.0,66171745117.0,72317532361.0,2976029951.0,34492364516.0,12600233214.0,2009168277.0,66341418835.0,78941652049.0,10.31,-19.41,-4.94,2025,사업보고서
290560,파라택시스이더리움,KOSDAQ,보통주,1303.0,3.66,29100000000.0,22363.0,600482.0,16.77,-217.17,13.71,3341175730.0,13997153284.0,7583623395.0,3631464763.0,26259462159.0,33843085554.0,2510384972.0,11825525641.0,2811081721.0,2381138061.0,22495933613.0,25307015334.0,-19169236.0,10459352357.0,3868075754.0,1533812236.0,19054469642.0,22922545396.0,28.88,25.94,12.72,2025,사업보고서
080520,오디텍,KOSDAQ,보통주,2750.0,0.55,31100000000.0,11322.0,5305.0,2.15,16.37,0.7,890599267.0,37959545863.0,5197931756.0,-2276892782.0,128947238926.0,134145170682.0,5471824408.0,37001931925.0,11285823781.0,-6361445277.0,125689547464.0,136975371245.0,2950848792.0,34964165951.0,15002203919.0,-4252771289.0,123035390142.0,138037594061.0,4.03,-6.0,0.69,2025,사업보고서
232830,아이티센피엔에스,KOSDAQ,보통주,1916.0,3.85,31700000000.0,16534.0,7377.0,1.67,-7.4,-33.99,-4594086807.0,269551291750.0,177142007289.0,-302711455.0,26006165423.0,203148172712.0,-2515762751.0,104423115134.0,135118349124.0,-1569770960.0,11127870768.0,146246219892.0,-958968643.0,16219150218.0,7609283308.0,-1283047422.0,13154432361.0,20763715669.0,681.15,-0.11,-17.67,2025,사업보고서
050110,캠시스,KOSDAQ,보통주,1110.0,2.21,32400000000.0,29225.0,140475.0,2.69,-11.1,-27.9,-18619931234.0,489937482073.0,195508507845.0,-11268654368.0,54913653946.0,250422161791.0,-19617137827.0,378186831557.0,172212012364.0,-11727524256.0,78866714000.0,251078726364.0,-14072119246.0,500586465075.0,177488603353.0,7175758433.0,83106854143.0,260595457496.0,356.03,-2.3,-33.91,2025,사업보고서
106240,파인테크닉스,KOSDAQ,보통주,1095.0,-2.67,29100000000.0,26582.0,19228.0,0.54,-0.99,-29.63,-22221958418.0,42876376647.0,53052376805.0,-6412864510.0,76998410406.0,130050787211.0,-7356164621.0,57768466076.0,63363131215.0,-1735718579.0,85628935152.0,148992066367.0,-6007477378.0,59576122521.0,68116579366.0,1247614307.0,102868555222.0,170985134588.0,68.9,-14.96,-28.86,2025,사업보고서
088340,유라클,KOSDAQ,보통주,6870.0,1.63,30000000000.0,4364.0,10729.0,5.16,-4.55,-28.65,-6832926692.0,43754173452.0,17363597391.0,-6774588931.0,19346779615.0,36710377006.0,2197652437.0,47577265822.0,12587474155.0,1966275079.0,28353431628.0,40940905783.0,4502657145.0,45745956970.0,9719572070.0,3099928289.0,16338836928.0,26058408998.0,89.75,-15.48,-35.32,2025,사업보고서
271830,팸텍,KOSDAQ,보통주,1004.0,-0.1,29600000000.0,29490.0,92208.0,2.03,-5.0,-9.72,-5409425476.0,38741691594.0,26034340041.0,-4126917694.0,61534271408.0,87568611449.0,-89694487.0,44355751694.0,20990396586.0,-3727301358.0,66807095100.0,87797491686.0,7512038277.0,96146067572.0,23822644990.0,10829546939.0,68239423566.0,92062068556.0,42.31,-10.65,-8.79,2025,사업보고서
462310,뉴키즈온,KOSDAQ,보통주,3845.0,0.79,30400000000.0,7899.0,8179.0,1.18,-320.42,-10.27,-3981256288.0,49034721544.0,9919715117.0,723884290.0,44488226273.0,54407941390.0,2232615006.0,50378041900.0,11211774852.0,4542430836.0,34595074082.0,45806848934.0,1423536464.0,45892704604.0,24742474386.0,2621690840.0,18525906150.0,43268380536.0,22.3,1.48,-8.95,2025,사업보고서
258830,세종메디칼,KOSDAQ,보통주,412.0,0.0,31200000000.0,75786.0,0.0,1.68,34.33,-0.12,-25447650.0,18535097964.0,37169198140.0,2264502775.0,22636699220.0,59805897360.0,-65092046065.0,18952234158.0,30153407648.0,-472212733.0,21590167663.0,51743575311.0,-19201767394.0,17991718820.0,98574997008.0,2190258857.0,9886736241.0,108461733249.0,164.2,12.22,-0.11,2025,사업보고서
305090,마이크로디지탈,KOSDAQ,보통주,538.0,0.0,10100000000.0,18750.0,0.0,7.51,-0.49,-45.26,-13145531680.0,12842770689.0,36247142186.0,-9171245064.0,28953499933.0,65200642119.0,449552348.0,11533272625.0,25073047730.0,279883032.0,29135753467.0,54208801197.0,590142736.0,10839854618.0,21249582935.0,880251845.0,8716568929.0,29966151864.0,125.19,-71.41,-45.4,2025,사업보고서
197140,디지캡,KOSDAQ,보통주,2450.0,2.94,31900000000.0,13013.0,11839.0,1.03,-70.0,-0.93,-528568955.0,66632227178.0,19372574301.0,-2530392638.0,56507427435.0,75880001736.0,1151353479.0,32013726035.0,16965523003.0,-1597169407.0,57526644401.0,74492167404.0,-3334528003.0,14936406515.0,7506865491.0,726308179.0,42780811019.0,50287676510.0,34.28,-3.8,-0.94,2025,사업보고서
022220,티케이지애강,KOSDAQ,보통주,894.0,0.0,46300000000.0,51795.0,242744.0,1.23,-3.55,-12.49,-11527550132.0,64731135694.0,52261300679.0,-10835464075.0,86664689413.0,138925990092.0,-1934424157.0,58405107795.0,11891853795.0,-3687486414.0,97993699503.0,109885553298.0,5455628599.0,78148269266.0,16580732022.0,4439727684.0,100050742903.0,116631474925.0,60.3,-16.74,-13.3,2025,사업보고서
187270,신화콘텍,KOSDAQ,보통주,3155.0,-0.47,32000000000.0,10144.0,3224.0,2.17,10.84,4.48,2903722333.0,53433430757.0,24169282363.0,4799876921.0,70887704174.0,95056986537.0,7531753374.0,51968813986.0,30240330309.0,6962992748.0,66983130028.0,97223460337.0,3890941578.0,51942907903.0,33676722417.0,4913326276.0,60816959294.0,94493681711.0,34.1,8.98,4.1,2025,사업보고서
012620,원일특강,KOSDAQ,보통주,7030.0,0.14,30900000000.0,4400.0,669.0,2.69,4.78,5.02,8212015288.0,398115514874.0,116086035530.0,12364724352.0,166742147460.0,282828182990.0,6651602462.0,379299734226.0,95874433992.0,11977978291.0,160201463021.0,256075897013.0,7997353459.0,379986386064.0,106681278669.0,13440573213.0,154712215973.0,261393494642.0,69.62,3.11,4.92,2025,사업보고서
452160,제이엔비,KOSDAQ,보통주,3135.0,-1.72,30200000000.0,9618.0,7965.0,1.15,-12.44,-0.9,-447661830.0,14901644432.0,32099844880.0,175123344.0,40059118468.0,72158963348.0,1987259743.0,16032973792.0,27351786010.0,3364526992.0,38099183128.0,65450969138.0,-2542800502.0,15313114696.0,25221144111.0,3289323223.0,34580994535.0,59802138646.0,80.13,1.18,-1.12,2025,사업보고서
043200,파루,KOSDAQ,보통주,1195.0,-2.29,25000000000.0,20902.0,398232.0,0.3,-22.13,-15.82,-4133229989.0,28785165562.0,32170927259.0,-2733635782.0,23909651592.0,56080578851.0,-980868273.0,40090145127.0,31309627696.0,211969711.0,27915716457.0,59225344153.0,-1030056716.0,42204969570.0,38594112518.0,-1915962080.0,28927622165.0,67521734683.0,134.55,-9.5,-17.29,2025,사업보고서
407400,꿈비,KOSDAQ,보통주,2100.0,0.24,30700000000.0,14635.0,9865.0,4.15,-6.56,-21.28,-15071577648.0,86393559485.0,54981085889.0,-4247887533.0,67680264403.0,122661350292.0,-2658636275.0,39492542361.0,38277982354.0,402701555.0,33464048469.0,71742030823.0,-2267183143.0,28927922420.0,13521964849.0,-2635913686.0,35684519853.0,49206484702.0,81.24,-4.92,-22.27,2025,사업보고서
031510,오스템,KOSDAQ,보통주,1129.0,-1.91,31600000000.0,28000.0,25345.0,2.2,2.76,1.4,802723032.0,128548602017.0,65311013130.0,4148090517.0,66291587950.0,131602601080.0,-39034685898.0,127865182887.0,54837429855.0,434747154.0,64972139031.0,119809568886.0,8720506182.0,141975544188.0,59045844395.0,9903944411.0,102179785552.0,161225629947.0,98.52,3.23,1.21,2025,사업보고서
020180,대신정보통신,KOSDAQ,보통주,3995.0,0.0,30700000000.0,7686.0,21080.0,2.01,2.48,28.18,5738588612.0,202861487817.0,96662192142.0,9099047769.0,38942736867.0,135604929009.0,6540378029.0,255122447363.0,69340769671.0,9215588861.0,34357015705.0,103697785376.0,-48357163.0,228487621631.0,56496625370.0,4175255751.0,28585215976.0,85081841346.0,248.22,4.49,14.74,2025,사업보고서
093380,풍강,KOSDAQ,보통주,3145.0,0.48,31100000000.0,9879.0,39726.0,1.26,5.77,1.14,775328922.0,90273114653.0,21411356924.0,728436077.0,70470259397.0,91881616321.0,-907929584.0,93027835673.0,20766325778.0,1149162523.0,70249498854.0,91015824632.0,5625015653.0,97322976980.0,17628311507.0,5238490101.0,73368268375.0,90996579882.0,30.38,0.81,1.1,2025,사업보고서
097780,에코볼트,KOSDAQ,보통주,1843.0,4.78,37400000000.0,20293.0,68701.0,0.2,87.76,-8.18,-24908902623.0,217426570735.0,37215797837.0,1079825912.0,216627479328.0,253843277165.0,-20609109574.0,202917689820.0,60677699929.0,-20700328853.0,251532534867.0,312210234796.0,15275721402.0,180164482428.0,68920413648.0,-19154127312.0,265487223226.0,334407636874.0,17.18,0.5,-11.5,2025,사업보고서
246250,에스엘에스바이오,KOSDAQ,보통주,1969.0,0.0,30200000000.0,15348.0,0.0,1.06,-5.56,-48.68,-4903848305.0,3983968955.0,3593691909.0,-4105399044.0,7635025960.0,11228717869.0,335625660.0,8371294818.0,3845419216.0,287619944.0,12513139320.0,16358558536.0,1434045715.0,9023399199.0,4371356731.0,1031032573.0,13466226903.0,17837583634.0,47.07,-103.05,-64.23,2025,사업보고서
215090,솔디펜스,KOSDAQ,보통주,1265.0,0.48,29300000000.0,23156.0,47087.0,1.55,-32.44,6.66,3103273766.0,26761166493.0,7851189308.0,1324012697.0,52178273921.0,60029463229.0,10984714023.0,21756567908.0,7166241212.0,3032802358.0,40966956407.0,48133197619.0,-14354813999.0,16254001186.0,14293012659.0,-2368528249.0,23091089274.0,37384101933.0,15.05,4.95,5.95,2025,사업보고서
091970,LSK아이로봇,KOSDAQ,보통주,3980.0,-0.5,30000000000.0,7535.0,12688.0,0.0,-8.82,-35.9,-10206415759.0,50111277900.0,52449972114.0,-262421464.0,21708015388.0,74157987502.0,-3701905727.0,55510197733.0,44410948058.0,177820407.0,28595107498.0,73006055556.0,-6114538212.0,42401462051.0,22854738047.0,-1843750735.0,31938454092.0,54793192139.0,241.62,-0.52,-47.02,2025,사업보고서
079170,한창산업,KOSDAQ,보통주,5840.0,1.21,30400000000.0,5200.0,7991.0,7.59,7.25,9.41,6583407733.0,98562693505.0,13884829189.0,7885301834.0,72507252591.0,86392081780.0,6816956646.0,94639979407.0,19436703827.0,8769285738.0,67363376622.0,86800080449.0,1554356985.0,66951087089.0,23723917113.0,1568850912.0,61794496160.0,85518413273.0,19.15,8.0,9.08,2025,사업보고서
297570,아틀라스링크,KOSDAQ,보통주,869.0,0.0,30100000000.0,34621.0,0.0,1.13,3.78,11.45,4469199556.0,42912841922.0,57749470665.0,6538943174.0,54720091790.0,112469562455.0,-403446745.0,30947059461.0,19489072629.0,4807349942.0,40374430233.0,59863502862.0,4896695723.0,26583526247.0,17734245583.0,4250212435.0,40691908647.0,58426154230.0,105.54,15.24,8.17,2025,사업보고서
078590,휴림에이텍,KOSDAQ,보통주,3180.0,1.92,31800000000.0,9988.0,195687.0,0.0,-1.63,-22.97,-11121566334.0,64375014019.0,32664555531.0,247792790.0,48942254410.0,81606809941.0,4597621569.0,70316959871.0,27396067815.0,3982320002.0,47915397335.0,75311465150.0,8202050323.0,63663274097.0,10771637873.0,4814018015.0,43420174591.0,54191812464.0,66.74,0.38,-22.72,2025,사업보고서
237820,플레이디,KOSDAQ,보통주,2325.0,2.2,29800000000.0,12827.0,16979.0,2.77,7.22,6.65,5872618681.0,40227143049.0,54380995191.0,6224756280.0,91009360316.0,145390355507.0,4300661190.0,38614111514.0,48983847521.0,4001982311.0,85708884420.0,134692731941.0,2885948551.0,37255650160.0,54237847289.0,2531121706.0,81295800338.0,135533647627.0,59.75,15.47,6.45,2025,사업보고서
193250,링크드,KOSDAQ,보통주,2250.0,-0.22,30100000000.0,13369.0,19679.0,1.72,2.8,-4.44,-2983890606.0,10455279389.0,12014938952.0,-7209846700.0,59831054948.0,71845993900.0,-17647528048.0,14078981236.0,9742202016.0,-6060223537.0,62288984299.0,72031186315.0,-12693679942.0,20171254674.0,8352265126.0,-4428502767.0,75696066286.0,84048331412.0,20.08,-68.96,-4.99,2025,사업보고서
444530,심플랫폼,KOSDAQ,보통주,4465.0,0.11,28700000000.0,6432.0,4983.0,1.67,-6.86,-28.78,-2529605356.0,10404472896.0,4741063510.0,-2664703884.0,14793200992.0,19534264502.0,-8022172685.0,7227053902.0,4508947371.0,-142923926.0,2786512509.0,7295459880.0,-1193400696.0,4389632354.0,8130751833.0,-1540097008.0,-1773124703.0,6357627130.0,32.05,-25.61,-17.1,2025,사업보고서
360350,코셈,KOSDAQ,보통주,5380.0,1.89,29300000000.0,5438.0,4087.0,6.49,-33.21,-3.13,-870827920.0,13390488732.0,4783312714.0,-1528531452.0,18356852512.0,23140165226.0,663871219.0,14730380482.0,5114861819.0,-236359800.0,23108115539.0,28222977358.0,1684026449.0,13729282775.0,3349849232.0,1501966865.0,12761083491.0,16110932723.0,26.06,-11.42,-4.74,2025,사업보고서
351330,이삭엔지니어링,KOSDAQ,보통주,3550.0,1.87,29400000000.0,8289.0,5122.0,4.14,-3.27,-23.0,-8907834071.0,78986196809.0,42961154823.0,-7182250667.0,34613158898.0,77574313721.0,-7020949893.0,68450229130.0,27363804809.0,-4543528819.0,40813163177.0,68176967986.0,-462680769.0,100515237200.0,27217241788.0,134144976.0,48021094869.0,75238336657.0,124.12,-9.09,-25.74,2025,사업보고서
351870,차이커뮤니케이션,KOSDAQ,보통주,2350.0,-2.89,26200000000.0,11161.0,4106.0,0.87,-25.82,2.3,2521483697.0,66474697200.0,111922938522.0,4435474598.0,58495308229.0,170418246751.0,-314516197.0,58777951391.0,105434624916.0,3547196022.0,50673974807.0,156108599723.0,7290068074.0,56402365953.0,48778784141.0,8604820253.0,36706547716.0,85485331857.0,191.34,6.67,4.31,2025,사업보고서
318010,팜스빌,KOSDAQ,보통주,3740.0,1.49,29700000000.0,7929.0,813.0,0.85,9.92,4.41,2902453242.0,12728245936.0,1954735303.0,-673132038.0,66547332653.0,68502067956.0,1583124504.0,16724977154.0,2515698346.0,-258082234.0,64624250914.0,67139949260.0,3307098243.0,21394730375.0,7262800801.0,1632976195.0,64015921507.0,71278722308.0,2.94,-5.29,4.36,2025,사업보고서
096630,에스코넥,KOSDAQ,보통주,1825.0,1.05,29000000000.0,15876.0,11261.0,1.4,1.48,49.77,35701849592.0,278688408641.0,81957154350.0,13274075202.0,88664441724.0,170621596074.0,-27143754421.0,289273100792.0,141663437913.0,10453546673.0,53794329119.0,195457767032.0,-1327048278.0,270522758123.0,130363838982.0,13955502399.0,75753839327.0,206117678309.0,92.44,4.76,40.27,2025,사업보고서
458350,에스팀,KOSDAQ,보통주,3330.0,-0.3,28900000000.0,8683.0,18391.0,2.74,59.46,14.99,2078352241.0,35151802281.0,9668962700.0,2462371133.0,15402811280.0,25071773980.0,1370266485.0,35573738421.0,9446570849.0,2010005702.0,12330632438.0,21777203287.0,-1791984607.0,34883772895.0,10134853702.0,-1791184231.0,10625710519.0,20760564221.0,62.77,7.0,13.49,2025,사업보고서
276730,한울앤제주,KOSDAQ,보통주,1309.0,-1.65,30900000000.0,23608.0,53836.0,0.49,-0.78,-94.85,-11513655522.0,13893332928.0,44438216134.0,-4900577215.0,15979664433.0,60417880567.0,-20945446528.0,18276403018.0,24791596284.0,-4827147631.0,8298781016.0,33090377300.0,-12390083212.0,21729483030.0,26960441398.0,-10431691308.0,22806470350.0,49766911748.0,278.09,-35.27,-72.05,2025,사업보고서
195500,마니커에프앤지,KOSDAQ,보통주,1774.0,1.14,28300000000.0,15978.0,76481.0,1.81,10.56,2.76,2168562491.0,106758230980.0,43143191480.0,2485633089.0,79531026176.0,122674217656.0,2994006581.0,107702390835.0,45238445739.0,3844717913.0,77386444251.0,122624889990.0,2071774642.0,101217984830.0,39721957059.0,2104728180.0,66386151067.0,106108108126.0,54.25,2.33,2.73,2025,사업보고서
363260,모비데이즈,KOSDAQ,보통주,916.0,0.0,29500000000.0,32164.0,0.0,2.46,17.96,7.91,3096401239.0,44359105328.0,77040559500.0,4506603704.0,48974301989.0,126014861489.0,-1713863917.0,37232287419.0,69984380639.0,315014042.0,46234968076.0,116219348715.0,-914779751.0,23890581882.0,63092374224.0,-1902922259.0,48961689476.0,112054063700.0,157.31,10.16,6.32,2025,사업보고서
464580,닷밀,KOSDAQ,보통주,1610.0,-0.37,29600000000.0,18406.0,25666.0,1.6,-55.52,2.36,795505380.0,33841306055.0,11681675546.0,122524497.0,34299698529.0,45981374075.0,960402797.0,23630302177.0,12650385624.0,1023815806.0,33270251007.0,45920636631.0,-1213001596.0,18780047895.0,26890409123.0,809377781.0,672399340.0,27562808463.0,34.06,0.36,2.32,2025,사업보고서
376180,피코그램,KOSDAQ,보통주,1409.0,-2.56,26200000000.0,18561.0,20286.0,2.11,6.1,-2.64,-1096511847.0,30872569046.0,19773602910.0,-704156204.0,39915440005.0,59689042915.0,7127387800.0,32144304576.0,35007278603.0,2836750613.0,43085368568.0,78092647171.0,4454534539.0,27708930019.0,33069972590.0,1525783534.0,35832397320.0,68902369910.0,49.54,-2.28,-2.75,2025,사업보고서
021880,메이슨캐피탈,KOSDAQ,보통주,1270.0,-0.39,26900000000.0,21218.0,15533.0,1.51,-27.02,-5.46,-10545829677.0,25090614032.0,14189047347.0,-10097939629.0,54992629389.0,69181676736.0,4757784155.0,20284640607.0,15327160843.0,4297892217.0,65314526742.0,80641687585.0,-3834733467.0,4315281301.0,11028293652.0,-3938903200.0,54062089291.0,65090382943.0,25.8,-40.25,-19.18,2025,사업보고서
336060,웨이버스,KOSDAQ,보통주,3025.0,0.0,29100000000.0,9631.0,7812.0,0.0,15.84,6.68,2743505908.0,70202813590.0,14031692940.0,1991577750.0,42843959251.0,56875652191.0,3260196717.0,56364920891.0,15216158617.0,1677639649.0,39286851222.0,54503009839.0,7067361871.0,48755717335.0,14066152712.0,5059915724.0,35253365200.0,49319517912.0,32.75,2.84,6.4,2025,사업보고서
032790,엠젠솔루션,KOSDAQ,보통주,1190.0,5.22,30600000000.0,25680.0,151985.0,1.31,-1.9,-41.78,-16330139504.0,28591100187.0,26160262383.0,-10274069702.0,33686966849.0,59847229232.0,2859991080.0,34469658165.0,27303137349.0,-5251271508.0,44120655713.0,71423793062.0,-21492769083.0,20695565944.0,30301695050.0,-4886323753.0,36987328011.0,67289023061.0,77.66,-35.93,-48.48,2025,사업보고서
262840,아이퀘스트,KOSDAQ,보통주,2730.0,0.37,28800000000.0,10567.0,9250.0,1.41,3.58,11.15,5961473289.0,43564251822.0,52466023566.0,4275151300.0,59938707489.0,112404731055.0,4285153975.0,40638997617.0,8095910744.0,3418781244.0,54508843186.0,62604753930.0,3731788079.0,40078912565.0,9057033985.0,3624846623.0,52018291885.0,61075325870.0,87.53,9.81,9.95,2025,사업보고서
075970,동국알앤에스,KOSDAQ,보통주,1631.0,0.0,30000000000.0,18400.0,4224.0,2.33,41.82,0.74,579043927.0,110734618130.0,43708997404.0,3378074057.0,82054125494.0,125763122898.0,1733126200.0,110359936194.0,45660854199.0,1137751280.0,81846453621.0,127507307820.0,679539151.0,108390541218.0,45624063330.0,2084942034.0,80714697916.0,126338761246.0,53.27,3.05,0.71,2025,사업보고서
038620,위즈코프,KOSDAQ,보통주,1888.0,-2.33,28600000000.0,15146.0,13942.0,3.16,2.01,4.89,4669088030.0,112636294223.0,18350123946.0,2490161826.0,97617482822.0,115967606768.0,1086244963.0,104651520953.0,22271369627.0,2790810913.0,89353477095.0,111624846722.0,1594172742.0,56065934824.0,30389685361.0,647813712.0,86815036888.0,117204722249.0,18.8,2.21,4.78,2025,사업보고서
079000,와토스코리아,KOSDAQ,보통주,4065.0,0.37,29300000000.0,7200.0,12067.0,1.84,-9.22,-3.66,-2741730099.0,14125847378.0,4900625224.0,-4315807274.0,71111150656.0,76011775880.0,2065735366.0,17497542121.0,4869134894.0,-247222243.0,78869429917.0,83738564811.0,2666638908.0,17677716367.0,4135990882.0,-90314143.0,79281396639.0,83417387521.0,6.89,-30.55,-3.86,2025,사업보고서
066910,손오공,KOSDAQ,보통주,2010.0,3.34,30900000000.0,15387.0,11485.0,0.0,5.06,2.15,808467817.0,96999899742.0,70614657204.0,-6683270784.0,49367053966.0,119981711170.0,-9557600866.0,30533858527.0,29570732886.0,-9086673747.0,28132018861.0,57702751747.0,-11876739598.0,50347819486.0,27171863284.0,-9498690286.0,21810933267.0,49037996551.0,143.04,-6.89,1.64,2025,사업보고서
119500,포메탈,KOSDAQ,보통주,2435.0,0.21,28800000000.0,11847.0,53905.0,6.85,15.92,4.26,2158443277.0,51114697557.0,10790531087.0,1939868287.0,51368820073.0,62159351160.0,1567035709.0,65149120698.0,12157570068.0,1494959309.0,50060419673.0,62217989741.0,1909472645.0,71095183868.0,16325734700.0,2143509737.0,49221639572.0,65547374272.0,21.01,3.8,4.2,2025,사업보고서
239610,에이치엘사이언스,KOSDAQ,보통주,5330.0,0.19,28700000000.0,5392.0,1578.0,0.83,-2.58,-13.46,-11949100121.0,16705710069.0,2274522424.0,-11051574087.0,82770166755.0,85044689179.0,-7966187665.0,17664168768.0,3151518795.0,-9859262203.0,94626654116.0,97778172911.0,-1391182447.0,25587457016.0,3375664005.0,-4692442893.0,102593407123.0,105969071128.0,2.75,-66.15,-14.44,2025,사업보고서
069410,엔텔스,KOSDAQ,보통주,2735.0,1.3,28000000000.0,10245.0,3741.0,3.0,9.91,5.82,3161821903.0,66760703264.0,13882714654.0,2161590414.0,55932017256.0,69814731910.0,1264701827.0,47878756057.0,12000061804.0,-242847334.0,52784511961.0,64784573765.0,-1329871873.0,44886674889.0,8736592378.0,-3214254023.0,51142251319.0,59878843697.0,24.82,3.24,5.65,2025,사업보고서
026910,광진실업,KOSDAQ,보통주,3290.0,-4.08,26100000000.0,7928.0,92291.0,1.15,-5.43,-21.69,-4862703566.0,56888193408.0,72832279537.0,-4251787340.0,20056659635.0,92888939172.0,2944099146.0,58527388505.0,69475707631.0,-7323446508.0,24776374440.0,94252082071.0,-5139724500.0,53679071672.0,72708166628.0,-7043841565.0,21950374529.0,94658541157.0,363.13,-7.47,-24.24,2025,사업보고서
365590,하이딥,KOSDAQ,보통주,783.0,0.0,28800000000.0,36815.0,0.0,3.6,-1.43,-303.4,-14801817193.0,1766991674.0,10325140261.0,-11733752112.0,2235802722.0,12560942983.0,-9436778843.0,5889970051.0,10843414437.0,-9120516576.0,7521586351.0,18365000788.0,-9377440990.0,10483522724.0,10686983241.0,-8614527090.0,15401609147.0,26088592388.0,461.81,-664.05,-662.04,2025,사업보고서
139670,키네마스터,KOSDAQ,보통주,2100.0,4.22,29600000000.0,14119.0,24178.0,1.78,4.14,14.44,3414711614.0,12259444646.0,2218080511.0,925499754.0,25372100847.0,27590181358.0,4396720879.0,13333948574.0,2332035122.0,592222129.0,21932645831.0,24264680953.0,2623248143.0,16773679386.0,2970833704.0,1861579740.0,16676527866.0,19647361570.0,8.74,7.55,13.46,2025,사업보고서
101670,하이드로리튬,KOSDAQ,보통주,490.0,6.99,27800000000.0,56777.0,787711.0,4.9,-0.68,-47.54,-34672551082.0,3368949713.0,19548569957.0,-15061982581.0,62375819359.0,81924389316.0,-17650228458.0,2150142872.0,10529823753.0,-6785556250.0,83495464411.0,94025288164.0,-40955426975.0,22859151303.0,33232750974.0,-35826848486.0,68948563471.0,102181314445.0,31.34,-447.08,-55.59,2025,사업보고서
008470,부스타,KOSDAQ,보통주,1700.0,1.19,28600000000.0,16810.0,26592.0,1.85,-77.27,1.97,1560278310.0,120761096176.0,20295477430.0,1812628245.0,80059689083.0,100355166513.0,1690244491.0,106182807740.0,26379685572.0,231513742.0,78627628604.0,105007314176.0,1448541830.0,101060228361.0,17030987718.0,1540087069.0,77355521576.0,94386509294.0,25.35,1.5,1.95,2025,사업보고서
013720,청보,KOSDAQ,보통주,2370.0,-1.04,28800000000.0,12166.0,6084.0,0.0,-2.18,-20.88,-12176839324.0,24907855868.0,26363105254.0,762078994.0,58356277724.0,81742214798.0,-14778691934.0,24448731850.0,20528684499.0,1408110915.0,58300505633.0,78829190132.0,-13335949581.0,31359260218.0,28755407435.0,787375316.0,51923477305.0,80678884740.0,45.18,3.06,-20.87,2025,사업보고서
364950,에이아이코리아,KOSDAQ,보통주,3410.0,0.15,28300000000.0,8296.0,5059.0,3.55,8.93,-1.54,-1073545380.0,86949654104.0,26962918528.0,2819131422.0,56245031341.0,83207949869.0,12282228644.0,114555344263.0,41563983454.0,8813931719.0,44249357501.0,85813340955.0,4590149370.0,76836344743.0,29496422571.0,4456767680.0,31387188045.0,60883610616.0,47.94,3.24,-1.91,2025,사업보고서
069140,누리플랜,KOSDAQ,보통주,1821.0,-0.49,27500000000.0,15096.0,9875.0,1.7,47.92,0.54,1367211380.0,117635132082.0,94032935229.0,4820589569.0,46258861324.0,140291796553.0,2027387982.0,116059214572.0,104863854642.0,4129750521.0,42611321205.0,147475175847.0,-28358003426.0,122181435860.0,108944533140.0,-24645655286.0,42504678963.0,151449212103.0,203.28,4.1,2.96,2025,사업보고서
017000,신원종합개발,KOSDAQ,보통주,2450.0,1.66,28600000000.0,11668.0,19991.0,4.75,3.39,4.43,4857629900.0,211310547626.0,110009755024.0,8599532119.0,112097841300.0,222107596324.0,5528410647.0,259809713516.0,111263948975.0,15013758701.0,106997656933.0,218261605908.0,8253167612.0,309755353209.0,153559262517.0,3128726284.0,101519649696.0,255078912213.0,98.14,4.07,4.33,2025,사업보고서
310870,디와이씨,KOSDAQ,보통주,1547.0,15.02,33900000000.0,21923.0,549103.0,1.52,4.33,7.02,3674732731.0,111038786425.0,77525919103.0,5122983201.0,53992464157.0,131518383260.0,631129010.0,100112472400.0,52553955986.0,4903606294.0,50733716670.0,103287672656.0,4402845474.0,122419662930.0,55738216535.0,9142782188.0,50986826392.0,106725042927.0,143.59,4.61,6.81,2025,사업보고서
367000,플래티어,KOSDAQ,보통주,3545.0,2.75,29700000000.0,8388.0,5038.0,0.75,-15.48,-13.06,-4291576944.0,38854699341.0,24025833507.0,-4398781277.0,32656103806.0,56681937313.0,-5640421095.0,29798214574.0,14620767937.0,-6974514700.0,36883515385.0,51504283322.0,-3235554655.0,33291839469.0,11228183360.0,-4541180978.0,42384228487.0,53612411847.0,73.57,-11.32,-13.14,2025,사업보고서
027040,서울전자통신,KOSDAQ,보통주,1810.0,-3.0,25200000000.0,13918.0,106071.0,1.0,17.75,-44.97,-5341220014.0,33729253174.0,30721757760.0,-1609196308.0,8749722618.0,39471480378.0,-2743640916.0,35822248206.0,54420205158.0,-2230403436.0,15003347601.0,69423552759.0,-14548947347.0,34586691657.0,72040222981.0,-3756620550.0,38933916521.0,110974139502.0,351.12,-4.77,-61.04,2025,사업보고서
462980,아이지넷,KOSDAQ,보통주,1504.0,-1.12,27400000000.0,18234.0,1699.0,2.2,7.16,18.38,2556522660.0,39018670597.0,28181648984.0,3329722972.0,22101643756.0,50283292740.0,151772359.0,23340662328.0,13368105473.0,352456597.0,5718946265.0,19087051738.0,-12615362351.0,13005501306.0,60852050567.0,-3233035052.0,-47035951698.0,13816098869.0,127.51,8.53,11.57,2025,사업보고서
031310,아이즈비전,KOSDAQ,보통주,1018.0,0.49,30300000000.0,29747.0,35548.0,2.89,7.02,6.29,8803771973.0,194376148403.0,78853404577.0,3377631184.0,205137498687.0,283990903264.0,-857697949.0,182782663558.0,47139308709.0,1024814466.0,193068978931.0,240208287640.0,-807962640.0,190968431347.0,62029741582.0,6785523313.0,182872662866.0,244902404448.0,38.44,1.74,4.29,2025,사업보고서
109960,앱토크롬,KOSDAQ,보통주,1858.0,2.82,28100000000.0,15132.0,3726.0,0.0,0.56,-1.83,-5634301225.0,9807257584.0,13886192801.0,-2286394194.0,306569180799.0,320455373600.0,-28020302336.0,16399967174.0,33035134415.0,966608518.0,301855689217.0,334890823632.0,4171316164.0,16006600520.0,29292206444.0,188594164.0,287264870277.0,316557076721.0,4.53,-23.31,-1.84,2025,사업보고서
115480,씨유메디칼,KOSDAQ,보통주,2375.0,4.63,28800000000.0,12125.0,36152.0,0.0,2.97,1.38,819203805.0,48222586383.0,39987941025.0,10812879962.0,59675001189.0,99662942214.0,-3140743654.0,40629340409.0,44264686180.0,7801018206.0,59304149382.0,103568835562.0,-8135967945.0,41803052141.0,31429449500.0,4940532433.0,54221024253.0,85650473753.0,67.01,22.42,1.37,2025,사업보고서
388610,지에프씨생명과학,KOSDAQ,보통주,5230.0,0.58,27900000000.0,5325.0,3384.0,2.37,25.64,3.2,555427828.0,17714780998.0,10034613357.0,386262084.0,23798575731.0,33833189088.0,-5947017541.0,16804533739.0,9155129810.0,1704603240.0,10900109969.0,20055239779.0,2102979094.0,15434186294.0,20001205602.0,703526737.0,-1163622484.0,18837583118.0,42.16,2.18,2.33,2025,사업보고서
053290,NE능률,KOSDAQ,보통주,1676.0,2.32,27700000000.0,16526.0,4101.0,1.9,-3.43,-0.48,-386909708.0,62702088959.0,19536434453.0,1069301578.0,80089633158.0,99626067611.0,-5043264597.0,71733831361.0,18216972603.0,-1047950248.0,80285137050.0,98502109653.0,1067106324.0,79198082671.0,19535784284.0,1113115849.0,85462548590.0,104998332874.0,24.39,1.71,-0.48,2025,사업보고서
406820,뷰티스킨,KOSDAQ,보통주,1916.0,0.52,27100000000.0,14136.0,88577.0,0.93,-9.21,-5.21,-2148273140.0,54922098935.0,55060074279.0,-3158827820.0,32620119857.0,87680194136.0,-5675919002.0,80871329493.0,48046669279.0,-1212644659.0,34947753155.0,82994422434.0,-8650216233.0,80903510908.0,39139268837.0,-6076737802.0,35095906111.0,74235174948.0,168.79,-5.75,-6.59,2025,사업보고서
045300,성우테크론,KOSDAQ,보통주,2685.0,1.13,28300000000.0,10547.0,21310.0,2.87,3.96,6.58,4751848876.0,40916515347.0,25049725830.0,1952258057.0,75393416029.0,100443141859.0,2250364932.0,41687064810.0,27928193253.0,1183990318.0,70747136878.0,98675330131.0,-1051808342.0,33775629980.0,24607485804.0,-808211684.0,68758953206.0,93366439010.0,33.23,4.77,6.3,2025,사업보고서
057680,티사이언티픽,KOSDAQ,보통주,1960.0,10.8,31000000000.0,15793.0,1164132.0,0.58,-25.79,-0.83,-1599183659.0,36366454993.0,32382263863.0,264326560.0,168892273458.0,201274537321.0,2289343227.0,43016852499.0,24038847142.0,-9845172719.0,138630922523.0,162669769665.0,-48736959127.0,26769235396.0,43429634925.0,-5616484986.0,130550947194.0,173980582119.0,19.17,0.73,-0.95,2025,사업보고서
043220,티에스넥스젠,KOSDAQ,보통주,1710.0,0.0,28200000000.0,16486.0,0.0,0.0,-1.15,-95.55,-37736658087.0,14537599112.0,18559552198.0,-5872413576.0,18727940398.0,37287492596.0,-19704423658.0,21491287448.0,62197012224.0,-5727391725.0,63564002272.0,125761014496.0,39148357.0,26545557983.0,25468767492.0,-1724481556.0,48628710714.0,74097478206.0,99.1,-40.39,-201.5,2025,사업보고서
103840,우양,KOSDAQ,보통주,1680.0,-0.24,27500000000.0,16366.0,20957.0,4.64,30.0,4.96,2245978685.0,183775849010.0,106958061433.0,4665621991.0,46414583410.0,153372644843.0,-1314926581.0,176260400982.0,107860709420.0,453831839.0,44135409233.0,151996118653.0,-3919886806.0,191294814010.0,108966405532.0,1300007010.0,41938092246.0,150904497778.0,230.44,2.54,4.84,2025,사업보고서
160550,NEW,KOSDAQ,보통주,998.0,-0.2,27800000000.0,27906.0,17208.0,8.61,-27.72,0.88,523557121.0,142653217026.0,116800700894.0,2654398845.0,122753920798.0,239554621692.0,-24072120042.0,113244615452.0,138755971710.0,-18957171701.0,121121419411.0,259877391121.0,-17506374625.0,129147737184.0,168296307049.0,-5582630804.0,145143931459.0,313440238508.0,95.15,1.86,0.43,2025,사업보고서
450520,인스웨이브,KOSDAQ,보통주,1900.0,4.97,27900000000.0,14705.0,7430.0,2.2,-13.01,-8.23,-3476596480.0,38958024167.0,12244738041.0,-4855159163.0,40508749208.0,52753487249.0,-1960250298.0,30412970558.0,11418769633.0,-3593363299.0,43997291170.0,55416060803.0,4720146948.0,32603845712.0,11028284484.0,5181088943.0,45989525534.0,57017810018.0,30.23,-12.46,-8.58,2025,사업보고서
430690,한싹,KOSDAQ,보통주,2580.0,6.39,28100000000.0,10895.0,58466.0,2.03,-14.66,-7.82,-2759256597.0,26257901602.0,15095705901.0,-1947522602.0,34184546979.0,49280252880.0,124902854.0,20518417370.0,7841305569.0,-2712875086.0,35627245660.0,43468551229.0,3231305265.0,24095098864.0,9949562874.0,2628340155.0,35536220818.0,45485783692.0,44.16,-7.42,-8.07,2025,사업보고서
131220,대한과학,KOSDAQ,보통주,3750.0,1.49,28000000000.0,7454.0,1991.0,2.99,7.83,7.53,4779172574.0,81117767870.0,15442048516.0,5530676716.0,56783249486.0,72225298002.0,3925682769.0,71694370061.0,14938842631.0,4225309258.0,52874890920.0,67813733551.0,5221914108.0,73702238899.0,15301333934.0,6167121379.0,48695162082.0,63996496016.0,27.19,6.82,8.42,2025,사업보고서
068100,케이웨더,KOSDAQ,보통주,2350.0,0.86,28000000000.0,11928.0,8764.0,2.46,-2350.0,-14.21,-1738048120.0,17691551363.0,4841458223.0,-1732031425.0,11518850741.0,16360308964.0,-1877139029.0,15586967912.0,5594625993.0,-2062350246.0,13234061414.0,18828687407.0,-2436410266.0,16384768271.0,6353744128.0,-2468833010.0,8427716110.0,14781460238.0,42.03,-9.79,-15.09,2025,사업보고서
130500,GH신소재,KOSDAQ,보통주,1880.0,-0.37,27300000000.0,14545.0,4233.0,1.5,-10.99,-5.94,-3975140764.0,87624459425.0,99632582293.0,6843565684.0,94062081280.0,193694663573.0,6203519777.0,83724815100.0,93739096161.0,7667333768.0,98496588468.0,192235684629.0,2731482896.0,82791500582.0,91692179855.0,4465317973.0,88404625719.0,180096805574.0,105.92,7.81,-4.23,2025,사업보고서
032860,더라미,KOSDAQ,보통주,2760.0,-1.78,22300000000.0,8079.0,15961.0,0.0,-3.55,-8.52,-4645964740.0,50919669504.0,3226701845.0,-1720450576.0,52424317937.0,55651019782.0,2477343572.0,69776981093.0,5188851490.0,1617984206.0,56640231673.0,61829083163.0,-3293960804.0,50977133773.0,13948916741.0,-3542638080.0,51727101531.0,65676018272.0,6.15,-3.38,-8.86,2025,사업보고서
290270,휴네시온,KOSDAQ,보통주,2850.0,2.33,27400000000.0,9608.0,5543.0,3.02,6.08,11.83,5768891620.0,37730120046.0,7460099148.0,4802475204.0,51029662017.0,58489761165.0,3727953129.0,36892798614.0,7405371848.0,3153709902.0,45620187517.0,53025559365.0,6740050487.0,36140422011.0,8246221254.0,4662572734.0,42627390968.0,50873612222.0,14.62,12.73,11.3,2025,사업보고서
058110,멕아이씨에스,KOSDAQ,보통주,1623.0,1.95,26000000000.0,16051.0,43352.0,5.3,24.59,-6.7,-2704437075.0,11287751059.0,19585967399.0,-2787134562.0,36634610993.0,56220578392.0,-10290328994.0,11369004636.0,20190022303.0,-9492066504.0,39259772825.0,59449795128.0,-16270616241.0,13261391997.0,18874170940.0,-13873749795.0,49809955063.0,68684126003.0,53.46,-24.69,-7.38,2025,사업보고서
215790,이노인스트루먼트,KOSDAQ,보통주,642.0,2.72,25900000000.0,40283.0,575304.0,6.19,32.1,-28.31,-11122636619.0,43686995895.0,30980168332.0,-9189011471.0,34177979279.0,65158147611.0,-39431644912.0,41174829794.0,35921364465.0,-27453545813.0,44405960645.0,80327325110.0,-18085582277.0,43871733220.0,32082662320.0,-18881001149.0,79069185821.0,111151848141.0,90.64,-21.03,-32.54,2025,사업보고서
007770,한일화학,KOSDAQ,보통주,8220.0,0.37,28900000000.0,3510.0,7445.0,2.39,-2.33,-18.62,-20290407319.0,124410156822.0,40759099442.0,-11994576228.0,86956830796.0,127715930238.0,4134167077.0,125281652588.0,35711064816.0,-6571296974.0,108101038499.0,143812103315.0,-15202797523.0,121935915669.0,42790761540.0,-9406372599.0,104450106440.0,147240867980.0,46.87,-9.64,-23.33,2025,사업보고서
328380,솔트웨어,KOSDAQ,보통주,3945.0,0.38,27000000000.0,6853.0,64685.0,1.17,93.93,3.66,838852725.0,63674240726.0,15088696473.0,566164265.0,23358075810.0,38446772283.0,-155772288.0,57869530985.0,13582032914.0,-1709290119.0,22987863027.0,36569895941.0,761051545.0,49340647407.0,13490923255.0,-88856956.0,22962448830.0,36453372085.0,64.6,0.89,3.59,2025,사업보고서
356890,싸이버원,KOSDAQ,보통주,2325.0,-0.64,27800000000.0,11954.0,5933.0,5.74,-86.11,-2.97,-1269215199.0,33726070959.0,4897354640.0,414314485.0,47563213726.0,52460568366.0,12459821420.0,47855112752.0,7266135719.0,11331960375.0,49064059412.0,56330195131.0,2433817647.0,24675744970.0,5858776005.0,1276134767.0,38643780207.0,44502556212.0,10.3,1.23,-2.67,2025,사업보고서
900310,컬러레이,KOSDAQ,보통주,2170.0,-1.36,27800000000.0,12808.0,1971.0,67.78,-31.0,-0.29,-4059833.0,220614153.0,210799964.0,1172142.0,1368985413.0,1579785377.0,4394140.0,241237069.0,258928271.0,987133.0,1372537465.0,1631465736.0,28861968.0,252022195.0,240295207.0,30882220.0,1372440617.0,1612735824.0,15.4,0.53,-0.3,2025,사업보고서
188260,세니젠,KOSDAQ,보통주,1999.0,-3.43,27800000000.0,13901.0,5675.0,0.47,-4.12,-108.63,-5820380451.0,15354255261.0,7635124278.0,-4374487146.0,2476696588.0,10111820866.0,-6555499869.0,15427879108.0,6445905697.0,-5874575015.0,8239730995.0,14685636692.0,-9245744321.0,20186588315.0,7581258418.0,-6476009361.0,13396545502.0,20977803920.0,308.28,-28.49,-235.01,2025,사업보고서
016920,카스,KOSDAQ,보통주,1110.0,1.46,28500000000.0,25699.0,173445.0,2.34,-123.33,-2.41,-1657646247.0,161073686528.0,97535816887.0,2014876260.0,68124619266.0,165660436153.0,1310845236.0,156004130939.0,103048079456.0,3609514029.0,69711282272.0,172759361728.0,1733608277.0,156031555991.0,97917496378.0,4957740460.0,64557281715.0,162474778093.0,143.17,1.25,-2.43,2025,사업보고서
032750,삼진,KOSDAQ,보통주,3015.0,1.01,27200000000.0,9031.0,29690.0,3.93,6.44,3.59,3890350484.0,148323178536.0,17804500622.0,5823087821.0,110442601501.0,128247102123.0,9045241875.0,159164388476.0,19547247466.0,7248112232.0,106616908078.0,126164155544.0,116048502.0,156407806151.0,24476165099.0,1887196131.0,92340082962.0,116816248061.0,16.12,3.93,3.52,2025,사업보고서
044480,빌리언스,KOSDAQ,보통주,820.0,0.0,27300000000.0,33251.0,0.0,0.0,-0.75,-30.63,-7343822577.0,25309657425.0,24185298759.0,-834277151.0,24518429106.0,48703727865.0,8608314771.0,41724839885.0,26820501763.0,-1126925752.0,22025895853.0,48846397616.0,-30845827660.0,28987141421.0,107149906725.0,-614411574.0,92465165430.0,199615072155.0,98.64,-3.3,-29.95,2025,사업보고서
236810,엔비티,KOSDAQ,보통주,1750.0,6.19,29700000000.0,16975.0,91512.0,1.67,-23.65,-19.67,-4536651613.0,,14960557027.0,-6500747571.0,20796509651.0,35757066678.0,-6606622743.0,,43910679510.0,-3341111242.0,25335950860.0,69246630370.0,-2974711099.0,,43239874352.0,-1934200154.0,31928297376.0,75168171728.0,71.94,,-21.81,2025,사업보고서
054780,키이스트,KOSDAQ,보통주,1427.0,1.42,28100000000.0,19658.0,37293.0,8.56,-9.33,-6.49,-2636286278.0,15701782037.0,19163918281.0,-3940417878.0,39190602937.0,58354521218.0,-10977869999.0,75844854928.0,29395792643.0,654372103.0,42052904531.0,71448697174.0,-5389544597.0,52023895531.0,24552156363.0,-1475031245.0,58600776236.0,83152932599.0,48.9,-25.1,-6.73,2025,사업보고서
900070,글로벌에스엠,KOSDAQ,보통주,1007.0,0.9,27100000000.0,26872.0,27503.0,7.04,10.71,5.22,5838914.0,90947338.0,21213449.0,5838640.0,100061201.0,121274650.0,1383921.0,90355041.0,22966640.0,4099798.0,92047343.0,115013983.0,2643150.0,85019177.0,25424874.0,2763510.0,92020077.0,117444951.0,21.2,6.42,5.84,2025,사업보고서
067010,이씨에스,KOSDAQ,보통주,2530.0,0.2,27500000000.0,10888.0,48547.0,2.56,9.84,3.17,626462112.0,73347135869.0,22708690924.0,-2692474844.0,51316889561.0,74025580485.0,2627086466.0,91805920912.0,31365082118.0,1475201355.0,54854090965.0,86219173083.0,4641905713.0,100614785931.0,28804559975.0,4233937407.0,55790862724.0,84595422699.0,44.25,-3.67,1.22,2025,사업보고서
368970,오에스피,KOSDAQ,보통주,2585.0,0.98,29100000000.0,11240.0,13077.0,1.6,-7.91,-9.73,-3277521436.0,25387451457.0,22087484375.0,-1275994252.0,43581728077.0,65669212452.0,2654475562.0,30309336262.0,22956186760.0,-58743717.0,48124139377.0,71080326137.0,128423183.0,35169415925.0,27063322459.0,2043258903.0,44324858587.0,71388181046.0,50.68,-5.03,-7.52,2025,사업보고서
070590,인티큐브,KOSDAQ,보통주,2005.0,2.87,27800000000.0,13880.0,15089.0,1.28,-8.08,6.2,895678504.0,64818242303.0,19442641265.0,1046982064.0,13507602291.0,32950243556.0,-3181497797.0,48785673816.0,19763870533.0,-2984443369.0,12982373796.0,32746244329.0,-5868584413.0,41680901949.0,13879529083.0,-6033030272.0,17147434509.0,31026963592.0,143.94,1.62,6.63,2025,사업보고서
267790,배럴,KOSDAQ,보통주,3450.0,-1.0,26500000000.0,7689.0,1076.0,1.28,3.37,9.48,4309611535.0,59192865808.0,34037533107.0,6645431683.0,46955194234.0,80992727341.0,4994600052.0,64445966180.0,31304317513.0,9080346867.0,43962800995.0,75267118508.0,6826013707.0,58163177764.0,27765395433.0,8503098170.0,39654507121.0,67419902554.0,72.49,11.23,9.18,2025,사업보고서
177830,파버나인,KOSDAQ,보통주,2280.0,0.0,25800000000.0,11326.0,11342.0,1.4,-7.78,-4.83,-4184118253.0,132540413436.0,77580353387.0,2569302163.0,73070949582.0,150651302969.0,7033298379.0,132825071817.0,86265521991.0,8125864374.0,79643422660.0,165908944651.0,145831901.0,120684709193.0,56945619268.0,1691733621.0,74253031095.0,131198650363.0,106.17,1.94,-5.73,2025,사업보고서
368600,아이씨에이치,KOSDAQ,보통주,995.0,-3.68,25700000000.0,25795.0,1279185.0,1.06,-1.35,-70.4,-24703783684.0,46852015447.0,68275026352.0,-14492170343.0,26725280890.0,95000307242.0,-12840924349.0,64567994093.0,66682227202.0,-3229834130.0,43457750557.0,110139977759.0,-10646114847.0,43192695143.0,64918811248.0,-10061095197.0,54534593049.0,119453404297.0,255.47,-30.93,-92.44,2025,사업보고서
138070,신진에스엠,KOSDAQ,보통주,1542.0,0.78,27000000000.0,17503.0,8962.0,2.31,22.03,-0.49,-411628125.0,54436124843.0,25356999404.0,-382547242.0,77650108555.0,103007107959.0,728414046.0,54625630129.0,27129545649.0,1303694811.0,78730659401.0,105860205050.0,4027889802.0,59704217015.0,29144722836.0,3954600202.0,78322941184.0,107467664020.0,32.66,-0.7,-0.53,2025,사업보고서
475660,에스켐,KOSDAQ,보통주,3300.0,0.76,26200000000.0,7930.0,1547.0,1.86,-11.42,-5.83,-2168529084.0,22099311758.0,3587146820.0,-2030430140.0,36094484293.0,39681631113.0,1018223623.0,33085342158.0,3566615146.0,2243780768.0,38247307485.0,41813922631.0,-861593008.0,24408052937.0,31042626744.0,1923560382.0,-3624175773.0,27418450971.0,9.94,-9.19,-6.01,2025,사업보고서
033050,제이엠아이,KOSDAQ,보통주,830.0,1.1,26400000000.0,31839.0,36799.0,1.07,4.05,5.98,3430035906.0,89803265878.0,46307579320.0,4069008999.0,58626888120.0,104934467440.0,3770441880.0,80436938348.0,31173832548.0,4045653403.0,56116466561.0,87290299109.0,2449720275.0,74566785312.0,38458201511.0,4445290729.0,51199542603.0,89657744114.0,78.99,4.53,5.85,2025,사업보고서
048470,대동스틸,KOSDAQ,보통주,2790.0,-1.24,26900000000.0,9650.0,22280.0,3.16,8.91,0.39,276225108.0,119163920715.0,21932101466.0,-1166249453.0,70888059972.0,92820161438.0,448729330.0,139702827183.0,22638619544.0,-1950830458.0,69717464703.0,92356084247.0,-2189485193.0,137634680158.0,23847811347.0,-2423860142.0,71553688435.0,95401499782.0,30.94,-0.98,0.39,2025,사업보고서
225220,제놀루션,KOSDAQ,보통주,1368.0,1.18,26300000000.0,19190.0,28114.0,1.21,-5.63,-15.66,-12589592571.0,9404347334.0,25908208565.0,-8641919728.0,67878596436.0,93786805001.0,-7208794822.0,7135737397.0,26055925308.0,-9163973133.0,80396845336.0,106452770644.0,-5550372069.0,9761301415.0,25780678694.0,-7091383866.0,87657143192.0,113437821886.0,38.17,-91.89,-18.55,2025,사업보고서
019570,GMI벤처,KOSDAQ,보통주,2880.0,0.52,27500000000.0,9545.0,12072.0,0.0,-70.24,7.29,2852420844.0,,31622642831.0,3312889700.0,40849538840.0,72472181671.0,-213149109.0,,10134637441.0,1274207990.0,37440891821.0,47575529262.0,-11550830828.0,,1919291800.0,-10314460930.0,31280056021.0,33199347821.0,77.41,,6.98,2025,사업보고서
080530,코디,KOSDAQ,보통주,2505.0,0.0,27700000000.0,11072.0,9596.0,2.2,5.4,10.64,5249623869.0,76531199312.0,24300346471.0,3754127914.0,58664294459.0,82964640930.0,604843196.0,78414009551.0,35485400507.0,1543490151.0,39992556469.0,75477956976.0,-6216049943.0,79243448771.0,38358390903.0,-772367784.0,25506312864.0,63864703767.0,41.42,4.91,8.95,2025,사업보고서
096690,에이루트,KOSDAQ,보통주,7250.0,4.02,29200000000.0,4023.0,47659.0,0.66,-2.37,-15.72,-18545662682.0,50603806692.0,86474842300.0,-10930076329.0,105151832974.0,191626675274.0,-45299596818.0,68591429517.0,100416222344.0,-20810247816.0,121882083664.0,222298306008.0,-13246183446.0,62225691206.0,43149991839.0,-7070245032.0,163941394746.0,207091386585.0,82.24,-21.6,-17.64,2025,사업보고서
464500,아이언디바이스,KOSDAQ,보통주,1744.0,2.05,24400000000.0,13993.0,29894.0,4.32,-6.58,-15.71,-4539879318.0,10127280088.0,7560779623.0,-5574038498.0,26644974783.0,34205754406.0,-4220707586.0,8371607726.0,5587645470.0,-4875558821.0,31165587584.0,36753233054.0,-3925489357.0,6232338771.0,4054790528.0,-3515751473.0,14363932061.0,18418722589.0,28.38,-55.04,-17.04,2025,사업보고서
238490,힘스,KOSDAQ,보통주,2525.0,0.0,28600000000.0,11312.0,75425.0,1.37,-2.03,-19.44,-12520976720.0,,31019999029.0,-7530927546.0,58161987983.0,89181987012.0,2710625998.0,,15994113834.0,168690245.0,70686925656.0,86681039490.0,5599495130.0,,27066497386.0,5685407130.0,68531128354.0,95597625740.0,53.33,,-21.53,2025,사업보고서
007720,소노스퀘어,KOSDAQ,보통주,1259.0,1.04,25400000000.0,20160.0,18115.0,1.77,-5.8,-3.07,-2701367881.0,162871417133.0,51581015660.0,1396947928.0,75066072039.0,126647087699.0,-10357675586.0,133458255008.0,46192054913.0,656024469.0,100752117851.0,146944172764.0,-249875137.0,158785011369.0,54329130306.0,-1128199000.0,114457623544.0,168786753850.0,68.71,0.86,-3.6,2025,사업보고서
123840,뉴온,KOSDAQ,보통주,1655.0,-2.3,25700000000.0,15553.0,1407.0,0.35,-0.19,-39.37,-38807779737.0,48163918636.0,24649644761.0,-13377903124.0,94085891516.0,118735536277.0,-30690060937.0,10474118116.0,30602877732.0,-9819048009.0,97112750042.0,127715627774.0,-23918960603.0,0.0,25920333326.0,-18858440.0,33745617758.0,59665951084.0,26.2,-27.78,-41.25,2025,사업보고서
288620,에스프리즘,KOSDAQ,보통주,3655.0,0.41,25500000000.0,6979.0,8447.0,4.95,-1.33,-38.44,-21805283045.0,15786204867.0,45198916750.0,-15012748021.0,45845226519.0,91044143269.0,-1231878289.0,33666472002.0,54193912267.0,-4136970012.0,67800484596.0,121994396863.0,-2283941972.0,32525031491.0,75259038035.0,-2482196188.0,69381328685.0,144640366720.0,98.59,-95.1,-47.56,2025,사업보고서
198940,한주라이트메탈,KOSDAQ,보통주,1299.0,0.23,25900000000.0,19910.0,10924.0,9.43,-13.67,-5.77,-2741692510.0,259464652455.0,166809782140.0,1333662111.0,46503852835.0,213313634975.0,-7281976159.0,250764376647.0,161922881238.0,-8658539877.0,48460899255.0,210383780493.0,-15319136006.0,220981852363.0,158707584616.0,-13575024313.0,36627811532.0,195335396148.0,358.7,0.51,-5.9,2025,사업보고서
076080,웰크론한텍,KOSDAQ,보통주,1134.0,0.0,25600000000.0,22594.0,17287.0,1.29,-1.34,-122.42,-43438311728.0,166692738852.0,101305496290.0,-18130312664.0,13670777224.0,114976273514.0,-6680903057.0,261887776131.0,113659852626.0,1947051549.0,57297840964.0,170957693590.0,-4607406315.0,333203378938.0,87188033446.0,1224035352.0,63794143187.0,150982176633.0,741.04,-10.88,-317.75,2025,사업보고서
373170,엠아이큐브솔루션,KOSDAQ,보통주,2080.0,-9.76,31400000000.0,15114.0,914994.0,0.28,23.64,7.11,1630786561.0,25620442016.0,8539275254.0,885921750.0,23724140978.0,32263416232.0,-142685510.0,29636481104.0,8377115190.0,-1069721190.0,22142769100.0,30519884290.0,2498542535.0,24152183801.0,6798291694.0,1756064734.0,23071223820.0,29869515514.0,35.99,3.46,6.87,2025,사업보고서
001810,무림SP,KOSDAQ,보통주,1177.0,0.17,26100000000.0,22138.0,5107.0,0.5,-1.8,-0.86,-1670710404.0,205670598437.0,143077505865.0,1777567506.0,200734647553.0,343812153418.0,3335996914.0,176865812368.0,122023219587.0,658491068.0,202607556068.0,324630775655.0,-5732388489.0,162093712069.0,115117403131.0,-7289718026.0,199949046412.0,315066449543.0,71.28,0.86,-0.83,2025,사업보고서
091340,S&K폴리텍,KOSDAQ,보통주,2355.0,1.29,27600000000.0,11704.0,10747.0,2.99,3.05,3.43,11466747428.0,310237496597.0,113753783509.0,15716717292.0,141010816530.0,254764600039.0,15721438581.0,330069974679.0,134959870900.0,15224073120.0,133465394865.0,268425265765.0,-5980401731.0,251085148599.0,137092038077.0,2840405265.0,113941311607.0,251033349684.0,80.67,5.07,8.13,2025,사업보고서
038530,케이바이오랩스,KOSDAQ,보통주,999.0,0.0,25900000000.0,25890.0,0.0,4.02,-1.55,-5.84,-5043404526.0,87311777137.0,16561126185.0,1522466847.0,102280756125.0,118841882310.0,-9993359328.0,76514272757.0,10066647940.0,793171265.0,107082344005.0,117148991945.0,-12674439432.0,27324874182.0,14592408372.0,-561250505.0,128330723949.0,112018067007.0,16.19,1.74,-4.93,2025,사업보고서
134060,이퓨쳐,KOSDAQ,보통주,5580.0,2.76,26600000000.0,4769.0,2983.0,1.21,14.76,5.31,1231552955.0,11142499752.0,4630124207.0,882887664.0,23353566171.0,27983690378.0,2388859110.0,11029385249.0,4366696579.0,736571961.0,23075950255.0,27442646834.0,1383158021.0,10499382224.0,4562714605.0,1001035378.0,21604737172.0,26167451777.0,19.83,7.92,5.27,2025,사업보고서
038870,에코심플렉스,KOSDAQ,보통주,1798.0,-1.91,25200000000.0,14015.0,3941.0,2.14,-62.0,-2.89,-7304588156.0,17239542508.0,33877770445.0,-2661274618.0,73756293329.0,107634063774.0,-5464340440.0,18020084141.0,37285564095.0,-2361295773.0,81060659709.0,118346223804.0,2353149044.0,15790408546.0,23459363605.0,-2601797272.0,86093918556.0,109553282161.0,45.93,-15.44,-9.9,2025,사업보고서
115530,씨엔플러스,KOSDAQ,보통주,3230.0,0.94,27700000000.0,8582.0,15406.0,0.0,19.7,-29.8,-2458413640.0,53617316563.0,41716656220.0,367552929.0,6815489124.0,48532145344.0,-2220448060.0,47492786638.0,40824092926.0,-36854309.0,9684958016.0,50509050942.0,391812326.0,36261410433.0,22752666764.0,961055940.0,11291653224.0,34044319988.0,612.09,0.69,-36.07,2025,사업보고서
377030,비트맥스,KOSDAQ,보통주,1855.0,6.98,26500000000.0,14292.0,41574.0,0.0,-0.36,-774.04,-96351376049.0,27214600481.0,96547702508.0,-10858591301.0,10611557318.0,107159259826.0,-26971985622.0,37171526391.0,14284042246.0,-18544920256.0,14258749626.0,28542791872.0,-13230849857.0,1765567201.0,26118120019.0,-16524564320.0,25518079708.0,51636199727.0,909.84,-39.9,-907.99,2025,사업보고서
114630,폴라리스우노,KOSDAQ,보통주,1494.0,0.74,25700000000.0,17235.0,28405.0,1.86,4.79,1.93,2405204753.0,101825593820.0,27795250329.0,7790837571.0,128409689916.0,156204940245.0,6146924277.0,80130453283.0,17643536465.0,2320030389.0,121454077028.0,139097613493.0,7637406631.0,78051382009.0,26331952555.0,5472293412.0,101754387709.0,128086340264.0,21.65,7.65,1.87,2025,사업보고서
300120,라온피플,KOSDAQ,보통주,3325.0,3.26,32900000000.0,9901.0,4549972.0,0.0,-3.96,-54.73,-20435617608.0,223808325905.0,152166678648.0,-16192262465.0,43999916233.0,196166594881.0,-13936042786.0,220225561052.0,111998981758.0,-16249271324.0,45849250753.0,157848232511.0,-8716360432.0,11244331687.0,31056518911.0,-11135373701.0,46068773155.0,77125292066.0,345.83,-7.23,-46.44,2025,사업보고서
333050,이노테나,KOSDAQ,보통주,5010.0,0.4,24700000000.0,4924.0,8601.0,0.9,12.98,9.71,2148339960.0,29954275384.0,8699072424.0,1968728750.0,23044012165.0,31743084589.0,2362382862.0,27965604534.0,9146318174.0,2031229331.0,21211697477.0,30358015651.0,1082489368.0,24589393987.0,8785882847.0,706087168.0,20863804573.0,29649687420.0,37.75,6.57,9.32,2025,사업보고서
073540,에프알텍,KOSDAQ,보통주,2220.0,1.37,25300000000.0,11400.0,11936.0,2.39,-37.0,3.5,2204141017.0,25263688167.0,13057524347.0,919606633.0,61002815785.0,74060340132.0,1251742033.0,29759555648.0,11742138551.0,814561384.0,59068202093.0,70810340644.0,2288831466.0,24805176748.0,20149102489.0,-501460799.0,58433632874.0,78582735363.0,21.4,3.64,3.61,2025,사업보고서
035200,프럼파스트,KOSDAQ,보통주,2885.0,-2.2,26600000000.0,9220.0,35484.0,3.56,53.43,2.66,1021790720.0,25230889434.0,3701584543.0,-443646135.0,37978884946.0,41680469489.0,1918249222.0,29659703118.0,4623125400.0,1624232382.0,38779117804.0,43402243204.0,,,3421073301.0,,37741699765.0,41162773066.0,9.75,-1.76,2.69,2025,사업보고서
200350,아티스트스튜디오,KOSDAQ,보통주,2445.0,1.66,24400000000.0,9996.0,4878.0,2.32,-5.65,-9.06,-4698188664.0,14618399763.0,2293775774.0,-3007373300.0,49534896432.0,51828672206.0,-14954557399.0,27306791627.0,5117658444.0,-7321436149.0,54151852976.0,59269511420.0,-7434464400.0,41863614133.0,10758274796.0,-7787502929.0,40101030957.0,50859305753.0,4.63,-20.57,-9.48,2025,사업보고서
318000,KBG,KOSDAQ,보통주,2830.0,0.18,24700000000.0,8740.0,6914.0,3.97,15.55,5.64,2591807582.0,23920820499.0,5422332639.0,2325929701.0,46926877304.0,52349209943.0,3766347397.0,24915425602.0,6726424496.0,3157229271.0,44912890189.0,51639314685.0,4583444412.0,21589233488.0,3898127573.0,4309941625.0,42053864772.0,45951992345.0,11.55,9.72,5.52,2025,사업보고서
060380,동양에스텍,KOSDAQ,보통주,1278.0,-0.54,25200000000.0,19700.0,13277.0,1.37,9.4,1.2,1959446941.0,197820474985.0,78363310669.0,1813014359.0,120540581290.0,198903891959.0,3026623401.0,191040272513.0,59938314363.0,3153850695.0,120373748722.0,180312063085.0,5474741279.0,210467132054.0,64172609510.0,5986309318.0,85475062580.0,149647672090.0,65.01,0.92,1.63,2025,사업보고서
462510,라메디텍,KOSDAQ,보통주,2665.0,2.11,23500000000.0,8803.0,6428.0,1.72,-2.4,-82.45,-11367217303.0,7187488048.0,16779745312.0,-11843612544.0,8420044547.0,25199789859.0,-9483788328.0,6576887158.0,3191785707.0,-9661719459.0,19154104267.0,22345889974.0,-8304699942.0,2918221978.0,2726345339.0,-3525649863.0,8551311886.0,11277657225.0,199.28,-164.78,-135.0,2025,사업보고서
227610,아우딘퓨쳐스,KOSDAQ,보통주,1085.0,-0.28,21000000000.0,19375.0,62004.0,0.0,-16.44,-15.85,-3637735412.0,42385393255.0,39473827287.0,-1810505836.0,18374829934.0,57848657221.0,-6894851566.0,34685968494.0,31900531192.0,-3367749311.0,21340463689.0,53240994881.0,-328204673.0,32698314649.0,36588517576.0,162986825.0,23649890606.0,60238408182.0,214.83,-4.27,-19.8,2025,사업보고서
424760,벨로크,KOSDAQ,보통주,2585.0,6.38,26000000000.0,10054.0,60803.0,1.46,16.16,8.09,2125074124.0,35382252329.0,8387885674.0,877307139.0,27817862351.0,36205748025.0,-1191328401.0,30866527663.0,14387401675.0,-1964998714.0,24697201513.0,39084603188.0,-4590423737.0,26394298398.0,10760854705.0,-366356900.0,25441895493.0,36202750198.0,30.15,2.48,7.64,2025,사업보고서
146060,율촌,KOSDAQ,보통주,1069.0,0.85,25700000000.0,24016.0,23742.0,0.91,7.75,6.49,3673875784.0,79251351612.0,57440533572.0,5080233690.0,56089983169.0,113530516741.0,2607315803.0,78165912234.0,43833115631.0,5156599591.0,49854262646.0,93687378277.0,-17891808600.0,72612466182.0,45290956863.0,4119945246.0,45916434987.0,91207391850.0,102.41,6.41,6.55,2025,사업보고서
039310,세중,KOSDAQ,보통주,1385.0,-5.59,25100000000.0,18122.0,56975.0,3.9,-6.76,-2.73,-2750222154.0,35627831088.0,15843376351.0,-1032176903.0,99265865002.0,115109241353.0,1813401818.0,37305979168.0,15175794569.0,418218295.0,102116366551.0,117292161120.0,13761016071.0,36300830203.0,29772172974.0,1181250873.0,101259310243.0,131031483217.0,15.96,-2.9,-2.77,2025,사업보고서
083660,CSA 코스믹,KOSDAQ,보통주,1610.0,-3.01,22900000000.0,14219.0,50137.0,0.0,-2.72,-41.2,-6674847300.0,27930330148.0,13632140175.0,-5633988964.0,16573255565.0,30205395740.0,-5973243238.0,36380940773.0,17387066212.0,-3773889414.0,15830280976.0,33217347188.0,-6602745124.0,44586544406.0,20989869458.0,-5907776504.0,21305211484.0,42295080942.0,82.25,-20.17,-40.27,2025,사업보고서
208350,지란지교시큐리티,KOSDAQ,보통주,3140.0,2.78,25400000000.0,8102.0,8450.0,5.58,10.64,3.7,883843404.0,38927841312.0,21553790527.0,2483169475.0,66381540620.0,87935331147.0,-1715969391.0,34122987523.0,21454309006.0,1382616609.0,63657226693.0,85111535699.0,10939986148.0,35281556819.0,22884919612.0,1836738399.0,69668688905.0,92553608517.0,32.47,6.38,1.33,2025,사업보고서
044780,에이치케이,KOSDAQ,보통주,1404.0,0.36,26000000000.0,18506.0,61413.0,4.02,1.91,7.52,4572314524.0,54189734390.0,19544048606.0,-387452903.0,63122230113.0,82666278719.0,-2248928417.0,54015388404.0,20441898619.0,-2638220380.0,58560909414.0,79002808033.0,1897983026.0,66637115087.0,23327767206.0,841585044.0,60528746505.0,83856513711.0,30.96,-0.71,7.24,2025,사업보고서
083640,인콘,KOSDAQ,보통주,1087.0,0.0,25000000000.0,22958.0,0.0,0.15,17.25,-1.66,-1261301879.0,50820522158.0,7201459185.0,1695469511.0,74558631524.0,81760090709.0,-2903603504.0,49117720655.0,5194193389.0,1609665101.0,77462239259.0,82656432648.0,-31584160352.0,63428790860.0,9217538064.0,2556841276.0,83150517148.0,92368055212.0,9.66,3.34,-1.69,2025,사업보고서
257370,피엔티엠에스,KOSDAQ,보통주,1831.0,-1.56,22900000000.0,12505.0,5567.0,1.39,-3.25,-29.52,-7330579133.0,11082330000.0,31367633929.0,-2124801207.0,21518623374.0,52886257303.0,1441030335.0,26217506855.0,28522887724.0,1180029330.0,28147222667.0,56670110391.0,-2485154547.0,25029807561.0,26692069638.0,-1062362267.0,24209717132.0,50901786770.0,145.77,-19.17,-34.07,2025,사업보고서
090150,아이윈,KOSDAQ,보통주,6140.0,0.16,25700000000.0,4188.0,5986.0,0.52,1.06,20.77,8954915856.0,115909884130.0,81802641433.0,6875269241.0,50320064014.0,132122705447.0,-4120147276.0,119318697988.0,89145925041.0,7901469034.0,40901219279.0,130047144320.0,-35265657306.0,108275071416.0,94917466679.0,6353994073.0,44766775254.0,139684241933.0,162.56,5.93,17.8,2025,사업보고서
054090,삼진엘앤디,KOSDAQ,보통주,1012.0,-1.75,25300000000.0,24959.0,1166680.0,3.0,6.75,-22.72,-10554485745.0,136342510480.0,82262024129.0,-1973808837.0,37855420555.0,120117444684.0,-21700083425.0,148006060698.0,99996839683.0,-3742841087.0,47280425046.0,147277264729.0,-22942983065.0,189023403147.0,110423934149.0,-12927586523.0,70983045811.0,181406979960.0,217.31,-1.45,-27.88,2025,사업보고서
039740,한국정보공학,KOSDAQ,보통주,3075.0,1.49,24700000000.0,8018.0,5908.0,2.4,5.64,4.23,1754115278.0,146286069658.0,58534540388.0,419582410.0,52856678787.0,111391219175.0,3319037666.0,194097605759.0,38859065966.0,617465379.0,50739862091.0,89598928057.0,2267419086.0,115565226996.0,28140568457.0,60322203.0,47426253817.0,75566822274.0,110.74,0.29,3.32,2025,사업보고서
331520,밸로프,KOSDAQ,보통주,2405.0,-0.82,23600000000.0,9801.0,13703.0,2.62,5.32,5.76,1810463179.0,37833534051.0,24000380937.0,2878432232.0,32393854061.0,56394234998.0,1714323656.0,35589253012.0,15012517464.0,-194541468.0,30453817952.0,45466335416.0,909714167.0,35972131511.0,14640478131.0,228744749.0,29237875657.0,43878353788.0,74.09,7.61,5.59,2025,사업보고서
051380,피씨디렉트,KOSDAQ,보통주,1595.0,2.05,24500000000.0,15340.0,14835.0,2.11,6.02,6.49,2520766405.0,373008261916.0,56011820067.0,4251372191.0,39455681087.0,95467501154.0,-664750521.0,333767513723.0,51825546196.0,1850864640.0,38255442246.0,90080988442.0,765698199.0,304742791071.0,48553450344.0,3282612470.0,42783481523.0,91336931867.0,141.96,1.14,6.39,2025,사업보고서
101680,한국정밀기계,KOSDAQ,보통주,2775.0,-2.12,23300000000.0,8404.0,5049.0,1.86,-3.85,-21.36,-8086513616.0,30571562943.0,37054567593.0,-7526560759.0,33974563760.0,71029131353.0,1503205161.0,63700982506.0,30717519354.0,2072658584.0,41758865927.0,72476385281.0,-7792165721.0,43727516189.0,47603902331.0,-7015040631.0,40703434868.0,88307337199.0,109.07,-24.62,-23.8,2025,사업보고서
052300,오션인더블유,KOSDAQ,보통주,1500.0,2.95,24400000000.0,16244.0,83002.0,2.33,-0.46,-6.94,-19092002150.0,7570133241.0,86247653578.0,-2451693305.0,288943531124.0,375191184702.0,167897891665.0,6801851338.0,83641220548.0,-3267149530.0,286304024803.0,369945245351.0,-105441462766.0,11863305356.0,128014280450.0,-683178514.0,410262462373.0,538276742823.0,29.85,-32.39,-6.61,2025,사업보고서
085810,알티캐스트,KOSDAQ,보통주,1498.0,-1.96,21200000000.0,14137.0,18533.0,0.0,-3.34,-1.86,12798071.0,53166158309.0,20845127297.0,3180937313.0,54010645458.0,74855772755.0,-13273909348.0,5680697566.0,7943672649.0,-4022379334.0,36849837799.0,44793510448.0,-26508742613.0,5658340171.0,29593556326.0,-3846897621.0,20592540436.0,50186096762.0,38.59,5.98,0.02,2025,사업보고서
440320,오픈놀,KOSDAQ,보통주,2310.0,-3.35,23100000000.0,9980.0,24226.0,2.12,-3.69,-17.14,-6428485497.0,88269276682.0,34869787485.0,-2764178841.0,39054487207.0,73924274692.0,1612827149.0,50773005880.0,37986605886.0,101353441.0,46041294563.0,84027900449.0,1407681400.0,25136431846.0,8022821538.0,1347065447.0,37530629804.0,45553451342.0,89.28,-3.13,-16.46,2025,사업보고서
290520,신도기연,KOSDAQ,보통주,1510.0,0.67,23800000000.0,15736.0,10086.0,1.23,-21.88,3.1,1809258031.0,31923243012.0,3346481312.0,1807614008.0,59255922747.0,62602404059.0,-564074247.0,10597641707.0,11198309155.0,-4096312646.0,57372884990.0,68571194145.0,-3348436363.0,20754838406.0,3875365943.0,-2511118560.0,58003862289.0,61879228232.0,5.65,5.66,3.05,2025,사업보고서
222980,한국맥널티,KOSDAQ,보통주,2175.0,0.93,24000000000.0,11031.0,8442.0,1.89,-57.24,-3.71,-1277620959.0,96309714203.0,45999626667.0,-1104575559.0,37166087351.0,83165714018.0,-351697655.0,88832089424.0,43112411047.0,571296895.0,38205175034.0,81317586081.0,-4307130117.0,78399918458.0,46989325351.0,-4185981235.0,37513457839.0,84502783190.0,123.77,-1.15,-3.44,2025,사업보고서
0010F0,보원케미칼,KOSDAQ,보통주,2145.0,-2.72,23900000000.0,11144.0,39454.0,4.31,18.65,1.46,217502672.0,52193588709.0,46195960900.0,5119400582.0,23959574946.0,70155535846.0,1666862442.0,39727764003.0,59221776201.0,4760835717.0,5841519808.0,65063296009.0,-2332221296.0,33674835819.0,58907354764.0,592941952.0,4568153864.0,63475508628.0,192.81,9.81,0.91,2025,사업보고서
237750,피앤씨테크,KOSDAQ,보통주,3420.0,-2.29,22200000000.0,6497.0,2321.0,1.25,-0.75,-32.08,-17916681992.0,27609157326.0,38491923841.0,20016706.0,43790280392.0,82282204233.0,2236513913.0,34734455092.0,29387975664.0,1792227100.0,67899413844.0,97287389508.0,3643201532.0,20683260694.0,22286525222.0,2716180905.0,71803217624.0,94089742846.0,87.9,0.07,-40.91,2025,사업보고서
063760,이엘피,KOSDAQ,보통주,2350.0,0.43,21900000000.0,9325.0,20100.0,3.79,2.94,4.1,2599109411.0,27313414664.0,15824165914.0,2303342382.0,64481223896.0,80305389810.0,-1319775963.0,28010840701.0,13226997626.0,-4199751616.0,62405480470.0,75632478096.0,567883940.0,21412070653.0,7207767011.0,-5633682955.0,64718206335.0,71925973346.0,24.54,8.43,4.03,2025,사업보고서
289220,자이언트스텝,KOSDAQ,보통주,1001.0,0.6,22300000000.0,22312.0,31562.0,3.21,-1.68,-28.29,-17591107936.0,36726021382.0,16408759023.0,-18997198393.0,53562664153.0,69971423176.0,-28283670436.0,50088415919.0,21606970087.0,-17292787337.0,70086887373.0,91693857460.0,-25162118393.0,42309465927.0,28482338772.0,-26059397731.0,98623931459.0,127106270231.0,30.63,-51.73,-32.84,2025,사업보고서
065150,대산F&B,KOSDAQ,보통주,1400.0,0.57,22300000000.0,15938.0,14670.0,0.46,2.27,45.0,8315318465.0,110864610083.0,13121170169.0,4554449774.0,24345267606.0,37466437775.0,-10154451913.0,99398650136.0,27798942174.0,-758637729.0,12608240757.0,40407182931.0,-8392866480.0,117429565709.0,33491838503.0,756965202.0,22912597044.0,56404435547.0,53.9,4.11,34.16,2025,사업보고서
347770,핌스,KOSDAQ,보통주,938.0,10.61,21300000000.0,22660.0,143784.0,3.26,-2.63,-16.28,-8327087064.0,63383012048.0,35520972693.0,-6113556216.0,45386353614.0,80907326307.0,-6685345440.0,60716608625.0,28008028975.0,-4871584740.0,52646018560.0,80654047535.0,2095313061.0,85256117009.0,27256837706.0,2597066496.0,59261386919.0,86518224625.0,78.26,-9.65,-18.35,2025,사업보고서
298060,풍전약품,KOSDAQ,보통주,2495.0,-0.99,24000000000.0,9637.0,3047.0,2.0,-3.62,0.81,202502788.0,23839029791.0,15923433171.0,-4528614085.0,36070339118.0,51993772289.0,-12377068011.0,824800629.0,8990887574.0,-11307752652.0,14178820686.0,23169708260.0,-23961422032.0,695697915.0,4930243910.0,-12997668186.0,20473543664.0,25403787574.0,44.15,-19.0,0.56,2025,사업보고서
016670,디모아,KOSDAQ,보통주,2430.0,2.1,24800000000.0,10194.0,3647.0,1.08,1.66,14.99,11113370129.0,23062358194.0,43459189107.0,4054721710.0,86071327723.0,129530516830.0,3466340906.0,19940729417.0,32026946073.0,2294401693.0,62181419262.0,94208365335.0,-2498774824.0,31352678402.0,30843294386.0,2912404483.0,50021740368.0,80865034754.0,50.49,17.58,12.91,2025,사업보고서
018700,졸스,KOSDAQ,보통주,1410.0,1.51,23600000000.0,16722.0,2199.0,0.0,-13.06,-9.35,-3151947115.0,64222565683.0,12762686307.0,-2997414739.0,26521371809.0,39284058116.0,-13492429479.0,67877010734.0,17426835962.0,-5731060021.0,28961266332.0,46388102294.0,-15962045694.0,61503408544.0,25950633333.0,-5691954909.0,42691471397.0,68642104730.0,48.12,-4.67,-11.88,2025,사업보고서
355390,크라우드웍스,KOSDAQ,보통주,1323.0,1.77,21000000000.0,15874.0,73744.0,1.93,-1.02,-154.76,-21696897013.0,10484246161.0,23818065555.0,-13366222293.0,16813586131.0,40631651686.0,-9165480224.0,12013503460.0,22549903882.0,-11726095494.0,10315666121.0,32865570003.0,-9573266039.0,23978460238.0,28148510245.0,-1785822511.0,14712478867.0,42860989112.0,141.66,-127.49,-129.04,2025,사업보고서
188040,바이오포트,KOSDAQ,보통주,5010.0,-1.18,23400000000.0,4679.0,5472.0,3.16,7.78,-4.06,-1403409696.0,70879747598.0,16817634277.0,830046239.0,40466481148.0,57284115425.0,4111903472.0,73346275464.0,19333538468.0,5240027576.0,28672060688.0,48005599156.0,3369378199.0,68699069507.0,34674791804.0,4919170014.0,14350855323.0,49025647127.0,41.56,1.17,-3.47,2025,사업보고서
206560,덱스터,KOSDAQ,보통주,919.0,-0.11,23400000000.0,25412.0,32278.0,2.73,-4.14,-15.29,-6793621017.0,55416993715.0,67638691099.0,-6505871065.0,43316755645.0,110955446744.0,-10736203823.0,53688139351.0,54676679449.0,-8895513452.0,48888931152.0,103565610601.0,-886106340.0,67717191460.0,27397729229.0,-41361146.0,58530268364.0,85927997593.0,156.15,-11.74,-15.68,2025,사업보고서
060230,제이케이시냅스,KOSDAQ,보통주,1177.0,-1.09,23000000000.0,19545.0,47221.0,0.6,-1.49,-29.96,-18598719830.0,61925399597.0,87290530065.0,-8249506520.0,64086446463.0,151376976528.0,-76671378733.0,48851434588.0,91943446082.0,-10578346510.0,53586173065.0,145529619147.0,-40574450053.0,49519154769.0,91141900489.0,-9321643715.0,151662576181.0,242804476670.0,136.21,-13.32,-29.02,2025,사업보고서
095910,에스에너지,KOSDAQ,보통주,623.0,1.3,22700000000.0,36437.0,183890.0,3.93,-0.87,-38.1,-28693082703.0,102439706002.0,161543052705.0,-18667879172.0,66312358968.0,227855411673.0,-25536549315.0,147848120709.0,204610381309.0,-14522160350.0,83222364410.0,287832745719.0,-6988297829.0,169855953418.0,219666779426.0,3138342766.0,109148347537.0,328815126963.0,243.61,-18.22,-43.27,2025,사업보고서
169330,엠브레인,KOSDAQ,보통주,1318.0,-1.2,24100000000.0,18317.0,5443.0,21.63,65.9,-3.1,-1064077182.0,56161085757.0,18489482044.0,-1257743396.0,28047605126.0,46537087170.0,1891994600.0,53710500356.0,18962246838.0,1675104422.0,30367060529.0,49329307367.0,3944041216.0,54943864075.0,11285265467.0,4711681708.0,30880759625.0,42166025092.0,65.92,-2.24,-3.79,2025,사업보고서
301300,바이브컴퍼니,KOSDAQ,보통주,1838.0,-1.18,24200000000.0,13155.0,12787.0,2.43,-1.15,-35.34,-18427937888.0,19009260214.0,21947667355.0,-3755320826.0,43486606622.0,65434273977.0,-9329826026.0,26341324113.0,28708602038.0,-5992179894.0,59972519103.0,88681121141.0,32029746357.0,29977118711.0,52096894925.0,-9225955061.0,68154994335.0,120251889260.0,50.47,-19.76,-42.38,2025,사업보고서
053060,세동,KOSDAQ,보통주,1259.0,0.4,22200000000.0,17657.0,37224.0,6.95,4.21,15.6,5881714294.0,189439770060.0,94091235079.0,9102838003.0,40298918007.0,134390153086.0,-1152315260.0,171088252415.0,73542370176.0,10712273142.0,35101157735.0,108643527911.0,9802166185.0,169895212565.0,80445018581.0,12554831007.0,37423893504.0,117868912085.0,233.48,4.81,14.6,2025,사업보고서
131180,딜리,KOSDAQ,보통주,4180.0,1.21,24500000000.0,5870.0,7484.0,16.27,6.5,2.91,1848358928.0,32306126087.0,4452878377.0,803403514.0,63822807970.0,68275686347.0,4809933217.0,38212514888.0,8547552497.0,2307588314.0,63085923482.0,71633475979.0,688445078.0,25705183783.0,8732382211.0,-890645382.0,57673935606.0,66406317817.0,6.98,2.49,2.9,2025,사업보고서
036480,대성미생물,KOSDAQ,보통주,6290.0,0.8,23900000000.0,3800.0,3934.0,2.7,68.37,1.7,598188050.0,25988810012.0,22557742754.0,714269442.0,35421462672.0,57979205426.0,-1769362731.0,23803929086.0,23229800645.0,-1551719611.0,35149367374.0,58379168019.0,-679675516.0,25562323134.0,26941660234.0,-689011929.0,37348624962.0,64290285196.0,63.68,2.75,1.69,2025,사업보고서
032800,판타지오,KOSDAQ,보통주,1481.0,-0.4,22400000000.0,15107.0,9381.0,0.0,-1.02,-17.21,-9200491612.0,38192077332.0,39538629488.0,-8032024834.0,48958941021.0,88497570509.0,-6431810872.0,72334500746.0,31558209410.0,-1540001928.0,58080914938.0,89639124348.0,-18458038424.0,38527506388.0,35755800134.0,-4913262869.0,42707827379.0,78463627513.0,80.76,-21.03,-18.79,2025,사업보고서
378800,샤페론,KOSDAQ,보통주,510.0,0.0,23600000000.0,46243.0,0.0,5.83,-1.32,-76.22,-15527830197.0,227804629.0,3130278315.0,-15839057550.0,24744911284.0,27875189599.0,-14902980481.0,17704497.0,3283506972.0,-15141502559.0,16000177854.0,19283684826.0,-12403429287.0,215251274.0,6012496717.0,-13228301461.0,18996105571.0,25008602288.0,12.65,-6952.91,-62.75,2025,사업보고서
013810,스페코,KOSDAQ,보통주,1555.0,0.0,22800000000.0,14655.0,18695.0,4.27,35.34,-0.21,-308438591.0,37964956719.0,26645963115.0,-460595979.0,45645155249.0,72291118364.0,-1705103424.0,27191519908.0,40468638153.0,-5693400709.0,46244258373.0,86712896526.0,-2057200716.0,22987862181.0,37705352670.0,-4148483505.0,47306722200.0,85012074870.0,58.38,-1.21,-0.68,2025,사업보고서
258790,소프트캠프,KOSDAQ,보통주,5520.0,2.41,27600000000.0,4998.0,23191.0,3.12,4.55,27.93,3690266539.0,25721722546.0,26724803456.0,2981626076.0,15422578821.0,42147382277.0,33017149.0,16887234056.0,27669420871.0,-1831061034.0,11650825883.0,39320246754.0,-5960747715.0,18485371904.0,12794327083.0,-2568547973.0,11504180553.0,24298507636.0,173.28,11.59,23.93,2025,사업보고서
130740,티피씨글로벌,KOSDAQ,보통주,2125.0,2.16,24000000000.0,11277.0,49405.0,3.09,1.45,-0.73,-375261456.0,79404293659.0,30521990214.0,-3261498580.0,93036392713.0,123558382927.0,-306836314.0,80422348875.0,19273104811.0,-901735070.0,93559996243.0,112833101054.0,-6399107984.0,79495864095.0,38331415585.0,-2818722194.0,79071575518.0,117402991103.0,32.81,-4.11,-0.4,2025,사업보고서
047080,한빛소프트,KOSDAQ,보통주,1075.0,0.75,26700000000.0,24822.0,26557.0,4.15,3.42,35.51,5442938475.0,37885851163.0,5140111525.0,284302527.0,20014846975.0,25154958500.0,1501197359.0,33298497710.0,15414965673.0,-1407390281.0,17371886645.0,32786852318.0,-9555432098.0,25928442550.0,16116053308.0,-6524096635.0,15547283724.0,31663337032.0,25.68,0.75,27.19,2025,사업보고서
154040,다산솔루에타,KOSDAQ,보통주,1055.0,0.0,22800000000.0,21616.0,0.0,2.12,-105.5,26.55,12165878788.0,31399403970.0,29717818846.0,1712414431.0,52582262086.0,82300080932.0,-19319601010.0,35436409241.0,44490515223.0,1995265453.0,39062526464.0,83553041687.0,26505987961.0,31308829664.0,112374407210.0,-4966024754.0,70165157425.0,182539564635.0,56.52,5.45,23.14,2025,사업보고서
123750,알톤,KOSDAQ,보통주,1701.0,0.06,23500000000.0,13819.0,620.0,0.71,283.5,1.05,211835292.0,32159264764.0,9087597680.0,227286318.0,20286714581.0,29374312261.0,-6348134763.0,28185286202.0,10592186396.0,-5488953443.0,20074358034.0,30666544430.0,-268494213.0,42075043659.0,17635106575.0,744172605.0,26276316475.0,43911423050.0,44.8,0.71,1.04,2025,사업보고서
038880,아이에이,KOSDAQ,보통주,2955.0,1.03,22200000000.0,7514.0,9356.0,0.0,-0.91,-56.09,-44538846085.0,41182705121.0,46915584123.0,-7318500845.0,58900564830.0,105816148953.0,-26030752034.0,50722605792.0,65092484390.0,-6441112791.0,79314068509.0,144406552899.0,-18619524039.0,59179508587.0,57868186344.0,-10219010515.0,89875744582.0,147744266461.0,79.65,-17.77,-75.62,2025,사업보고서
415380,스튜디오삼익,KOSDAQ,보통주,2005.0,-1.23,22900000000.0,11443.0,13290.0,2.46,10.08,7.83,2789316383.0,95931078734.0,9457015189.0,2828880586.0,36322136442.0,45779151631.0,3645678899.0,107928008994.0,12580630272.0,3988123144.0,34940460436.0,47521090708.0,2172911092.0,95399010878.0,12678897632.0,2777920676.0,19449489298.0,32128386930.0,26.04,2.95,7.68,2025,사업보고서
359090,씨엔알리서치,KOSDAQ,보통주,1981.0,0.15,22800000000.0,11494.0,13953.0,0.5,13.66,5.37,1021146941.0,64982070922.0,36809850364.0,1384561417.0,47877058853.0,84686909217.0,3358854699.0,59688657389.0,38508309184.0,3630240161.0,47093920787.0,85602229971.0,5559959413.0,55102004323.0,35354214000.0,6232524670.0,42493554012.0,77847768012.0,76.88,2.13,2.13,2025,사업보고서
032080,아즈텍WB,KOSDAQ,보통주,1077.0,2.47,23100000000.0,21491.0,4886.0,1.06,-46.83,0.87,928867334.0,30229023516.0,11147328128.0,458774703.0,107240856681.0,118388184809.0,-2043586300.0,35365624219.0,11724101018.0,544665708.0,106251389038.0,117975490056.0,-1317589604.0,37089482391.0,16201877395.0,-75126221.0,108367550166.0,124569427561.0,10.39,1.52,0.87,2025,사업보고서
187220,디티앤씨,KOSDAQ,보통주,1978.0,0.0,22800000000.0,11525.0,1804.0,1.97,5.9,2.27,-770839823.0,125834435797.0,146360840619.0,-597391475.0,116460470506.0,262821311125.0,2910683363.0,111938559193.0,132984127344.0,-5709365531.0,112378827371.0,245362954715.0,-25689288702.0,96737112186.0,111375421956.0,-20664997259.0,106792970362.0,218168392318.0,125.67,-0.47,-0.66,2025,사업보고서
241840,에이스토리,KOSDAQ,보통주,2465.0,1.23,23500000000.0,9540.0,14990.0,3.93,-5.01,-13.61,-7113797933.0,11789684319.0,8010996336.0,-7278241684.0,48066469237.0,56077465573.0,-4819025611.0,14791645212.0,15248738373.0,-3504831535.0,56462733672.0,71711472045.0,4912258246.0,56875968183.0,33133859254.0,6945016422.0,62404561586.0,95538420840.0,16.67,-61.73,-14.8,2025,사업보고서
018680,서울제약,KOSDAQ,보통주,1932.0,-1.33,22500000000.0,11659.0,4566.0,2.17,12.97,1.86,753642263.0,52149309124.0,30704525620.0,-1279411220.0,41049892007.0,71754417627.0,1698603285.0,53579628595.0,31448162683.0,1527776530.0,40171982583.0,71620145266.0,3517329275.0,52458517117.0,24741265839.0,1212776458.0,38564140968.0,63305406807.0,74.8,-2.45,1.84,2025,사업보고서
033200,모아텍,KOSDAQ,보통주,2540.0,2.63,23400000000.0,9205.0,13955.0,79.89,-57.73,-0.96,-1971965311.0,31500704726.0,6193557565.0,-3158121624.0,69980766637.0,76174324202.0,67767026.0,30584075005.0,6962489948.0,-2170181038.0,71085594615.0,78048084563.0,-1443812539.0,31956939380.0,6575319170.0,-2257322923.0,71097156423.0,77672475593.0,8.85,-10.03,-2.82,2025,사업보고서
084440,유비온,KOSDAQ,보통주,1196.0,0.0,22900000000.0,19132.0,0.0,0.0,-62.95,19.36,1312011905.0,33683623845.0,14976034588.0,1409644188.0,7697229941.0,22673264529.0,-2800320149.0,33282483966.0,16782544057.0,-2020965888.0,6366506068.0,23149050125.0,-601260006.0,31831832251.0,13635133255.0,385118878.0,9194480249.0,22829613504.0,194.56,4.18,17.05,2025,사업보고서
372800,아이티아이즈,KOSDAQ,보통주,3105.0,1.47,21800000000.0,7037.0,53714.0,0.69,-2.35,-70.73,-10341416439.0,78053779536.0,25146440380.0,-5394921537.0,8411496974.0,33557937354.0,1241357761.0,79578130695.0,41217817992.0,166552167.0,18158521651.0,59376339643.0,-7097958534.0,74949243889.0,30918151118.0,-6388091963.0,17241597577.0,48159748695.0,298.95,-6.91,-122.94,2025,사업보고서
153490,우리이앤엘하루틴,KOSDAQ,보통주,2930.0,-2.17,30200000000.0,10296.0,7202.0,2.34,-3.81,-0.72,-1391425848.0,121210836014.0,30590829579.0,286520518.0,91415991912.0,122006821491.0,5514526389.0,146852886071.0,30703657379.0,6867545117.0,89852474485.0,120556131864.0,5416636846.0,141964383578.0,38837754610.0,5046830682.0,81713194860.0,120550949470.0,33.46,0.24,-1.52,2025,사업보고서
238200,비피도,KOSDAQ,보통주,2745.0,-0.72,22500000000.0,8180.0,10098.0,0.79,12.15,-0.42,-192738194.0,19678962044.0,15372558886.0,1403074063.0,45929764827.0,61302323713.0,-5395286546.0,12350094585.0,14526880929.0,-4491557478.0,46685550044.0,61212430973.0,1082151650.0,18634263875.0,20034389716.0,-343653687.0,51702407262.0,71736796978.0,33.47,7.13,-0.42,2025,사업보고서
115160,휴맥스,KOSDAQ,보통주,5300.0,-1.49,22800000000.0,4308.0,4911.0,3.63,1.77,-63.14,-81408692851.0,394166017109.0,394931983365.0,-29217102354.0,96128189369.0,491060172734.0,-60917152380.0,535558902576.0,497393318329.0,6200491083.0,165419017811.0,662812336140.0,-78416381505.0,646403814476.0,584535876183.0,17485088107.0,247901935452.0,832437811635.0,410.84,-7.41,-84.69,2025,사업보고서
353190,휴럼,KOSDAQ,보통주,2700.0,-0.55,21300000000.0,7876.0,2229.0,1.48,-39.71,2.76,958228561.0,99011416963.0,52695201405.0,1874979920.0,46296118510.0,98991319915.0,1672646525.0,98165792130.0,43742819983.0,1049712404.0,45281667882.0,89024487865.0,4210032043.0,88406989389.0,34689794342.0,3755250074.0,41285955731.0,75975750073.0,113.82,1.89,2.07,2025,사업보고서
109670,씨싸이트,KOSDAQ,보통주,4060.0,-1.69,23700000000.0,5837.0,6951.0,1.06,28.19,-2.39,-1313101682.0,169721832580.0,42121141328.0,150744963.0,53892462697.0,96013604025.0,195444285.0,173856858567.0,43168583871.0,1254256907.0,55895509638.0,99064093509.0,-4245995655.0,152290472951.0,44907447190.0,780412614.0,53661979954.0,98569427144.0,78.16,0.09,-2.44,2025,사업보고서
429270,시지트로닉스,KOSDAQ,보통주,3405.0,0.15,22000000000.0,6449.0,15384.0,3.63,-2.33,-35.11,-8013303350.0,12748957402.0,11924012799.0,-7585557629.0,22113260759.0,34037273558.0,-5691293867.0,12172663876.0,10059885608.0,-6285180565.0,23529281193.0,33589166801.0,-5535741609.0,12513645275.0,10574342494.0,-5442515302.0,28985865393.0,39560207887.0,53.92,-59.5,-36.24,2025,사업보고서
148250,알엔투테크놀로지,KOSDAQ,보통주,1772.0,0.68,24100000000.0,13611.0,42574.0,2.89,-1.9,-10.31,-3864498895.0,18651545847.0,23969019466.0,-3434269185.0,39407996361.0,63377015827.0,-1718611578.0,14303142292.0,10167871589.0,-2688295942.0,35646551192.0,45814422781.0,-3685946907.0,14686648669.0,10761056847.0,-1449819927.0,38876631588.0,49637688435.0,60.82,-18.41,-9.81,2025,사업보고서
067770,세진티에스,KOSDAQ,보통주,2695.0,-3.06,22600000000.0,8397.0,55187.0,3.31,7.74,1.51,713961641.0,11896547885.0,1456294575.0,-207245981.0,47544134211.0,49000428786.0,3126350188.0,13176332207.0,1467009762.0,736039898.0,47189421114.0,48656430876.0,-1443038156.0,10294388815.0,1353883846.0,-2577140264.0,43522074597.0,44875958443.0,3.06,-1.74,1.5,2025,사업보고서
405920,나라셀라,KOSDAQ,보통주,1798.0,-4.77,23200000000.0,12878.0,2645.0,0.43,-22.48,0.13,55010053.0,82108561843.0,54615892969.0,984309945.0,65216303914.0,119832196883.0,-5744274285.0,82707219799.0,64994155015.0,-3478071657.0,63247190549.0,128241345564.0,-1104873844.0,85325300237.0,61218141081.0,196480866.0,70035650838.0,131253791919.0,83.75,1.2,0.08,2025,사업보고서
317120,라닉스,KOSDAQ,보통주,1462.0,1.6,22300000000.0,15260.0,19589.0,4.32,-2.83,-38.04,-7772020734.0,7467703331.0,22139778253.0,-6051812572.0,21311835054.0,43451613307.0,-6733850580.0,7713262716.0,23529974126.0,-5419034462.0,19554595672.0,43084569798.0,-5369729462.0,11543221600.0,18597348105.0,-2957186931.0,10631958230.0,29229306335.0,103.88,-81.04,-36.47,2025,사업보고서
065690,파커스,KOSDAQ,보통주,1866.0,-1.79,22400000000.0,12015.0,37282.0,1.46,23.04,11.98,4900094629.0,53499990345.0,30709350403.0,-12735489947.0,50583937820.0,81293288223.0,-3359047066.0,63689337418.0,68573111833.0,-1428088437.0,46454103598.0,115027215431.0,-15592440638.0,63616324294.0,69484452252.0,-9535740999.0,48590458883.0,118074911135.0,60.71,-23.8,9.69,2025,사업보고서
432980,엠에프씨,KOSDAQ,보통주,2535.0,1.6,21800000000.0,8592.0,1736.0,1.15,-35.7,2.82,821866288.0,20799543231.0,5620231712.0,296703541.0,30055878009.0,35676109721.0,-1182169049.0,20604400363.0,8072648127.0,1459606613.0,28325249195.0,36397897322.0,-721481605.0,17309437304.0,9522435527.0,719350317.0,17737903861.0,27260339388.0,18.7,1.43,2.73,2025,사업보고서
403490,우듬지팜,KOSDAQ,보통주,2355.0,3.97,21600000000.0,9186.0,24249.0,1.81,-2.96,-10.48,-4387532818.0,63676776798.0,38158675999.0,-883577321.0,38100217434.0,76258893433.0,2768774954.0,63906049261.0,30798636844.0,3552821431.0,41772389661.0,72571026505.0,1426773714.0,56576333044.0,17111907059.0,3352841287.0,38527920777.0,55639827836.0,100.15,-1.39,-11.52,2025,사업보고서
016100,리더스코스메틱,KOSDAQ,보통주,1172.0,1.12,22400000000.0,19101.0,21383.0,1.88,-2.43,-25.26,-8290625842.0,68313820168.0,40969934100.0,-7089531070.0,28657925916.0,69627860016.0,-3248690872.0,73498715632.0,37335688489.0,-2902749222.0,37406902652.0,74742591141.0,173304483.0,69278802746.0,35764091672.0,-4311069604.0,44218508476.0,79982600148.0,142.96,-10.38,-28.93,2025,사업보고서
900110,딥커머스,KOSDAQ,보통주,1201.0,0.0,22100000000.0,18437.0,0.0,0.0,1.01,3.15,53773042.0,356659191.0,84302393.0,47641119.0,1701233777.0,1785536170.0,27391681.0,391629664.0,93933777.0,42753918.0,1614533968.0,1708467745.0,17616872.0,339379595.0,102549263.0,30676045.0,1548338645.0,1650887908.0,4.96,13.36,3.16,2025,사업보고서
195990,루트K,KOSDAQ,보통주,1308.0,0.0,21300000000.0,16288.0,12097.0,0.0,-3.81,-60.38,-48919928977.0,31922791800.0,20748062660.0,-9281936003.0,54028843073.0,74776905733.0,-15629483396.0,31663085394.0,33250998236.0,-10206548561.0,108011934963.0,141262933199.0,-25742047377.0,25375405459.0,19769411721.0,-8807316159.0,122340463085.0,142109874806.0,38.4,-29.08,-90.54,2025,사업보고서
054940,엑사이엔씨,KOSDAQ,보통주,3880.0,-0.39,25700000000.0,6635.0,181733.0,0.0,6.02,0.92,1157004125.0,177002828337.0,74434997650.0,2505252969.0,83861866740.0,158296864390.0,7717020616.0,203087664310.0,85701986760.0,8512659131.0,83665269807.0,169367256567.0,-892219336.0,174256086540.0,65186005718.0,3410067035.0,72775556467.0,137961562185.0,88.76,1.42,1.38,2025,사업보고서
353590,오토앤,KOSDAQ,보통주,1693.0,-0.29,21800000000.0,12876.0,1368.0,1.69,-3.48,-24.58,-5187786171.0,59111769968.0,36212415018.0,752107883.0,18595099659.0,54807514677.0,-5489424648.0,57230837930.0,33034991175.0,-3302832794.0,23615188925.0,56650180100.0,-1115481110.0,60355291297.0,36278330772.0,-2802719329.0,28934630101.0,65212960873.0,194.74,1.27,-27.9,2025,사업보고서
032280,삼일,KOSDAQ,보통주,1373.0,1.4,22300000000.0,16214.0,68949.0,1.02,15.78,1.51,960540157.0,99989845264.0,38977312931.0,2129168375.0,64266564711.0,103243877642.0,1236765459.0,105109049374.0,44950311866.0,2474034253.0,63397288404.0,108347600270.0,2828019091.0,99668556013.0,44443699363.0,1721681269.0,62647116343.0,107090815706.0,60.65,2.13,1.49,2025,사업보고서
215480,토박스코리아,KOSDAQ,보통주,2095.0,5.97,22500000000.0,10740.0,13721.0,12.3,698.33,-3.78,-1248032193.0,39699702190.0,5732605255.0,4064386.0,31810432838.0,37543038093.0,-575786787.0,44150832796.0,9831002648.0,1724020680.0,32843005338.0,42674007986.0,2478826296.0,48648552369.0,8155920536.0,2947160145.0,33376599526.0,41532520062.0,18.02,0.01,-3.92,2025,사업보고서
101400,엔시트론,KOSDAQ,보통주,1800.0,-2.7,21100000000.0,11742.0,256602.0,1.61,-13.33,-3.32,-1997947609.0,34368016671.0,9558203495.0,-5055270954.0,38002613796.0,47560817291.0,-2070993839.0,36311562492.0,9273907150.0,-2459667040.0,39203819723.0,48477726873.0,1067997958.0,35869230492.0,8409858102.0,420783780.0,37474809979.0,45884668081.0,25.15,-14.71,-5.26,2025,사업보고서
098660,에스티오,KOSDAQ,보통주,1584.0,-1.06,19800000000.0,12501.0,13882.0,0.38,-3.71,-19.19,-4795958757.0,71491064624.0,49594625625.0,-1405598807.0,22400646551.0,71995272176.0,-996347606.0,70218195733.0,46402395655.0,512098773.0,27576707405.0,73979103060.0,2020447127.0,74045039700.0,37545371670.0,3549717637.0,30251830481.0,67797202151.0,221.4,-1.97,-21.41,2025,사업보고서
277410,인산가,KOSDAQ,보통주,5590.0,-0.36,21500000000.0,3841.0,2531.0,0.0,10.96,1.0,637112217.0,35804215193.0,48555542314.0,2306043998.0,65566290738.0,114121833052.0,885653783.0,32484223840.0,36144342570.0,813707507.0,65607066952.0,101751409522.0,4972375687.0,37300346743.0,25085624731.0,5741488659.0,65956190819.0,91041815550.0,74.06,6.44,0.97,2025,사업보고서
067730,로지시스,KOSDAQ,보통주,2230.0,1.83,21600000000.0,9674.0,8452.0,2.36,5.84,16.63,3304917079.0,48541050274.0,8847312049.0,2884427722.0,21020713137.0,29868025186.0,2413455525.0,42857277220.0,10242919926.0,2391160785.0,18729513604.0,28972433530.0,516014131.0,36454449393.0,7657247528.0,545439693.0,17022462908.0,24679710436.0,42.09,5.94,15.72,2025,사업보고서
017250,인터엠,KOSDAQ,보통주,1047.0,1.06,22000000000.0,21045.0,18038.0,0.0,6.31,4.97,2049183472.0,60053752284.0,46994085250.0,3988168563.0,42216504561.0,89210589811.0,2310580605.0,60338490432.0,45627859152.0,4404496692.0,40320121752.0,85947980904.0,8227279919.0,50963849828.0,45698097824.0,10773303544.0,38886612124.0,84584709948.0,111.32,6.64,4.85,2025,사업보고서
148780,비큐AI,KOSDAQ,보통주,3770.0,0.67,23700000000.0,6289.0,113765.0,0.49,-3770.0,-6.59,-759183538.0,17014562225.0,3928867122.0,-1068043276.0,11217025013.0,15145892135.0,-600674794.0,17300348332.0,3918078767.0,-812380727.0,11829723461.0,15747802228.0,733030521.0,16892288214.0,4126531111.0,240282775.0,12315987878.0,16442518989.0,35.03,-6.28,-6.77,2025,사업보고서
352940,인바이오,KOSDAQ,보통주,2045.0,1.74,22200000000.0,10868.0,11700.0,1.29,38.58,2.41,1007310092.0,33952962076.0,26784348873.0,917421524.0,42357709457.0,69142058330.0,645613755.0,35654027534.0,26399498237.0,1405316756.0,41371723706.0,67771221943.0,-6300317766.0,34024284250.0,25592459886.0,-3353973081.0,40726109951.0,66318569837.0,63.23,2.7,2.38,2025,사업보고서
340440,세림B&G,KOSDAQ,보통주,782.0,0.26,22200000000.0,28378.0,113064.0,5.54,8.23,5.34,1868813082.0,47989768658.0,15307197154.0,913686463.0,35951365241.0,51258562395.0,2324506208.0,55419229158.0,13667763637.0,3081847064.0,33988406075.0,47656169712.0,3811486156.0,58245452504.0,15549230763.0,4298983844.0,33053642879.0,48602873642.0,42.58,1.9,5.2,2025,사업보고서
398120,에스지헬스케어,KOSDAQ,보통주,1818.0,4.9,21500000000.0,11842.0,28178.0,3.01,19.14,4.02,935047721.0,24601049961.0,16154454511.0,1467303588.0,24351106406.0,40505560917.0,-3533073279.0,16104629986.0,10028067834.0,-673102361.0,22700597809.0,32728665643.0,1776058307.0,27778655312.0,12742214658.0,2246600891.0,13354983469.0,26097198127.0,66.34,5.96,3.84,2025,사업보고서
373110,엑셀세라퓨틱스,KOSDAQ,보통주,1106.0,-1.25,19100000000.0,17294.0,101645.0,1.5,-1.49,-134.41,-10927088630.0,1948989102.0,8583323043.0,-10851766656.0,7138095144.0,15721418187.0,-9543173496.0,1934344104.0,7768598704.0,-9329894204.0,9121059292.0,16889657996.0,-9280501109.0,1123898370.0,8084749091.0,-8705835094.0,2383503588.0,10468252679.0,120.25,-556.79,-153.08,2025,사업보고서
200230,텔콘RF제약,KOSDAQ,보통주,2230.0,0.22,21100000000.0,9482.0,5331.0,0.0,-0.79,-11.98,-11431375552.0,43161795161.0,47849944311.0,718589452.0,108818117361.0,156668061672.0,-26499982350.0,37865282088.0,70453177889.0,-70548303.0,83134901856.0,153588079745.0,13948744649.0,36307203781.0,35470382778.0,965315608.0,104944533941.0,140414916719.0,43.97,1.66,-10.51,2025,사업보고서
019660,글로본,KOSDAQ,보통주,1521.0,-0.26,21200000000.0,13944.0,24656.0,0.0,-3.31,-52.48,-5758998256.0,12948120906.0,12180028742.0,-4830188254.0,10804205033.0,22984233775.0,553165977.0,17329300244.0,2255781418.0,244425383.0,11144110055.0,13399891473.0,-4492882561.0,20311948431.0,2854627246.0,-3991779002.0,10513976648.0,13368603894.0,112.73,-37.3,-53.3,2025,사업보고서
431190,케이쓰리아이,KOSDAQ,보통주,3100.0,-1.27,23200000000.0,7486.0,30706.0,3.28,-6.35,-11.96,-4277412526.0,16639530720.0,11707968706.0,-3506478665.0,34198598154.0,45906566860.0,-2963904997.0,13901787278.0,4672098628.0,-3724291749.0,35813239148.0,40485337776.0,1185231988.0,13058877126.0,2680154637.0,1115790858.0,11762366887.0,14442521524.0,34.24,-21.07,-12.51,2025,사업보고서
219750,한국비티비,KOSDAQ,보통주,1614.0,-1.77,21100000000.0,13085.0,5074.0,0.0,-2.65,-14.97,-3931723558.0,32030669908.0,19941577026.0,-2851743340.0,24303341513.0,44244918539.0,-160679488.0,30135373919.0,14413142351.0,987995029.0,28235065071.0,42648207422.0,1666881877.0,31436243620.0,6154302715.0,1340382942.0,15042774602.0,21197077317.0,82.05,-8.9,-16.18,2025,사업보고서
069330,유아이디,KOSDAQ,보통주,1300.0,-2.26,22000000000.0,16953.0,78619.0,2.28,6.47,6.78,1285612509.0,49690517314.0,25032826103.0,1301726619.0,20773670637.0,45806496740.0,660280988.0,53558158467.0,23741925863.0,244020616.0,19488058128.0,43229983991.0,-3308651536.0,52968921282.0,24651900991.0,-325392074.0,18827777140.0,43479678131.0,120.5,2.62,6.19,2025,사업보고서
303530,이노뎁,KOSDAQ,보통주,3060.0,0.66,22500000000.0,7339.0,5559.0,3.15,-6.88,-8.4,-3016864876.0,70744057088.0,34976115237.0,-2896673174.0,34559354256.0,69535469493.0,-1543172808.0,86775972174.0,26123052410.0,-1933924977.0,37259493101.0,63382545511.0,1026911045.0,84032973558.0,14944019982.0,635755479.0,39183677941.0,54127697923.0,101.21,-4.09,-8.73,2025,사업보고서
192390,윈하이텍,KOSDAQ,보통주,1779.0,-1.11,21300000000.0,11967.0,34063.0,1.98,-2.09,-8.94,-6689547573.0,75147762488.0,80370871324.0,-3934799771.0,72493561002.0,152864432326.0,7773737996.0,112165957180.0,64393116664.0,11032093461.0,77088683756.0,141481800420.0,6536889264.0,153794945013.0,76698447998.0,18361474569.0,69730949839.0,146429397837.0,110.87,-5.24,-9.23,2025,사업보고서
362990,드림인사이트,KOSDAQ,보통주,1214.0,0.5,20400000000.0,16801.0,21906.0,1.63,-86.71,-1.23,-409061155.0,20018320351.0,15595490377.0,-1161063123.0,33133027699.0,48728518076.0,873348373.0,18120044631.0,15937257910.0,1857644158.0,33601913347.0,49539171257.0,4015675111.0,17374444869.0,12507047969.0,4079032132.0,22748925650.0,35255973619.0,47.07,-5.8,-1.23,2025,사업보고서
080470,성창오토텍,KOSDAQ,보통주,2820.0,-1.57,20600000000.0,7300.0,8390.0,8.87,4.13,14.99,10994900237.0,243521604086.0,133312424294.0,11607786887.0,71379167024.0,204691591318.0,7128371258.0,194360449325.0,121266252824.0,6307217775.0,61647521650.0,182913774474.0,6394278884.0,169274188884.0,104916360119.0,4058130289.0,54138024788.0,159054384907.0,186.77,4.77,15.4,2025,사업보고서
274400,이노시뮬레이션,KOSDAQ,보통주,2220.0,-0.45,20200000000.0,9086.0,6591.0,2.65,-10.94,-8.02,-2091130515.0,14252194849.0,27316253378.0,-1989301905.0,30165183234.0,57481436612.0,-6580891711.0,9336213422.0,25960761210.0,-4813302769.0,21959050703.0,47919811913.0,-278235641.0,19483806089.0,21843257423.0,-155582735.0,28459170633.0,50302428056.0,90.56,-13.96,-6.93,2025,사업보고서
115570,스타플렉스,KOSDAQ,보통주,2635.0,0.57,21000000000.0,7985.0,10994.0,1.42,1.35,5.04,3468219967.0,98655425592.0,27783242593.0,6566950723.0,71235777358.0,99019019951.0,4654868188.0,80150853762.0,29896847363.0,-157769219.0,66506351443.0,96403198806.0,-14742876603.0,70700646378.0,29732349883.0,-3406826203.0,63143560677.0,92875910560.0,39.0,6.66,4.87,2025,사업보고서
023770,플레이위드,KOSDAQ,보통주,2870.0,5.51,25700000000.0,8946.0,112261.0,11.09,-12.76,-10.85,-2005228164.0,34657760135.0,12207465594.0,-4682241152.0,17920251916.0,30127717510.0,-6898513065.0,32307321526.0,17925162162.0,-8532221284.0,19056830577.0,36981992739.0,-5993718873.0,28552255519.0,17505838506.0,-6647064613.0,25933868316.0,43439706822.0,68.12,-13.51,-11.19,2025,사업보고서
252500,세화피앤씨,KOSDAQ,보통주,2280.0,2.01,18900000000.0,8297.0,20914.0,5.75,-37.38,2.88,1174746970.0,37645110414.0,4385488263.0,626800433.0,40397012720.0,44782500983.0,3309566519.0,43868375036.0,4220279825.0,2740861244.0,41301720750.0,45522000575.0,2768413834.0,41216885876.0,3989466953.0,1957687472.0,39266404278.0,43255871231.0,10.86,1.67,2.91,2025,사업보고서
021040,대호특수강,KOSDAQ,보통주,940.0,0.97,20400000000.0,21705.0,18901.0,0.7,-6.48,-4.08,-1846106854.0,277424948980.0,136406279483.0,2371277694.0,38629851090.0,175036130573.0,-12984237441.0,296390570520.0,143904297626.0,2667939267.0,40998176244.0,184902473870.0,-3555644391.0,300559957997.0,150100378683.0,1660919750.0,51586679452.0,201687058135.0,353.11,0.85,-4.78,2025,사업보고서
361670,삼영에스앤씨,KOSDAQ,보통주,3575.0,-1.79,20300000000.0,5668.0,7015.0,0.71,-35.4,-5.79,-1129629785.0,10975623854.0,2852609718.0,-1698464868.0,18978068667.0,21830678385.0,-3361612360.0,12393769268.0,3182654446.0,-3121113350.0,20032968626.0,23215623072.0,-2758500280.0,11647345784.0,3049588664.0,-3538918071.0,23205712947.0,26255301611.0,15.03,-15.47,-5.95,2025,사업보고서
065370,위세아이텍,KOSDAQ,보통주,2965.0,2.24,21900000000.0,7384.0,9507.0,2.24,11.15,4.71,1454510181.0,38258327979.0,35568031512.0,786004716.0,30864651221.0,66432682733.0,-409036745.0,35028457232.0,41085344958.0,927730373.0,30873079286.0,71958424244.0,-3293743948.0,27625153460.0,17837768382.0,-2868674786.0,32630927576.0,50468695958.0,115.24,2.05,4.71,2025,사업보고서
054220,비츠로시스,KOSDAQ,보통주,1646.0,-2.02,20700000000.0,12591.0,78511.0,4.39,-8.85,8.29,1520972564.0,44811475268.0,34586721001.0,57731185.0,19142149231.0,53728870232.0,-10292890167.0,25652898941.0,33741859013.0,-6143381048.0,17578682254.0,51320541267.0,-6342052544.0,19552896164.0,23387746496.0,-7056918833.0,17322488778.0,40710235274.0,180.68,0.13,7.95,2025,사업보고서
275630,에스에스알,KOSDAQ,보통주,4560.0,12.18,24000000000.0,5254.0,136437.0,4.04,-9.33,-6.46,-1664471190.0,13049423998.0,4115098693.0,320820566.0,24666464588.0,28781563281.0,-254181865.0,11608134979.0,4170817759.0,-307102057.0,26712041874.0,30882859633.0,1716863112.0,12157598516.0,3178342475.0,1604365988.0,27216223924.0,30394566399.0,16.68,2.46,-6.75,2025,사업보고서
438700,버넥트,KOSDAQ,보통주,1708.0,0.23,19000000000.0,11145.0,31764.0,1.27,-4.57,-16.04,-5033857599.0,3097045412.0,16100394793.0,-8490874140.0,30162790012.0,46263184805.0,-12641224125.0,4599199409.0,11148286271.0,-12697077036.0,32618051972.0,43766338243.0,-10357495873.0,6501962372.0,11986667833.0,-11308437688.0,44840566806.0,56827234639.0,53.38,-274.16,-16.69,2025,사업보고서
419540,비스토스,KOSDAQ,보통주,3275.0,-1.06,19500000000.0,5958.0,4779.0,0.0,-15.16,-3.75,-699119842.0,17099549571.0,2798970970.0,-1095568229.0,17911753434.0,20710724404.0,847624445.0,20254829230.0,2020361159.0,311419456.0,19419280985.0,21439642144.0,806497285.0,21304785943.0,2993866970.0,283820204.0,18540530310.0,21534397280.0,15.63,-6.41,-3.9,2025,사업보고서
065060,지엔코,KOSDAQ,보통주,3315.0,-2.36,19900000000.0,5990.0,3011.0,0.7,-2.71,-25.89,-8552301451.0,110866718148.0,105540712716.0,-408991762.0,128263715362.0,233804428078.0,-8204914292.0,121173166298.0,109913538476.0,-3928636259.0,123931404189.0,233844942665.0,1454615686.0,146952545704.0,104219062390.0,7903539626.0,131597005420.0,235816067810.0,82.28,-0.37,-6.67,2025,사업보고서
342870,오아,KOSDAQ,보통주,3560.0,0.14,19400000000.0,5450.0,1464.0,1.07,-2.92,-9.73,-3189926137.0,103261149773.0,35179423619.0,8169760168.0,42944155404.0,78123579023.0,6937331644.0,96899614535.0,42482117935.0,9463700558.0,25522011883.0,68004129818.0,4602414164.0,88876898365.0,46476458343.0,5321046017.0,16221411143.0,62697869486.0,81.92,7.91,-7.43,2025,사업보고서
191410,육일씨엔에쓰,KOSDAQ,보통주,1788.0,-2.19,20000000000.0,11204.0,258446.0,5.64,6.96,7.28,1616460236.0,44835017787.0,32264471193.0,-1507136782.0,23744310403.0,56008781596.0,-538643672.0,33725388352.0,38866217684.0,-951980666.0,24996477487.0,63862695171.0,-201043327.0,29019810938.0,13061780912.0,914356112.0,26069780405.0,39131561317.0,135.88,-3.36,6.81,2025,사업보고서
377330,이지트로닉스,KOSDAQ,보통주,2685.0,-0.74,21900000000.0,8140.0,4651.0,1.6,-2.25,-27.51,-15608822000.0,13243690331.0,18924790521.0,-18630431650.0,41071732966.0,59996523487.0,-3478498187.0,36504092010.0,14504618233.0,-4022176656.0,52072234108.0,66576852341.0,-2840563606.0,35198119912.0,11454087669.0,-3961876831.0,55922179027.0,67376266696.0,46.08,-140.67,-38.0,2025,사업보고서
043590,웰킵스하이텍,KOSDAQ,보통주,1489.0,1.09,20200000000.0,13568.0,15791.0,0.55,-5.1,-8.88,-3237904381.0,21353066604.0,21558705801.0,-2101093803.0,34850788744.0,56409494545.0,-9826749444.0,29840103941.0,19695824562.0,-9955365178.0,38100961883.0,57796786445.0,9122489288.0,20230592910.0,3438230692.0,293147974.0,42644456907.0,46082687599.0,61.86,-9.84,-9.29,2025,사업보고서
034940,조아제약,KOSDAQ,보통주,2835.0,0.89,17600000000.0,6196.0,81853.0,0.0,-6.24,-24.14,-7363415358.0,59310981915.0,42916431523.0,-6598459624.0,21766627791.0,64683059314.0,-10167885748.0,62693744124.0,42759148441.0,-9649407243.0,28560888330.0,71320036771.0,-11132861890.0,62973743089.0,35463609527.0,-6834978363.0,38757865953.0,74221475480.0,197.17,-11.13,-33.83,2025,사업보고서
073570,리튬포어스,KOSDAQ,보통주,1730.0,0.23,20800000000.0,12037.0,28992.0,0.92,-1.96,-24.6,-13404172593.0,10653571827.0,3254048954.0,-4481914206.0,55871094582.0,59125143536.0,-102230173092.0,15164117282.0,2152844028.0,-5221023562.0,53116662669.0,55269506697.0,-182829935436.0,15633542239.0,40205008232.0,-6808746053.0,117324919386.0,157529927618.0,5.82,-42.07,-23.99,2025,사업보고서
154030,아시아종묘,KOSDAQ,보통주,1689.0,0.12,20400000000.0,12062.0,7550.0,1.0,17.41,-5.51,-1366381026.0,3516111982.0,17398746529.0,-988696610.0,24101291401.0,41500037930.0,1905033448.0,27806411703.0,16715008616.0,923849151.0,25527024322.0,42242032938.0,-633568402.0,24593549936.0,18356211528.0,-1124665061.0,22719591551.0,41075803079.0,72.19,-28.12,-5.67,2025,사업보고서
455180,케이지에이,KOSDAQ,보통주,1273.0,1.35,18700000000.0,14699.0,98797.0,2.22,-2.17,-29.12,-9629348496.0,18123087764.0,59836205587.0,-3688242971.0,42004787697.0,101840993284.0,2800044403.0,51431679187.0,48563852718.0,3407710999.0,24142947095.0,72706799813.0,603300286.0,14051861535.0,46991009881.0,715667177.0,13548983457.0,60539993338.0,142.45,-20.35,-22.92,2025,사업보고서
224060,더코디,KOSDAQ,보통주,3470.0,-5.19,17900000000.0,5161.0,16923.0,0.0,0.66,22.85,-15723843138.0,25266240903.0,61557828624.0,-830924048.0,10751874697.0,72309703321.0,-7820775245.0,27133693589.0,67990333367.0,245424056.0,26060471030.0,94050804397.0,-13678159844.0,20212268116.0,67221878409.0,-10401169534.0,32171240562.0,99393118971.0,572.53,-3.29,-146.24,2025,사업보고서
043360,디지아이,KOSDAQ,보통주,2555.0,-4.84,23000000000.0,9000.0,72996.0,0.38,-11.61,-1.55,-629633765.0,21306123270.0,3460862211.0,-766639042.0,40303244481.0,43764106692.0,-1901826630.0,20404122813.0,4186787274.0,-2736280255.0,40946256087.0,45133043361.0,-2152865565.0,16680293089.0,4575706048.0,-2670806473.0,42722598906.0,47298304954.0,8.59,-3.6,-1.56,2025,사업보고서
383930,디티앤씨알오,KOSDAQ,보통주,1523.0,-0.98,19500000000.0,12784.0,26220.0,1.4,-1.14,-10.33,-2777074106.0,47747299019.0,65286669494.0,-5741675672.0,25090209727.0,90376879221.0,-1999170026.0,35970935118.0,52418295827.0,-11295168421.0,28667402813.0,81085698640.0,-16635630895.0,26586277364.0,28168966805.0,-12124934209.0,31678923789.0,59847890594.0,260.21,-12.03,-11.07,2025,사업보고서
054410,케이피티유,KOSDAQ,보통주,3425.0,-0.29,19600000000.0,5726.0,132.0,0.61,4.54,4.11,2209954098.0,39929099198.0,40972444980.0,1388163794.0,54794777947.0,95767222927.0,3162005697.0,33301535591.0,39600197035.0,757222993.0,52747059315.0,92347256350.0,2859808434.0,34871199766.0,45041667624.0,846737754.0,47295906497.0,92337574121.0,74.77,3.48,4.03,2025,사업보고서
096870,엘디티,KOSDAQ,보통주,2240.0,-1.32,18700000000.0,8348.0,4017.0,3.18,10.77,7.04,1241418502.0,11045810425.0,2264617473.0,305927068.0,20253757741.0,22518375214.0,-269163169.0,10028868219.0,2242346856.0,-835658027.0,15004753664.0,17247100520.0,-140473951.0,8926707509.0,3151382034.0,-348855996.0,15273916833.0,18425298867.0,11.18,2.77,6.13,2025,사업보고서
137940,넥스트아이,KOSDAQ,보통주,2090.0,5.82,20500000000.0,9812.0,48052.0,0.0,-0.5,-64.92,-41324092865.0,120063298601.0,55484009608.0,-35580611103.0,39878734749.0,95362744357.0,-6904364358.0,52034758443.0,35197530221.0,-5478121968.0,79507092363.0,114704622584.0,-17532913081.0,17749092561.0,27284562450.0,-12168438546.0,83601958675.0,110886521125.0,139.13,-29.63,-103.62,2025,사업보고서
405000,플라즈맵,KOSDAQ,보통주,3500.0,-0.85,18800000000.0,5374.0,5070.0,8.57,-1.74,-128.57,-6586889598.0,8482954613.0,14833695009.0,-7600773545.0,5719639632.0,20553334641.0,-20784603962.0,10139296801.0,20986071813.0,-17658777781.0,4527075699.0,25513147512.0,-18791665604.0,12917403651.0,31700707357.0,-20572115103.0,8077431119.0,39778138476.0,259.35,-89.6,-115.16,2025,사업보고서
032680,소프트센,KOSDAQ,보통주,923.0,1.99,21300000000.0,23056.0,48825.0,26.24,-83.91,-4.15,-987362188.0,54814529134.0,26984456749.0,-244485201.0,66445517640.0,93429974389.0,-2797081407.0,59901019376.0,30017752674.0,-1375131016.0,66890101036.0,96907853710.0,-9968876097.0,61085045079.0,37171565448.0,-1418785527.0,65396418307.0,102567983755.0,40.61,-0.45,-1.49,2025,사업보고서
014100,메디앙스,KOSDAQ,보통주,1650.0,-0.6,19500000000.0,11800.0,9175.0,1.89,-35.87,-8.48,-6018096643.0,48769436984.0,41147480218.0,-1103975443.0,68182910130.0,109330390348.0,-13785663420.0,48985993990.0,39061535186.0,-8815176395.0,73696997218.0,112758532404.0,6992476041.0,66023045995.0,34645716928.0,-1292819708.0,87017104313.0,121662821241.0,60.35,-2.26,-8.83,2025,사업보고서
196700,웹스,KOSDAQ,보통주,1364.0,-1.02,19600000000.0,14364.0,26745.0,3.64,4.02,10.59,4104554464.0,43174599020.0,32837962788.0,5549636981.0,40355873751.0,73193836539.0,1196158338.0,34072812927.0,33742350531.0,3088648379.0,37157895516.0,70900246047.0,1000973189.0,36231078602.0,33353649853.0,2566280173.0,34151437543.0,67505087396.0,81.37,12.85,10.17,2025,사업보고서
018620,우진비앤지,KOSDAQ,보통주,2790.0,-0.18,19300000000.0,6933.0,16607.0,2.0,-7.75,-6.05,-3584575907.0,54764190957.0,45089175346.0,319168914.0,63935912995.0,109025088341.0,-3829872805.0,55680173272.0,43454448377.0,295201914.0,69415158530.0,112869606907.0,-1186831624.0,57919354665.0,49252200877.0,713664789.0,72330379918.0,121582580795.0,70.52,0.58,-5.61,2025,사업보고서
048830,엔피케이,KOSDAQ,보통주,1038.0,0.87,19400000000.0,18724.0,2564.0,36.96,18.87,2.48,1130870227.0,83822010472.0,23325964139.0,1013181251.0,46230806841.0,69556770980.0,-841883139.0,64565578498.0,22880153584.0,-630247243.0,45066288827.0,67946442411.0,1712939506.0,62987939899.0,23662596664.0,1868758249.0,44450659555.0,68113256219.0,50.46,1.21,2.45,2025,사업보고서
073190,듀오백,KOSDAQ,보통주,1622.0,0.0,19400000000.0,11968.0,0.0,1.11,-4.8,-19.37,-4581712678.0,20094729114.0,17872169993.0,-3019948563.0,34283141557.0,52155311550.0,-3560950896.0,23102568838.0,9807022943.0,-3373583692.0,13036671770.0,22843694713.0,-3773418125.0,23677369836.0,8326691557.0,-3881207436.0,16340893725.0,24667585282.0,52.13,-15.03,-13.36,2025,사업보고서
083470,이엠앤아이,KOSDAQ,보통주,879.0,-5.48,18800000000.0,21340.0,95080.0,1.41,-3.39,-36.57,-4838402395.0,18380261067.0,3224639360.0,-1926977563.0,10173968496.0,13398607856.0,1487148638.0,29699055105.0,8640911229.0,339606971.0,14910818124.0,23551729353.0,-386667305.0,24528932896.0,7959007585.0,-458094007.0,13714881872.0,21673889457.0,31.7,-10.48,-47.56,2025,사업보고서
050090,비케이홀딩스,KOSDAQ,보통주,794.0,4.61,18700000000.0,23535.0,1138495.0,1.57,-4.25,-29.35,-3844094843.0,7446966424.0,3330322130.0,-3574078421.0,11137958414.0,14468280544.0,-2012876963.0,12708907887.0,3850787080.0,-2034238119.0,15055664306.0,18906451386.0,-4419397299.0,11335961846.0,4617273515.0,-685448423.0,17204514882.0,21821788397.0,29.9,-47.99,-34.51,2025,사업보고서
024940,PN풍년,KOSDAQ,보통주,1935.0,-0.05,19400000000.0,10000.0,7781.0,6.66,9.44,5.69,2876155212.0,56039514810.0,9144773311.0,1566647885.0,51870961826.0,61015735137.0,1586666205.0,54948009760.0,7539952690.0,920362729.0,49276767014.0,56816719704.0,2169174879.0,57230803245.0,7407806443.0,2091164821.0,48019054609.0,55426861052.0,17.63,2.8,5.54,2025,사업보고서
050760,에스폴리텍,KOSDAQ,보통주,1212.0,3.15,19800000000.0,16335.0,98343.0,2.05,-19.24,-14.46,-8791961317.0,66755291807.0,53693373238.0,-4813382188.0,56404756883.0,110098130121.0,5025190936.0,80163188870.0,46438820582.0,643122594.0,65207891677.0,111646712259.0,-5476224470.0,73218466053.0,49388028480.0,-2588276959.0,59997095713.0,109385124193.0,95.19,-7.21,-15.59,2025,사업보고서
900270,헝셩그룹,KOSDAQ,보통주,3365.0,-4.67,36000000000.0,10712.0,341920.0,45.06,-16.41,-1.19,-22545516.0,550151496.0,292670650.0,-1079266.0,1879757620.0,2172428270.0,12358665.0,619098618.0,338144802.0,38873402.0,1804205040.0,2142349842.0,-4501642.0,478881807.0,293418380.0,3497689.0,1755736125.0,2049154505.0,15.57,-0.2,-1.2,2025,사업보고서
214610,롤링스톤,KOSDAQ,보통주,2290.0,0.0,19200000000.0,8383.0,0.0,0.0,-0.87,-115.23,-24099001800.0,10884865055.0,9420994410.0,-9935154074.0,15942458267.0,25363452677.0,-31803344229.0,4640103575.0,31455959651.0,-19234571811.0,25885177108.0,57341136759.0,-25794884647.0,5367423455.0,24989158472.0,-19375745660.0,36328829782.0,61317988254.0,59.09,-91.27,-151.16,2025,사업보고서
088290,이원컴포텍,KOSDAQ,보통주,2445.0,-0.2,19500000000.0,7976.0,2974.0,1.67,67.92,-29.1,-4097298797.0,56577030456.0,14165866427.0,1574965924.0,9526135050.0,23692001477.0,-22905973903.0,52494186671.0,27621473396.0,2471726103.0,18633246627.0,46254720023.0,-2402682489.0,47118903098.0,29988542570.0,879838240.0,49721240930.0,79709783500.0,148.71,2.78,-43.01,2025,사업보고서
344860,이노진,KOSDAQ,보통주,1381.0,2.98,19900000000.0,14430.0,17775.0,4.7,-55.24,1.88,287876652.0,8213447247.0,938821575.0,4492321.0,14089780819.0,15028602394.0,945155159.0,8944601685.0,932722826.0,630490839.0,16612719504.0,17545442330.0,1396145148.0,10101040486.0,1174151834.0,1226337763.0,16026304345.0,17200456179.0,6.66,0.05,2.04,2025,사업보고서
027580,상보,KOSDAQ,보통주,1702.0,4.42,20100000000.0,11836.0,30576.0,1.27,-1.43,-27.33,-13057293745.0,50105278206.0,50982111110.0,-8907837438.0,43321090637.0,94303201747.0,-10943596444.0,53827014584.0,54288454336.0,-8030705994.0,51131936935.0,105420391271.0,438470872.0,66156769308.0,55095046360.0,2254501294.0,62634571959.0,117729618319.0,117.68,-17.78,-30.14,2025,사업보고서
140430,카티스,KOSDAQ,보통주,1746.0,0.75,18700000000.0,10690.0,6333.0,0.6,24.94,-0.98,-352139751.0,27901348150.0,24463667617.0,-536774819.0,39040067845.0,63503735462.0,-5088285185.0,31672914120.0,23184531131.0,1594081524.0,33012807316.0,56197338447.0,2112481228.0,30016297350.0,19123460467.0,1890297823.0,20128328032.0,39251788499.0,62.66,-1.92,-0.9,2025,사업보고서
900340,윙입푸드,KOSDAQ,보통주,1395.0,-2.17,17600000000.0,12583.0,60114.0,32.9,2.08,4.68,56032053.0,971702858.0,308916550.0,75487056.0,1199461729.0,1508378279.0,75573992.0,1040710982.0,278562699.0,107618777.0,1134587821.0,1413150520.0,84897768.0,949326501.0,278307309.0,131788172.0,1011386330.0,1289693639.0,25.75,7.77,4.67,2025,사업보고서
113810,디젠스,KOSDAQ,보통주,2925.0,1.56,19100000000.0,6526.0,7582.0,0.94,8.5,3.22,745479801.0,80356641062.0,33958849818.0,962907701.0,23916934632.0,57875784450.0,4487275453.0,89539245681.0,37496134440.0,5520822419.0,22177947931.0,59674082371.0,2962835703.0,85849885848.0,43032452088.0,3718905843.0,17659503395.0,60691955483.0,141.99,1.2,3.12,2025,사업보고서
056730,CNT85,KOSDAQ,보통주,1277.0,-3.77,18900000000.0,14822.0,12805.0,1.49,-1.79,-19.54,-12661918176.0,47500876149.0,26630115434.0,-11269330726.0,58461866529.0,85091981963.0,-1348542109.0,67038863257.0,18408006814.0,-1406893491.0,71111613473.0,89519620287.0,8366913761.0,50169908998.0,35288590987.0,881111019.0,72299188422.0,107587779409.0,45.55,-23.72,-21.66,2025,사업보고서
031860,디에이치엑스컴퍼니,KOSDAQ,보통주,6930.0,0.0,18700000000.0,2701.0,0.0,0.0,-0.5,-94.22,-34351985791.0,14511575130.0,20467402723.0,-7832925189.0,20256975656.0,40724378379.0,-18268232761.0,9544054643.0,8910079354.0,-6120112317.0,47246747648.0,56156827002.0,-32501586699.0,11133491507.0,6333663136.0,-10174470401.0,59749053243.0,66082716379.0,101.04,-53.98,-169.58,2025,사업보고서
417180,핑거스토리,KOSDAQ,보통주,4550.0,0.33,19600000000.0,4309.0,3133.0,0.94,-48.4,12.32,3511556888.0,17299515760.0,19861294695.0,847055617.0,31129004563.0,50990299258.0,1677827202.0,18350259518.0,10613878068.0,1506729855.0,25894246301.0,36508124369.0,1729625547.0,18424903125.0,9633455073.0,1382110446.0,23867978125.0,33501433198.0,63.8,4.9,11.28,2025,사업보고서
303030,지니틱스,KOSDAQ,보통주,1559.0,5.91,14300000000.0,9157.0,81899.0,47.15,-1.41,-74.01,-9577834521.0,36380023074.0,13001451253.0,-8552839558.0,8942428417.0,21943879670.0,652960855.0,54075603095.0,10689650944.0,282028983.0,16939159315.0,27628810259.0,-5877620907.0,33068422790.0,12335275433.0,-6046795133.0,16202305256.0,28537580689.0,145.39,-23.51,-107.11,2025,사업보고서
365900,브이씨,KOSDAQ,보통주,2440.0,-1.61,17800000000.0,7310.0,16886.0,1.26,-20.68,-8.41,-3202718056.0,46898526887.0,45697451054.0,-1482808613.0,36882248186.0,82579699240.0,-6139294908.0,44137058067.0,47865634861.0,-4741646531.0,33546416912.0,81412051773.0,-12639332953.0,37224393565.0,48908123343.0,-11622553173.0,37991243448.0,86899366791.0,123.9,-3.16,-8.68,2025,사업보고서
279600,미디어젠,KOSDAQ,보통주,3950.0,0.0,18500000000.0,4685.0,3617.0,0.34,-3.68,-16.08,-2715026078.0,22781312554.0,24185137551.0,-2231871542.0,15756404630.0,39941542181.0,-4177465637.0,12016631514.0,20034409827.0,-4674361271.0,18021966832.0,38056376659.0,-5463026620.0,12752623418.0,14508775491.0,-5272166711.0,10715486732.0,25224262223.0,153.49,-9.8,-17.23,2025,사업보고서
306040,에스제이그룹,KOSDAQ,보통주,1750.0,-2.34,16300000000.0,9287.0,84495.0,5.61,-1.93,-7.13,-10701104859.0,163414115546.0,96398996879.0,-15862622237.0,119096022936.0,215495019815.0,-4078226125.0,181794949391.0,91721160609.0,-3238016403.0,130435840260.0,222157000869.0,13120609692.0,203710082691.0,68342325488.0,15427643757.0,136436799197.0,204779124685.0,80.94,-9.71,-8.99,2025,사업보고서
115610,이미지스,KOSDAQ,보통주,1601.0,0.0,18900000000.0,11819.0,47430.0,1.95,-12.61,-23.73,-1836792589.0,13222397763.0,2920301573.0,-1987171358.0,10634599144.0,13554900717.0,-3745630595.0,12984837232.0,9593092147.0,-5213933597.0,4844609118.0,14437701265.0,-4610901786.0,16100183610.0,16053358968.0,-2313092777.0,6283354595.0,22336713563.0,27.46,-15.03,-17.27,2025,사업보고서
060900,에이전트AI,KOSDAQ,보통주,3685.0,0.96,24100000000.0,6544.0,71050.0,0.0,-0.85,-47.13,-18657607543.0,13120220021.0,19879581586.0,-9319861515.0,37476456513.0,57356038099.0,-13520827817.0,11795782994.0,21149509054.0,-4874357374.0,40793190032.0,61942699086.0,-7433854885.0,18200387994.0,17144937422.0,-4689192917.0,54571090816.0,71716028238.0,53.05,-71.03,-49.78,2025,사업보고서
078860,아이오케이이엔엠,KOSDAQ,보통주,2635.0,0.38,16300000000.0,6177.0,6834.0,0.78,-1.75,-23.34,-17409328374.0,12227719936.0,16195930550.0,-8022887227.0,68626747915.0,84822678465.0,-21384231151.0,24102439439.0,18795747437.0,-6467640163.0,79470205190.0,98265952627.0,-21648765344.0,21624929538.0,35323314009.0,-6297873596.0,76651100406.0,111974414415.0,23.6,-65.61,-25.37,2025,사업보고서
110020,전진바이오팜,KOSDAQ,보통주,1973.0,1.7,17900000000.0,9059.0,1261.0,0.91,-58.03,-1.12,-195814037.0,13694344910.0,1100905743.0,-342851662.0,17408128190.0,18509033933.0,4346135759.0,19272841086.0,1191861555.0,1158262258.0,17661431638.0,18853293193.0,-6439821104.0,15680552055.0,11484009185.0,-1244871755.0,6219660916.0,17703670101.0,6.32,-2.5,-1.12,2025,사업보고서
335870,윙스풋,KOSDAQ,보통주,5060.0,-1.36,17000000000.0,3350.0,3336.0,13.22,-2.83,-5.65,-1770678999.0,41955687748.0,22938124226.0,-2795720442.0,31529062488.0,54467186714.0,1197282588.0,46494380735.0,17211697294.0,1890337522.0,31147759155.0,48359456449.0,3328367580.0,51588558204.0,13534906407.0,3977336929.0,29917620494.0,43452526901.0,72.75,-6.66,-5.62,2025,사업보고서
069920,엑시온그룹,KOSDAQ,보통주,1155.0,-1.7,16600000000.0,14410.0,390685.0,0.0,-0.6,-53.67,-22406418047.0,24004458754.0,39486940212.0,-5908661823.0,38045899084.0,77532839296.0,-17908913885.0,4744104789.0,13124140949.0,-10079312747.0,45015633763.0,58139774712.0,-15290002575.0,4646744806.0,3367775132.0,-11567051829.0,41838676469.0,45206451601.0,103.79,-24.61,-58.89,2025,사업보고서
322780,코퍼스코리아,KOSDAQ,보통주,1854.0,3.58,27800000000.0,15009.0,27803.0,0.0,-2.27,-47.11,-13595975484.0,32900432613.0,41494844518.0,-7093848478.0,25437882479.0,66932726997.0,-25120238593.0,41832380954.0,54497575555.0,-29362271394.0,32173332516.0,86670908071.0,3182189140.0,44060779856.0,79171740609.0,2219239491.0,56915982752.0,136087723361.0,163.12,-21.56,-53.45,2025,사업보고서
020400,대동금속,KOSDAQ,보통주,2870.0,1.41,17400000000.0,6074.0,4130.0,2.51,-6.04,-3.11,-1390413261.0,101817187819.0,55281141661.0,100414709.0,43539324523.0,98820466184.0,-5823383081.0,99514130970.0,51466413813.0,-6503287192.0,45866594573.0,97333008386.0,830402461.0,133065161759.0,50236316857.0,1301329207.0,52438294792.0,102674611649.0,126.97,0.1,-3.19,2025,사업보고서
900120,씨엑스아이,KOSDAQ,보통주,1040.0,0.0,17300000000.0,16670.0,0.0,0.0,0.73,2.62,65656525.0,297018681.0,13397034.0,50174847.0,2599081626.0,2612478660.0,159320049.0,376932477.0,14303584.0,102434768.0,2526580022.0,2540883606.0,39630770.0,377032823.0,19478267.0,37566007.0,2278082584.0,2297560851.0,0.52,16.89,2.53,2025,사업보고서
006050,국영지앤엠,KOSDAQ,보통주,4795.0,0.0,16700000000.0,3490.0,6433.0,7.33,-56.41,3.28,1694991337.0,60198966693.0,21277822769.0,929319448.0,52385287587.0,73663110356.0,2580101315.0,75411207520.0,21910937401.0,902779810.0,51029248680.0,72940186081.0,778346165.0,76640521220.0,23424542571.0,942168843.0,48788099795.0,72212642366.0,40.62,1.54,3.24,2025,사업보고서
309930,조이웍스앤코,KOSDAQ,보통주,895.0,-3.35,17200000000.0,19256.0,9439.0,2.23,-1.27,-79.42,-20723097978.0,45980848660.0,36263384425.0,-8769178492.0,18690920737.0,54954305162.0,1039766022.0,47269217005.0,23308313671.0,-2388988078.0,29449271860.0,52757585531.0,2459851873.0,41039115328.0,14512880720.0,2056945685.0,30615371283.0,45128252003.0,194.02,-19.07,-110.87,2025,사업보고서
065650,하이퍼코퍼레이션,KOSDAQ,보통주,1601.0,0.38,17500000000.0,10946.0,21580.0,0.06,-1.23,-1.92,-756373534.0,76186605609.0,56623531173.0,-4281271081.0,15312036023.0,71935567196.0,-81184854824.0,57699281503.0,42914181285.0,-3854087462.0,17490366497.0,60404547782.0,-1960393378.0,42884996261.0,18892784944.0,-1893818832.0,36892838009.0,55785622953.0,369.8,-5.62,-4.94,2025,사업보고서
376930,노을,KOSDAQ,보통주,334.0,0.0,17100000000.0,51291.0,0.0,3.92,-0.78,-87.04,-19954848715.0,5121885655.0,13542562132.0,-20079383873.0,25681978677.0,39224540809.0,-22469262527.0,1601464029.0,17640568110.0,-22794691591.0,20168109991.0,37808678101.0,-16321080150.0,2733841254.0,12587912581.0,-16138745065.0,42988949230.0,55576861811.0,52.73,-392.03,-77.7,2025,사업보고서
103230,에스앤더블류,KOSDAQ,보통주,2305.0,0.0,16600000000.0,7200.0,8321.0,2.72,10.34,7.03,3631155594.0,48804282274.0,31799138602.0,900988892.0,53478456916.0,85277595518.0,4763232740.0,47130238829.0,21475770395.0,3455878656.0,49821274749.0,71297045144.0,3466819341.0,43633590030.0,21338938914.0,3232674061.0,45429618806.0,66768557720.0,59.46,1.85,6.79,2025,사업보고서
477380,미래에셋비전스팩4호,KOSDAQ,보통주,2090.0,0.0,16900000000.0,8100.0,87.0,0.09,67.42,1.94,294227297.0,,2083331478.0,-40467887.0,15352886400.0,17436217878.0,190699072.0,,2024030448.0,-39106670.0,15063435926.0,17087466374.0,,,,,,,13.57,,1.92,2025,사업보고서
482680,미래에셋비전스팩7호,KOSDAQ,보통주,2055.0,0.0,16900000000.0,8215.0,0.0,0.0,82.2,1.57,260783355.0,,3490934237.0,-38020290.0,16743620241.0,20234554478.0,43984236.0,,3386589245.0,-26029760.0,16490382211.0,19876971456.0,,,,,,,20.85,,1.56,2025,사업보고서
177350,베셀,KOSDAQ,보통주,1642.0,-6.28,16300000000.0,9916.0,120978.0,1.53,16.42,56.27,17679322544.0,16571060267.0,17056462936.0,-2612648469.0,41305544152.0,58362007088.0,-10503849246.0,25708184138.0,29782797780.0,-11718044847.0,21538065758.0,51320863538.0,-24163657025.0,26135468474.0,46089699431.0,-13127082607.0,26712223782.0,72801923213.0,41.29,-15.77,42.8,2025,사업보고서
051780,큐로홀딩스,KOSDAQ,보통주,2505.0,-0.2,19000000000.0,7600.0,11765.0,0.0,-1.39,-49.81,-9174971122.0,56651278638.0,70757493044.0,-9245487.0,20771797244.0,91529290288.0,-16656505487.0,61099174434.0,60664023019.0,-2663086970.0,19852339733.0,80516362752.0,-8421188055.0,79773291492.0,36618478194.0,687832445.0,34174254126.0,70792732320.0,340.64,-0.02,-44.17,2025,사업보고서
241820,피씨엘,KOSDAQ,보통주,6040.0,0.0,16800000000.0,2782.0,0.0,0.0,-0.36,-245.68,,,,,,,,,,,,,,,,,,,,,,2025,사업보고서
023790,동일스틸럭스,KOSDAQ,보통주,1447.0,-0.28,18900000000.0,13070.0,2043297.0,0.0,-3.77,-33.5,-6223732117.0,24045379541.0,54642632285.0,-2608399408.0,20160428760.0,74803061045.0,-5011433450.0,16633409791.0,54571265639.0,-1800645491.0,16991378086.0,71562643725.0,-22297885966.0,21471427299.0,55143755756.0,-3313257599.0,18137193618.0,73280949374.0,271.04,-10.85,-30.87,2025,사업보고서
225590,패션플랫폼,KOSDAQ,보통주,3225.0,0.16,16500000000.0,5121.0,23852.0,4.68,1.52,3.6,2684042787.0,106300788661.0,26094315562.0,8362910740.0,77806985724.0,103901301286.0,1114459374.0,104601417270.0,25783947511.0,1656397588.0,74886242961.0,100670190472.0,6371240132.0,106002959393.0,24476090611.0,8104100267.0,73939085004.0,98415175615.0,33.54,7.87,3.45,2025,사업보고서
377220,프롬바이오,KOSDAQ,보통주,2835.0,-1.39,16100000000.0,5662.0,28819.0,0.0,-0.8,-57.38,-23203117254.0,72162174415.0,39106071543.0,-18602744879.0,26138883813.0,65244955356.0,-26230402561.0,67181877862.0,32074034700.0,-24269892229.0,49102111080.0,81176145780.0,-11609207598.0,66723974526.0,22194424032.0,-15420429088.0,75169237253.0,97363661285.0,149.61,-25.78,-88.77,2025,사업보고서
037400,우리엔터프라이즈,KOSDAQ,보통주,632.0,0.0,16600000000.0,26223.0,0.0,2.77,126.4,-2.19,-10226221939.0,1065217107540.0,527326982691.0,1140597031.0,331123933095.0,858450915786.0,8781843817.0,1259137007585.0,365329396681.0,16246727596.0,339656113215.0,704985509896.0,18999248402.0,1287955420194.0,360125263524.0,26492122902.0,320286444192.0,680411707716.0,159.25,0.11,-3.09,2025,사업보고서
002680,한탑,KOSDAQ,보통주,2700.0,-1.64,17500000000.0,6463.0,64019.0,1.77,-0.58,4.46,2087258782.0,82399706144.0,90999354860.0,2923724841.0,47323063755.0,138322418615.0,-5360063730.0,84890417598.0,93058308016.0,3748270730.0,45839623885.0,138897931901.0,-10307836452.0,94845849580.0,93537948671.0,911746243.0,47998965113.0,141536913784.0,192.29,3.55,4.41,2025,사업보고서
131760,파인텍,KOSDAQ,보통주,1448.0,2.19,12600000000.0,8686.0,717244.0,6.15,-1.64,-22.65,-7993346948.0,46345235298.0,53292657444.0,-2931111879.0,27270738383.0,80563395827.0,2660987236.0,71020352798.0,43741565382.0,1869589872.0,36255484236.0,79997049618.0,-7721167667.0,44755330657.0,39693940918.0,-4227096017.0,30651363613.0,70345304531.0,195.42,-6.32,-29.31,2025,사업보고서
389680,유디엠텍,KOSDAQ,보통주,1964.0,7.85,16300000000.0,8321.0,118922.0,0.0,-6.8,-29.79,-3502437282.0,3213108855.0,4381995675.0,-3646962261.0,10514750750.0,14896746425.0,-5201751457.0,6072035307.0,5111508907.0,-2009724761.0,13002934653.0,18114443560.0,-5791421278.0,7415743086.0,4197988095.0,154996544.0,4092248016.0,8290236111.0,41.67,-113.5,-33.31,2025,사업보고서
0072Z0,KB제33호스팩,KOSDAQ,보통주,1986.0,0.4,15700000000.0,7885.0,3150.0,4.78,79.44,,30855812.0,0.0,2442728267.0,-36087540.0,15506777918.0,17949506185.0,,,,,,,,,,,,,15.75,-inf,0.2,2025,사업보고서
009730,이렘,KOSDAQ,보통주,1984.0,-3.22,15800000000.0,7976.0,18167.0,0.0,-0.71,-36.39,-16831644127.0,91994767552.0,60415491204.0,-13889588817.0,39840713673.0,100256204877.0,-14898026363.0,109831999855.0,77665410950.0,-4723456766.0,52663290570.0,130328701520.0,95378578.0,76780298502.0,23034597137.0,979218394.0,38094157751.0,61128754888.0,151.64,-15.1,-42.25,2025,사업보고서
354200,엔젠바이오,KOSDAQ,보통주,1524.0,-6.04,13600000000.0,8937.0,51814.0,0.0,-2.59,-27.75,-6757443421.0,21239519701.0,49745286622.0,-8276064402.0,22592485379.0,72337772001.0,-14290145486.0,5610966456.0,15241102378.0,-12591956332.0,17708890071.0,32949992449.0,-12540837551.0,4350873259.0,26048160308.0,-13418902102.0,16582018943.0,42630179251.0,220.19,-38.97,-29.91,2025,사업보고서
477340,에이치엠씨제7호스팩,KOSDAQ,보통주,2060.0,0.0,15500000000.0,7510.0,2765.0,0.0,103.0,1.84,270793402.0,0.0,1295149990.0,-31421490.0,14861240806.0,16156390796.0,138693083.0,0.0,1258087560.0,-37853442.0,14590447404.0,15848534964.0,,,,,,,8.71,-inf,1.82,2025,사업보고서
060480,국일신동,KOSDAQ,보통주,1502.0,-0.13,16700000000.0,11090.0,48039.0,4.5,17.07,0.23,97340749.0,36286194700.0,4319574591.0,-209964265.0,42313942631.0,46633517222.0,-3353046131.0,31397800162.0,5042229042.0,-1696267519.0,42329304560.0,47371533602.0,-1221030329.0,19639701107.0,3643685294.0,-2191984516.0,46171188719.0,49814874013.0,10.21,-0.58,0.23,2025,사업보고서
0130H0,엔에이치스팩33호,KOSDAQ,보통주,1992.0,-0.15,15300000000.0,7700.0,4338.0,0.64,-31.62,,,,,,,,,,,,,,,,,,,,,,,2025,사업보고서
0101C0,하나36호스팩,KOSDAQ,보통주,1978.0,0.1,15300000000.0,7740.0,3814.0,0.44,104.11,,-21965417.0,0.0,2182929106.0,-22247920.0,14685169903.0,16868099009.0,,,,,,,,,,,,,14.86,-inf,-0.15,2025,사업보고서
009620,삼보산업,KOSDAQ,보통주,870.0,0.0,15200000000.0,17473.0,0.0,4.91,-3.03,-215.67,-3252216952.0,285655693776.0,295257413259.0,7887542740.0,28189799723.0,323447212982.0,-22570715111.0,340974508783.0,263962379620.0,628510028.0,31791814369.0,295754193989.0,-16744179659.0,427122516114.0,301926702741.0,-620207119.0,39343362619.0,341270065360.0,1047.39,2.76,-11.54,2025,사업보고서
030350,드래곤플라이,KOSDAQ,보통주,973.0,0.0,15200000000.0,15592.0,0.0,1.77,-1.77,-94.25,-8855308329.0,15879336176.0,7724491560.0,-1944834011.0,5544238721.0,13268730281.0,-14199507104.0,25626856758.0,10029807866.0,-9649776532.0,13247584564.0,23277392430.0,-28045503869.0,16617929586.0,9258062770.0,-13327228938.0,28364034652.0,37622097422.0,139.32,-12.25,-159.72,2025,사업보고서
0044K0,삼성스팩10호,KOSDAQ,보통주,1991.0,-0.1,15000000000.0,7520.0,4457.0,0.29,-398.2,,-125203548.0,,2201285236.0,-228220000.0,14663384122.0,16864669358.0,,,,,,,,,,,,,15.01,,-0.85,2025,사업보고서
045520,크린앤사이언스,KOSDAQ,보통주,2390.0,0.21,15500000000.0,6500.0,19933.0,2.94,-7.71,-18.47,-3370605383.0,86098327172.0,57985321719.0,-965305263.0,16866731527.0,74852053246.0,-7406581178.0,84623447939.0,62756024342.0,-848927534.0,19641405147.0,82397429489.0,902672602.0,92497051974.0,66330491992.0,938086282.0,27836482539.0,94166974531.0,343.79,-1.12,-19.98,2025,사업보고서
0115H0,삼성스팩13호,KOSDAQ,보통주,1990.0,-0.25,14600000000.0,7350.0,4774.0,0.46,124.38,,-20331640.0,,1474409662.0,-15056840.0,1504065005.0,2978474667.0,,,,,,,,,,,,,98.03,,-1.35,2025,사업보고서
473050,유안타제15호스팩,KOSDAQ,보통주,2105.0,0.0,14800000000.0,7010.0,49258.0,0.0,67.9,1.73,241301418.0,,1687038437.0,-38068960.0,14049946603.0,15736985040.0,234032985.0,,1629816011.0,-32866700.0,13808645185.0,15438461196.0,-14405021.0,,1497024060.0,-12105940.0,786751700.0,2283775760.0,12.01,,1.72,2025,사업보고서
142760,모아라이프플러스,KOSDAQ,보통주,520.0,-5.28,11000000000.0,21083.0,989920.0,0.0,-0.77,-38.46,-13051156881.0,11216210534.0,12041742879.0,-6531029981.0,30565041777.0,42606784656.0,-6971507792.0,15629688138.0,21742569722.0,-5539238544.0,40507219013.0,62249788735.0,8074472533.0,18245316126.0,13278407541.0,-5163851157.0,35794050183.0,49072457724.0,39.4,-58.23,-42.7,2025,사업보고서
131100,티엔엔터테인먼트,KOSDAQ,보통주,2250.0,3.21,14500000000.0,6449.0,10129.0,0.0,-1.11,0.47,316647665.0,118299495759.0,22152081497.0,3350618177.0,66970956451.0,89123037948.0,2190776813.0,142931436282.0,57808719789.0,9698217890.0,66640639194.0,124449358983.0,-16455720531.0,150268840513.0,58408225871.0,13524360041.0,64401978263.0,122810204134.0,33.08,2.83,0.47,2025,사업보고서
223310,사토시홀딩스,KOSDAQ,보통주,3230.0,6.6,16800000000.0,5205.0,183095.0,0.0,-0.43,-165.15,-31524469694.0,18896124016.0,51931600103.0,-7477162029.0,17264605310.0,69196205413.0,-10367381699.0,21744455014.0,14163177911.0,-3220882649.0,21117877477.0,35281055388.0,-1317336656.0,19483908674.0,3241272622.0,-359028647.0,22416885197.0,25658157819.0,300.8,-39.57,-182.6,2025,사업보고서
060260,뉴보텍,KOSDAQ,보통주,1060.0,-1.4,14100000000.0,13342.0,18139.0,4.14,6.09,8.59,1879198151.0,43479893003.0,32819723423.0,1298999718.0,22818753291.0,55638476714.0,1295013172.0,43306470933.0,30258706397.0,2627583346.0,20950989358.0,51209695755.0,-6405253017.0,48852646602.0,32318322851.0,-110042245.0,13165288265.0,45483611116.0,143.83,2.99,8.24,2025,사업보고서
478440,미래에셋비전스팩6호,KOSDAQ,보통주,2070.0,0.0,14300000000.0,6930.0,4085.0,0.0,71.38,1.79,246405873.0,0.0,2422003697.0,-38624560.0,13902568360.0,16324572057.0,125194179.0,0.0,2353251589.0,-27758840.0,13661293409.0,16014544998.0,,,,,,,17.42,-inf,1.77,2025,사업보고서
210120,캔버스엔,KOSDAQ,보통주,1630.0,-1.21,15800000000.0,9695.0,188238.0,0.0,-1.73,-67.8,-8655993513.0,3998663846.0,25773843429.0,-1476911151.0,8369862364.0,34143705793.0,-7020090687.0,9623601724.0,22872117701.0,-5117290669.0,17165417106.0,40037534807.0,-249361468.0,17543308552.0,5735712985.0,-545218192.0,22996805793.0,28732518778.0,307.94,-36.94,-103.42,2025,사업보고서
008290,원풍물산,KOSDAQ,보통주,427.0,-30.0,8700000000.0,20347.0,7321063.0,4.54,-1.38,-43.49,-7575315076.0,16935208093.0,5523473829.0,-7199478124.0,14292262608.0,19815736437.0,-2153583457.0,22721808986.0,31801948378.0,-4699113271.0,20544163382.0,52346111760.0,-2664683663.0,28718932942.0,22048640759.0,-2103564154.0,11396190636.0,33444831395.0,38.65,-42.51,-53.0,2025,사업보고서
247660,나노씨엠에스,KOSDAQ,보통주,4260.0,8.4,18500000000.0,4344.0,66119.0,1.49,21.85,-11.78,-2196865900.0,5289045322.0,4494665138.0,-1993106002.0,18072292738.0,22566957876.0,-8843135335.0,4649686964.0,12043475755.0,-8858163812.0,19230884353.0,31274360108.0,-4135061835.0,4582873462.0,11131136473.0,-3162385769.0,26817931963.0,37949068436.0,24.87,-37.68,-12.16,2025,사업보고서
479880,한국제15호스팩,KOSDAQ,보통주,2065.0,-0.24,14200000000.0,6870.0,5471.0,0.47,68.83,1.79,240554740.0,,1707310221.0,-51856326.0,13587905249.0,15295215470.0,155051407.0,,1645401797.0,-30707284.0,13350996235.0,14996398032.0,,,,,,,12.56,,1.77,2025,사업보고서
240600,유진테크놀로지,KOSDAQ,보통주,1677.0,-1.99,13900000000.0,8299.0,10130.0,1.44,-2.53,-18.58,-7765171210.0,28679627649.0,20875012989.0,-7784281141.0,38390795351.0,59265808340.0,-3174332133.0,31123708985.0,19508302922.0,-3933638158.0,45209968702.0,64718271624.0,-1813571109.0,47497623102.0,22644921704.0,6379656267.0,47847141841.0,70492063545.0,54.38,-27.14,-20.23,2025,사업보고서
0165X0,메리츠제2호스팩,KOSDAQ,보통주,1954.0,0.21,14100000000.0,7240.0,122718.0,2.97,,,,,,,,,,,,,,,,,,,,,,,,2025,사업보고서
489480,키움제11호스팩,KOSDAQ,보통주,2160.0,1.41,14300000000.0,6600.0,155.0,0.01,69.68,1.98,230701830.0,0.0,821370284.0,-20343658.0,11766642796.0,12588013080.0,-9247738.0,0.0,779142491.0,-21705380.0,11553560924.0,12332703415.0,,,,,,,6.98,-inf,1.96,2025,사업보고서
0099W0,미래에셋비전스팩11호,KOSDAQ,보통주,1981.0,0.05,13900000000.0,7000.0,14636.0,0.15,104.26,,-4123850.0,,1806512808.0,-15371384.0,13020889267.0,14827402075.0,,,,,,,,,,,,,13.87,,-0.03,2025,사업보고서
291810,핀텔,KOSDAQ,보통주,1602.0,16.17,18200000000.0,11369.0,690064.0,2.58,-6.21,-19.76,-3763065368.0,5771786570.0,3127322331.0,-3232574054.0,17186561636.0,20313883967.0,66654935.0,10643069877.0,2084325479.0,-1528381677.0,20897908394.0,22982233873.0,-1253496965.0,12753031638.0,5165858503.0,-2676771735.0,20664036426.0,25829894929.0,18.2,-56.01,-21.9,2025,사업보고서
304840,피플바이오,KOSDAQ,보통주,561.0,0.0,13600000000.0,24321.0,0.0,1.01,-0.83,-84.92,-16938501622.0,2850535918.0,15953576142.0,-8377380014.0,28618063792.0,44571639934.0,-12172834933.0,2530624671.0,19453943049.0,-8621798464.0,7620626223.0,27074569272.0,-17382290189.0,4452858220.0,7916573154.0,-15247510964.0,19663884121.0,27580457275.0,55.75,-293.89,-59.19,2025,사업보고서
352770,셀레스트라,KOSDAQ,보통주,5250.0,0.0,13600000000.0,2592.0,0.0,2.82,-2.32,3042.91,-11771244916.0,2007745450.0,24625791384.0,-7760021046.0,-6223696999.0,18402094385.0,-47055129922.0,8501826471.0,48079576569.0,-28709445847.0,5478090348.0,53557666917.0,-42399154898.0,11407673306.0,35486932434.0,-34587921703.0,38996986016.0,74483918450.0,-395.68,-386.5,189.14,2025,사업보고서
239340,이스트에이드,KOSDAQ,보통주,504.0,0.0,13600000000.0,26980.0,0.0,1.31,-2.36,-36.4,-6368724671.0,15584000821.0,18377027369.0,-5578288845.0,15107786154.0,33484813523.0,-4991837142.0,16398804579.0,15481893115.0,-4805446020.0,21366688523.0,36848581638.0,-7210568111.0,13837382502.0,6142470168.0,-6176198460.0,25818283340.0,31960753508.0,121.64,-35.79,-42.16,2025,사업보고서
289010,아이스크림에듀,KOSDAQ,보통주,970.0,1.36,13500000000.0,13945.0,54072.0,4.48,5.39,-2.6,-1057960650.0,91587213109.0,24404234476.0,1401677361.0,42567459598.0,66971694074.0,-6212111382.0,107627285871.0,38595165432.0,-1939876034.0,38736622061.0,77331787493.0,-23465565405.0,117613662193.0,47303122484.0,-16703739012.0,44559536946.0,91862659430.0,57.33,1.53,-2.49,2025,사업보고서
244460,올리패스,KOSDAQ,보통주,1651.0,0.0,13400000000.0,8126.0,0.0,0.0,-1.9,-226.92,-15382086627.0,816018331.0,15599375176.0,-7390044360.0,1699682376.0,17299057552.0,-5316547955.0,756033925.0,14422352888.0,-10119335666.0,11857420414.0,26279773302.0,-12818522299.0,5682306880.0,11346913948.0,-13514095196.0,2320320722.0,13667234670.0,917.78,-905.62,-905.0,2025,사업보고서
079950,인베니아,KOSDAQ,보통주,1419.0,9.58,19600000000.0,13799.0,588609.0,2.61,-1.94,-62.59,-12724262191.0,18412572577.0,50698195972.0,-8606950840.0,15670652071.0,66368848043.0,-10048514120.0,21841549606.0,48281765479.0,-10858330065.0,24987487116.0,73269252595.0,-17484959629.0,22697492921.0,52841080412.0,-14143409167.0,34852993958.0,87694074370.0,323.52,-46.74,-81.2,2025,사업보고서
0134X0,대신밸런스제20호스팩,KOSDAQ,보통주,1973.0,-0.35,13300000000.0,6740.0,4874.0,0.0,-6.26,,,,,,,,,,,,,,,,,,,,,,,2025,사업보고서
0164H0,한국제16호스팩,KOSDAQ,보통주,1953.0,-0.2,13200000000.0,6750.0,23015.0,8.77,,,,,,,,,,,,,,,,,,,,,,,,2025,사업보고서
065770,CS,KOSDAQ,보통주,1202.0,0.59,12600000000.0,10515.0,41724.0,2.34,-21.09,-5.54,-998416413.0,23640234124.0,1610220386.0,-1182774586.0,17445704179.0,19055924565.0,1096610761.0,37172496286.0,5381497456.0,-199946833.0,18581257360.0,23962754816.0,-681616999.0,33661402007.0,3147808710.0,-1576925628.0,17509403460.0,20657212170.0,9.23,-5.0,-5.72,2025,사업보고서
285800,진영,KOSDAQ,보통주,733.0,0.0,13200000000.0,17969.0,0.0,2.28,7.48,-7.57,-3195591259.0,32423321754.0,31847340789.0,-2655980713.0,38311368611.0,70158709400.0,-3547795949.0,34220821292.0,26513542057.0,-2939269233.0,41406959870.0,67920501927.0,-1873144597.0,30903076752.0,8044152274.0,-2361083010.0,41111073264.0,47507438594.0,83.13,-8.19,-8.34,2025,사업보고서
481890,엔에이치스팩31호,KOSDAQ,보통주,2070.0,0.0,13100000000.0,6345.0,82.0,0.37,73.93,1.8,230040258.0,0.0,2430065626.0,-50269705.0,12864431347.0,15294496973.0,114284035.0,0.0,2365548680.0,-35745300.0,12634391089.0,14999939769.0,,,,,,,18.89,-inf,1.79,2025,사업보고서
0099X0,IBKS제25호스팩,KOSDAQ,보통주,2180.0,0.0,13000000000.0,5980.0,0.0,0.03,-55.9,,-24505511.0,0.0,1323347461.0,-25592844.0,10993421168.0,12316768629.0,,,,,,,,,,,,,12.04,-inf,-0.22,2025,사업보고서
0096B0,삼성스팩12호,KOSDAQ,보통주,1984.0,0.05,13100000000.0,6580.0,11100.0,0.39,165.33,,10320206.0,0.0,2188080029.0,-13287300.0,12648176321.0,14836256350.0,,,,,,,,,,,,,17.3,-inf,0.08,2025,사업보고서
035620,바른손이앤에이,KOSDAQ,보통주,685.0,1.03,12700000000.0,18610.0,38805.0,1.02,-2.01,-10.88,-6893362078.0,11603958770.0,44506483123.0,-2276213982.0,58381781371.0,102888264494.0,-5175167552.0,9488644875.0,43744774776.0,-266076028.0,67421632577.0,111166407353.0,-13926418308.0,23670251801.0,53215504229.0,-4824155195.0,71647241684.0,124862745913.0,76.23,-19.62,-11.81,2025,사업보고서
478390,KB제29호스팩,KOSDAQ,보통주,2070.0,-0.24,12900000000.0,6220.0,3788.0,0.5,64.69,1.91,239459864.0,0.0,2208270345.0,-38613140.0,12686828969.0,14895099314.0,121457255.0,0.0,2143365670.0,-42154840.0,12451989625.0,14595355295.0,,,,,,,17.41,-inf,1.89,2025,사업보고서
489730,디비금융제13호스팩,KOSDAQ,보통주,2045.0,-0.24,12900000000.0,6332.0,65109.0,0.0,53.82,1.95,245126661.0,0.0,1814756209.0,-35646970.0,12701753098.0,14516509307.0,-12369295.0,0.0,1740756003.0,-46541850.0,12456626437.0,14197382440.0,,,,,,,14.29,-inf,1.93,2025,사업보고서
0097F0,미래에셋비전스팩10호,KOSDAQ,보통주,1982.0,0.0,12900000000.0,6500.0,3347.0,0.2,104.32,,-15171648.0,0.0,2245133606.0,-19190140.0,12560047973.0,14805181579.0,,,,,,,,,,,,,17.88,-inf,-0.12,2025,사업보고서
471050,(471050),,,,,,,,,,,157336638.0,,1267057236.0,-79861950.0,12061571523.0,13328628759.0,158092127.0,,1196302013.0,-63911457.0,11904234885.0,13100536898.0,-32871713.0,,1052674251.0,-20878400.0,925044758.0,1977719009.0,10.5,,1.3,2025,사업보고서
054180,메디콕스,KOSDAQ,보통주,2295.0,0.0,12700000000.0,5528.0,0.0,0.0,-1.6,-23.9,-11895346336.0,28160961888.0,21145884700.0,-5746736518.0,47108747591.0,68254632291.0,-21434919775.0,30611173608.0,28973776103.0,-10045784844.0,52445389249.0,81419165352.0,-34426666729.0,26875194687.0,34455094631.0,-10658205039.0,63304443950.0,97759538581.0,44.89,-20.41,-25.25,2025,사업보고서
0093G0,미래에셋비전스팩8호,KOSDAQ,보통주,1981.0,-0.1,12700000000.0,6400.0,53202.0,0.26,-1981.0,,-921760.0,,2379976188.0,-19343640.0,12586405889.0,14966382077.0,,,,,,,,,,,,,18.91,,-0.01,2025,사업보고서
0037T0,KB제32호스팩,KOSDAQ,보통주,1995.0,-0.05,12600000000.0,6330.0,5563.0,0.28,73.89,,60967296.0,0.0,2085282336.0,-56660716.0,12410987649.0,14496269985.0,,,,,,,,,,,,,16.8,-inf,0.49,2025,사업보고서
012340,뉴인텍,KOSDAQ,보통주,548.0,-0.18,12100000000.0,22045.0,262249.0,1.72,-0.81,-62.04,-12659892366.0,82799344609.0,57956301509.0,-7227647056.0,15127568606.0,73083870115.0,-6573575825.0,79500274284.0,50064763215.0,-5858956128.0,25684300013.0,75749063228.0,-12827542067.0,79095170753.0,44388463195.0,-11092591218.0,31792243096.0,76180706291.0,383.12,-8.73,-83.69,2025,사업보고서
492220,KB제31호스팩,KOSDAQ,보통주,2035.0,0.25,12600000000.0,6210.0,17186.0,1.13,50.88,1.86,230183700.0,0.0,2185395242.0,-85519389.0,12493042804.0,14678438046.0,-7973884.0,0.0,2122959019.0,-27807630.0,12266843896.0,14389802915.0,,,,,,,17.49,-inf,1.84,2025,사업보고서
482520,교보16호스팩,KOSDAQ,보통주,2060.0,0.0,12600000000.0,6100.0,20817.0,0.2,294.29,0.94,115517789.0,0.0,2802112075.0,-97173940.0,12310542972.0,15112655047.0,17295045.0,0.0,2709036735.0,-56214417.0,12195025183.0,14904061918.0,,,,,,,22.76,-inf,0.94,2025,사업보고서
0054V0,엔에이치스팩32호,KOSDAQ,보통주,2010.0,0.0,12500000000.0,6216.0,16871.0,0.07,167.5,,-47386053.0,0.0,1287775288.0,-44902566.0,11650529722.0,12938305010.0,,,,,,,,,,,,,11.05,-inf,-0.41,2025,사업보고서
0131D0,키움히어로제2호스팩,KOSDAQ,보통주,1962.0,-0.41,12400000000.0,6310.0,40283.0,0.27,-6.77,,,,,,,,,,,,,,,,,,,,,,,2025,사업보고서
065570,삼영이엔씨,KOSDAQ,보통주,764.0,0.0,12300000000.0,16094.0,0.0,0.33,-2.65,4.87,840102788.0,33261463483.0,22149888648.0,-194608893.0,18107999604.0,40257888252.0,-26830278994.0,36103058846.0,38471189223.0,-5933203085.0,16429766418.0,54900955641.0,-16223274401.0,33338252948.0,39902647065.0,-6125614406.0,33744180800.0,73646827865.0,122.32,-0.59,4.64,2025,사업보고서
0091W0,신영스팩11호,KOSDAQ,보통주,2020.0,0.25,12300000000.0,6068.0,4270.0,0.14,-91.82,,-17858891000.0,0.0,1956836648000.0,-35860410000.0,11988390000000.0,13945226648000.0,,,,,,,,,,,,,16.32,-inf,-0.15,2025,사업보고서
477760,DB금융스팩12호,KOSDAQ,보통주,2070.0,0.49,12100000000.0,5840.0,5357.0,0.0,66.77,2.16,240120041.0,0.0,999874961.0,-32187733.0,11258211187.0,12258086148.0,102845292.0,0.0,954746682.0,-56450147.0,11018091146.0,11972837828.0,,,,,,,8.88,-inf,2.13,2025,사업보고서
0088D0,메리츠제1호스팩,KOSDAQ,보통주,2080.0,0.0,12100000000.0,5795.0,63.0,0.07,115.56,,-30770150.0,0.0,1741011549.0,-34028700.0,11336734199.0,13077745748.0,,,,,,,,,,,,,15.36,-inf,-0.27,2025,사업보고서
0041L0,하나35호스팩,KOSDAQ,보통주,1990.0,-0.1,12000000000.0,6030.0,6212.0,0.51,82.92,,38352469.0,,1828328834.0,-30094400.0,11547107584.0,13375436418.0,,,,,,,,,,,,,15.83,,0.33,2025,사업보고서
028080,휴맥스홀딩스,KOSDAQ,보통주,5040.0,-0.4,12800000000.0,2530.0,445.0,0.0,2.13,-66.7,-83680397981.0,400728418302.0,402458523212.0,-28659370717.0,92614433714.0,495072956926.0,-62037236736.0,542662558111.0,505317002950.0,5985566488.0,163653016659.0,668970019609.0,-80282914595.0,653571471998.0,595139127598.0,17943324525.0,247311866092.0,842450993690.0,434.55,-7.15,-90.35,2025,사업보고서
035290,골드앤에스,KOSDAQ,보통주,1304.0,-5.58,6200000000.0,4768.0,277896.0,2.03,4.79,-12.05,-1474321263.0,9019704769.0,5040705457.0,-1877853222.0,11503761486.0,16544466943.0,61324607.0,9593956706.0,2888200401.0,-486243638.0,12971734923.0,15859935324.0,-2959689601.0,9949791745.0,3424842510.0,-1365862741.0,12226072261.0,15650914771.0,43.82,-20.82,-12.82,2025,사업보고서
0132G0,교보20호스팩,KOSDAQ,보통주,1991.0,-0.05,11900000000.0,5970.0,734.0,0.07,-7.6,,-25350098.0,0.0,2276153122.0,-16496000.0,900800089.0,3176953211.0,,,,,,,,,,,,,252.68,-inf,-2.81,2025,사업보고서
469900,하나31호스팩,KOSDAQ,보통주,2095.0,0.0,11700000000.0,5605.0,5985.0,0.37,65.47,1.56,171049548.0,0.0,1760296574.0,-30545950.0,11031401848.0,12791698422.0,191463290.0,0.0,1630117616.0,-45818100.0,10899275068.0,12529392684.0,-20232888.0,0.0,1517811860.0,-7851320.0,870395778.0,2388207638.0,15.96,-inf,1.55,2025,사업보고서
482690,대신밸런스제19호스팩,KOSDAQ,보통주,2077.0,-0.14,11700000000.0,5615.0,409.0,0.0,83.08,1.39,160114835.0,0.0,1973429735.0,-38943610.0,11631112999.0,13604542734.0,-50067458.0,0.0,1864935668.0,-25112931.0,11479361522.0,13344297190.0,,,,,,,16.97,-inf,1.38,2025,사업보고서
474660,신한제12호스팩,KOSDAQ,보통주,2095.0,0.24,11600000000.0,5520.0,2505.0,0.81,59.86,1.84,199384976.0,,1844384815.0,-46617430.0,10955439365.0,12799824180.0,-49343349.0,,1743937504.0,-242521000.0,10756054389.0,12499991893.0,445051.0,,1694492262.0,-2751240.0,805397738.0,2499890000.0,16.84,,1.82,2025,사업보고서
079190,케스피온,KOSDAQ,보통주,1132.0,5.79,10900000000.0,9589.0,59881.0,2.24,-7.81,-29.44,-4578590606.0,44149955336.0,10917041856.0,-2737967852.0,13405617587.0,24322659443.0,-3871174346.0,32599438408.0,17505029531.0,-5373025098.0,17697544084.0,35202573615.0,2724899265.0,62637869466.0,15679894142.0,1314400230.0,23058426372.0,38738320514.0,81.44,-6.2,-34.15,2025,사업보고서
487360,신한제14호스팩,KOSDAQ,보통주,2035.0,0.0,11500000000.0,5640.0,8265.0,2.45,58.14,1.73,185244488.0,,1231607667.0,-46918390.0,10790477651.0,12022085318.0,-32024204.0,,1183558657.0,-30902990.0,10605233163.0,11788791820.0,,,,,,,11.41,,1.72,2025,사업보고서
0071M0,삼성스팩11호,KOSDAQ,보통주,1978.0,-0.05,11400000000.0,5760.0,17063.0,0.41,89.91,,26026532.0,,1811227128.0,-23478800.0,10885593206.0,12696820334.0,,,,,,,,,,,,,16.64,,0.24,2025,사업보고서
474490,유안타제16호스팩,KOSDAQ,보통주,2080.0,0.0,11500000000.0,5510.0,7212.0,0.0,59.43,1.91,211373183.0,0.0,1707885448.0,-37172248.0,11154164923.0,12862050371.0,169169476.0,0.0,1658693322.0,-41667680.0,10942791740.0,12601485062.0,-4332830.0,0.0,1558558376.0,-3965640.0,642709004.0,2201267380.0,15.31,-inf,1.9,2025,사업보고서
477470,미래에셋비전스팩5호,KOSDAQ,보통주,2080.0,-0.24,11400000000.0,5480.0,246.0,0.0,69.33,1.81,190964041.0,,1629620174.0,-44891110.0,10625079619.0,12254699793.0,94411818.0,,1577542559.0,-37315460.0,10434115578.0,12011658137.0,,,,,,,15.34,,1.8,2025,사업보고서
288980,모아데이타,KOSDAQ,보통주,308.0,-4.35,11200000000.0,36381.0,4914094.0,1.54,-0.4,-71.79,-19734538355.0,23169923506.0,58846914565.0,-5933151354.0,19369615950.0,78216530515.0,-4086615860.0,34374696997.0,52058529253.0,-1329920446.0,38170085874.0,90228615127.0,-582707850.0,24542153231.0,32948528778.0,-357661650.0,40070757630.0,73019286408.0,303.81,-25.61,-101.88,2025,사업보고서
0105P0,유진스팩12호,KOSDAQ,보통주,2000.0,-0.25,11300000000.0,5660.0,10648.0,0.0,-68.97,,-16594955.0,0.0,1212636422.0,-26293420.0,10702107017.0,11914743439.0,,,,,,,,,,,,,11.33,-inf,-0.16,2025,사업보고서
496070,신한제16호스팩,KOSDAQ,보통주,2000.0,0.0,11200000000.0,5620.0,3204.0,0.67,66.67,,83665561.0,,1270261604.0,-38495880.0,10674019522.0,11944281126.0,-18881936.0,,1200947399.0,-18715335.0,781020461.0,1981967860.0,,,,,,,11.9,,0.78,2025,사업보고서
250930,예선테크,KOSDAQ,보통주,1876.0,2.74,12400000000.0,6600.0,6419.0,0.0,4.71,-4.77,-755547757.0,37875754485.0,35734803900.0,-813445364.0,15351619448.0,51086423348.0,-5968714963.0,43613399679.0,37031288256.0,-3239922015.0,16290238085.0,53321526341.0,-10208264710.0,44115964461.0,32171594446.0,-8799246731.0,22035134476.0,54206728922.0,232.78,-2.15,-4.92,2025,사업보고서
001000,신라섬유,KOSDAQ,보통주,462.0,0.0,11200000000.0,24278.0,0.0,7.04,231.0,0.5,71723902.0,3590565852.0,16262339352.0,487816030.0,14473905270.0,30736244622.0,-301764011.0,3669468488.0,16238075778.0,416940298.0,14396697455.0,30634773233.0,-671622657.0,3777530598.0,16232763340.0,391543799.0,14732763935.0,30965527275.0,112.36,13.59,0.5,2025,사업보고서
0129K0,신한제18호스팩,KOSDAQ,보통주,1972.0,-0.3,11100000000.0,5620.0,9451.0,35.69,-37.92,,,,,,,,,,,,,,,,,,,,,,,2025,사업보고서
0096D0,미래에셋비전스팩9호,KOSDAQ,보통주,1972.0,-0.5,10800000000.0,5500.0,9054.0,0.67,,,284531.0,,1339576324.0,-20425892.0,10509053109.0,11848629433.0,,,,,,,,,,,,,12.75,,0.0,2025,사업보고서
486630,KB제30호스팩,KOSDAQ,보통주,2055.0,0.0,10900000000.0,5310.0,3442.0,0.53,60.44,2.08,217892839.0,0.0,1556817353.0,-31331300.0,10597647180.0,12154464533.0,41423494.0,0.0,1513389956.0,-31246340.0,10382767456.0,11896157412.0,,,,,,,14.69,-inf,2.06,2025,사업보고서
0098T0,교보19호스팩,KOSDAQ,보통주,1996.0,0.1,10800000000.0,5400.0,218.0,0.0,124.75,,-27967837.0,0.0,1404843713.0,-31892240.0,10423800167.0,11828643880.0,,,,,,,,,,,,,13.48,-inf,-0.27,2025,사업보고서
084180,수성웹툰,KOSDAQ,보통주,395.0,2.6,7100000000.0,18074.0,1144216.0,4.18,-0.18,-39.04,-39373118441.0,92774434022.0,94703576466.0,5213051449.0,79331678924.0,174035255390.0,-24651182063.0,54734930801.0,111034386008.0,-1243530334.0,139729641488.0,250764027496.0,-9029101982.0,41276921129.0,72434715483.0,-4094670678.0,76900637669.0,149335353152.0,119.38,5.62,-49.63,2025,사업보고서
493790,유안타제17호스팩,KOSDAQ,보통주,2030.0,0.25,10800000000.0,5310.0,155.0,0.12,65.48,2.5,138369800.0,,1844027565.0,-45503970.0,10517502469.0,12361530034.0,-25710868.0,,1738507516.0,-17100790.0,541805169.0,2280312685.0,,,,,,,17.53,,1.32,2025,사업보고서
489210,교보17호스팩,KOSDAQ,보통주,2045.0,-0.49,10600000000.0,5180.0,28932.0,0.22,60.15,1.79,185824825.0,0.0,1631126141.0,-47067980.0,10458583997.0,12089710138.0,-16317592.0,0.0,1584844556.0,-36294340.0,10272759172.0,11857603728.0,,,,,,,15.6,-inf,1.78,2025,사업보고서
0004Y0,디비금융제14호스팩,KOSDAQ,보통주,1997.0,-0.15,10600000000.0,5315.0,2675.0,0.32,105.11,-0.35,-19057688.0,0.0,1552580038.0,-58703790.0,10409015103.0,11961595141.0,-6911606.0,,1482555231.0,-6136740.0,610425291.0,2092980522.0,,,,,,,14.92,-inf,-0.18,2025,사업보고서
0130D0,신한제17호스팩,KOSDAQ,보통주,1967.0,-0.2,10500000000.0,5340.0,11335.0,0.29,-9.74,,,,,,,,,,,,,,,,,,,,,,,2025,사업보고서
043100,알파AI,KOSDAQ,보통주,520.0,0.0,10500000000.0,20110.0,0.0,11.46,-1.24,-19.95,-6374041154.0,16834272765.0,41773567263.0,-5724793401.0,30950825117.0,72724392380.0,-7495621700.0,20680847259.0,35455596938.0,-7355512266.0,30335941560.0,65791538498.0,-21598146874.0,20782266469.0,32462479821.0,-13144019504.0,18214471483.0,50676951304.0,134.97,-34.01,-20.59,2025,사업보고서
478110,이베스트스팩6호,KOSDAQ,보통주,2055.0,0.0,10300000000.0,5020.0,354.0,0.0,85.62,1.58,144311506.0,0.0,924028685.0,-32927200.0,9186063444.0,10110092129.0,46230347.0,0.0,887766082.0,-35490940.0,9043661853.0,9931427935.0,,,,,,,10.06,-inf,1.57,2025,사업보고서
466690,키움히어로제1호스팩,KOSDAQ,보통주,2010.0,0.0,10200000000.0,5095.0,975.0,0.0,80.4,-0.59,-29468350.0,0.0,1300913449.0,-29718410.0,9644045618.0,10944959067.0,-21440037.0,0.0,717302998.0,-27622850.0,381317435.0,1098620433.0,-9181892.0,0.0,689349931.0,-8276900.0,402757472.0,1092107403.0,13.49,-inf,-0.31,2025,사업보고서
0041B0,교보18호스팩,KOSDAQ,보통주,2015.0,0.0,10200000000.0,5040.0,11.0,0.0,201.5,,-19586258.0,0.0,1941620842.0,-61612700.0,9622955227.0,11564576069.0,,,,,,,,,,,,,20.18,-inf,-0.2,2025,사업보고서
498390,한화플러스제5호스팩,KOSDAQ,보통주,2035.0,0.0,10100000000.0,4960.0,0.0,0.27,-156.54,-1.08,-56382444.0,,2057965381.0,-211944489.0,9917089458.0,11975054839.0,-15315857.0,,2002212186.0,-9408000.0,488380142.0,2490592328.0,,,,,,,20.75,,-0.57,2025,사업보고서
058450,한주에이알티,KOSDAQ,보통주,1516.0,-2.82,8200000000.0,5398.0,18952.0,4.66,-0.93,-68.84,-10455279127.0,6286258658.0,15320580668.0,-5991886693.0,9998801896.0,25319382564.0,-10011720046.0,14264269214.0,16909126578.0,-6507549393.0,20376492424.0,37285619002.0,-3195387807.0,10500794559.0,19780183812.0,-2928750062.0,19102663857.0,38882847669.0,153.22,-95.32,-104.57,2025,사업보고서
472220,신영스팩10호,KOSDAQ,보통주,2110.0,0.0,9900000000.0,4690.0,130915.0,0.0,81.15,1.55,149195332.0,0.0,1583894668.0,-41102170.0,9702268129.0,11286162797.0,149960463.0,0.0,1550309200.0,-44930050.0,9557219855.0,11107529055.0,-16306846.0,0.0,1441983193.0,-11259640.0,394509392.0,1836492585.0,16.32,-inf,1.54,2025,사업보고서
488060,유진스팩11호,KOSDAQ,보통주,2040.0,0.0,9600000000.0,4720.0,1186.0,0.0,63.75,1.88,177554709.0,0.0,1581995818.0,-46527568.0,9524945219.0,11106941037.0,9620684.0,0.0,1510457687.0,-29621740.0,9351733110.0,10862190797.0,,,,,,,16.61,-inf,1.86,2025,사업보고서
092600,앤씨앤,KOSDAQ,보통주,1960.0,-2.24,9800000000.0,5017.0,19418.0,3.81,0.48,43.8,2840958181.0,102558831015.0,21523219516.0,-17487383466.0,39064063221.0,60587282737.0,-31995418732.0,89701005500.0,76107219362.0,-26691493547.0,23166164013.0,99273383375.0,-34267039672.0,61682037944.0,71292448535.0,-35722413241.0,55058047637.0,126350496172.0,55.1,-17.05,7.27,2025,사업보고서
900100,파이온엑스,KOSDAQ,보통주,2165.0,-7.87,11400000000.0,5276.0,114541.0,0.0,-1.77,-31.2,-8322290.0,4458323.0,5527750.0,-5875791.0,25074696.0,30602446.0,-11728055.0,13936215.0,6057986.0,-8408594.0,27131494.0,33189480.0,-27215050.0,29439851.0,2105773.0,-7528141.0,34603013.0,36708786.0,22.05,-131.79,-33.19,2025,사업보고서
106080,케이이엠텍,KOSDAQ,보통주,1650.0,0.0,9500000000.0,5762.0,0.0,14.22,-0.74,-38.81,-12560923366.0,7573737130.0,22265544782.0,-9225363953.0,30002242804.0,52267787586.0,-4391500960.0,17616731996.0,21383526126.0,-4347940682.0,34733671554.0,56117197680.0,-11288617056.0,4994194351.0,10655624955.0,-3681648939.0,11935929330.0,22591554285.0,74.21,-121.81,-41.87,2025,사업보고서
308100,형지글로벌,KOSDAQ,보통주,360.0,-0.28,9300000000.0,25820.0,85910.0,2.47,-1.0,-69.39,-34488988153.0,37683290800.0,38303305348.0,-8084930328.0,58824522266.0,97127827614.0,-16325109674.0,39800326696.0,48713534549.0,-9386447776.0,40424273974.0,89137808523.0,-4546336943.0,48415136529.0,40157773062.0,-1009756608.0,56300982371.0,96458755433.0,65.11,-21.45,-58.63,2025,사업보고서
208640,썸에이지,KOSDAQ,보통주,650.0,-0.15,9000000000.0,13924.0,68656.0,0.0,-1.33,-52.11,-9267354506.0,6018579018.0,1318415908.0,-7875912076.0,12926581648.0,14244997556.0,-6887905081.0,13975932832.0,2452356889.0,-10168798530.0,22642022134.0,25094379023.0,-12352279768.0,11560934744.0,12966573602.0,-12823161753.0,25981501693.0,38948075295.0,10.2,-130.86,-71.69,2025,사업보고서
025870,신라에스지,KOSDAQ,보통주,1150.0,-7.03,4600000000.0,4000.0,240201.0,3.81,-2.56,-21.2,-3337527258.0,70037103949.0,31030230673.0,-1555191664.0,14117893571.0,45148124244.0,121297212.0,85618791494.0,28500199142.0,1148170505.0,17363413587.0,45863612729.0,297908852.0,88377059730.0,31902772340.0,1688008975.0,17470996836.0,49373769176.0,219.79,-2.22,-23.64,2025,사업보고서
418620,E8,KOSDAQ,보통주,572.0,30.0,11400000000.0,19850.0,3446567.0,1.64,-0.9,-103.49,-11426976004.0,1655496540.0,11231110449.0,-11246126269.0,14599504774.0,25830615223.0,-10773219705.0,2285497728.0,18540549897.0,-10599051201.0,7484742903.0,26025292800.0,-6399001728.0,3665563019.0,15273039048.0,-5250143490.0,-8247963191.0,7025075857.0,76.93,-679.32,-78.27,2025,사업보고서
484130,하나34호스팩,KOSDAQ,보통주,2030.0,0.0,9200000000.0,4520.0,3165.0,0.05,67.67,1.86,159609313.0,0.0,1407626158.0,-39781230.0,8662745416.0,10070371574.0,-19390874.0,0.0,1336382644.0,-27431860.0,8505495967.0,9841878611.0,,,,,,,16.25,-inf,1.84,2025,사업보고서
473950,에스케이증권제13호스팩,KOSDAQ,보통주,2055.0,0.0,9100000000.0,4420.0,1736.0,0.27,171.25,1.1,94748716.0,,1433666706.0,-39522094.0,8636783519.0,10070450225.0,35189173.0,,1354222771.0,-46527857.0,8543966047.0,9898188818.0,-7416839.0,,1313187716.0,-4486140.0,679379124.0,1992566840.0,16.6,,1.1,2025,사업보고서
225430,케이엠제약,KOSDAQ,보통주,710.0,-6.82,4600000000.0,6486.0,343905.0,5.08,-1.05,-13.04,-3968100959.0,15989987109.0,18126866991.0,-2922979774.0,28266397321.0,46393264312.0,-4573316063.0,14474795637.0,16358123221.0,-2569066609.0,32615111338.0,48973234559.0,-1320041642.0,17769628477.0,15076886097.0,-1090420388.0,35478598068.0,50555484165.0,64.13,-18.28,-14.04,2025,사업보고서
469480,IBKS제24호스팩,KOSDAQ,보통주,2130.0,0.0,9000000000.0,4230.0,0.0,0.83,163.85,1.35,115973177.0,0.0,1586129695.0,-36551950.0,8632488760.0,10218618455.0,128980073.0,0.0,1509919337.0,-43366760.0,8520894790.0,10030814127.0,-32567159.0,0.0,1421950041.0,-19692920.0,553094717.0,1975044758.0,18.37,-inf,1.34,2025,사업보고서
487830,신한제15호스팩,KOSDAQ,보통주,2050.0,0.0,8900000000.0,4350.0,3046.0,0.0,64.06,1.99,167702484.0,,1587407083.0,-49577080.0,8494159134.0,10081566217.0,-16810878.0,0.0,1528357568.0,-28299118.0,8326456650.0,9854814218.0,,,,,,,18.69,,1.97,2025,사업보고서
468760,유진스팩10호,KOSDAQ,보통주,2080.0,0.0,8800000000.0,4240.0,0.0,0.05,99.05,1.49,128432643.0,0.0,1605305686.0,-43336567.0,8691303525.0,10296609211.0,130588270.0,0.0,1513356723.0,-42893810.0,8562870882.0,10076227605.0,-21019233.0,0.0,1392021335.0,-19174640.0,602388112.0,1994409447.0,18.47,-inf,1.48,2025,사업보고서
472230,에스케이증권제11호스팩,KOSDAQ,보통주,2100.0,0.0,8700000000.0,4155.0,51968.0,0.4,100.0,1.18,99624858.0,,1725811044.0,-35756358.0,8484825566.0,10210636610.0,90782315.0,,1638573019.0,-34178077.0,8387515989.0,10026089008.0,-19929196.0,,1517855538.0,-11964640.0,467254174.0,1985109712.0,20.34,,1.17,2025,사업보고서
487720,키움제10호스팩,KOSDAQ,보통주,2040.0,0.25,8600000000.0,4230.0,85.0,0.0,63.75,1.84,152262785.0,0.0,1692589540.0,-14851080.0,8336681522.0,10029271062.0,-29530662.0,0.0,1661366882.0,-18682650.0,8184418737.0,9845785619.0,,,,,,,20.3,-inf,1.83,2025,사업보고서
0068Y0,비엔케이제3호스팩,KOSDAQ,보통주,1979.0,-0.3,8500000000.0,4310.0,64195.0,0.46,-164.92,,-8292626.0,,1326324452.0,-17827050.0,8324979758.0,9651304210.0,,,,,,,,,,,,,15.93,,-0.1,2025,사업보고서
0041J0,엘에스스팩1호,KOSDAQ,보통주,1994.0,0.0,8200000000.0,4110.0,30531.0,0.0,132.93,,6657239.0,0.0,1752109822.0,-32826940.0,8242917378.0,9995027200.0,,,,,,,,,,,,,21.26,-inf,0.08,2025,사업보고서
465320,교보15호스팩,KOSDAQ,보통주,2140.0,0.0,8200000000.0,3810.0,158448.0,0.43,152.86,0.87,66269020.0,0.0,1523826090.0,-86900080.0,7657053489.0,9180879579.0,144540410.0,0.0,1459834095.0,-44928500.0,7590784469.0,9050618564.0,-28662829.0,0.0,1393555812.0,-33384540.0,7446244059.0,8839799871.0,19.9,-inf,0.87,2025,사업보고서
087260,모바일어플라이언스,KOSDAQ,보통주,247.0,0.0,8000000000.0,32553.0,0.0,5.87,-0.91,-1.15,-565352331.0,34943028825.0,11941959435.0,-895803759.0,49117068037.0,61059027472.0,1400703090.0,40480792130.0,30199082475.0,972394952.0,49033552460.0,79232634935.0,2110182819.0,49804458554.0,32850320604.0,452468274.0,48264931127.0,81115251731.0,24.31,-2.56,-1.15,2025,사업보고서
312610,에이에프더블류,KOSDAQ,보통주,279.0,-0.36,5700000000.0,20257.0,303141.0,2.68,-0.56,-19.66,-10260326956.0,13707979371.0,20331418214.0,-9520851758.0,47064864084.0,67396282298.0,-5612828409.0,15744037340.0,13923407514.0,-6475847079.0,57325191040.0,71248598554.0,-3019611866.0,6822097666.0,2818399124.0,-4082720063.0,62938019449.0,65756418573.0,43.2,-69.45,-21.8,2025,사업보고서
101000,KS인더스트리,KOSDAQ,보통주,1094.0,29.93,10800000000.0,9910.0,1124279.0,0.0,-5.09,-20.2,-7256023518.0,39447384534.0,26189208422.0,-4620553504.0,35004404299.0,61193612721.0,-5132514994.0,24686666088.0,28987416397.0,-749482718.0,36831384461.0,65818800858.0,3679867950.0,24121095879.0,27926975475.0,-1197834705.0,15629926852.0,43556902327.0,74.82,-11.71,-20.73,2025,사업보고서
475250,하나33호스팩,KOSDAQ,보통주,2090.0,0.0,7700000000.0,3700.0,3.0,0.53,56.49,1.88,138360927.0,,1157020487.0,-33264590.0,7416072428.0,8573092915.0,95743626.0,,1124019049.0,-21718900.0,7279639362.0,8403658411.0,,,,,,,15.6,,1.87,2025,사업보고서
079970,투비소프트,KOSDAQ,보통주,596.0,0.0,7600000000.0,12829.0,0.0,1.85,3.33,4.85,968599388.0,26761382722.0,11401758168.0,743202292.0,22278557912.0,33680316080.0,-22956357925.0,28125456516.0,11915652684.0,-1978719555.0,18383291246.0,30298943930.0,-16671310991.0,32064488813.0,46857118461.0,-238383432.0,34767307863.0,81624426324.0,51.18,2.78,4.35,2025,사업보고서
474930,신한제13호스팩,KOSDAQ,보통주,2100.0,0.0,7600000000.0,3620.0,7525.0,24.23,67.74,1.79,120540144.0,,550296344.0,-36684380.0,6781796370.0,7332092714.0,72354551.0,,532728217.0,-33550148.0,6661256226.0,7193984443.0,,,3522800.0,,616477200.0,620000000.0,8.11,,1.78,2025,사업보고서
199730,바이오인프라,KOSDAQ,보통주,1452.0,-3.84,7100000000.0,4864.0,25101.0,2.99,-0.85,-41.45,,,18469361635.0,,16491498669.0,34960860304.0,,,13552753632.0,,27568287705.0,41121041337.0,,,13030286526.0,,33973534984.0,47003821510.0,111.99,,,2025,사업보고서
065420,에스아이리소스,KOSDAQ,보통주,940.0,0.0,7300000000.0,7748.0,0.0,0.0,-1.79,-21.65,-1958381187.0,20851578595.0,6721432275.0,-2895413186.0,10468021616.0,17189453891.0,-2098858043.0,10538164218.0,7258880771.0,-3692024753.0,7623241025.0,14882121796.0,-9274263535.0,7041912337.0,3612351764.0,-8594306168.0,9790445117.0,13402796881.0,64.21,-13.89,-18.71,2025,사업보고서
276040,스코넥,KOSDAQ,보통주,327.0,0.0,7100000000.0,21630.0,0.0,8.24,-0.33,-142.95,-21856275545.0,,7381977364.0,-12232805445.0,13200556815.0,20582534179.0,-6646092840.0,,2150663437.0,-7461334251.0,17386382650.0,19537046087.0,-5250928765.0,,3000157668.0,-5947587271.0,22795808154.0,25795965822.0,55.92,,-165.57,2025,사업보고서
473000,에스케이증권제12호스팩,KOSDAQ,보통주,2080.0,0.0,6900000000.0,3310.0,347.0,0.0,297.14,0.6,39183877.0,,1531794101.0,-33523158.0,6567702853.0,8099496954.0,58864182.0,,1444556229.0,-33506977.0,6530620899.0,7975177128.0,-15914538.0,,1395486906.0,-11514140.0,589957217.0,1985444123.0,23.32,,0.6,2025,사업보고서
475240,하나32호스팩,KOSDAQ,보통주,2095.0,-0.24,6700000000.0,3200.0,1062.0,1.86,72.24,1.61,101329171.0,0.0,967988983.0,-34857670.0,6359012365.0,7327001348.0,88635650.0,0.0,928423862.0,-37569091.0,6259298409.0,7187722271.0,,,,,,,15.22,-inf,1.59,2025,사업보고서
011080,형지I&C,KOSDAQ,보통주,896.0,0.22,6400000000.0,7096.0,79040.0,0.68,-0.54,-28.47,-8905674437.0,50808588981.0,27592237857.0,-7044927707.0,34333652605.0,61925890462.0,-3867131503.0,56747470247.0,36648897475.0,-5018507855.0,28221071857.0,64869969332.0,1861016508.0,65325502023.0,30146416680.0,653434674.0,30180074764.0,60326491444.0,80.36,-13.87,-25.94,2025,사업보고서
044180,KD,KOSDAQ,보통주,205.0,0.0,5500000000.0,26718.0,0.0,4.9,-0.18,-95.55,-25587129332.0,27787097614.0,287980118906.0,-4267410006.0,14109324496.0,302089443402.0,4522529746.0,157635399233.0,272225371109.0,2921575940.0,39447081081.0,311672452190.0,-3768463583.0,179411227278.0,262208274597.0,4402139918.0,32557293068.0,294765567665.0,2041.06,-15.36,-181.35,2025,사업보고서
313760,캐리,KOSDAQ,보통주,468.0,0.0,5200000000.0,11207.0,0.0,6.26,-0.73,-40.65,-8396482687.0,7481352962.0,31296367050.0,-4871999423.0,21351104831.0,52647471881.0,-13005989810.0,8174064954.0,22175056604.0,-4018128300.0,20057438112.0,42232494716.0,-17569623268.0,8381123018.0,13421446424.0,-4032872009.0,12898331437.0,26319777861.0,146.58,-65.12,-39.33,2025,사업보고서
052770,아이톡시,KOSDAQ,보통주,312.0,0.0,4500000000.0,14569.0,0.0,3.35,-1.37,-146.09,-7283768622.0,5704071824.0,3659018101.0,-4926344328.0,4449370781.0,8108388882.0,-16848205439.0,16140878276.0,5165757567.0,-9578563343.0,5484649269.0,10650406836.0,-4343780406.0,18102359908.0,3392507024.0,-3307784463.0,11191832542.0,14584339566.0,82.24,-86.37,-163.7,2025,사업보고서
121850,코이즈,KOSDAQ,보통주,325.0,-1.22,1600000000.0,5057.0,1636046.0,1.74,-0.16,-163.92,-11044267248.0,12650752843.0,20656876545.0,-8073868251.0,1198116309.0,21854992854.0,-2652560855.0,20734142258.0,16457954906.0,-3174240764.0,12277500475.0,28735455381.0,-4436056343.0,16392594426.0,18657395207.0,-4103033489.0,14993787311.0,33651182518.0,1724.11,-63.82,-921.8,2025,사업보고서
096610,(096610),,,,,,,,,,,1706291277.0,24468236893.0,7764179477.0,1770166856.0,14404780314.0,22168959791.0,-2833353806.0,24396934862.0,10765547122.0,-2600118807.0,12029827864.0,22795374986.0,-43594615705.0,27071406964.0,16037257539.0,-17281628410.0,14582223426.0,30619480965.0,53.9,7.23,11.85,2025,사업보고서
